  economy_id district_id avg_expect_cont avg_C1 avg_C2 avg_expect_exp avg_expect_MA lambda urban suburban budg_per_teach budget capacity share_tenured
           1           1   1.0376032067062342E-005   7.2498612008524276E-008   2.1264163014660552E-005   2.3827839314438339       0.51934112085691564       0.51379310000000000        0.0000000000000000        0.0000000000000000        43.883902890251605        746.02634913427732        17.000000000000000        0.0000000000000000     
           1           2   1.2246067437294179E-005   3.3468867094192953E-006   2.1650166090840985E-005   2.0326471423618537       0.52407471242233938       0.51379310000000000        0.0000000000000000        0.0000000000000000        42.941297364806879        730.00205520171698        17.000000000000000        0.0000000000000000     
           1           3   1.0251886360850307E-005  -1.5617715657545647E-007   2.1250478152976087E-005   2.4199813139793118       0.51654810410973728       0.51379310000000000        0.0000000000000000        0.0000000000000000        47.772430459879118        812.13131781794505        17.000000000000000        0.0000000000000000     
           1           4   1.1228577278154276E-005   1.5685465496438131E-006   2.1436694715600130E-005   2.2218673012595000       0.52117116865410495       0.51379310000000000        0.0000000000000000        0.0000000000000000        51.748974732531217        879.73257045303069        17.000000000000000        0.0000000000000000     
           1           5   1.0878760423531196E-005   9.5957139027333274E-007   2.1360740179234841E-005   2.2849596818641387       0.52119862573640086       0.51379310000000000        0.0000000000000000        0.0000000000000000        52.475607012480815        892.08531921217389        17.000000000000000        0.0000000000000000     
           1           6   1.2284895971783305E-005   3.4282188870819501E-006   2.1644079428553888E-005   2.0202881030271298       0.52526723584493062       0.51379310000000000        0.0000000000000000        0.0000000000000000        42.327725410975276        719.57133198657971        17.000000000000000        0.0000000000000000     
           1           7   1.1616079614665287E-005   2.2446361328294514E-006   2.1519236065154287E-005   2.1509618457284274       0.52210166683717096       0.51379310000000000        0.0000000000000000        0.0000000000000000        45.324361878822280        770.51415193997877        17.000000000000000        0.0000000000000000     
           1           8   1.1515221407177564E-005   2.4526415736828415E-006   2.1091990035201998E-005   1.9274204198985334       0.51683902910584978       0.51379310000000000        0.0000000000000000        1.0000000000000000        49.871761176470592        847.81994000000009        17.000000000000000        0.0000000000000000     
           1           9   1.2309693987233059E-005   3.4798021951522014E-006   2.1640572418858894E-005   2.0126663949036243       0.52597531719022017       0.51379310000000000        0.0000000000000000        0.0000000000000000        49.389637293614889        839.62383399145313        17.000000000000000        0.0000000000000000     
           1          10   1.2251188259305435E-005   3.3585094871915386E-006   2.1648416051894258E-005   2.0304171899319314       0.52431789112888350       0.51379310000000000        0.0000000000000000        0.0000000000000000        52.516801875772813        892.78563188813780        17.000000000000000        0.0000000000000000     
           1          11   1.2277455096475154E-005   3.4129636770905186E-006   2.1644896254322001E-005   2.0222948999584140       0.52509806828538463       0.51379310000000000        0.0000000000000000        0.0000000000000000        43.208452583044426        734.54369391175521        17.000000000000000        0.0000000000000000     
           1          12   1.0266098263406831E-005  -1.2667303966062825E-007   2.1248530198030120E-005   2.4108496963471908       0.51726159291952201       0.51379310000000000        1.0000000000000000        0.0000000000000000        44.174017838244168        750.95830325015083        17.000000000000000        0.0000000000000000     
           1          13   1.2003795121471807E-005   2.9360387981634332E-006   2.1586033940783916E-005   2.0727285890208700       0.52450672913945362       0.51379310000000000        0.0000000000000000        0.0000000000000000        49.618806129087034        843.51970419447957        17.000000000000000        0.0000000000000000     
           1          14   1.1219362774816476E-005   1.5448311740958202E-006   2.1442803828783787E-005   2.2294784482015895       0.52042121582247280       0.51379310000000000        0.0000000000000000        0.0000000000000000        48.490962772282650        824.34636712880501        17.000000000000000        0.0000000000000000     
           1          15   1.2324111693346530E-005   3.5012249169261172E-006   2.1647587661717345E-005   2.0117778780623201       0.52597810533427225       0.51379310000000000        0.0000000000000000        0.0000000000000000        53.247338007898662        905.20474613427723        17.000000000000000        0.0000000000000000     
           1          16   1.1928788385404127E-005   2.7933837930720713E-006   2.1582513672413278E-005   2.0904847490277136       0.52306547878193455       0.51379310000000000        0.0000000000000000        0.0000000000000000        42.489037895903209        722.31364423035450        17.000000000000000        0.0000000000000000     
           1          17   1.1668252453000440E-005   2.3424963299072974E-006   2.1523129354846286E-005   2.1378886894554303       0.52318370617365773       0.51379310000000000        0.0000000000000000        0.0000000000000000        44.887901917360878        763.09433259513492        17.000000000000000        0.0000000000000000     
           1          18   1.0836040587709828E-005   8.8087170821018538E-007   2.1356041598846465E-005   2.2961292379720732       0.52033845390687039       0.51379310000000000        0.0000000000000000        0.0000000000000000        46.142960637054131        784.43033082992019        17.000000000000000        0.0000000000000000     
           1          19   1.1679348183125579E-005   2.3635415661551888E-006   2.1523711068007718E-005   2.1351057845238675       0.52340817893124425       0.51379310000000000        0.0000000000000000        0.0000000000000000        50.449769453451218        857.64608070867075        17.000000000000000        0.0000000000000000     
           1          20   1.1326221280972969E-005   1.7456556834663922E-006   2.1450364928659288E-005   2.2002006190236507       0.52272495375722183       0.51379310000000000        0.0000000000000000        0.0000000000000000        50.479160247253191        858.14572420330421        17.000000000000000        0.0000000000000000     
           1          21   1.2023794992140477E-005   2.9773496745092399E-006   2.1583513671012104E-005   2.0663067124407801       0.52508384060677782       0.51379310000000000        0.0000000000000000        0.0000000000000000        43.836728670984265        745.22438740673249        17.000000000000000        0.0000000000000000     
           1          22   1.0854019802711396E-005   9.1144546090436662E-007   2.1360711692640451E-005   2.2930642076616397       0.52053354463657342       0.51379310000000000        0.0000000000000000        0.0000000000000000        43.333355154957488        736.66703763427734        17.000000000000000        0.0000000000000000     
           1          23   1.0775543491834322E-005   7.6517342661506308E-007   2.1353877670053717E-005   2.3154952761640000       0.51872155014172117       0.51379310000000000        0.0000000000000000        0.0000000000000000        47.888027061147270        814.09646003950354        17.000000000000000        0.0000000000000000     
           1          24   1.0298205867284751E-005  -7.2897418484308586E-008   2.1257740393873103E-005   2.4074444345005341       0.51742380819484146       0.51379310000000000        0.0000000000000000        0.0000000000000000        48.817788415494995        829.90240306341491        17.000000000000000        0.0000000000000000     
           1          25   1.2305612630791545E-005   3.4715989028890458E-006   2.1640846866878269E-005   2.0137869636778873       0.52587528060173372       0.51379310000000000        0.0000000000000000        0.0000000000000000        52.012259024260807        832.19614438817291        16.000000000000000        0.0000000000000000     
           1          26   1.1331016171640087E-005   1.7578606970637833E-006   2.1447329263997422E-005   2.1971816909486623       0.52301217790167209       0.51379310000000000        0.0000000000000000        0.0000000000000000        42.913194280776004        686.61110849241607        16.000000000000000        0.0000000000000000     
           1          27   1.1397776173648238E-005   1.6850200680464281E-006   2.1661610498173111E-005   2.2724279706423047       0.50521947365688491       0.51379310000000000        0.0000000000000000        0.0000000000000000        46.399906400918972        742.39850241470356        16.000000000000000        0.0000000000000000     
           1          28   1.1910724111255087E-005   2.7472091345268105E-006   2.1594154697677520E-005   2.1018317846830246       0.52187431452954491       0.51379310000000000        0.0000000000000000        0.0000000000000000        44.222868203358040        707.56589125372864        16.000000000000000        0.0000000000000000     
           1          29   1.0815748221499046E-005   8.4117477892352783E-007   2.1356254763546773E-005   2.3034414108504051       0.51977327098092507       0.51379310000000000        0.0000000000000000        0.0000000000000000        49.643518633392347        794.29629813427755        16.000000000000000        0.0000000000000000     
           1          30   7.4172881995782086E-006  -1.9894140852794964E-006   1.6823990484435997E-005   1.9632441451720091       0.61591455707653120       0.50000000000000000        0.0000000000000000        1.0000000000000000        51.131026233642338        818.09641973827740        16.000000000000000        0.0000000000000000     
           1          31  -9.7386158714655987E-006  -3.1937532302028521E-005   1.2460300559097297E-005   11.500045816935575       0.50004581693556194       0.50000000000000000        0.0000000000000000        1.0000000000000000        51.997681870968748        831.96290993549997        16.000000000000000        3.6250000000000000     
           1          32   1.1250635098110808E-005   1.6061493657188665E-006   2.1442325554070009E-005   2.2194207734806310       0.52127314670360547       0.51379310000000000        0.0000000000000000        0.0000000000000000        44.310814403203381        708.97303045125409        16.000000000000000        0.0000000000000000     
           1          33   1.1907842066998700E-005   2.7469193930604738E-006   2.1588533269659304E-005   2.0994453971770142       0.52210208577493400       0.51379310000000000        0.0000000000000000        0.0000000000000000        45.499596312922591        727.99354100676146        16.000000000000000        0.0000000000000000     
           1          34   1.1698403503988959E-005   2.4005790172450639E-006   2.1523763996199065E-005   2.1296928872174132       0.52386279415153469       0.51379310000000000        0.0000000000000000        0.0000000000000000        44.288250366735774        708.61200586777238        16.000000000000000        0.0000000000000000     
           1          35   1.0293654796791458E-005  -8.5058220206514703E-008   2.1261230812297479E-005   2.4114124130195789       0.51701901230117808       0.51379310000000000        0.0000000000000000        0.0000000000000000        48.959641622735525        783.35426596376840        16.000000000000000        0.0000000000000000     
           1          36   1.1656705050930529E-005   2.3232930994334580E-006   2.1519672154311090E-005   2.1397233306977967       0.52306382364991544       0.51379310000000000        0.0000000000000000        0.0000000000000000        41.388270026115414        662.21232041784663        16.000000000000000        0.0000000000000000     
           1          37   1.1993840625030678E-005   2.9184621206195168E-006   2.1584134089509792E-005   2.0745714188222206       0.52436888240795398       0.51379310000000000        0.0000000000000000        0.0000000000000000        43.952758005855031        703.24412809368050        16.000000000000000        0.0000000000000000     
           1          38   1.1229203049012249E-005   1.5587932462318923E-006   2.1448288444223644E-005   2.2293249193386413       0.52034699380609140       0.51379310000000000        0.0000000000000000        0.0000000000000000        47.594357565383241        761.50972104613186        16.000000000000000        0.0000000000000000     
           1          39   1.0893326872326448E-005   9.8229870104237574E-007   2.1366682738545439E-005   2.2833610115150216       0.52124971421897126       0.51379310000000000        0.0000000000000000        0.0000000000000000        47.113643728352606        753.81829965364170        16.000000000000000        0.0000000000000000     
           1          40   1.1233106270063740E-005   1.5768286988112954E-006   2.1437257605214237E-005   2.2212460404784959       0.52116609221520704       0.51379310000000000        0.0000000000000000        0.0000000000000000        48.648627272937325        778.37803636699721        16.000000000000000        0.0000000000000000     
           1          41   1.2265115488776899E-005   3.3878144213785883E-006   2.1646093082989757E-005   2.0261760994292879       0.52473142474662915       0.51379310000000000        0.0000000000000000        0.0000000000000000        41.714034885353264        667.42455816565223        16.000000000000000        0.0000000000000000     
           1          42   1.1692355668202524E-005   2.3893704384055624E-006   2.1523169711506960E-005   2.1310352107596673       0.52376442338780882       0.51379310000000000        0.0000000000000000        0.0000000000000000        43.947188883248053        703.15502213196885        16.000000000000000        0.0000000000000000     
           1          43   1.1968446667959631E-005   2.8684602395087500E-006   2.1584744250391441E-005   2.0813170233906155       0.52379536946358407       0.51379310000000000        0.0000000000000000        0.0000000000000000        46.412829695892341        742.60527513427746        16.000000000000000        0.0000000000000000     
           1          44   1.1314064019486922E-005   1.7269668359446554E-006   2.1445109839555266E-005   2.2012787663509972       0.52270196135479841       0.51379310000000000        0.0000000000000000        0.0000000000000000        48.052650799648305        768.84241279437288        16.000000000000000        0.0000000000000000     
           1          45   1.1288773475822886E-005   1.6502636253055925E-006   2.1474148992867033E-005   2.2255120099469616       0.51827166459069585       0.51379310000000000        0.0000000000000000        0.0000000000000000        46.672434840436168        746.75895744697868        16.000000000000000        0.0000000000000000     
           1          46   1.0729711027756355E-005   6.8750703393526337E-007   2.1341685314459177E-005   2.3212910119132433       0.51848907564729074       0.51379310000000000        0.0000000000000000        0.0000000000000000        40.354242161729104        645.66787458766566        16.000000000000000        0.0000000000000000     
           1          47  -1.2435650829606896E-005  -3.7367109725885404E-005   1.2495808066671610E-005   14.000000000607381       0.33348611231144298       0.50000000000000000        0.0000000000000000        1.0000000000000000        48.809835912946177        780.95737460713883        16.000000000000000        5.2500000000000000     
           1          48   1.1903148659879885E-005   2.7353830635308590E-006   2.1591071035768766E-005   2.1023313791296556       0.52195639100428326       0.51379310000000000        0.0000000000000000        0.0000000000000000        45.275486767274124        724.40778827638599        16.000000000000000        0.0000000000000000     
           1          49  -2.1665827141789618E-005  -6.3059981577662989E-005   1.9728327294083815E-005   21.500054183344144       0.50005418334413154       0.50000000000000000        0.0000000000000000        1.0000000000000000        56.089293241294250        897.42869186070800        16.000000000000000        3.6250000000000000     
           1          50   5.3086631961823573E-006  -9.3982457486334066E-006   2.0015572140998221E-005   3.3136404401706190       0.46837960056537842       0.50000000000000000        0.0000000000000000        1.0000000000000000        58.719506695892335        939.51210713427736        16.000000000000000        0.0000000000000000     
           1          51   1.2304999631563365E-005   3.4686800136391636E-006   2.1642670588278348E-005   2.0146437211280346       0.52578148163093208       0.51379310000000000        0.0000000000000000        0.0000000000000000        40.873868189593018        653.98189103348830        16.000000000000000        0.0000000000000000     
           1          52   1.0884408800183474E-005   9.4063062230676575E-007   2.1392372828920109E-005   2.3104456435072023       0.51596135498973916       0.51379310000000000        0.0000000000000000        0.0000000000000000        43.997929177294040        703.96686683670464        16.000000000000000        0.0000000000000000     
           1          53   1.2307780020747389E-005   3.4736586894158710E-006   2.1643127965420740E-005   2.0140961854136643       0.52582709423838392       0.51379310000000000        0.0000000000000000        0.0000000000000000        43.151021535090202        690.41634456144322        16.000000000000000        0.0000000000000000     
           1          54   1.0877100127965162E-005   9.5545978168721001E-007   2.1361670278243456E-005   2.2859200446057124       0.52110658239049656       0.51379310000000000        0.0000000000000000        0.0000000000000000        48.737199550417067        779.79519280667307        16.000000000000000        0.0000000000000000     
           1          55   1.0220604219035049E-005  -2.1719086509508603E-007   2.1250614474833071E-005   2.4308662874014488       0.51540900888732621       0.51379310000000000        0.0000000000000000        0.0000000000000000        53.138445484761874        850.21512775618999        16.000000000000000        0.0000000000000000     
           1          56   1.1767561257417294E-005   2.3201148747526214E-006   2.1751032828949614E-005   2.1988326022222338       0.50759362420796583       0.51379310000000000        0.0000000000000000        0.0000000000000000        42.425461180526348        678.80737888842157        16.000000000000000        0.0000000000000000     
           1          57   1.1698503938358005E-005   2.3999405943723474E-006   2.1524645208777623E-005   2.1300786278446093       0.52381960308897346       0.51379310000000000        0.0000000000000000        0.0000000000000000        42.869240303169249        685.90784485070799        16.000000000000000        0.0000000000000000     
           1          58   1.0075292703234301E-005  -4.7242142704827345E-007   2.1221458545207321E-005   2.4600016082802880       0.51341402374546574       0.51379310000000000        0.0000000000000000        0.0000000000000000        45.838239445346218        733.41183112553949        16.000000000000000        0.0000000000000000     
           1          59   1.0852506486940945E-005   9.0583524388417811E-007   2.1363527726357424E-005   2.2951497135702787       0.52032437787037034       0.51379310000000000        0.0000000000000000        0.0000000000000000        46.689569207917671        747.03310732668274        16.000000000000000        0.0000000000000000     
           1          60   1.1274534998346201E-005   1.6502028182895393E-006   2.1444928438301165E-005   2.2133666168321269       0.52172756168827472       0.51379310000000000        0.0000000000000000        0.0000000000000000        50.772957210008258        812.36731536013212        16.000000000000000        0.0000000000000000     
           1          61  -1.4102240726658022E-005  -3.4122799508306981E-005   5.9183180549908915E-006   10.691349850678115       0.33269086223244138       0.50000000000000000        0.0000000000000000        1.0000000000000000        48.727964866406253        779.64743786250006        16.000000000000000        5.4375000000000000     
           1          62   1.2000608776020377E-005   2.8858893592505373E-006   2.1632475260786836E-005   2.0824055753288562       0.52015292541375679       0.51379310000000000        0.0000000000000000        0.0000000000000000        45.433180326736164        726.93088522777862        16.000000000000000        0.0000000000000000     
           1          63   1.1314734379369874E-005   1.7271844803830952E-006   2.1446258600858769E-005   2.2015329723054515       0.52267020185082391       0.51379310000000000        0.0000000000000000        0.0000000000000000        45.639091842193906        730.22546947510250        16.000000000000000        0.0000000000000000     
           1          64   1.0406485387844877E-005   1.2837780873602695E-007   2.1267747856978305E-005   2.3743639928262579       0.51997464110305158       0.51379310000000000        0.0000000000000000        0.0000000000000000        49.569740383392343        793.11584613427749        16.000000000000000        0.0000000000000000     
           1          65   1.1881687456314426E-005   2.6948995538591533E-006   2.1589711417811450E-005   2.1059678553289629       0.52161607105478225       0.51379310000000000        0.0000000000000000        0.0000000000000000        49.269573122545324        788.31316996072519        16.000000000000000        0.0000000000000000     
           1          66   1.2019179591602714E-005   2.9617092163578680E-006   2.1590548863111219E-005   2.0705074754288191       0.52464526354235552       0.51379310000000000        0.0000000000000000        1.0000000000000000        42.896770073441246        686.34832117505994        16.000000000000000        0.0000000000000000     
           1          67   1.2310731069224845E-005   3.4801227739812371E-006   2.1642366656665079E-005   2.0131113333805408       0.52591692985096006       0.51379310000000000        0.0000000000000000        0.0000000000000000        47.077717806094014        753.24348489750423        16.000000000000000        0.0000000000000000     
           1          68   1.2029723798363441E-005   2.9833747014017080E-006   2.1589340797238065E-005   2.0671924471226015       0.52494175856922431       0.51379310000000000        0.0000000000000000        0.0000000000000000        46.754249300667752        748.06798881068403        16.000000000000000        0.0000000000000000     
           1          69   1.1846194476982434E-005   2.6230528645233842E-006   2.1592634769796499E-005   2.1195033212747916       0.52066356754680310       0.51379310000000000        0.0000000000000000        0.0000000000000000        47.617747287633463        761.88395660213541        16.000000000000000        0.0000000000000000     
           1          70   1.0327010978640780E-005  -2.0553047225028458E-008   2.1261670684823673E-005   2.3979320947703013       0.51814360868454545       0.51379310000000000        0.0000000000000000        0.0000000000000000        51.584962441721842        825.35939906754948        16.000000000000000        0.0000000000000000     
           1          71   1.2006141618254033E-005   2.9406928869403217E-006   2.1585941918399317E-005   2.0720656401719535       0.52456526710792950       0.51379310000000000        0.0000000000000000        0.0000000000000000        41.619652070892329        665.91443313427726        16.000000000000000        0.0000000000000000     
           1          72   1.1663223157785570E-005   2.3356775846347851E-006   2.1519991038743900E-005   2.1379121874050835       0.52321716982058541       0.51379310000000000        0.0000000000000000        0.0000000000000000        44.880566504978589        718.08906407965742        16.000000000000000        0.0000000000000000     
           1          73   1.1641633182248604E-005   2.2961089509721050E-006   2.1517399786779637E-005   2.1424092151111296       0.52290456192945556       0.51379310000000000        0.0000000000000000        0.0000000000000000        46.522307926337135        744.35692682139415        16.000000000000000        0.0000000000000000     
           1          74   1.0407500471946690E-005   1.2922004579526313E-007   2.1268945595044920E-005   2.3747417834087705       0.51992772925630759       0.51379310000000000        0.0000000000000000        0.0000000000000000        47.812172312273638        764.99475699637821        16.000000000000000        0.0000000000000000     
           1          75   1.2174416928441669E-005   3.1829744396967091E-006   2.1676012051349312E-005   2.0631773920335368       0.52075364699828375       0.51379310000000000        0.0000000000000000        0.0000000000000000        49.326172472819160        789.21875956510655        16.000000000000000        0.0000000000000000     
           1          76   1.2309157415270962E-005   3.4707039620618807E-006   2.1649083275907528E-005   2.0161532530784703       0.52557778624487150       0.51379310000000000        0.0000000000000000        0.0000000000000000        44.662355489349537        714.59768782959259        16.000000000000000        0.0000000000000000     
           1          77   1.0865678956326032E-005   9.3631986958681798E-007   2.1358405789673749E-005   2.2875673247408495       0.52102784840521343       0.51379310000000000        0.0000000000000000        0.0000000000000000        43.945764880745365        703.13223809192584        16.000000000000000        0.0000000000000000     
           1          78   1.0853138658836660E-005   9.0876790889268531E-007   2.1361728880742591E-005   2.2931527395792459       0.52054264398269323       0.51379310000000000        0.0000000000000000        0.0000000000000000        48.191652195892345        771.06643513427753        16.000000000000000        0.0000000000000000     
           1          79   1.0341132319552325E-005   8.2475783180688390E-009   2.1260279874104581E-005   2.3933461622775520       0.51857807776362908       0.51379310000000000        0.0000000000000000        0.0000000000000000        47.762424224613369        764.19878759381390        16.000000000000000        0.0000000000000000     
           1          80   1.0018919507968589E-005  -1.5544145690297977E-006   2.1592253584966847E-005   2.4884992301238325       0.51511381552368518       0.50000000000000000        0.0000000000000000        1.0000000000000000        50.977797840030341        815.64476544048546        16.000000000000000        0.0000000000000000     
           1          81   1.0906921133514998E-005   1.0075227750888915E-006   2.1367987339507818E-005   2.2796544778940859       0.52153349549136430       0.51379310000000000        0.0000000000000000        0.0000000000000000        43.503531563260488        696.05650501216780        16.000000000000000        0.0000000000000000     
           1          82   1.1244716110050616E-005   1.5892206766345681E-006   2.1448040930761403E-005   2.2242763278826612       0.52078998544292876       0.51379310000000000        0.0000000000000000        0.0000000000000000        45.900705023195549        734.41128037112878        16.000000000000000        0.0000000000000000     
           1          83   1.2181461388763656E-005   3.1912926532671006E-006   2.1681710488753491E-005   2.0638323550328295       0.52070590509387982       0.51379310000000000        0.0000000000000000        0.0000000000000000        45.551607978226244        728.82572765161990        16.000000000000000        0.0000000000000000     
           1          84   1.0237122594400305E-005  -1.8980536108367435E-007   2.1255649147035939E-005   2.4290163131344538       0.51553985104576572       0.51379310000000000        0.0000000000000000        0.0000000000000000        48.997494915159464        783.95991864255143        16.000000000000000        0.0000000000000000     
           1          85   1.1775081874368396E-005   1.2270460582219117E-006   2.2323117690514370E-005   2.4618019681578018       0.48344838040218846       0.50000000000000000        0.0000000000000000        1.0000000000000000        47.063028722007751        753.00845955212401        16.000000000000000        0.0000000000000000     
           1          86   1.0115198102286574E-005  -4.0403240224554175E-007   2.1231264226683661E-005   2.4597593289722677       0.51400368386845841       0.51379310000000000        0.0000000000000000        0.0000000000000000        42.384494314038243        678.15190902461188        16.000000000000000        0.0000000000000000     
           1          87   1.1205441093925662E-005   1.5210381358909926E-006   2.1439313582073654E-005   2.2299905675147618       0.52045333699590357       0.51379310000000000        0.0000000000000000        0.0000000000000000        44.189107817048360        707.02572507277375        16.000000000000000        0.0000000000000000     
           1          88   1.2217597780127846E-005   3.2963762163431699E-006   2.1644987813144384E-005   2.0368593896112928       0.52385735764333230       0.51379310000000000        0.0000000000000000        1.0000000000000000        47.135759328240646        754.17214925185033        16.000000000000000        0.0000000000000000     
           1          89   1.0863017197910621E-005   9.2484123823990377E-007   2.1365061152170997E-005   2.2925694329238753       0.52052404616551839       0.51379310000000000        0.0000000000000000        0.0000000000000000        48.488482817250656        775.81572507601049        16.000000000000000        0.0000000000000000     
           1          90   1.0310801676903534E-005  -4.7479594060216911E-008   2.1256786698671855E-005   2.4021618382393215       0.51787654228809321       0.51379310000000000        0.0000000000000000        0.0000000000000000        50.610192770790910        809.76308433265456        16.000000000000000        0.0000000000000000     
           1          91   1.0330234985427722E-005  -1.5515344712474462E-008   2.1262978091189113E-005   2.4170285847067019       0.51443889191477488       0.51379310000000000        0.0000000000000000        0.0000000000000000        39.638879489847596        634.22207183756154        16.000000000000000        0.0000000000000000     
           1          92   1.1319760514055441E-005   1.7393776492566213E-006   2.1443711061223761E-005   2.1988185810061793       0.52292262257684075       0.51379310000000000        0.0000000000000000        0.0000000000000000        44.773425557365414        716.37480891784662        16.000000000000000        0.0000000000000000     
           1          93   1.0882497254649939E-005   9.6655167198412386E-007   2.1361049534243729E-005   2.2838970946215982       0.52128057469907363       0.51379310000000000        0.0000000000000000        0.0000000000000000        44.987597415433100        719.80155864692961        16.000000000000000        0.0000000000000000     
           1          94   1.1676691731817478E-005   2.3645311116856900E-006   2.1517201754845633E-005   2.1327154256082563       0.52369802709056079       0.51379310000000000        0.0000000000000000        0.0000000000000000        47.821984654486002        765.15175447177603        16.000000000000000        0.0000000000000000     
           1          95   1.1309550020413712E-005   1.6540501376576476E-006   2.1512879542908767E-005   2.2394128760150731       0.51550141050556397       0.51379310000000000        0.0000000000000000        0.0000000000000000        51.454217122612128        823.26747396179405        16.000000000000000        0.0000000000000000     
           1          96   1.1675045321792366E-005   2.3611169320685870E-006   2.1517423413369830E-005   2.1334557658398134       0.52362282572910646       0.51379310000000000        1.0000000000000000        0.0000000000000000        41.410394320630253        662.56630913008405        16.000000000000000        0.0000000000000000     
           1          97   1.1996951612712355E-005   2.9180249165892609E-006   2.1590994584693522E-005   2.0765632706074104       0.52412149394722141       0.51379310000000000        0.0000000000000000        0.0000000000000000        42.166781074772118        674.66849719635388        16.000000000000000        0.0000000000000000     
           1          98   1.1872062822930801E-005   2.6602939048233754E-006   2.1606485162305451E-005   2.1192267701209659       0.52021888924993542       0.51379310000000000        0.0000000000000000        0.0000000000000000        44.073178513813183        705.17085622101092        16.000000000000000        0.0000000000000000     
           1          99   1.1661186065928289E-005   2.3333819401875539E-006   2.1518227169123373E-005   2.1375128548912614       0.52328496047427431       0.51379310000000000        0.0000000000000000        0.0000000000000000        47.169422088615420        754.71075341784672        16.000000000000000        0.0000000000000000     
           1         100   1.2014495742916411E-005   2.9522899110000386E-006   2.1590869149419423E-005   2.0719177598050740       0.52452021316376618       0.51379310000000000        0.0000000000000000        0.0000000000000000        48.874454627276492        781.99127403642387        16.000000000000000        0.0000000000000000     
           1         101   1.0644611828677016E-005   5.2815501800470047E-007   2.1335051856927062E-005   2.3439991398317339       0.51667591768855581       0.51379310000000000        0.0000000000000000        0.0000000000000000        42.866838668990049        685.86941870384078        16.000000000000000        0.0000000000000000     
           1         102   1.1002220974133884E-005   1.1332224023371911E-006   2.1431162583351999E-005   2.2929509878839318       0.51586562509080225       0.51379310000000000        0.0000000000000000        0.0000000000000000        42.549765371619301        680.79624594590882        16.000000000000000        0.0000000000000000     
           1         103   1.0892624657043171E-005   9.8093227967258386E-007   2.1366682414791117E-005   2.2836161257141843       0.52122905197335367       0.51379310000000000        0.0000000000000000        0.0000000000000000        44.276918597251104        708.43069755601766        16.000000000000000        0.0000000000000000     
           1         104   1.0415689679852441E-005   1.4347412838699685E-007   2.1270725821987899E-005   2.3729808149835794       0.52004619705641864       0.51379310000000000        0.0000000000000000        0.0000000000000000        45.447001730451163        727.15202768721861        16.000000000000000        0.0000000000000000     
           1         105   1.2308752052698072E-005   3.4742137304171342E-006   2.1644540647375357E-005   2.0144791257085810       0.52577372002814327       0.51379310000000000        0.0000000000000000        0.0000000000000000        49.384631360946145        790.15410177513832        16.000000000000000        0.0000000000000000     
           1         106   1.1962983406251229E-005   2.8565097748334234E-006   2.1586136259808896E-005   2.0837896712115449       0.52353521816417414       0.51379310000000000        0.0000000000000000        0.0000000000000000        43.638660883392326        698.21857413427722        16.000000000000000        0.0000000000000000     
           1         107   1.0638537203597126E-005  -1.1089601081308044E-007   2.1997867181174735E-005   2.6383761560371903       0.46332838434619639       0.51379310000000000        0.0000000000000000        0.0000000000000000        46.233806125839834        739.74089801343735        16.000000000000000        0.0000000000000000     
           1         108   1.2190866608656530E-005   3.2285300472948754E-006   2.1661704404469607E-005   2.0525669997019818       0.52225481303131571       0.51379310000000000        0.0000000000000000        0.0000000000000000        44.815567959931933        717.04908735891092        16.000000000000000        0.0000000000000000     
           1         109   1.0877380454534931E-005   9.5526017411806023E-007   2.1362457769250196E-005   2.2862778326087412       0.52106692084758632       0.51379310000000000        0.0000000000000000        0.0000000000000000        47.871755623361437        765.94808997378300        16.000000000000000        0.0000000000000000     
           1         110   1.0692584387234538E-005   6.0282473417303900E-007   2.1354812525916506E-005   2.3448121528917993       0.51605071559883453       0.51379310000000000        0.0000000000000000        0.0000000000000000        46.566543571026990        745.06469713643185        16.000000000000000        0.0000000000000000     
           1         111   1.2267747660795994E-005   3.3898756988453296E-006   2.1649328540733419E-005   2.0268220052410584       0.52464365296378657       0.51379310000000000        0.0000000000000000        0.0000000000000000        42.041691034170306        672.66705654672489        16.000000000000000        0.0000000000000000     
           1         112   1.0399762614488343E-005   1.1649657262543626E-007   2.1266476225038851E-005   2.3757850921439663       0.51988173060614118       0.51379310000000000        0.0000000000000000        0.0000000000000000        45.660135294620545        730.56216471392872        16.000000000000000        0.0000000000000000     
           1         113   1.0867250398174269E-005   9.3942758817282445E-007   2.1358353790169064E-005   2.2869798297819970       0.52108122675335555       0.51379310000000000        0.0000000000000000        0.0000000000000000        47.035828445892342        752.57325513427747        16.000000000000000        0.0000000000000000     
           1         114   1.1479266665769906E-005   1.9833121999862221E-006   2.1513998551380487E-005   2.1868538516715423       0.51900930614721663       0.51379310000000000        1.0000000000000000        0.0000000000000000        46.758821739513003        748.14114783220805        16.000000000000000        0.0000000000000000     
           1         115   1.1796329061312290E-005   2.5314144015551040E-006   2.1586912502790044E-005   2.1299437837087525       0.52009240294235570       0.51379310000000000        0.0000000000000000        0.0000000000000000        49.702422908698011        795.23876653916818        16.000000000000000        0.0000000000000000     
           1         116   1.0504572907124356E-005   1.3379646919485429E-007   2.1463762041319553E-005   2.4673605207753684       0.49961498895034201       0.51379310000000000        0.0000000000000000        0.0000000000000000        41.047017847270851        656.75228555633362        16.000000000000000        0.0000000000000000     
           1         117   4.9785853709405616E-006  -5.9170536668115015E-006   2.1322043927568851E-005   3.2226922388915251       0.50234478777503333       0.59999999999999998        0.0000000000000000        1.0000000000000000        47.271822928405328        756.34916685448525        16.000000000000000        0.0000000000000000     
           1         118   8.0046308065190937E-006  -4.1650226726172355E-006   2.0864760901281411E-005   2.8193211109692036       0.48305830221689999       0.51379310000000000        0.0000000000000000        1.0000000000000000        50.503651071407262        808.05841714251619        16.000000000000000        0.0000000000000000     
           1         119   3.7069708314837363E-006  -1.2090934811803669E-005   1.9504876474771062E-005   3.7996162671702227       0.48379046608991105       0.50000000000000000        0.0000000000000000        1.0000000000000000        53.626402670713503        858.02244273141605        16.000000000000000        0.0000000000000000     
           1         120   1.0911851838397830E-005   1.0166432200115868E-006   2.1368490588665425E-005   2.2783352612914678       0.52163344851923021       0.51379310000000000        0.0000000000000000        0.0000000000000000        49.486513008392343        791.78420813427749        16.000000000000000        0.0000000000000000     
           1         121   9.5720141432134415E-006  -1.4414095523614770E-006   2.1210312781432585E-005   2.5700572227981473       0.49481711482755641       0.51379310000000000        0.0000000000000000        0.0000000000000000        43.515985133878196        696.25576214205114        16.000000000000000        0.0000000000000000     
           1         122   1.0765602579473604E-005   7.5257118653903777E-007   2.1346749082686561E-005   2.3129793646239349       0.51909531184743418       0.51379310000000000        0.0000000000000000        0.0000000000000000        43.531746028084200        696.50793644934720        16.000000000000000        0.0000000000000000     
           1         123   1.0861547097104317E-005   9.2826109740891530E-007   2.1358423646922784E-005   2.2893251857024635       0.52087191981525238       0.51379310000000000        0.0000000000000000        0.0000000000000000        46.863459403604892        749.81535045767828        16.000000000000000        0.0000000000000000     
           1         124   1.1643334707202264E-005   2.2982449072190209E-006   2.1518642231862638E-005   2.1431800532096408       0.52279071142616251       0.51379310000000000        0.0000000000000000        0.0000000000000000        51.275661439837023        820.41058303739237        16.000000000000000        0.0000000000000000     
           1         125   1.1022007886056581E-005   1.1811590508650501E-006   2.1421202610903397E-005   2.2810143520990973       0.51714681801618279       0.51379310000000000        0.0000000000000000        0.0000000000000000        51.471140887468856        823.53825419950169        16.000000000000000        0.0000000000000000     
           1         126   1.0059365357268526E-005  -4.9102157103946681E-007   2.1208355645342715E-005   2.4659597024808648       0.51443496793071453       0.51379310000000000        0.0000000000000000        0.0000000000000000        41.794367646661044        668.70988234657671        16.000000000000000        0.0000000000000000     
           1         127   6.2502598362694027E-006  -3.0311886410619444E-006   1.5531708313600777E-005   2.4380017288376119       0.50978073928330314       0.50000000000000000        0.0000000000000000        1.0000000000000000        50.349026026115411        805.58441641784657        16.000000000000000        0.0000000000000000     
           1         128   1.1275982561873680E-005   1.6534200491610672E-006   2.1444505927853309E-005   2.2117840949374203       0.52189477057074229       0.51379310000000000        0.0000000000000000        0.0000000000000000        45.444542936299193        727.11268698078709        16.000000000000000        0.0000000000000000     
           1         129   1.1964811839159298E-005   2.8607616707415353E-006   2.1585403728305183E-005   2.0823927730595333       0.52371462602004748       0.51379310000000000        0.0000000000000000        0.0000000000000000        48.847253414207145        781.55605462731432        16.000000000000000        0.0000000000000000     
           1         130   1.1295702784910482E-005   1.6938196140188033E-006   2.1442373513380492E-005   2.2054091112654537       0.52239640705653634       0.51379310000000000        0.0000000000000000        0.0000000000000000        51.915027979101403        830.64044766562245        16.000000000000000        0.0000000000000000     
           1         131   1.0879991965872511E-005   9.6002338933817891E-007   2.1362795494247236E-005   2.2856572439713285       0.52111414751758567       0.51379310000000000        0.0000000000000000        0.0000000000000000        42.403662638303835        678.45860221286136        16.000000000000000        0.0000000000000000     
           1         132   1.4159741341946782E-005   7.0935563800338558E-006   2.4759018784816779E-005   2.3914415634184887       0.42491312209364340       0.59999999999999998        0.0000000000000000        1.0000000000000000        49.922232083115411        798.75571332984657        16.000000000000000        0.0000000000000000     
           1         133  -3.2920199322115491E-005  -6.7775266564030798E-005   1.9362401540757603E-005   16.687030935812455       0.43759509640078292       0.59999999999999998        0.0000000000000000        1.0000000000000000        56.014173320499992        896.22677312799988        16.000000000000000        12.625000000000000     
           1         134   1.0413253028114381E-005   1.4015598977034723E-007   2.1269220670555487E-005   2.3729150568710380       0.52007136116099495       0.51379310000000000        0.0000000000000000        0.0000000000000000        47.817438695892335        765.07901913427736        16.000000000000000        0.0000000000000000     
           1         135   1.0864070356182316E-005   9.3180894098676972E-007   2.1359864189061989E-005   2.2887759045577134       0.52091631095968371       0.51379310000000000        0.0000000000000000        0.0000000000000000        52.291232002095221        836.65971203352353        16.000000000000000        0.0000000000000000     
           1         136  -3.9653261434014887E-005  -7.8703153227015733E-005   1.8921576255486383E-005   17.170640945038667       0.69319162868624440       0.59999999999999998        0.0000000000000000        1.0000000000000000        50.186871875748082        802.98995001196931        16.000000000000000        5.3750000000000000     
           1         137   1.1983227969358032E-005   2.8979415377896224E-006   2.1583991512745591E-005   2.0772958043301726       0.52413411087072292       0.51379310000000000        0.0000000000000000        0.0000000000000000        44.338967578283963        709.42348125254341        16.000000000000000        0.0000000000000000     
           1         138   1.2326503195798921E-005   3.5066286139880097E-006   2.1646796064945235E-005   2.0109107780414970       0.52605828144122890       0.51379310000000000        0.0000000000000000        0.0000000000000000        46.262440628829445        740.19905006127112        16.000000000000000        0.0000000000000000     
           1         139   1.0318357207679975E-005  -3.7738858721386607E-008   2.1262033041679850E-005   2.4028127558254324       0.51780254503494061       0.51379310000000000        0.0000000000000000        0.0000000000000000        51.234214633650375        819.74743413840599        16.000000000000000        0.0000000000000000     
           1         140   1.2237973169244828E-005   3.3319403633740669E-006   2.1649312671069756E-005   2.0335335546398476       0.52410527868310330       0.51379310000000000        1.0000000000000000        0.0000000000000000        49.831051893694557        797.29683029911291        16.000000000000000        0.0000000000000000     
           1         141  -2.6342645381626748E-005  -5.0111324991676062E-005   9.3103740334469666E-006   9.3083245042480680       0.59481766191238294       0.59999999999999998        0.0000000000000000        1.0000000000000000        47.971277437499992        767.54043899999988        16.000000000000000        9.0000000000000000     
           1         142  -2.2680634111555951E-005  -6.4837683546096586E-005   1.9476415322984501E-005   20.422726562387027       0.49001774439989659       0.50000000000000000        0.0000000000000000        1.0000000000000000        50.678529034289909        810.85646454863854        16.000000000000000        18.062500000000000     
           1         143   1.0234438636829755E-005  -1.8824807615733697E-007   2.1248483309158269E-005   2.4233773252108599       0.51612126639026779       0.51379310000000000        0.0000000000000000        0.0000000000000000        46.986280336651042        751.78048538641667        16.000000000000000        0.0000000000000000     
           1         144   1.1993703848048856E-005   2.9178196057773049E-006   2.1584531744728075E-005   2.0747244818380706       0.52435176457267862       0.51379310000000000        0.0000000000000000        0.0000000000000000        48.161374004808820        770.58198407694113        16.000000000000000        0.0000000000000000     
           1         145   1.1974520787078161E-005   2.8757466014524784E-006   2.1589537346967675E-005   2.0817127038087633       0.52371038585572116       0.51379310000000000        0.0000000000000000        0.0000000000000000        51.530091067603713        824.48145708165941        16.000000000000000        0.0000000000000000     
           1         146   9.8131688647398511E-006  -1.4031987489199670E-006   2.1665925966627454E-005   2.7580092938774659       0.46444138073041086       0.51379310000000000        0.0000000000000000        0.0000000000000000        42.912865062634758        686.60584100215613        16.000000000000000        0.0000000000000000     
           1         147   1.2021528516051022E-005   2.9721427491125591E-006   2.1584354478190330E-005   2.0672740815665294       0.52499217330304626       0.51379310000000000        0.0000000000000000        0.0000000000000000        46.398569388416327        742.37711021466123        16.000000000000000        0.0000000000000000     
           1         148   1.0656830844062604E-005   1.8259038203518102E-007   2.1725354300086322E-005   2.5275277883049516       0.48226326228227395       0.51379310000000000        0.0000000000000000        0.0000000000000000        44.225451338615429        707.60722141784686        16.000000000000000        0.0000000000000000     
           1         149   9.5698016826908530E-006  -1.6399174825452248E-006   2.1415533119320514E-005   2.7447395558041818       0.47744963961948628       0.51379310000000000        0.0000000000000000        0.0000000000000000        49.643359714778995        794.29375543646393        16.000000000000000        0.0000000000000000     
           1         150  -2.0034613423417447E-005  -5.0252136958704617E-005   1.0182910111869689E-005   10.570732057461857       0.43813627351432588       0.50000000000000000        0.0000000000000000        1.0000000000000000        60.786183784687509        972.57894055500014        16.000000000000000        12.625000000000000     
           1         151  -3.1642200683282078E-005  -6.5697167162551411E-005   1.9440249035622091E-005   22.486042905624409       0.45095015793885740       0.59999999999999998        0.0000000000000000        1.0000000000000000        46.263189001767330        740.21102402827728        16.000000000000000        16.250000000000000     
           1         152   1.1315887973158934E-005   1.7320351752623080E-006   2.1443505329010622E-005   2.1998880174205810       0.52283731061787408       0.51379310000000000        0.0000000000000000        0.0000000000000000        45.521850641419711        728.34961026271537        16.000000000000000        0.0000000000000000     
           1         153   1.1967135647312001E-005   2.8655894924274409E-006   2.1585081451271635E-005   2.0821932250006379       0.52373572044011407       0.51379310000000000        0.0000000000000000        0.0000000000000000        46.464725182210003        743.43560291536005        16.000000000000000        0.0000000000000000     
           1         154   1.1563815464847064E-005   1.7942942428312341E-006   2.1887635620783463E-005   2.3111762763595158       0.49300493523570699       0.51379310000000000        0.0000000000000000        0.0000000000000000        46.172170518252130        738.75472829203409        16.000000000000000        0.0000000000000000     
           1         155   1.0328274711505215E-005  -1.5390074742402830E-008   2.1258813944673253E-005   2.3970498499537958       0.51826709750564282       0.51379310000000000        0.0000000000000000        0.0000000000000000        49.587801695892338        793.40482713427741        16.000000000000000        0.0000000000000000     
           1         156   1.1547852338871913E-005   2.1187593326568353E-006   2.1511929207899408E-005   2.1659671030817003       0.52096125428044970       0.51379310000000000        0.0000000000000000        0.0000000000000000        43.094541540861229        689.51266465377967        16.000000000000000        0.0000000000000000     
           1         157   1.1250305686634328E-005   1.6063568864666379E-006   2.1441428746136508E-005   2.2189975835260629       0.52126713535279023       0.51379310000000000        0.0000000000000000        0.0000000000000000        45.091846690867527        721.46954705388043        16.000000000000000        0.0000000000000000     
           1         158   1.1289821691889517E-005   1.6792802289593705E-006   2.1445641962883638E-005   2.2089597789339583       0.52206085166591221       0.51379310000000000        0.0000000000000000        1.0000000000000000        48.362401249190363        773.79841998704580        16.000000000000000        0.0000000000000000     
           1         159   1.1672753521123481E-005   2.1070660305154851E-006   2.1781174914219278E-005   2.2360851252215457       0.50293440424953562       0.51379310000000000        0.0000000000000000        0.0000000000000000        48.561595987269577        776.98553579631323        16.000000000000000        0.0000000000000000     
           1         160   1.0280493786231013E-005  -1.0159280779263091E-007   2.1251634787339426E-005   2.4079432960847198       0.51745105206366460       0.51379310000000000        0.0000000000000000        0.0000000000000000        49.890182343119434        798.24291748991095        16.000000000000000        0.0000000000000000     
           1         161   1.0308656296412486E-005  -4.9692875657368020E-008   2.1254713071831318E-005   2.3996607788537969       0.51812757220075656       0.51379310000000000        0.0000000000000000        1.0000000000000000        41.943717630730895        671.09948209169431        16.000000000000000        0.0000000000000000     
           1         162   1.0141478754337865E-005  -3.4658226193221383E-007   2.1224606909323699E-005   2.4369213472032141       0.51551872537006904       0.51379310000000000        0.0000000000000000        1.0000000000000000        45.434722383392334        726.95555813427734        16.000000000000000        0.0000000000000000     
           1         163   1.1694690083329491E-005   2.3978486487987614E-006   2.1519011747329277E-005   2.1286334708367978       0.52400717331484314       0.51379310000000000        0.0000000000000000        0.0000000000000000        48.144919872058537        770.31871795293659        16.000000000000000        0.0000000000000000     
           1         164   1.2018527165360163E-005   2.9673909832488267E-006   2.1583202856982680E-005   2.0674985344806962       0.52499137423534736       0.51379310000000000        0.0000000000000000        0.0000000000000000        50.342893985734825        805.48630377175721        16.000000000000000        0.0000000000000000     
           1         165   1.1674876403004880E-005   2.0184938724767894E-006   2.1879138652565908E-005   2.2853157001163336       0.49582814848471157       0.51379310000000000        0.0000000000000000        0.0000000000000000        48.757268668607054        780.11629869771286        16.000000000000000        0.0000000000000000     
           1         166   1.1299646448275184E-005   1.6980825514040720E-006   2.1445979787891579E-005   2.2061017652133774       0.52229308617113246       0.51379310000000000        0.0000000000000000        0.0000000000000000        42.060259946470993        672.96415914353588        16.000000000000000        0.0000000000000000     
           1         167   1.1955495524892862E-005   2.8412893704427369E-006   2.1586819626081201E-005   2.0857414371296668       0.52337364170022871       0.51379310000000000        0.0000000000000000        0.0000000000000000        42.269405575675833        676.31048921081333        16.000000000000000        0.0000000000000000     
           1         168   1.1259247261447069E-005   1.6168801501563514E-006   2.1448698890883546E-005   2.2200757299413350       0.52111322472084576       0.51379310000000000        0.0000000000000000        0.0000000000000000        47.369648883558142        757.91438213693027        16.000000000000000        0.0000000000000000     
           1         169   1.0329326689420367E-005  -1.5898090653906067E-008   2.1261514426680096E-005   2.3982997543383524       0.51810805710889685       0.51379310000000000        0.0000000000000000        0.0000000000000000        51.621378615669265        825.94205785070824        16.000000000000000        0.0000000000000000     
           1         170   1.2167577473833990E-005   3.1829742911171352E-006   2.1661945245080601E-005   2.0588365922467320       0.52180138037128854       0.51379310000000000        1.0000000000000000        0.0000000000000000        53.022957660270563        848.36732256432902        16.000000000000000        0.0000000000000000     
           1         171   9.9536165039674490E-006  -8.5405753648532608E-007   2.1374491750768146E-005   2.6191305027304943       0.49171842491326417       0.51379310000000000        0.0000000000000000        0.0000000000000000        41.168144416308039        658.69031066092862        16.000000000000000        0.0000000000000000     
           1         172   1.1732878192410499E-005   2.1292111376664103E-006   2.1881434017975493E-005   2.2800531602964789       0.49674296847202398       0.51379310000000000        0.0000000000000000        0.0000000000000000        44.341793429869135        709.46869487790616        16.000000000000000        0.0000000000000000     
           1         173   1.1191791788390672E-005   1.4938740561750643E-006   2.1439945846220383E-005   2.2366036586046905       0.51990532200169759       0.51379310000000000        0.0000000000000000        0.0000000000000000        44.808126454210118        716.93002326736189        16.000000000000000        0.0000000000000000     
           1         174   1.1712764750841732E-005   2.1654184030441186E-006   2.1801804369178252E-005   2.2380968671678123       0.50223540686895218       0.51379310000000000        0.0000000000000000        0.0000000000000000        49.251572961018681        788.02516737629890        16.000000000000000        0.0000000000000000     
           1         175   1.0267247399759999E-005  -1.2739228787585178E-007   2.1251653726559627E-005   2.4120879528639496       0.51712920295654763       0.51379310000000000        0.0000000000000000        1.0000000000000000        55.621831582838546        889.94930532541673        16.000000000000000        0.0000000000000000     
           1         176  -9.4492548260644437E-006  -3.9250010151586994E-005   2.0351500499458063E-005   17.499995939365203       0.49999593936521203       0.50000000000000000        0.0000000000000000        1.0000000000000000        56.460499472946161        903.36799156713857        16.000000000000000        3.6250000000000000     
           1         177   8.9821187820857059E-006  -2.4503335717563979E-006   2.1063220748106672E-005   2.7412020219056892       0.49198872010502653       0.51379310000000000        0.0000000000000000        0.0000000000000000        44.013787143848646        704.22059430157833        16.000000000000000        0.0000000000000000     
           1         178   1.1586588541937147E-005   2.1949450928771738E-006   2.1511091056786238E-005   2.1544586371357481       0.52201021042018736       0.51379310000000000        0.0000000000000000        0.0000000000000000        47.551475134849895        760.82360215759832        16.000000000000000        0.0000000000000000     
           1         179   1.0668331463214362E-005   5.7622560499524318E-007   2.1333038925043168E-005   2.3353269698565633       0.51746004205648866       0.51379310000000000        0.0000000000000000        0.0000000000000000        47.356496666212117        757.70394665939386        16.000000000000000        0.0000000000000000     
           1         180   1.0253684538261101E-005  -1.4776335845510032E-007   2.1245285355407354E-005   2.4130571423143956       0.51712831049761321       0.51379310000000000        0.0000000000000000        1.0000000000000000        50.830069319961176        813.28110911937881        16.000000000000000        0.0000000000000000     
           1         181   1.0087188412440389E-005  -4.4327181026965418E-007   2.1215121401982633E-005   2.4482188235802167       0.51475033107968982       0.51379310000000000        0.0000000000000000        1.0000000000000000        44.977768791985262        719.64430067176420        16.000000000000000        0.0000000000000000     
           1         182   1.2282068089801337E-005   3.4221151386609575E-006   2.1644713277725527E-005   2.0212977771133858       0.52517268876564349       0.51379310000000000        1.0000000000000000        0.0000000000000000        45.431656766545380        726.90650826472609        16.000000000000000        0.0000000000000000     
           1         183   1.2015959509159383E-005   2.9597144738249407E-006   2.1586033917942731E-005   2.0694179897622944       0.52479179726322878       0.51379310000000000        0.0000000000000000        0.0000000000000000        45.641772195892344        730.26835513427750        16.000000000000000        0.0000000000000000     
           1         184   1.0845947281101118E-005   8.9278043149517557E-007   2.1363832672025039E-005   2.2975282126464696       0.52012419237481800       0.51379310000000000        0.0000000000000000        0.0000000000000000        49.569608624160097        793.11373798656155        16.000000000000000        0.0000000000000000     
           1         185   1.1000026339886501E-005   1.1456299176950571E-006   2.1413537308954274E-005   2.2838591333926264       0.51718463535730053       0.51379310000000000        0.0000000000000000        0.0000000000000000        49.269292667112893        788.30868267380629        16.000000000000000        0.0000000000000000     
           1         186   1.1387649085981603E-005   1.8172105530949981E-006   2.1501091083968912E-005   2.2099248166183125       0.51829917618593213       0.51379310000000000        0.0000000000000000        0.0000000000000000        42.896478591000331        686.34365745600530        16.000000000000000        0.0000000000000000     
           1         187   1.0879436068983501E-005   9.6105324682546708E-007   2.1360563871125311E-005   2.2845452154416188       0.52123375398829486       0.51379310000000000        0.0000000000000000        0.0000000000000000        45.816248745705948        733.05997993129517        16.000000000000000        0.0000000000000000     
           1         188   1.0047227474856845E-005  -6.4723955498389255E-007   2.1348472619895937E-005   2.5659624449975373       0.49694549897489482       0.51379310000000000        0.0000000000000000        0.0000000000000000        46.315564869107661        741.04903790572257        16.000000000000000        0.0000000000000000     
           1         189   1.1974886532933914E-005   2.8790299733160365E-006   2.1586819927794195E-005   2.0808863107362439       0.52381262079162960       0.51379310000000000        0.0000000000000000        0.0000000000000000        47.409405471432443        758.55048754291909        16.000000000000000        0.0000000000000000     
           1         190   1.1285549621560344E-005   1.6755781492183242E-006   2.1440767562083237E-005   2.2074328347887207       0.52226498705032853       0.51379310000000000        0.0000000000000000        0.0000000000000000        52.990332695892327        847.84532313427724        16.000000000000000        0.0000000000000000     
           1         191   1.1961034969019965E-005   2.8571192738835020E-006   2.1581484755196767E-005   2.0816500538963574       0.52383449578636720       0.51379310000000000        0.0000000000000000        0.0000000000000000        42.014003164415797        672.22405063065275        16.000000000000000        0.0000000000000000     
           1         192   1.1026557903873669E-005   1.1938484588878393E-006   2.1417151429260209E-005   2.2772549583309170       0.51756672413537719       0.51379310000000000        0.0000000000000000        0.0000000000000000        46.141340770750972        738.26145233201555        16.000000000000000        0.0000000000000000     
           1         193   1.1440255871422642E-005   1.9141465711737600E-006   2.1506853503652316E-005   2.1971505881507110       0.51905296114689203       0.51379310000000000        0.0000000000000000        0.0000000000000000        45.829983112385392        733.27972979816627        16.000000000000000        0.0000000000000000     
           1         194   1.0287214847546531E-005  -1.2386901025720591E-006   2.2467071683446719E-005   2.8428452427659323       0.42961470768861332       0.51379310000000000        0.0000000000000000        0.0000000000000000        48.248648394479780        771.97837431167648        16.000000000000000        0.0000000000000000     
           1         195   1.2220279570106597E-005   3.2948476327077987E-006   2.1652118863121936E-005   2.0392587272536082       0.52353196525186996       0.51379310000000000        0.0000000000000000        1.0000000000000000        50.168991689808486        802.70386703693578        16.000000000000000        0.0000000000000000     
           1         196   1.2211068477096124E-005   3.2714212295906301E-006   2.1657929622428098E-005   2.0452070031332781       0.52279910596318158       0.51379310000000000        0.0000000000000000        0.0000000000000000        44.941027446408398        719.05643914253437        16.000000000000000        0.0000000000000000     
           1         197   1.0836863769643240E-005   7.1638566978610834E-007   2.1531553245270638E-005   2.3787290329933546       0.50171601415022438       0.51379310000000000        0.0000000000000000        0.0000000000000000        44.019422477142328        704.31075963427725        16.000000000000000        0.0000000000000000     
           1         198   1.1281249198287896E-005   1.6654202712448721E-006   2.1442656931281924E-005   2.2099389579119455       0.52201477579045663       0.51379310000000000        0.0000000000000000        0.0000000000000000        48.752344071827459        780.03750514923934        16.000000000000000        0.0000000000000000     
           1         199   1.1693955358676996E-005   2.3980485123495582E-006   2.1517289408205697E-005   2.1280431839107630       0.52407671553026480       0.51379310000000000        0.0000000000000000        0.0000000000000000        46.041252146420952        736.66003434273523        16.000000000000000        0.0000000000000000     
           1         200   1.1935698857444418E-005   2.8079492862824399E-006   2.1581334795953204E-005   2.0880158657685706       0.52331672777455907       0.51379310000000000        0.0000000000000000        0.0000000000000000        50.965222992990185        815.44356788784296        16.000000000000000        0.0000000000000000     
           1         201   1.0736637749625945E-005   6.8693521950085567E-007   2.1356536021392125E-005   2.3308428952012425       0.51738573792535958       0.51379310000000000        1.0000000000000000        0.0000000000000000        42.308451221767058        676.93521954827293        16.000000000000000        0.0000000000000000     
           1         202   1.1238993816485661E-005   1.5805920993809323E-006   2.1445389816370974E-005   2.2238136949309277       0.52082250752768078       0.51379310000000000        0.0000000000000000        0.0000000000000000        45.484284983174156        727.74855973078650        16.000000000000000        0.0000000000000000     
           1         203   1.0710349843944554E-005   6.5452090976519980E-007   2.1336722117068927E-005   2.3240564691139642       0.51838420980585953       0.51379310000000000        0.0000000000000000        0.0000000000000000        46.680538536654105        746.88861658646567        16.000000000000000        0.0000000000000000     
           1         204   1.1698248015703578E-005   2.4064698656443384E-006   2.1517219116753534E-005   2.1267710452643369       0.52418428512175852       0.51379310000000000        0.0000000000000000        0.0000000000000000        50.338986869865437        805.42378991784699        16.000000000000000        0.0000000000000000     
           1         205   1.1987373060697538E-005   2.9033592247209452E-006   2.1586791804506056E-005   2.0773001031058023       0.52410744336722082       0.51379310000000000        0.0000000000000000        0.0000000000000000        47.748573114049741        763.97716982479585        16.000000000000000        0.0000000000000000     
           1         206   1.0351184951385978E-005   2.8529774059588823E-008   2.1259522541390597E-005   2.3879844952919824       0.51901798358724183       0.51379310000000000        0.0000000000000000        0.0000000000000000        43.578876940052311        697.26203104083697        16.000000000000000        0.0000000000000000     
           1         207   1.0823460693356960E-005   8.5286375649200093E-007   2.1359765112406364E-005   2.3018913759375614       0.51982451255793050       0.51379310000000000        0.0000000000000000        0.0000000000000000        43.531382215002509        696.50211544004014        16.000000000000000        0.0000000000000000     
           1         208   1.1889853240948054E-005   2.7050918836084217E-006   2.1595735676075349E-005   2.1080167160204186       0.52117762625935138       0.51379310000000000        0.0000000000000000        0.0000000000000000        46.990854881287682        751.85367810060291        16.000000000000000        0.0000000000000000     
           1         209   1.1519905641911549E-005   2.0421626996948474E-006   2.1535392726287976E-005   2.1888965665194391       0.51838231839491555       0.51379310000000000        0.0000000000000000        0.0000000000000000        49.366753846521149        789.86806154433839        16.000000000000000        0.0000000000000000     
           1         210   1.1270440169918412E-005   1.6454677968460849E-006   2.1441510125888075E-005   2.2126313571191503       0.52180341555064280       0.51379310000000000        0.0000000000000000        0.0000000000000000        48.387328636162444        774.19725817859910        16.000000000000000        0.0000000000000000     
           1         211   1.0317899012929438E-005  -3.4583024085651813E-008   2.1257755766283028E-005   2.3998426226402678       0.51801450407171035       0.51379310000000000        0.0000000000000000        0.0000000000000000        39.294394151115412        628.71030641784660        16.000000000000000        0.0000000000000000     
           1         212   9.9177899404403475E-006  -8.6164398492935749E-007   2.1308822796536623E-005   2.5721165859087849       0.49692321567397385       0.51379310000000000        0.0000000000000000        0.0000000000000000        43.512196877519699        696.19515004031518        16.000000000000000        0.0000000000000000     
           1         213   1.0233147814658893E-005  -1.9948491333419096E-007   2.1257702814756910E-005   2.4322192784868242       0.51530299837456883       0.51379310000000000        0.0000000000000000        1.0000000000000000        44.987291842920413        719.79666948672661        16.000000000000000        0.0000000000000000     
           1         214   1.1292807724923767E-005   1.6862751742944598E-006   2.1444391627658583E-005   2.2072504619449873       0.52221927753640229       0.51379310000000000        0.0000000000000000        0.0000000000000000        47.361662703513836        757.78660325622138        16.000000000000000        0.0000000000000000     
           1         215   1.2019138105922860E-005   2.9691633730158030E-006   2.1582586450530073E-005   2.0670934027109169       0.52503140676509907       0.51379310000000000        0.0000000000000000        0.0000000000000000        49.993639244876313        799.89822791802101        16.000000000000000        0.0000000000000000     
           1         216   1.0853439226826904E-005   9.1312461619476880E-007   2.1357743173915978E-005   2.2915942410310004       0.52069305276963418       0.51379310000000000        0.0000000000000000        0.0000000000000000        41.015547790558223        656.24876464893157        16.000000000000000        0.0000000000000000     
           1         217   1.0258770471656296E-005  -1.4073347104397878E-007   2.1248317039552157E-005   2.4132873519150184       0.51705653560835196       0.51379310000000000        0.0000000000000000        1.0000000000000000        43.239310648068560        691.82897036909696        16.000000000000000        0.0000000000000000     
           1         218   1.0348716753670980E-005   2.2629316642863780E-008   2.1260681341466167E-005   2.3897985392077392       0.51883150635719644       0.51379310000000000        0.0000000000000000        0.0000000000000000        45.351495088615430        725.62392141784687        16.000000000000000        0.0000000000000000     
           1         219  -1.7797299839591790E-005  -3.5304193191298475E-005   8.4630401879682759E-006   11.007093068572653       0.40301820005601818       0.59999999999999998        0.0000000000000000        1.0000000000000000        58.511741033637499        936.18785653819998        16.000000000000000        9.0000000000000000     
           1         220   1.0409355609845478E-005   1.3196633485308719E-007   2.1269859020029777E-005   2.3746547423142017       0.51992248145079967       0.51379310000000000        0.0000000000000000        0.0000000000000000        50.334590500369373        805.35344800590997        16.000000000000000        0.0000000000000000     
           1         221  -2.6687547400862991E-005  -5.5015229588986475E-005   1.5803975881322194E-005   17.213588970225494       0.50070491316600085       0.59999999999999998        0.0000000000000000        1.0000000000000000        49.203876418874991        787.26202270199985        16.000000000000000        21.000000000000000     
           1         222   1.0885904704488749E-005   9.7387281976022740E-007   2.1360321232418316E-005   2.2822297181839102       0.52142918992684395       0.51379310000000000        0.0000000000000000        0.0000000000000000        41.288319801071999        660.61311681715199        16.000000000000000        0.0000000000000000     
           1         223   1.1991111176808278E-005   2.9133671721181656E-006   2.1583904354313905E-005   2.0750392706398415       0.52433981601691626       0.51379310000000000        0.0000000000000000        0.0000000000000000        43.838276082084242        701.41241731334787        16.000000000000000        0.0000000000000000     
           1         224  -1.2335859838368445E-005  -5.3425276269405625E-005   1.5057084448989714E-005   16.499609752714488       0.53934614936544534       0.40000000000000002        0.0000000000000000        1.0000000000000000        55.452328193499994        887.23725109599991        16.000000000000000        22.750000000000000     
           1         225   8.8810183952734249E-006  -3.6041193773287659E-006   2.2074532596969103E-005   3.1805090508665663       0.41570911304436298       0.51379310000000000        0.0000000000000000        0.0000000000000000        48.905314526115419        782.48503241784670        16.000000000000000        0.0000000000000000     
           1         226  -1.7143286468357348E-005  -5.0389688182992066E-005   1.6103115246277407E-005   20.522058312841768       0.50026001036977896       0.50000000000000000        0.0000000000000000        1.0000000000000000        50.540332130312507        808.64531408500011        16.000000000000000        35.000000000000000     
           1         227   1.2058379898523584E-005   1.7001474867865043E-006   2.3004313288910577E-005   2.5763366229763571       0.43331744955974938       0.51379310000000000        0.0000000000000000        0.0000000000000000        44.972385861577649        719.55817378524239        16.000000000000000        0.0000000000000000     
           1         228   1.1193188121936615E-005   1.4909808069725366E-006   2.1445875143034377E-005   2.2395334071852067       0.51944378864675844       0.51379310000000000        0.0000000000000000        1.0000000000000000        44.376916453919428        710.03066326271085        16.000000000000000        0.0000000000000000     
           1         229   1.0159682983601836E-005  -3.2853279996004666E-007   2.1242974687000934E-005   2.4512028766530611       0.51420436100986755       0.51379310000000000        0.0000000000000000        1.0000000000000000        47.871412342423582        765.94259747877732        16.000000000000000        0.0000000000000000     
           1         230  -1.8610887177217629E-005  -5.1289604006286511E-005   1.4067829651851105E-005   14.111088887818196       0.50116350288905531       0.50000000000000000        1.0000000000000000        0.0000000000000000        59.923655135312494        958.77848216499990        16.000000000000000        24.500000000000000     
           1         231   1.0315975043744801E-005  -3.7931986934270691E-008   2.1257337641446198E-005   2.4006422634232818       0.51800873225252764       0.51379310000000000        0.0000000000000000        0.0000000000000000        43.057580183042013        688.92128292867221        16.000000000000000        0.0000000000000000     
           1         232   1.0876921958484523E-005   9.5626167431759093E-007   2.1360456440305032E-005   2.2851621852067736       0.52119003207410308       0.51379310000000000        0.0000000000000000        0.0000000000000000        46.874781664642335        749.99650663427735        16.000000000000000        0.0000000000000000     
           1         233   1.0881115810960092E-005   9.6404796288618569E-007   2.1360854030578741E-005   2.2840215511242845       0.52127806576465952       0.51379310000000000        0.0000000000000000        0.0000000000000000        46.343625348688484        741.49800557901574        16.000000000000000        0.0000000000000000     
           1         234   1.1325470573485527E-005   1.7486671091247979E-006   2.1445638633718153E-005   2.1980632688024202       0.52295936514803221       0.51379310000000000        0.0000000000000000        0.0000000000000000        48.000287759999452        768.00460415999123        16.000000000000000        0.0000000000000000     
           1         235   1.1902355743756053E-005   2.7452521184994339E-006   2.1579011214178194E-005   2.0955261911643301       0.52272186908851337       0.51379310000000000        0.0000000000000000        0.0000000000000000        51.104883631501941        817.67813810403106        16.000000000000000        0.0000000000000000     
           1         236   1.2296045202267772E-005   3.4520295419509822E-006   2.1641848856149903E-005   2.0166003020223600       0.52561799466591219       0.51379310000000000        0.0000000000000000        0.0000000000000000        40.423889295701684        646.78222873122695        16.000000000000000        0.0000000000000000     
           1         237   1.1878685768513863E-005   2.6771693449302194E-006   2.1602273911696822E-005   2.1148846960375871       0.52048258316505536       0.51379310000000000        0.0000000000000000        1.0000000000000000        44.879282523002388        718.06852036803821        16.000000000000000        0.0000000000000000     
           1         238   1.0785714745980227E-005   7.8014399590473599E-007   2.1358977307557450E-005   2.3152132191675059       0.51880035236165933       0.51379310000000000        0.0000000000000000        0.0000000000000000        49.174664082439335        786.79462531902936        16.000000000000000        0.0000000000000000     
           1         239   1.0754988290682964E-005   7.2630182652157165E-007   2.1352678095885884E-005   2.3213141366835495       0.51821761369401798       0.51379310000000000        0.0000000000000000        0.0000000000000000        49.460023258392347        791.36037213427755        16.000000000000000        0.0000000000000000     
           1         240   1.0759995026887951E-005   7.3684025756347078E-007   2.1351839282308774E-005   2.3198092798248724       0.51848587812320279       0.51379310000000000        0.0000000000000000        0.0000000000000000        49.486378854062160        791.78206166499456        16.000000000000000        0.0000000000000000     
           1         241   1.1262057342052476E-005   1.6302166968979861E-006   2.1440385259200293E-005   2.2145040736437500       0.52166434011403395       0.51379310000000000        0.0000000000000000        1.0000000000000000        43.515715502227984        696.25144803564774        16.000000000000000        0.0000000000000000     
           1         242   1.2223841208902550E-005   3.2987863885412780E-006   2.1655281988174671E-005   2.0406568116805315       0.52331091663991747       0.51379310000000000        0.0000000000000000        0.0000000000000000        43.531452634995610        696.50324215992975        16.000000000000000        0.0000000000000000     
           1         243   1.0997777217229447E-005   8.2117362539126634E-007   2.1751776609096993E-005   2.3948384210354163       0.49330867649038096       0.51379310000000000        0.0000000000000000        0.0000000000000000        46.863072567272148        749.80916107635437        16.000000000000000        0.0000000000000000     
           1         244   1.1962063718537774E-005   2.8545586526923648E-006   2.1586306527610169E-005   2.0841601310046860       0.52351654560047112       0.51379310000000000        0.0000000000000000        0.0000000000000000        51.275251801968125        820.40402883149000        16.000000000000000        0.0000000000000000     
           1         245  -2.6523820960258924E-005  -5.5049251949481021E-005   1.6264325523574390E-005   18.133767386610099       0.50027933906522382       0.59999999999999998        0.0000000000000000        1.0000000000000000        61.087363830000015        977.39782128000024        16.000000000000000        45.500000000000000     
           1         246   8.8251587119176209E-006  -3.8985394727696964E-006   2.2270768664748593E-005   3.1664576391152073       0.41087782798785377       0.51379310000000000        0.0000000000000000        1.0000000000000000        42.861373070892327        685.78196913427723        16.000000000000000        0.0000000000000000     
           1         247   1.0820498585080245E-005   8.5120089544098384E-007   2.1355430040768025E-005   2.3010683505098166       0.51992967688915559       0.51379310000000000        0.0000000000000000        0.0000000000000000        46.745286074700743        747.92457719521190        16.000000000000000        0.0000000000000000     
           1         248   1.0265797960988433E-005  -1.3132178405485703E-007   2.1252825057635902E-005   2.4137396202087973       0.51694628199538184       0.51379310000000000        1.0000000000000000        0.0000000000000000        45.882588657699998        734.12141852319996        16.000000000000000        0.0000000000000000     
           1         249   1.1278002044238898E-005   1.6599642189520515E-006   2.1441744003003964E-005   2.2105101479235985       0.52197759089286488       0.51379310000000000        0.0000000000000000        0.0000000000000000        50.240770831052217        803.85233329683547        16.000000000000000        0.0000000000000000     
           1         250   1.1250752344475741E-005   1.6056734172139052E-006   2.1443069651742142E-005   2.2194737582407575       0.52120082555627101       0.51379310000000000        0.0000000000000000        0.0000000000000000        49.693233344794649        795.09173351671438        16.000000000000000        0.0000000000000000     
           1         251   1.1306595858240580E-005   1.7140504704233197E-006   2.1443399000477546E-005   2.2026654344488077       0.52260940491643382       0.51379310000000000        0.0000000000000000        0.0000000000000000        42.055876472059211        672.89402355294737        16.000000000000000        0.0000000000000000     
           1         252  -2.5278984507323905E-005  -5.2332325598691116E-005   1.5301027129726804E-005   16.383295590362867       0.50048171480927861       0.59999999999999998        0.0000000000000000        1.0000000000000000        52.086098606249990        833.37757769999985        16.000000000000000        49.000000000000000     
           1         253   1.0281156615831310E-005  -1.0488954956180784E-007   2.1256481844782598E-005   2.4130123587731469       0.51700682166054379       0.51379310000000000        0.0000000000000000        0.0000000000000000        47.499619070892344        759.99390513427750        16.000000000000000        0.0000000000000000     
           1         254   1.1508435240611020E-005   2.0383656286426076E-006   2.1515813628595765E-005   2.1787622481279261       0.51979418571490854       0.51379310000000000        0.0000000000000000        0.0000000000000000        47.817296043505905        765.07673669609449        16.000000000000000        0.0000000000000000     
           1         255   1.1631769196262638E-005   2.2732882957332073E-006   2.1521227600028000E-005   2.1476609805624829       0.52235795786823946       0.51379310000000000        0.0000000000000000        0.0000000000000000        52.290928088733132        836.65484941973011        16.000000000000000        0.0000000000000000     
           1         256   1.1942544698613864E-005   2.8112258430311332E-006   2.1591952434082760E-005   2.0913099535475035       0.52283269144289568       0.51379310000000000        0.0000000000000000        0.0000000000000000        41.966337916958729        671.46140667133966        16.000000000000000        0.0000000000000000     
           1         257   1.1690546429970138E-005   2.3914139735531276E-006   2.1517289102879712E-005   2.1290171450912418       0.52399577041678380       0.51379310000000000        0.0000000000000000        0.0000000000000000        45.412402949880445        726.59844719808711        16.000000000000000        0.0000000000000000     
           1         258   1.0866178559237900E-005   9.3589726903715325E-007   2.1359879919634419E-005   2.2880576021334069       0.52097978489094920       0.51379310000000000        0.0000000000000000        0.0000000000000000        47.537195433180401        760.59512693088641        16.000000000000000        0.0000000000000000     
           1         259   1.0318875701270100E-005  -2.2472011431826853E-007   2.1460689565364124E-005   2.5033445054811416       0.49664021372627737       0.51379310000000000        0.0000000000000000        0.0000000000000000        49.974959259366194        799.59934814985911        16.000000000000000        0.0000000000000000     
           1         260   1.1115412214083847E-005   1.3513692770345246E-006   2.1433443260454264E-005   2.2550755082984408       0.51824577275358397       0.51379310000000000        0.0000000000000000        1.0000000000000000        50.452280276115417        807.23648441784667        16.000000000000000        0.0000000000000000     
           1         261   1.1259008301435523E-005   1.6231947336096855E-006   2.1441534555249085E-005   2.2163402865458632       0.52149051350545117       0.51379310000000000        0.0000000000000000        0.0000000000000000        44.432274585470779        710.91639336753246        16.000000000000000        0.0000000000000000     
           1         262   1.0907560912629277E-005   9.9327231973812944E-007   2.1384362188868033E-005   2.3027949811370974       0.51624475281045512       0.51379310000000000        0.0000000000000000        0.0000000000000000        42.463439055826811        679.41502489322897        16.000000000000000        0.0000000000000000     
           1         263   2.0987526776384131E-005  -2.3760131354119499E-006   2.0987526776384131E-005   2.5058292734350038       0.50352135265149478        0.0000000000000000        0.0000000000000000        1.0000000000000000        46.467422703392330        743.47876325427728        16.000000000000000        0.0000000000000000     
           1         264   1.1089118887072691E-005   1.2967143375703600E-006   2.1437120714983492E-005   2.2655777777023611       0.51720030082623902       0.51379310000000000        0.0000000000000000        0.0000000000000000        47.356015519910009        757.69624831856015        16.000000000000000        0.0000000000000000     
           1         265   3.2100000000000006E-006   4.1136999999999982E-004   3.2100000000000006E-006   10.000000000000002        1.0000000000000000        0.0000000000000000        0.0000000000000000        1.0000000000000000        46.902455011740415        750.43928018784663        16.000000000000000        1.7500000000000000     
           1         266   1.2251322595354428E-005   3.3650531749143962E-006   2.1641777385204666E-005   2.0273034691486513       0.52472860502218099       0.51379310000000000        0.0000000000000000        0.0000000000000000        42.449943221967310        679.19909155147695        16.000000000000000        0.0000000000000000     
           1         267   1.1621287754995626E-005   2.2601744562060057E-006   2.1513527912912456E-005   2.1463096720723542       0.52262349199660396       0.51379310000000000        0.0000000000000000        0.0000000000000000        43.675392994865419        698.80628791784670        16.000000000000000        0.0000000000000000     
           1         268   1.1183054159023642E-005   1.4740146813048668E-006   2.1442960983216182E-005   2.2396820763561647       0.51946963852539119       0.51379310000000000        0.0000000000000000        0.0000000000000000        42.608821957052456        681.74115131283929        16.000000000000000        0.0000000000000000     
           1         269   1.2294432812046710E-005   3.4401764158705104E-006   2.1651058236297895E-005   2.0207240218268629       0.52515229161381272       0.51379310000000000        0.0000000000000000        1.0000000000000000        47.145503365608441        754.32805384973506        16.000000000000000        0.0000000000000000     
           1         270   1.0023134211595139E-005  -5.5570730522950438E-007   2.1202193532509793E-005   2.4608686634398049       0.51385905607550741       0.51379310000000000        0.0000000000000000        0.0000000000000000        48.586466901239390        777.38347041983025        16.000000000000000        0.0000000000000000     
           1         271   1.0730239513037298E-005   6.7873581890089373E-007   2.1352041142491525E-005   2.3302676907259334       0.51754631456402767       0.51379310000000000        0.0000000000000000        0.0000000000000000        42.017833333112534        672.28533332980055        16.000000000000000        0.0000000000000000     
           1         272   1.2188461904649768E-005   3.2283320903094993E-006   2.1656967747968960E-005   2.0512801448381079       0.52252769764548523       0.51379310000000000        0.0000000000000000        0.0000000000000000        45.663141896591469        730.61027034546350        16.000000000000000        0.0000000000000000     
           1         273   1.1706935318248964E-005   2.4161214282093351E-006   2.1524887449505256E-005   2.1278267092052214       0.52400380549970960       0.51379310000000000        0.0000000000000000        0.0000000000000000        45.210440700733415        723.36705121173463        16.000000000000000        0.0000000000000000     
           1         274   1.1885662371557707E-005   2.7026393470519793E-006   2.1589707845063443E-005   2.1055675070991491       0.52156835539591517       0.51379310000000000        1.0000000000000000        0.0000000000000000        46.847017619865426        749.55228191784681        16.000000000000000        0.0000000000000000     
           1         275   1.1293548554478878E-005   1.6873176927486129E-006   2.1444813651218761E-005   2.2073376421472739       0.52220425924842007       0.51379310000000000        0.0000000000000000        0.0000000000000000        48.987188468289197        783.79501549262716        16.000000000000000        0.0000000000000000     
           1         276   1.2000308172965437E-005   2.9286924152971808E-006   2.1586625401579688E-005   2.0738364497694715       0.52440550402996144       0.51379310000000000        0.0000000000000000        0.0000000000000000        42.109713501560314        673.75541602496503        16.000000000000000        0.0000000000000000     
           1         277   9.6870754902929317E-006  -1.3346836294876770E-006   2.1334182484466075E-005   2.6678523748939811       0.48913855097691711       0.51379310000000000        0.0000000000000000        0.0000000000000000        44.451760352015718        711.22816563225149        16.000000000000000        0.0000000000000000     
           1         278   1.2200706352071794E-005   3.2499134928201314E-006   2.1659345484122055E-005   2.0484330868021421       0.52245088255582905       0.51379310000000000        0.0000000000000000        0.0000000000000000        46.191618233862087        739.06589174179339        16.000000000000000        0.0000000000000000     
           1         279   9.9204998393238157E-006  -7.2554708907096517E-007   2.1170577643824960E-005   2.4944622734356292       0.51387235987544633       0.51379310000000000        0.0000000000000000        0.0000000000000000        44.876908156871778        718.03053050994845        16.000000000000000        0.0000000000000000     
           1         280   1.1286232641717034E-005   1.6751750639456057E-006   2.1442598310656609E-005   2.2080266462151039       0.52220253630327274       0.51379310000000000        0.0000000000000000        0.0000000000000000        47.321714318570180        757.14742909712288        16.000000000000000        0.0000000000000000     
           1         281   1.1694903103859579E-005   2.3927899186969559E-006   2.1524795624832926E-005   2.1312153401665261       0.52372305686397158       0.51379310000000000        0.0000000000000000        0.0000000000000000        39.045892901115415        624.73428641784665        16.000000000000000        0.0000000000000000     
           1         282   1.0347750908016444E-005   2.1189332928392916E-008   2.1260216535315072E-005   2.3895421425382977       0.51888259425531247       0.51379310000000000        0.0000000000000000        0.0000000000000000        43.462576912731294        695.40123060370070        16.000000000000000        0.0000000000000000     
           1         283   5.7120257544128224E-006  -8.1762095977682552E-006   2.0388245888530249E-005   3.2547851426299497       0.43103036737686673       0.51379310000000000        0.0000000000000000        1.0000000000000000        45.699445005752501        731.19112009204002        16.000000000000000        0.0000000000000000     
           1         284   1.2299601654944514E-005   3.4577416385230700E-006   2.1643127358925983E-005   2.0160605494046449       0.52566548509984301       0.51379310000000000        0.0000000000000000        0.0000000000000000        50.342549773970333        805.48079638352533        16.000000000000000        0.0000000000000000     
           1         285   1.0880040487714409E-005   9.6185991938387346E-007   2.1360954560637764E-005   2.2844842903877445       0.52123584013731528       0.51379310000000000        0.0000000000000000        0.0000000000000000        48.756865732597490        780.10985172155983        16.000000000000000        0.0000000000000000     
           1         286   1.0840921951482508E-005   8.8795193281069240E-007   2.1358599343762287E-005   2.2960395554487145       0.52031024756610977       0.51379310000000000        0.0000000000000000        0.0000000000000000        42.059925842231351        672.95881347570162        16.000000000000000        0.0000000000000000     
           1         287   1.0800212431430717E-005   8.1308007517340854E-007   2.1353990449454867E-005   2.3067386561266834       0.51947022282082655       0.51379310000000000        0.0000000000000000        0.0000000000000000        41.440993343264545        663.05589349223271        16.000000000000000        0.0000000000000000     
           1         288   1.1265908112977121E-005   1.6299208087310908E-006   2.1448617960594075E-005   2.2179470560436783       0.52130335905621761       0.51379310000000000        0.0000000000000000        0.0000000000000000        46.845596338615429        749.52954141784687        16.000000000000000        0.0000000000000000     
           1         289   1.0408563731822515E-005   1.3156952961686373E-007   2.1268649653748217E-005   2.3742451307954062       0.51997296299388729       0.51379310000000000        0.0000000000000000        0.0000000000000000        51.051501199779295        816.82401919646873        16.000000000000000        0.0000000000000000     
           1         290   1.0587703900752063E-005   4.2818377555589628E-007   2.1323650551523332E-005   2.3552855481175619       0.51587265207853139       0.51379310000000000        0.0000000000000000        0.0000000000000000        50.258229793587439        804.13167669739903        16.000000000000000        0.0000000000000000     
           1         291   1.2215930538755809E-005   3.2828940446734093E-006   2.1655805852552313E-005   2.0429345047364111       0.52303113755220021       0.51379310000000000        0.0000000000000000        0.0000000000000000        40.896323692559832        654.34117908095732        16.000000000000000        0.0000000000000000     
           1         292   1.2263662954653273E-005   3.3840787882034790E-006   2.1647053185419811E-005   2.0268252617019411       0.52464817587474888       0.51379310000000000        0.0000000000000000        0.0000000000000000        43.905352191796538        702.48563506874461        16.000000000000000        0.0000000000000000     
           1         293   1.0726587045260588E-005   4.9483167275438927E-007   2.1538867396036198E-005   2.3248599262526350       0.50008247493087443       0.51379310000000000        0.0000000000000000        0.0000000000000000        44.807774423476758        716.92439077562813        16.000000000000000        0.0000000000000000     
           1         294   1.1701165062427204E-005   2.4106077163243589E-006   2.1518846094065862E-005   2.1266716810455688       0.52417372932481066       0.51379310000000000        0.0000000000000000        0.0000000000000000        48.789782908605986        780.63652653769577        16.000000000000000        0.0000000000000000     
           1         295   1.0834203924381575E-005   8.7642592211576971E-007   2.1356962093580669E-005   2.2976648600037755       0.52023683936340526       0.51379310000000000        0.0000000000000000        0.0000000000000000        53.376012633392335        854.01620213427736        16.000000000000000        0.0000000000000000     
           1         296   1.0744363141089426E-005   7.0178457885173500E-007   2.1356733248311956E-005   2.3279963719759582       0.51757785353713770       0.51379310000000000        0.0000000000000000        0.0000000000000000        43.421917740226711        694.75068384362737        16.000000000000000        0.0000000000000000     
           1         297   1.0369582436690852E-005   5.8499071784425142E-008   2.1265691657711120E-005   2.3864056419145765       0.51904341864977943       0.51379310000000000        0.0000000000000000        0.0000000000000000        43.718999736587563        699.50399578540100        16.000000000000000        0.0000000000000000     
           1         298   1.1324971486945265E-005   1.7433491701312943E-006   2.1450231809629092E-005   2.2004929541699609       0.52270247960996707       0.51379310000000000        0.0000000000000000        0.0000000000000000        47.551199858946717        760.81919774314747        16.000000000000000        0.0000000000000000     
           1         299   1.2012931819873006E-005   2.9506674770997259E-006   2.1589367056996989E-005   2.0715889027345047       0.52457121311626753       0.51379310000000000        0.0000000000000000        0.0000000000000000        47.356127958289697        757.69804733263516        16.000000000000000        0.0000000000000000     
           1         300   1.0906225215712464E-005   1.0061253042531149E-006   2.1368032779156023E-005   2.2799562407178180       0.52150927361332300       0.51379310000000000        0.0000000000000000        0.0000000000000000        50.829679766888681        813.27487627021890        16.000000000000000        0.0000000000000000     
           1         301   1.1192863157401122E-005   1.4898927364704474E-006   2.1446356581246739E-005   2.2390468034550621       0.51944495436927707       0.51379310000000000        0.0000000000000000        0.0000000000000000        44.976160074199079        719.61856118718526        16.000000000000000        0.0000000000000000     
           1         302   1.0310774112987207E-005  -4.4087900853138895E-008   2.1253145877277893E-005   2.3981324042321996       0.51826700433162332       0.51379310000000000        0.0000000000000000        0.0000000000000000        44.777290914642336        716.43665463427737        16.000000000000000        0.0000000000000000     
           1         303   9.7632210614435946E-006  -9.9638696865734252E-007   2.1133303149069801E-005   2.5155122538994283       0.51351527821896248       0.51379310000000000        1.0000000000000000        0.0000000000000000        45.693893058191449        731.10228893106319        16.000000000000000        0.0000000000000000     
           1         304   1.0554129859555613E-005   3.7073692632405772E-007   2.1315303803576485E-005   2.3703287056611879       0.51605838880838439       0.51379310000000000        0.0000000000000000        0.0000000000000000        49.569342432766767        793.10947892426827        16.000000000000000        0.0000000000000000     
           1         305   1.1805030357400992E-005   2.4195046273910474E-006   2.1723068048662464E-005   2.1754796068329392       0.50999232517242232       0.51379310000000000        0.0000000000000000        0.0000000000000000        49.269016709176540        788.30426734682464        16.000000000000000        0.0000000000000000     
           1         306   1.1688158475100946E-005   2.3377442001384813E-006   2.1569092572533287E-005   2.1458363114785239       0.51845729655105333       0.51379310000000000        0.0000000000000000        0.0000000000000000        42.896101092164287        686.33761747462859        16.000000000000000        0.0000000000000000     
           1         307   1.1664204686957019E-005   2.2868402918945295E-006   2.1573617988925002E-005   2.1371770236303695       0.52011938944623015       0.51379310000000000        0.0000000000000000        0.0000000000000000        44.554753578625011        712.87605725800017        16.000000000000000        0.0000000000000000     
           1         308   1.1430076966510724E-005   1.8874718088143662E-006   2.1514106391121347E-005   2.2001255796622172       0.51794534438275475       0.51379310000000000        0.0000000000000000        0.0000000000000000        45.875739036417556        734.01182458268090        16.000000000000000        0.0000000000000000     
           1         309   1.1944956362089674E-005   2.8190119051636467E-006   2.1588684768559805E-005   2.0898798409080452       0.52295939779999712       0.51379310000000000        0.0000000000000000        0.0000000000000000        47.412058633392341        758.59293813427746        16.000000000000000        0.0000000000000000     
           1         310   1.0730849444101905E-005   6.8995670364925311E-007   2.1341438080101533E-005   2.3205677620817178       0.51857468205835033       0.51379310000000000        0.0000000000000000        0.0000000000000000        52.990188950238050        847.84302320380880        16.000000000000000        0.0000000000000000     
           1         311   1.1677931106870847E-005   2.3616729802968249E-006   2.1522771118916322E-005   2.1348974883548260       0.52344760897450116       0.51379310000000000        0.0000000000000000        0.0000000000000000        42.013720886120289        672.21953417792463        16.000000000000000        0.0000000000000000     
           1         312   1.1997852758456873E-005   2.9274479941914713E-006   2.1582890284840987E-005   2.0728618528446958       0.52453535647559690       0.51379310000000000        0.0000000000000000        0.0000000000000000        46.141039968585638        738.25663949737020        16.000000000000000        0.0000000000000000     
           1         313   1.1316809207621876E-005   1.7322546887094397E-006   2.1445168098437851E-005   2.2004510366567236       0.52276945293635568       0.51379310000000000        0.0000000000000000        0.0000000000000000        45.829591005050062        733.27345608080100        16.000000000000000        0.0000000000000000     
           1         314   1.1249020361986054E-005   1.6035197229424586E-006   2.1441783307937709E-005   2.2196266830239968       0.52121656672769812       0.51379310000000000        0.0000000000000000        0.0000000000000000        49.435107846000001        790.96172553600002        16.000000000000000        0.0000000000000000     
           1         315   1.0717686761619826E-005   6.5283472862155850E-007   2.1353594082300437E-005   2.3352417005071775       0.51695596504380059       0.51379310000000000        0.0000000000000000        0.0000000000000000        51.570099665364950        825.12159464583920        16.000000000000000        0.0000000000000000     
           1         316   1.1538837593498207E-005   2.0943579834117278E-006   2.1519174064973486E-005   2.1730893173042025       0.52012047270606110       0.51379310000000000        0.0000000000000000        0.0000000000000000        43.863583820892330        701.81734113427729        16.000000000000000        0.0000000000000000     
           1         317   1.0905901278108565E-005   1.0055360870037245E-006   2.1367989172521342E-005   2.2800311456428171       0.52150352886918316       0.51379310000000000        0.0000000000000000        0.0000000000000000        43.724769377576500        699.59631004122400        16.000000000000000        0.0000000000000000     
           1         318   1.1991907649566625E-005   2.9070045397572512E-006   2.1592266122448560E-005   2.0786625013087257       0.52393859444161817       0.51379310000000000        0.0000000000000000        0.0000000000000000        47.094550526659532        753.51280842655251        16.000000000000000        0.0000000000000000     
           1         319   1.0687984467159627E-005   6.0201125706446501E-007   2.1346211329287547E-005   2.3388780039228489       0.51678712789990022       0.51379310000000000        0.0000000000000000        0.0000000000000000        45.526189089747078        728.41902543595324        16.000000000000000        0.0000000000000000     
           1         320   1.1965977014540450E-005   2.8619549367945456E-006   2.1586539219218060E-005   2.0828534629380875       0.52362861702645380       0.51379310000000000        0.0000000000000000        0.0000000000000000        50.203518769486621        803.25630031178594        16.000000000000000        0.0000000000000000     
           1         321   1.1264083518615642E-005   1.6343364721860702E-006   2.1440199051325459E-005   2.2137363217199919       0.52173514511137398       0.51379310000000000        0.0000000000000000        1.0000000000000000        42.240842808079066        675.85348492926505        16.000000000000000        0.0000000000000000     
           1         322   1.0912931787051720E-005   1.0186146462391278E-006   2.1368628479470719E-005   2.2780726480646800       0.52165284694802116       0.51379310000000000        0.0000000000000000        0.0000000000000000        45.138341506535582        722.21346410456931        16.000000000000000        0.0000000000000000     
           1         323   7.9565876005641427E-006  -3.8996954766244227E-006   2.0485567416988613E-005   2.7096312911504219       0.50359398228447561       0.51379310000000000        0.0000000000000000        1.0000000000000000        42.225781106338502        675.61249770141603        16.000000000000000        0.0000000000000000     
           1         324   9.9547746629086255E-006  -6.6667699205925269E-007   2.1178861717835599E-005   2.4886407951053457       0.51394507511082022       0.51379310000000000        0.0000000000000000        0.0000000000000000        48.719835594332970        779.51736950932752        16.000000000000000        0.0000000000000000     
           1         325   1.1358882850806282E-005   1.7742912195567879E-006   2.1487280959623401E-005   2.2133118467596780       0.51891101390373062       0.51379310000000000        0.0000000000000000        0.0000000000000000        46.452283658175247        743.23653853080395        16.000000000000000        0.0000000000000000     
           1         326   1.0300871331418040E-005  -7.2309894043784804E-008   2.1262601694956728E-005   2.4095289618808002       0.51714291349306152       0.51379310000000000        0.0000000000000000        0.0000000000000000        42.889478872552765        686.23166196084424        16.000000000000000        0.0000000000000000     
           1         327   1.0844448615944416E-005   8.9537922543633119E-007   2.1358004067881117E-005   2.2948110302826312       0.52043631820724690       0.51379310000000000        0.0000000000000000        0.0000000000000000        43.186869383498014        690.98991013596822        16.000000000000000        0.0000000000000000     
           1         328   1.2261065289064231E-005   3.3828254866255617E-006   2.1643034879866711E-005   2.0252732679902610       0.52491234212221582       0.51379310000000000        0.0000000000000000        0.0000000000000000        45.887041016204591        734.19265625927346        16.000000000000000        0.0000000000000000     
           1         329   1.0784437377614810E-005   7.8620859007346202E-007   2.1349941411514917E-005   2.3087570017226642       0.51940342011963292       0.51379310000000000        0.0000000000000000        0.0000000000000000        49.521694755852245        792.34711609363592        16.000000000000000        0.0000000000000000     
           1         330   1.0650997881632500E-005   5.3844384169506963E-007   2.1337313705404294E-005   2.3495402090993087       0.51666304247717798       0.51379310000000000        0.0000000000000000        0.0000000000000000        49.015347258392346        784.24555613427754        16.000000000000000        0.0000000000000000     
           1         331   1.2250216622584716E-005   3.3609479394085750E-006   2.1643840846062306E-005   2.0285865147583664       0.52456356780439972       0.51379310000000000        0.0000000000000000        0.0000000000000000        40.421849349731090        646.74958959569744        16.000000000000000        0.0000000000000000     
           1         332   1.0133973581821947E-005  -3.6285375165734082E-007   2.1226365433589493E-005   2.4398150516879920       0.51529197103672331       0.51379310000000000        1.0000000000000000        0.0000000000000000        42.321662602395079        677.14660163832127        16.000000000000000        0.0000000000000000     
           1         333   1.1429957125714721E-005   1.9013456689465572E-006   2.1499198880754766E-005   2.1910973803690772       0.51907430243452723       0.51379310000000000        0.0000000000000000        1.0000000000000000        45.350772099256382        725.61235358810211        16.000000000000000        0.0000000000000000     
           1         334   1.1696094119472051E-005   2.3999194859089574E-006   2.1519711149834487E-005   2.1285213773825222       0.52400834222246317       0.51379310000000000        0.0000000000000000        0.0000000000000000        46.979685743773565        751.67497190037705        16.000000000000000        0.0000000000000000     
           1         335   1.0786335326928329E-005   7.8847362974375539E-007   2.1351451442655464E-005   2.3091329074469180       0.51933922151488943       0.51379310000000000        0.0000000000000000        0.0000000000000000        50.393348856530878        806.29358170449404        16.000000000000000        0.0000000000000000     
           1         336   8.5379988993916856E-006  -3.2525209333736167E-006   2.0997484224441721E-005   2.6993329002104343       0.49144071098431391       0.51379310000000000        0.0000000000000000        1.0000000000000000        40.686647523800218        650.98636038080349        16.000000000000000        0.0000000000000000     
           1         337   1.1957043090060067E-005   2.8435255840754148E-006   2.1587639470539430E-005   2.0860526880831878       0.52337739180680465       0.51379310000000000        0.0000000000000000        0.0000000000000000        42.513589307365422        680.21742891784675        16.000000000000000        0.0000000000000000     
           1         338   1.0964365542225641E-005   1.0888998209026490E-006   2.1400141231345478E-005   2.2888941155504705       0.51751969587695656       0.51379310000000000        0.0000000000000000        1.0000000000000000        43.712398955923987        699.39838329478380        16.000000000000000        0.0000000000000000     
           1         339   1.0905840097606421E-005   1.0081272855346770E-006   2.1365125123433786E-005   2.2784814612580018       0.52166567000369857       0.51379310000000000        0.0000000000000000        0.0000000000000000        47.550929307590032        760.81486892144051        16.000000000000000        0.0000000000000000     
           1         340   1.1300523110933265E-005   1.3493866797347107E-006   2.1816262882434655E-005   2.3455156332139167       0.49184797848468803       0.51379310000000000        0.0000000000000000        0.0000000000000000        51.736518478489714        827.78429565583542        16.000000000000000        0.0000000000000000     
           1         341   1.0438375998174247E-005   1.8192358640463642E-007   2.1276754638308003E-005   2.3685120736225183       0.52032082488722364       0.51379310000000000        0.0000000000000000        0.0000000000000000        44.177967451748557        706.84747922797692        16.000000000000000        0.0000000000000000     
           1         342   1.0901448991548015E-005   1.0005718475764542E-006   2.1364077885791303E-005   2.2793742293968409       0.52160750484735730       0.51379310000000000        0.0000000000000000        0.0000000000000000        42.843405690294873        685.49449104471796        16.000000000000000        0.0000000000000000     
           1         343   7.4273312181360576E-006  -5.0830895509475157E-006   2.0647562912198961E-005   2.9417194461606826       0.49748558371963553       0.51379310000000000        0.0000000000000000        1.0000000000000000        45.932652280768757        734.92243649230011        16.000000000000000        0.0000000000000000     
           1         344   1.2251284510280812E-005   3.3625132544922617E-006   2.1644383083547372E-005   2.0282121462203544       0.52464131724860807       0.51379310000000000        0.0000000000000000        0.0000000000000000        44.859656369865426        717.75450191784682        16.000000000000000        0.0000000000000000     
           1         345   1.1652029848296196E-005   2.3139852299870830E-006   2.1519892464765499E-005   2.1412031122161577       0.52293528367378861       0.51379310000000000        0.0000000000000000        0.0000000000000000        49.387337164420920        790.19739463073472        16.000000000000000        0.0000000000000000     
           1         346   1.1658548807146049E-005   2.3265176729733487E-006   2.1520056748976460E-005   2.1392850375400556       0.52309873928345618       0.51379310000000000        0.0000000000000000        0.0000000000000000        43.638179571639064        698.21087314622503        16.000000000000000        0.0000000000000000     
           1         347   1.2323611924470344E-005   3.4999972113960736E-006   2.1647857130855161E-005   2.0120386863754125       0.52594989960954508       0.51379310000000000        0.0000000000000000        0.0000000000000000        45.042858681932856        720.68573891092569        16.000000000000000        0.0000000000000000     
           1         348   1.2240180184169212E-005   3.3355780062601606E-006   2.1650007887672802E-005   2.0342118066127499       0.52394958111208401       0.51379310000000000        0.0000000000000000        0.0000000000000000        44.788265544497342        716.61224871195748        16.000000000000000        0.0000000000000000     
           1         349   1.1314737676370118E-005   1.7281976133528004E-006   2.1445194766246905E-005   2.2011328483533621       0.52271312418118798       0.51379310000000000        0.0000000000000000        0.0000000000000000        47.769475926077902        764.31161481724644        16.000000000000000        0.0000000000000000     
           1         350   1.2295497901947543E-005   3.4484032552095495E-006   2.1644555236470972E-005   2.0177837169235597       0.52548473268359752       0.51379310000000000        0.0000000000000000        0.0000000000000000        48.567705738906419        777.08329182250270        16.000000000000000        0.0000000000000000     
           1         351   1.0339732046845219E-005   5.7411164823493660E-009   2.1260048553013745E-005   2.3929664905301880       0.51855994018297946       0.51379310000000000        0.0000000000000000        0.0000000000000000        43.244692633392333        691.91508213427733        16.000000000000000        0.0000000000000000     
           1         352   1.1156889706954780E-005   1.4311716276121357E-006   2.1434421436165691E-005   2.2424124309030642       0.51940786851989074       0.51379310000000000        0.0000000000000000        0.0000000000000000        48.339439302193831        773.43102883510130        16.000000000000000        0.0000000000000000     
           1         353   1.2179684912316127E-005   3.2032105505213725E-006   2.1665462653061522E-005   2.0566586738656945       0.52168491271591499       0.51379310000000000        0.0000000000000000        1.0000000000000000        47.885246103557108        766.16393765691373        16.000000000000000        0.0000000000000000     
           1         354   1.1651494049972979E-005   2.3151568565175342E-006   2.1517552366443937E-005   2.1401050650849851       0.52306039104207835       0.51379310000000000        0.0000000000000000        0.0000000000000000        47.563491491196032        761.01586385913652        16.000000000000000        0.0000000000000000     
           1         355   1.1254795420787969E-005   1.6139987882462549E-006   2.1442587466320733E-005   2.2170551020694487       0.52149068834212997       0.51379310000000000        0.0000000000000000        0.0000000000000000        51.586639980786238        825.38623969257981        16.000000000000000        0.0000000000000000     
           1         356   1.1145775692582619E-005   1.3971304392295499E-006   2.1447535428037858E-005   2.2559805105203909       0.51789297554141100       0.51379310000000000        0.0000000000000000        1.0000000000000000        41.618245261531904        665.89192418451046        16.000000000000000        0.0000000000000000     
           1         357   1.0442241512566472E-005   1.8893197795713996E-007   2.1277298956314148E-005   2.3674937182790847       0.52039458787317849       0.51379310000000000        0.0000000000000000        1.0000000000000000        44.877720057992562        718.04352092788099        16.000000000000000        0.0000000000000000     
           1         358   1.1260754787331658E-005   1.6288845071383389E-006   2.1439114020938418E-005   2.2139404392289603       0.52175286522814490       0.51379310000000000        0.0000000000000000        0.0000000000000000        49.177680945892348        786.84289513427757        16.000000000000000        0.0000000000000000     
           1         359   1.0397030311148454E-005   1.0659674584557590E-007   2.1271318113030384E-005   2.3797599685055078       0.51948793769579937       0.51379310000000000        0.0000000000000000        0.0000000000000000        49.459869977549978        791.35791964079965        16.000000000000000        0.0000000000000000     
           1         360   1.0868570307199545E-005   9.4154039898339394E-007   2.1358835810085281E-005   2.2869092752224613       0.52107313001950406       0.51379310000000000        0.0000000000000000        0.0000000000000000        49.486113447882644        791.77781516612231        16.000000000000000        0.0000000000000000     
           1         361   1.1629521219988287E-005   2.2720783055853703E-006   2.1517882744812114E-005   2.1462927106297998       0.52254036805875548       0.51379310000000000        0.0000000000000000        0.0000000000000000        43.515456399731157        696.24730239569851        16.000000000000000        0.0000000000000000     
           1         362   1.0355185677774003E-005   3.2119044187415779E-008   2.1263958069068212E-005   2.3902485069305248       0.51872900190443638       0.51379310000000000        0.0000000000000000        0.0000000000000000        43.531109561443714        696.49775298309942        16.000000000000000        0.0000000000000000     
           1         363   1.1665591346856117E-005   2.3435397078674492E-006   2.1516553581155754E-005   2.1355795676981790       0.52346207935505484       0.51379310000000000        0.0000000000000000        0.0000000000000000        46.862717611108344        749.80348177773351        16.000000000000000        0.0000000000000000     
           1         364   1.1315118448945652E-005   1.7248989224940458E-006   2.1449463766085279E-005   2.2030336443314456       0.52250436022647684       0.51379310000000000        0.0000000000000000        0.0000000000000000        49.879844734978633        798.07751575965813        16.000000000000000        0.0000000000000000     
           1         365   1.1380829561951594E-005   1.8145342245397726E-006   2.1489893289603844E-005   2.2068334721824012       0.51912659949505080       0.51379310000000000        1.0000000000000000        0.0000000000000000        50.229282508392330        803.66852013427729        16.000000000000000        0.0000000000000000     
           1         366   1.0893559599397005E-005   9.8796269667113226E-007   2.1361176040055940E-005   2.2803503626800574       0.52156629479383776       0.51379310000000000        0.0000000000000000        0.0000000000000000        41.666541037794332        666.66465660470931        16.000000000000000        0.0000000000000000     
           1         367   1.1400660098511705E-005   1.8448230847414128E-006   2.1498672122610629E-005   2.2048351194862752       0.51897915863619470       0.51379310000000000        0.0000000000000000        1.0000000000000000        46.745002901080305        747.92004641728488        16.000000000000000        0.0000000000000000     
           1         368   1.1170277916533114E-005   1.4629697062735934E-006   2.1428355245350642E-005   2.2345896649766797       0.52024760551170501       0.51379310000000000        0.0000000000000000        0.0000000000000000        45.882310788509628        734.11697261615404        16.000000000000000        0.0000000000000000     
           1         369   1.1121194190309758E-005   1.3559727899724490E-006   2.1440470563116557E-005   2.2534261906006812       0.51767019777945855       0.51379310000000000        0.0000000000000000        0.0000000000000000        50.240399054913929        803.84638487862287        16.000000000000000        0.0000000000000000     
           1         370   1.0360816256333737E-005   3.7550863152786786E-008   2.1269798684360262E-005   2.4085982341199057       0.51489457469373145       0.51379310000000000        0.0000000000000000        0.0000000000000000        49.692845528878472        795.08552846205555        16.000000000000000        0.0000000000000000     
           1         371   1.1883355633765259E-005   2.7011683281338684E-006   2.1586517971734839E-005   2.1036965680294917       0.52191496924331493       0.51379310000000000        0.0000000000000000        0.0000000000000000        42.381842850458831        678.10948560734130        16.000000000000000        0.0000000000000000     
           1         372   1.0752464580469926E-005   7.1912474038120473E-007   2.1355071782862367E-005   2.3243916244258651       0.51799545761158494       0.51379310000000000        0.0000000000000000        1.0000000000000000        44.310081508392337        708.96130413427738        16.000000000000000        0.0000000000000000     
           1         373   1.0352771287442715E-005   2.7476146463757868E-008   2.1263898626232474E-005   2.3912699598728882       0.51865643035183329       0.51379310000000000        0.0000000000000000        0.0000000000000000        49.138406449043131        786.21450318469010        16.000000000000000        0.0000000000000000     
           1         374   1.0855231648081459E-005   9.1092077088252796E-007   2.1363758600207623E-005   2.2944160510971057       0.52038685695705222       0.51379310000000000        0.0000000000000000        0.0000000000000000        47.895316391187663        766.32506225900261        16.000000000000000        0.0000000000000000     
           1         375   1.2276849076824113E-005   3.4147188358334956E-006   2.1641795088742618E-005   2.0211347332076257       0.52524592790083591       0.51379310000000000        0.0000000000000000        0.0000000000000000        52.907588763067920        846.52142020908673        16.000000000000000        0.0000000000000000     
           1         376   1.0129773062403072E-005  -3.7390352563022016E-007   2.1229402778811517E-005   2.4530153411837667       0.51471571795550231       0.51379310000000000        0.0000000000000000        0.0000000000000000        40.490977619088881        647.85564190542209        16.000000000000000        0.0000000000000000     
           1         377   1.0624414517529883E-005   4.9235642489954872E-007   2.1331341006628452E-005   2.3549848822553026       0.51641010476278015       0.51379310000000000        0.0000000000000000        0.0000000000000000        44.995637383838037        719.93019814140860        16.000000000000000        0.0000000000000000     
           1         378   1.0438083216058705E-005   1.8087898168246302E-007   2.1277256335389350E-005   2.3688669042972053       0.52028656265920059       0.51379310000000000        0.0000000000000000        0.0000000000000000        46.208227806558249        739.33164490493198        16.000000000000000        0.0000000000000000     
           1         379   1.1998217171673481E-005   2.9231753380637620E-006   2.1588154863467167E-005   2.0746115728178127       0.52437344418652410       0.51379310000000000        0.0000000000000000        0.0000000000000000        49.514881820892342        792.23810913427747        16.000000000000000        0.0000000000000000     
           1         380   1.1813287648873559E-005   2.5379829825798017E-006   2.1614850600652830E-005   2.1330499861413323       0.51855354472999848       0.51379310000000000        0.0000000000000000        0.0000000000000000        50.452144667267348        807.23431467627756        16.000000000000000        0.0000000000000000     
           1         381   9.6917896822358002E-006  -1.1264402395478934E-006   2.1123819725466214E-005   2.5666503791480428       0.50940517360366067       0.51379310000000000        0.0000000000000000        0.0000000000000000        44.432005875773058        710.91209401236893        16.000000000000000        0.0000000000000000     
           1         382   1.0768387491978287E-005   7.3416247481897057E-007   2.1371930094240513E-005   2.3417209108076431       0.51448959453712284       0.51379310000000000        0.0000000000000000        0.0000000000000000        42.463187278287016        679.41099645259226        16.000000000000000        0.0000000000000000     
           1         383   9.5450672355518760E-006  -1.4939337989225627E-006   2.1210394408831168E-005   2.6597830347595219       0.49631400461055480       0.51379310000000000        0.0000000000000000        0.0000000000000000        47.620938431292274        761.93501490067638        16.000000000000000        0.0000000000000000     
           1         384   9.4369283954179845E-006  -1.7409212178612571E-006   2.1248982079025704E-005   2.7529304334266262       0.48648129020909581       0.51379310000000000        0.0000000000000000        0.0000000000000000        47.355628359112686        757.69005374580297        16.000000000000000        0.0000000000000000     
           1         385  -4.5758508496592707E-006  -4.5758508496592707E-006   2.0261200372985234E-005   2.9177515699883907       0.45703737674225964        1.0000000000000000        1.0000000000000000        0.0000000000000000        42.391263152230835        678.26021043569335        16.000000000000000        0.0000000000000000     
           1         386   1.1175844815461315E-005   1.4590994934217850E-006   2.1443894694887141E-005   2.2440160162409875       0.51905138890815516       0.51379310000000000        0.0000000000000000        1.0000000000000000        43.600289463615418        697.60463141784669        16.000000000000000        0.0000000000000000     
           1         387   1.1223273800769796E-005   1.5556411850284110E-006   2.1439424438086886E-005   2.2257100788834649       0.52072495370227900       0.51379310000000000        0.0000000000000000        0.0000000000000000        44.502551307024099        712.04082091238558        16.000000000000000        0.0000000000000000     
           1         388   1.0596843643816427E-005   3.4099668598990834E-007   2.1434582478018792E-005   2.4160362921657401       0.50424184254769044       0.51379310000000000        0.0000000000000000        0.0000000000000000        44.318352042683799        709.09363268294078        16.000000000000000        0.0000000000000000     
           1         389   1.1650494892365202E-005   2.3136525345228645E-006   2.1517087035025740E-005   2.1400909237496704       0.52307283473564714       0.51379310000000000        1.0000000000000000        0.0000000000000000        47.659969941168868        762.55951905870188        16.000000000000000        0.0000000000000000     
           1         390   1.0861848160894762E-005   9.2476586894816506E-007   2.1362736395377636E-005   2.2909324187384881       0.52070915612548163       0.51379310000000000        0.0000000000000000        0.0000000000000000        51.071358439409032        817.14173503054451        16.000000000000000        0.0000000000000000     
           1         391   1.2237239343411636E-005   3.3236034378927083E-006   2.1656613326314738E-005   2.0374554289251776       0.52356371585242090       0.51379310000000000        0.0000000000000000        0.0000000000000000        43.002239762163512        688.03583619461619        16.000000000000000        0.0000000000000000     
           1         392   9.2726239014419032E-006  -1.6131753018074767E-006   2.0776056943249946E-005   2.6500307047356917       0.47497377235446320       0.51379310000000000        0.0000000000000000        1.0000000000000000        40.717182979646012        651.47492767433619        16.000000000000000        0.0000000000000000     
           1         393   1.0369495278910612E-005   5.5840494754152523E-008   2.1268321815271067E-005   2.3880648347214151       0.51887116227907615       0.51379310000000000        0.0000000000000000        0.0000000000000000        46.507249303169267        744.11598885070828        16.000000000000000        0.0000000000000000     
           1         394   1.0424335216432856E-005   1.6111007256959230E-007   2.1269870857048779E-005   2.3694034371368575       0.52034391186587725       0.51379310000000000        0.0000000000000000        0.0000000000000000        47.950611073115049        767.20977716984078        16.000000000000000        0.0000000000000000     
           1         395   8.1545029524357639E-006  -3.5062731495288371E-006   2.0476883202148933E-005   2.7366626082607035       0.47815665550111519       0.51379310000000000        1.0000000000000000        0.0000000000000000        46.581707408530605        745.30731853648967        16.000000000000000        0.0000000000000000     
           1         396   1.0196886441731306E-005  -4.2602143754655915E-007   2.1422512343602628E-005   2.5170855713044369       0.49168225559682427       0.51379310000000000        0.0000000000000000        0.0000000000000000        43.421301583771097        694.74082534033755        16.000000000000000        0.0000000000000000     
           1         397   1.1983622836597359E-005   2.8963906496563991E-006   2.1586442532797465E-005   2.0783538357232669       0.52401599081295058       0.51379310000000000        0.0000000000000000        0.0000000000000000        46.007187882338883        736.11500611742213        16.000000000000000        0.0000000000000000     
           1         398   1.1215781299562277E-005   1.5398285338868165E-006   2.1440724151936012E-005   2.2279131510482748       0.52057981218095162       0.51379310000000000        0.0000000000000000        1.0000000000000000        48.286968995367303        772.59150392587685        16.000000000000000        0.0000000000000000     
           1         399   1.0285611602374498E-005  -9.3667756640951780E-008   2.1253786092770180E-005   2.4086803618544597       0.51731427258059193       0.51379310000000000        0.0000000000000000        0.0000000000000000        46.783794483670476        748.54071173872762        16.000000000000000        0.0000000000000000     
           1         400   1.1249292839340279E-005   1.5980789099522184E-006   2.1448093233871190E-005   2.2228168649583893       0.52085785318234101       0.51379310000000000        0.0000000000000000        0.0000000000000000        49.809490883392336        796.95185413427737        16.000000000000000        0.0000000000000000     
           1         401   1.1658640747852170E-005   2.3268775863735859E-006   2.1519865512868995E-005   2.1393129920397174       0.52309922759579208       0.51379310000000000        0.0000000000000000        0.0000000000000000        40.424783602620693        646.79653764193108        16.000000000000000        0.0000000000000000     
           1         402   1.0786121715779311E-005   7.8343594799959930E-007   2.1356335608164360E-005   2.3122547414595118       0.51898646604788945       0.51379310000000000        0.0000000000000000        0.0000000000000000        45.363402292792202        725.81443668467523        16.000000000000000        0.0000000000000000     
           1         403   1.0512678386466570E-005   2.9743162195987885E-007   2.1307513470873904E-005   2.3803442487514914       0.51555447262152887       0.51379310000000000        0.0000000000000000        0.0000000000000000        49.419209258186740        790.70734813098784        16.000000000000000        0.0000000000000000     
           1         404   8.5917841368792461E-006  -3.2767148237475070E-006   2.1133672936333029E-005   2.6176172113066638       0.48877056545463055       0.51379310000000000        0.0000000000000000        1.0000000000000000        50.856861106429093        813.70977770286549        16.000000000000000        0.0000000000000000     
           1         405   1.2292199558923348E-005   3.4414064869534620E-006   2.1645165158354278E-005   2.0188919745184659       0.52537898349442003       0.51379310000000000        0.0000000000000000        0.0000000000000000        49.516176054985742        792.25881687977187        16.000000000000000        0.0000000000000000     
           1         406   1.1647283996901615E-005   2.3082701940681553E-006   2.1516170787073569E-005   2.1404234607784640       0.52306967934791959       0.51379310000000000        0.0000000000000000        0.0000000000000000        42.289859559968747        676.63775295949995        16.000000000000000        0.0000000000000000     
           1         407   1.1055573731474830E-005   1.2195061126049404E-006   2.1449715965385700E-005   2.2865063275383442       0.51562496282394255       0.51379310000000000        0.0000000000000000        0.0000000000000000        42.928527977142330        686.85644763427729        16.000000000000000        0.0000000000000000     
           1         408   8.3446396532702588E-006  -3.7189949227495444E-006   2.1092735589548455E-005   2.6306125472573774       0.50928398112591544       0.51379310000000000        0.0000000000000000        1.0000000000000000        47.250133919279975        756.00214270847960        16.000000000000000        0.0000000000000000     
           1         409   1.1213831066659942E-005   1.5364686450317035E-006   2.1440263555445857E-005   2.2291173190100002       0.52041309261266100       0.51379310000000000        0.0000000000000000        0.0000000000000000        53.341728329494650        853.46765327191440        16.000000000000000        0.0000000000000000     
           1         410   1.0089428900541916E-005  -4.4637506371446407E-007   2.1223008822561357E-005   2.4640798738058951       0.51402155241108760       0.51379310000000000        0.0000000000000000        0.0000000000000000        52.743146990435314        843.89035184696502        16.000000000000000        0.0000000000000000     
           1         411   1.1374704693414595E-005   1.8028412098065429E-006   2.1489652490370579E-005   2.2081762489849850       0.51896295230418266       0.51379310000000000        0.0000000000000000        0.0000000000000000        41.980349045764648        671.68558473223436        16.000000000000000        0.0000000000000000     
           2           1   1.1964834605772969E-005   2.8778400832216470E-006   2.1567403153081952E-005   2.0776096266903528       0.52432189460049583       0.51379310000000000        0.0000000000000000        0.0000000000000000        43.883902890251605        746.02634913427732        17.000000000000000        0.0000000000000000     
           2           2   1.0267953051824087E-005  -1.1381695127021443E-007   2.1238759499402181E-005   2.4054566042281649       0.51807480256150529       0.51379310000000000        0.0000000000000000        0.0000000000000000        42.941297364806879        730.00205520171698        17.000000000000000        0.0000000000000000     
           2           3   1.1533090760976291E-005   2.0983753679803104E-006   2.1503109017370832E-005   2.1691391453486348       0.52084008959023054       0.51379310000000000        0.0000000000000000        0.0000000000000000        47.772430459879118        812.13131781794505        17.000000000000000        0.0000000000000000     
           2           4   1.0751952668558936E-005   7.4182458199861802E-007   2.1330031138837508E-005   2.3080138217759529       0.51993918038266096       0.51379310000000000        0.0000000000000000        0.0000000000000000        51.748974732531217        879.73257045303069        17.000000000000000        0.0000000000000000     
           2           5   1.0352148198927273E-005   4.2318105866627426E-008   2.1246933040497833E-005   2.3828536856598048       0.51986610170664072       0.51379310000000000        0.0000000000000000        0.0000000000000000        52.475607012480815        892.08531921217389        17.000000000000000        0.0000000000000000     
           2           6   1.0328955017967316E-005   3.1638598342961501E-010   2.1243615549331162E-005   2.3884002354358818       0.51945089239309117       0.51379310000000000        0.0000000000000000        0.0000000000000000        42.327725410975276        719.57133198657971        17.000000000000000        0.0000000000000000     
           2           7   1.1574733080230930E-005   2.1856248219952883E-006   2.1496556563678952E-005   2.1535646294882516       0.52219868705703643       0.51379310000000000        0.0000000000000000        0.0000000000000000        45.324361878822280        770.51415193997877        17.000000000000000        0.0000000000000000     
           2           8   1.1839591356990084E-005   2.9841816227757189E-006   2.1197435556881500E-005   1.9012052617693389       0.51847811322777393       0.51379310000000000        0.0000000000000000        1.0000000000000000        49.871761176470592        847.81994000000009        17.000000000000000        0.0000000000000000     
           2           9   1.0852754987760485E-005   9.2789785790708483E-007   2.1340724434110307E-005   2.2852287069859529       0.52165193320282566       0.51379310000000000        0.0000000000000000        0.0000000000000000        49.389637293614889        839.62383399145313        17.000000000000000        0.0000000000000000     
           2          10   1.1916875167838221E-005   2.7874372911176246E-006   2.1564295202267134E-005   2.0881348959464430       0.52341361233325490       0.51379310000000000        0.0000000000000000        0.0000000000000000        52.516801875772813        892.78563188813780        17.000000000000000        0.0000000000000000     
           2          11   1.0319086932091363E-005  -1.9090796319933334E-008   2.1243827785072730E-005   2.3909863410085261       0.51923585124975646       0.51379310000000000        0.0000000000000000        0.0000000000000000        43.208452583044426        734.54369391175521        17.000000000000000        0.0000000000000000     
           2          12   1.2182972312645048E-005   3.2443243258111777E-006   2.1628777501679379E-005   2.0402351176566098       0.52361250549130800       0.51379310000000000        1.0000000000000000        0.0000000000000000        44.174017838244168        750.95830325015083        17.000000000000000        0.0000000000000000     
           2          13   1.1964995904254154E-005   2.8831550872898843E-006   2.1562118337223739E-005   2.0756567838240776       0.52455724346334276       0.51379310000000000        0.0000000000000000        0.0000000000000000        49.618806129087034        843.51970419447957        17.000000000000000        0.0000000000000000     
           2          14   1.2198893503389395E-005   3.2750423675961067E-006   2.1629062303950911E-005   2.0381207706753526       0.52383520429223562       0.51379310000000000        0.0000000000000000        0.0000000000000000        48.490962772282650        824.34636712880501        17.000000000000000        0.0000000000000000     
           2          15   1.1989133530409482E-005   2.9306594039838046E-006   2.1561563503505623E-005   2.0693220545571522       0.52511815586147048       0.51379310000000000        0.0000000000000000        0.0000000000000000        53.247338007898662        905.20474613427723        17.000000000000000        0.0000000000000000     
           2          16   1.0256580540474122E-005  -1.3692091783623939E-007   2.1239784057577860E-005   2.4072454659407123       0.51794925821542448       0.51379310000000000        0.0000000000000000        0.0000000000000000        42.489037895903209        722.31364423035450        17.000000000000000        0.0000000000000000     
           2          17   1.1621399148190632E-005   2.2762647070740587E-006   2.1496753846814161E-005   2.1413972327936310       0.52327353461128767       0.51379310000000000        0.0000000000000000        0.0000000000000000        44.887901917360878        763.09433259513492        17.000000000000000        0.0000000000000000     
           2          18   1.1944316128524867E-005   2.8396590852999960E-006   2.1565549325082751E-005   2.0819773960390493       0.52395260996994575       0.51379310000000000        0.0000000000000000        0.0000000000000000        46.142960637054131        784.43033082992019        17.000000000000000        0.0000000000000000     
           2          19   1.1974274637023229E-005   2.8957584774638580E-006   2.1567883779592646E-005   2.0755561310804422       0.52449688768985536       0.51379310000000000        0.0000000000000000        0.0000000000000000        50.449769453451218        857.64608070867075        17.000000000000000        0.0000000000000000     
           2          20   1.1660263388192145E-005   2.3476284412807803E-006   2.1501274650150949E-005   2.1332877401123649       0.52391550359407724       0.51379310000000000        0.0000000000000000        0.0000000000000000        50.479160247253191        858.14572420330421        17.000000000000000        0.0000000000000000     
           2          21   1.2275046201615840E-005   3.4354098341895419E-006   2.1616222092152951E-005   2.0148824761964037       0.52604425589284176       0.51379310000000000        0.0000000000000000        0.0000000000000000        43.836728670984265        745.22438740673249        17.000000000000000        0.0000000000000000     
           2          22   1.1247030320997480E-005   1.6127827164561093E-006   2.1427901762568670E-005   2.2152193004117766       0.52189114614481236       0.51379310000000000        0.0000000000000000        0.0000000000000000        43.333355154957488        736.66703763427734        17.000000000000000        0.0000000000000000     
           2          23   1.1908232236911668E-005   2.7583935446227441E-006   2.1577210579693318E-005   2.0964581312670330       0.52248259927469165       0.51379310000000000        0.0000000000000000        0.0000000000000000        47.888027061147270        814.09646003950354        17.000000000000000        0.0000000000000000     
           2          24   1.0252798955606725E-005  -1.4373265884450284E-007   2.1239204552558907E-005   2.4119490507961423       0.51757960150118021       0.51379310000000000        0.0000000000000000        0.0000000000000000        48.817788415494995        829.90240306341491        17.000000000000000        0.0000000000000000     
           2          25   1.1645641456519963E-005   2.3263772829682580E-006   2.1493658071356690E-005   2.1339079650366379       0.52395478543714380       0.51379310000000000        0.0000000000000000        0.0000000000000000        52.012259024260807        832.19614438817291        16.000000000000000        0.0000000000000000     
           2          26   1.1292966463783160E-005   1.7030506398723131E-006   2.1426990847037046E-005   2.2016823174862719       0.52304372244385866       0.51379310000000000        0.0000000000000000        0.0000000000000000        42.913194280776004        686.61110849241607        16.000000000000000        0.0000000000000000     
           2          27   1.1762742272741216E-005   2.3012503125895850E-006   2.1761056333753631E-005   2.1956631811853273       0.50691752089059949       0.51379310000000000        0.0000000000000000        0.0000000000000000        46.399906400918972        742.39850241470356        16.000000000000000        0.0000000000000000     
           2          28   1.2179114210197226E-005   3.2292446322353774E-006   2.1636777676216529E-005   2.0461689119870456       0.52297403104750861       0.51379310000000000        0.0000000000000000        0.0000000000000000        44.222868203358040        707.56589125372864        16.000000000000000        0.0000000000000000     
           2          29   1.0784619127287902E-005   7.9383436235610213E-007   2.1342256782794873E-005   2.3071573101052270       0.51984520166017634       0.51379310000000000        0.0000000000000000        0.0000000000000000        49.643518633392347        794.29629813427755        16.000000000000000        0.0000000000000000     
           2          30   7.3887248286323363E-006  -2.0279083607248975E-006   1.6805358017989782E-005   1.9636544288061515       0.61626158073975801       0.50000000000000000        0.0000000000000000        1.0000000000000000        51.131026233642338        818.09641973827740        16.000000000000000        0.0000000000000000     
           2          31  -9.7383983808223820E-006  -3.1937038739809167E-005   1.2460241978164429E-005   11.500036886915300       0.50003688691531023       0.50000000000000000        0.0000000000000000        1.0000000000000000        51.997681870968748        831.96290993549997        16.000000000000000        3.6250000000000000     
           2          32   1.1220092541391848E-005   1.5615766495035561E-006   2.1426609194060822E-005   2.2226337295237943       0.52132805581459629       0.51379310000000000        0.0000000000000000        0.0000000000000000        44.310814403203381        708.97303045125409        16.000000000000000        0.0000000000000000     
           2          33   1.1880242859582384E-005   2.7086550136450247E-006   2.1572204350228646E-005   2.1004810189531966       0.52216669927364334       0.51379310000000000        0.0000000000000000        0.0000000000000000        45.499596312922591        727.99354100676146        16.000000000000000        0.0000000000000000     
           2          34   1.2273814650430326E-005   3.4301173576239009E-006   2.1619281873402048E-005   2.0162517090064700       0.52588860802725879       0.51379310000000000        0.0000000000000000        0.0000000000000000        44.288250366735774        708.61200586777238        16.000000000000000        0.0000000000000000     
           2          35   1.0734612025423735E-005   7.0045806193192579E-007   2.1338079542605787E-005   2.3206993226179229       0.51870053117615122       0.51379310000000000        0.0000000000000000        0.0000000000000000        48.959641622735525        783.35426596376840        16.000000000000000        0.0000000000000000     
           2          36   1.1234289007840239E-005   1.5949820160531739E-006   2.1420506894016024E-005   2.2152956849665646       0.52197519855662700       0.51379310000000000        0.0000000000000000        0.0000000000000000        41.388270026115414        662.21232041784663        16.000000000000000        0.0000000000000000     
           2          37   1.0336586421841820E-005   1.2629296418197092E-008   2.1246299829320601E-005   2.3874819088265546       0.51949141533239440       0.51379310000000000        0.0000000000000000        0.0000000000000000        43.952758005855031        703.24412809368050        16.000000000000000        0.0000000000000000     
           2          38   1.0745252263581697E-005   7.2305828630603204E-007   2.1336081213943418E-005   2.3163317283716225       0.51915046370033202       0.51379310000000000        0.0000000000000000        0.0000000000000000        47.594357565383241        761.50972104613186        16.000000000000000        0.0000000000000000     
           2          39   1.1273839090180020E-005   1.6659251303230900E-006   2.1426882779951232E-005   2.2070465757632403       0.52259453679830503       0.51379310000000000        0.0000000000000000        0.0000000000000000        47.113643728352606        753.81829965364170        16.000000000000000        0.0000000000000000     
           2          40   1.0765798477401756E-005   7.6407558958488460E-007   2.1334994858350993E-005   2.3070869029047585       0.51990968565816098       0.51379310000000000        0.0000000000000000        0.0000000000000000        48.648627272937325        778.37803636699721        16.000000000000000        0.0000000000000000     
           2          41   1.0791962485919109E-005   8.1203801715320292E-007   2.1338123658401716E-005   2.3025898025361524       0.52025742491824134       0.51379310000000000        0.0000000000000000        0.0000000000000000        41.714034885353264        667.42455816565223        16.000000000000000        0.0000000000000000     
           2          42   1.1263220136919056E-005   1.6518085631341519E-006   2.1419959886747692E-005   2.2066874947757404       0.52271701844766005       0.51379310000000000        0.0000000000000000        0.0000000000000000        43.947188883248053        703.15502213196885        16.000000000000000        0.0000000000000000     
           2          43   1.2230243072900747E-005   3.3409841826142512E-006   2.1623856947864340E-005   2.0278160714654168       0.52480273632879826       0.51379310000000000        0.0000000000000000        0.0000000000000000        46.412829695892341        742.60527513427746        16.000000000000000        0.0000000000000000     
           2          44   1.2268921836471339E-005   3.4223347423981168E-006   2.1617442821023431E-005   2.0167619487994761       0.52586332274186287       0.51379310000000000        0.0000000000000000        0.0000000000000000        48.052650799648305        768.84241279437288        16.000000000000000        0.0000000000000000     
           2          45   9.8919442690973339E-006  -7.7477952875118136E-007   2.1163872098464659E-005   2.4953389686604881       0.51378983541517220       0.51379310000000000        0.0000000000000000        0.0000000000000000        46.672434840436168        746.75895744697868        16.000000000000000        0.0000000000000000     
           2          46   1.1528935116072462E-005   2.0936956922118112E-006   2.1499507135572162E-005   2.1651092214303018       0.52120091388363743       0.51379310000000000        0.0000000000000000        0.0000000000000000        40.354242161729104        645.66787458766566        16.000000000000000        0.0000000000000000     
           2          47  -1.2435561991680709E-005  -3.7366928755163435E-005   1.2495804771801997E-005   14.000000000158947       0.33342370866059212       0.50000000000000000        0.0000000000000000        1.0000000000000000        48.809835912946177        780.95737460713883        16.000000000000000        5.2500000000000000     
           2          48   1.1871329614835089E-005   2.6919926067481913E-006   2.1571479936292538E-005   2.1038145092698461       0.52204446700969831       0.51379310000000000        0.0000000000000000        0.0000000000000000        45.275486767274124        724.40778827638599        16.000000000000000        0.0000000000000000     
           2          49  -2.1665829085915166E-005  -6.3059986135359291E-005   1.9728327963528949E-005   21.500040778354801       0.50004077835481997       0.50000000000000000        0.0000000000000000        1.0000000000000000        56.089293241294250        897.42869186070800        16.000000000000000        3.6250000000000000     
           2          50   4.1726708177887607E-006  -1.1567663074468326E-005   1.9913004710046017E-005   3.4284221728119291       0.46231353937410880       0.50000000000000000        0.0000000000000000        1.0000000000000000        58.719506695892335        939.51210713427736        16.000000000000000        0.0000000000000000     
           2          51   1.0369818346718408E-005   7.1367719018850752E-008   2.1252578079669016E-005   2.3800215173898946       0.52001606325899297       0.51379310000000000        0.0000000000000000        0.0000000000000000        40.873868189593018        653.98189103348830        16.000000000000000        0.0000000000000000     
           2          52   1.0403838932741059E-005   1.1000230918968909E-007   2.1281722874141718E-005   2.4006496415232945       0.51459115372144038       0.51379310000000000        0.0000000000000000        0.0000000000000000        43.997929177294040        703.96686683670464        16.000000000000000        0.0000000000000000     
           2          53   1.2268049375346341E-005   3.4209676899971508E-006   2.1617093013083584E-005   2.0167410898021427       0.52587184965320433       0.51379310000000000        0.0000000000000000        0.0000000000000000        43.151021535090202        690.41634456144322        16.000000000000000        0.0000000000000000     
           2          54   1.1260467441937233E-005   1.6431806259847272E-006   2.1423415780921053E-005   2.2092043494909626       0.52245643147030540       0.51379310000000000        0.0000000000000000        0.0000000000000000        48.737199550417067        779.79519280667307        16.000000000000000        0.0000000000000000     
           2          55   1.1135064228699193E-005   1.3877269134165193E-006   2.1435441816851114E-005   2.2515270634793652       0.51850931324822902       0.51379310000000000        0.0000000000000000        0.0000000000000000        53.138445484761874        850.21512775618999        16.000000000000000        0.0000000000000000     
           2          56   1.1775830925404558E-005   2.3334812479630570E-006   2.1753916617024307E-005   2.1923383127130318       0.50785820000269266       0.51379310000000000        0.0000000000000000        0.0000000000000000        42.425461180526348        678.80737888842157        16.000000000000000        0.0000000000000000     
           2          57   1.0840692083276070E-005   9.0727390607766411E-007   2.1337708310029047E-005   2.2872967679734599       0.52152083937737270       0.51379310000000000        0.0000000000000000        0.0000000000000000        42.869240303169249        685.90784485070799        16.000000000000000        0.0000000000000000     
           2          58   1.1407845814509495E-005   1.8548382132426695E-006   2.1502867892103530E-005   2.1974669727226872       0.51811803061801753       0.51379310000000000        0.0000000000000000        0.0000000000000000        45.838239445346218        733.41183112553949        16.000000000000000        0.0000000000000000     
           2          59   1.0322335464733573E-005  -1.6840802145784887E-008   2.1248131510833104E-005   2.3932648993136350       0.51898872507004001       0.51379310000000000        0.0000000000000000        0.0000000000000000        46.689569207917671        747.03310732668274        16.000000000000000        0.0000000000000000     
           2          60   1.0313834528793385E-005  -2.8304605364172648E-008   2.1242761548072783E-005   2.3933647094456938       0.51908935472628637       0.51379310000000000        0.0000000000000000        0.0000000000000000        50.772957210008258        812.36731536013212        16.000000000000000        0.0000000000000000     
           2          61  -1.4064833061376831E-005  -3.4019657374669376E-005   5.8899912519157215E-006   10.681280894307589       0.33316459543752913       0.50000000000000000        0.0000000000000000        1.0000000000000000        48.727964866406253        779.64743786250006        16.000000000000000        5.4375000000000000     
           2          62   1.1303485508963348E-005   1.6717628409509718E-006   2.1481688755232003E-005   2.2071682457069026       0.51776454881631573       0.51379310000000000        0.0000000000000000        0.0000000000000000        45.433180326736164        726.93088522777862        16.000000000000000        0.0000000000000000     
           2          63   1.0355895470098583E-005   5.1328307744147544E-008   2.1245118775042133E-005   2.3803811305423626       0.52009226744509274       0.51379310000000000        0.0000000000000000        0.0000000000000000        45.639091842193906        730.22546947510250        16.000000000000000        0.0000000000000000     
           2          64   1.0840151082998306E-005   9.0538717977375339E-007   2.1338589389007361E-005   2.2878821691151154       0.52146058618740221       0.51379310000000000        0.0000000000000000        0.0000000000000000        49.569740383392343        793.11584613427749        16.000000000000000        0.0000000000000000     
           2          65   1.2142746618406255E-005   3.1652326018751987E-006   2.1629623001376029E-005   2.0492938942472065       0.52277835477155399       0.51379310000000000        0.0000000000000000        0.0000000000000000        49.269573122545324        788.31316996072519        16.000000000000000        0.0000000000000000     
           2          66   1.2262770497986362E-005   3.4088421352546439E-006   2.1619049276970163E-005   2.0187749342879187       0.52566482742226295       0.51379310000000000        0.0000000000000000        1.0000000000000000        42.896770073441246        686.34832117505994        16.000000000000000        0.0000000000000000     
           2          67   1.0376523163686826E-005   8.4395813626726275E-008   2.1252600851564665E-005   2.3779913001494397       0.52018277416889191       0.51379310000000000        0.0000000000000000        0.0000000000000000        47.077717806094014        753.24348489750423        16.000000000000000        0.0000000000000000     
           2          68   1.0362861507826766E-005   6.4278228964775485E-008   2.1245761418244977E-005   2.3787407369287221       0.52021767137835340       0.51379310000000000        0.0000000000000000        0.0000000000000000        46.754249300667752        748.06798881068403        16.000000000000000        0.0000000000000000     
           2          69   1.1813725854450542E-005   2.5787240896282105E-006   2.1572699215901490E-005   2.1201069525794773       0.52079638521569349       0.51379310000000000        0.0000000000000000        0.0000000000000000        47.617747287633463        761.88395660213541        16.000000000000000        0.0000000000000000     
           2          70   1.1194181837970610E-005   1.5169594990162867E-006   2.1420466296131693E-005   2.2255694202898080       0.52110219363180366       0.51379310000000000        0.0000000000000000        0.0000000000000000        51.584962441721842        825.35939906754948        16.000000000000000        0.0000000000000000     
           2          71   1.1265762389347621E-005   1.6501116880914524E-006   2.1426981784456137E-005   2.2094705987458068       0.52239163703180169       0.51379310000000000        0.0000000000000000        0.0000000000000000        41.619652070892329        665.91443313427726        16.000000000000000        0.0000000000000000     
           2          72   1.0812661122302752E-005   8.5277758901612458E-007   2.1337644285244929E-005   2.2954624893231550       0.52083964248755521       0.51379310000000000        0.0000000000000000        0.0000000000000000        44.880566504978589        718.08906407965742        16.000000000000000        0.0000000000000000     
           2          73   1.0302817758355596E-005  -4.7765086950420908E-008   2.1240667564470242E-005   2.3939119523205945       0.51905262784243000       0.51379310000000000        0.0000000000000000        0.0000000000000000        46.522307926337135        744.35692682139415        16.000000000000000        0.0000000000000000     
           2          74   1.1977637923195194E-005   2.9080473046413263E-006   2.1561815111214893E-005   2.0723422605225914       0.52485044052737095       0.51379310000000000        0.0000000000000000        0.0000000000000000        47.812172312273638        764.99475699637821        16.000000000000000        0.0000000000000000     
           2          75   1.1099098989279013E-005   1.3177461842402373E-006   2.1435422023556384E-005   2.2636590090596362       0.51736002596962827       0.51379310000000000        0.0000000000000000        0.0000000000000000        49.326172472819160        789.21875956510655        16.000000000000000        0.0000000000000000     
           2          76   1.1973578559553221E-005   2.8990316868492484E-006   2.1562993207560014E-005   2.0737723144512534       0.52471146408565261       0.51379310000000000        0.0000000000000000        0.0000000000000000        44.662355489349537        714.59768782959259        16.000000000000000        0.0000000000000000     
           2          77   1.1626668523728219E-005   2.2889737563864915E-006   2.1494161439534648E-005   2.1387350183493221       0.52354575462594355       0.51379310000000000        0.0000000000000000        0.0000000000000000        43.945764880745365        703.13223809192584        16.000000000000000        0.0000000000000000     
           2          78   1.0795704872272271E-005   8.2281069459725651E-007   2.1334436872002278E-005   2.2981697497404121       0.52067796065692729       0.51379310000000000        0.0000000000000000        0.0000000000000000        48.191652195892345        771.06643513427753        16.000000000000000        0.0000000000000000     
           2          79   1.0294390132087150E-005  -6.3992218493084631E-008   2.1240481968484339E-005   2.3986008137387440       0.51870298535147530       0.51379310000000000        0.0000000000000000        0.0000000000000000        47.762424224613369        764.19878759381390        16.000000000000000        0.0000000000000000     
           2          80   1.0007671749005736E-005  -1.5906293093469946E-006   2.1605972807358903E-005   2.4813152810042416       0.51516452795818490       0.50000000000000000        0.0000000000000000        1.0000000000000000        50.977797840030341        815.64476544048546        16.000000000000000        0.0000000000000000     
           2          81   1.1994293809444229E-005   2.9363322620664884E-006   2.1566182121001189E-005   2.0699126402530519       0.52501107823961202       0.51379310000000000        0.0000000000000000        0.0000000000000000        43.503531563260488        696.05650501216780        16.000000000000000        0.0000000000000000     
           2          82   1.1912956904100958E-005   2.7780776896828572E-006   2.1566127004528307E-005   2.0906740562168888       0.52322047204008670       0.51379310000000000        0.0000000000000000        0.0000000000000000        45.900705023195549        734.41128037112878        16.000000000000000        0.0000000000000000     
           2          83   1.1489039261470149E-005   1.9990835060308601E-006   2.1517432084463844E-005   2.1892265749333490       0.51864737945471484       0.51379310000000000        0.0000000000000000        0.0000000000000000        45.551607978226244        728.82572765161990        16.000000000000000        0.0000000000000000     
           2          84   1.1518415359572556E-005   2.0639273562433674E-006   2.1509328076243856E-005   2.1762190483146728       0.51995093565559825       0.51379310000000000        0.0000000000000000        0.0000000000000000        48.997494915159464        783.95991864255143        16.000000000000000        0.0000000000000000     
           2          85   1.0672686859955936E-005  -8.1614501733574061E-007   2.2161518737247520E-005   2.7517029572538130       0.48281079004900179       0.50000000000000000        0.0000000000000000        1.0000000000000000        47.063028722007751        753.00845955212401        16.000000000000000        0.0000000000000000     
           2          86   1.1784947434357013E-005   2.5145497984255246E-006   2.1581324942775411E-005   2.1313330676016036       0.51981262401015549       0.51379310000000000        0.0000000000000000        0.0000000000000000        42.384494314038243        678.15190902461188        16.000000000000000        0.0000000000000000     
           2          87   1.1883838993594237E-005   2.7240054993798818E-006   2.1563379219116189E-005   2.0946366860423495       0.52291669173518129       0.51379310000000000        0.0000000000000000        0.0000000000000000        44.189107817048360        707.02572507277375        16.000000000000000        0.0000000000000000     
           2          88   1.0233777393068645E-005  -1.7563787026149049E-007   2.1233797625881832E-005   2.4108820355218987       0.51773112520070563       0.51379310000000000        0.0000000000000000        1.0000000000000000        47.135759328240646        754.17214925185033        16.000000000000000        0.0000000000000000     
           2          89   1.1613745309440751E-005   2.2624179424016455E-006   2.1495644305579701E-005   2.1433503495619290       0.52312575422248486       0.51379310000000000        0.0000000000000000        0.0000000000000000        48.488482817250656        775.81572507601049        16.000000000000000        0.0000000000000000     
           2          90   1.0267987293065954E-005  -1.1430646973372012E-007   2.1239347217204486E-005   2.4067931659223434       0.51801105421457772       0.51379310000000000        0.0000000000000000        0.0000000000000000        50.610192770790910        809.76308433265456        16.000000000000000        0.0000000000000000     
           2          91   1.0289164363869614E-005  -8.0799923747715179E-008   2.1247495268314229E-005   2.4175602332624937       0.51470120563108779       0.51379310000000000        0.0000000000000000        0.0000000000000000        39.638879489847596        634.22207183756154        16.000000000000000        0.0000000000000000     
           2          92   1.1986052198852969E-005   2.9261601028786954E-006   2.1559980593649660E-005   2.0694873065628343       0.52512149321320223       0.51379310000000000        0.0000000000000000        0.0000000000000000        44.773425557365414        716.37480891784662        16.000000000000000        0.0000000000000000     
           2          93   1.1644764873470401E-005   2.3211741552482038E-006   2.1497353510626429E-005   2.1357320467969521       0.52375469587427037       0.51379310000000000        0.0000000000000000        0.0000000000000000        44.987597415433100        719.80155864692961        16.000000000000000        0.0000000000000000     
           2          94   1.0835863326306271E-005   8.9581363163467180E-007   2.1339887326746561E-005   2.2894748398150333       0.52131601283010331       0.51379310000000000        0.0000000000000000        0.0000000000000000        47.821984654486002        765.15175447177603        16.000000000000000        0.0000000000000000     
           2          95   1.1976400605436682E-005   2.8142969362129367E-006   2.1658339810191021E-005   2.1063105216737537       0.51811632626428461       0.51379310000000000        0.0000000000000000        0.0000000000000000        51.454217122612128        823.26747396179405        16.000000000000000        0.0000000000000000     
           2          96   1.0830929354079488E-005   8.8782785979547579E-007   2.1338178305838134E-005   2.2904741893021336       0.52125137813449796       0.51379310000000000        1.0000000000000000        0.0000000000000000        41.410394320630253        662.56630913008405        16.000000000000000        0.0000000000000000     
           2          97   1.2254820005001108E-005   3.3850678866708520E-006   2.1627820341089713E-005   2.0237689825273208       0.52511578768382750       0.51379310000000000        0.0000000000000000        0.0000000000000000        42.166781074772118        674.66849719635388        16.000000000000000        0.0000000000000000     
           2          98   1.0651193900409133E-005   5.4036960248457505E-007   2.1335681840802692E-005   2.3480088478645511       0.51651008880594729       0.51379310000000000        0.0000000000000000        0.0000000000000000        44.073178513813183        705.17085622101092        16.000000000000000        0.0000000000000000     
           2          99   1.1244397726758289E-005   1.6129826599403653E-006   2.1422275919287793E-005   2.2127808831553302       0.52217565556438506       0.51379310000000000        0.0000000000000000        0.0000000000000000        47.169422088615420        754.71075341784672        16.000000000000000        0.0000000000000000     
           2         100   1.0829294508462636E-005   8.8338823875183935E-007   2.1339507371801806E-005   2.2916351736069456       0.52113729502189099       0.51379310000000000        0.0000000000000000        0.0000000000000000        48.874454627276492        781.99127403642387        16.000000000000000        0.0000000000000000     
           2         101   1.2098879678687600E-005   3.0783580550130647E-006   2.1631203816096057E-005   2.0590485582821128       0.52187996326840580       0.51379310000000000        0.0000000000000000        0.0000000000000000        42.866838668990049        685.86941870384078        16.000000000000000        0.0000000000000000     
           2         102   1.1721739837518790E-005   2.3945552653211048E-006   2.1578126235205881E-005   2.1467675368495880       0.51869516104549251       0.51379310000000000        0.0000000000000000        0.0000000000000000        42.549765371619301        680.79624594590882        16.000000000000000        0.0000000000000000     
           2         103   1.1642568532595146E-005   2.3177261108182507E-006   2.1496479891928898E-005   2.1359145371218826       0.52374900309668926       0.51379310000000000        0.0000000000000000        0.0000000000000000        44.276918597251104        708.43069755601766        16.000000000000000        0.0000000000000000     
           2         104   1.2275451468933939E-005   3.4322888269675827E-006   2.1620353706273787E-005   2.0163275799343325       0.52586996794722074       0.51379310000000000        0.0000000000000000        0.0000000000000000        45.447001730451163        727.15202768721861        16.000000000000000        0.0000000000000000     
           2         105   1.0853374835661029E-005   9.2473929996737108E-007   2.1345337065432487E-005   2.2873128461088448       0.52141915212512036       0.51379310000000000        0.0000000000000000        0.0000000000000000        49.384631360946145        790.15410177513832        16.000000000000000        0.0000000000000000     
           2         106   1.0777941999556067E-005   7.8691505684500178E-007   2.1335835573421802E-005   2.3054460352261494       0.52002079918946209       0.51379310000000000        0.0000000000000000        0.0000000000000000        43.638660883392326        698.21857413427722        16.000000000000000        0.0000000000000000     
           2         107   1.1628770712220988E-005   1.5144432469006319E-006   2.2316960581230197E-005   2.4434068373059090       0.46790490360237597       0.51379310000000000        0.0000000000000000        0.0000000000000000        46.233806125839834        739.74089801343735        16.000000000000000        0.0000000000000000     
           2         108   1.1123203135103721E-005   1.3748107496448954E-006   2.1424695655554056E-005   2.2515491064339370       0.51893126321882732       0.51379310000000000        0.0000000000000000        0.0000000000000000        44.815567959931933        717.04908735891092        16.000000000000000        0.0000000000000000     
           2         109   1.1267173105900363E-005   1.6521936447430290E-006   2.1427683176375595E-005   2.2092913678809518       0.52239491238863656       0.51379310000000000        0.0000000000000000        0.0000000000000000        47.871755623361437        765.94808997378300        16.000000000000000        0.0000000000000000     
           2         110   1.1107754362111221E-005   1.3344230622237657E-006   2.1435600770494496E-005   2.2605187237558400       0.51764907662735482       0.51379310000000000        0.0000000000000000        0.0000000000000000        46.566543571026990        745.06469713643185        16.000000000000000        0.0000000000000000     
           2         111   1.1600749726198625E-005   2.2341954963923032E-006   2.1498739520358965E-005   2.1482837753899262       0.52267398831908707       0.51379310000000000        0.0000000000000000        0.0000000000000000        42.041691034170306        672.66705654672489        16.000000000000000        0.0000000000000000     
           2         112   1.1973976395161175E-005   2.9012812597024715E-006   2.1561434242843512E-005   2.0729304111811557       0.52480840910648030       0.51379310000000000        0.0000000000000000        0.0000000000000000        45.660135294620545        730.56216471392872        16.000000000000000        0.0000000000000000     
           2         113   1.1972800424422457E-005   2.8943494170929919E-006   2.1566340718182224E-005   2.0749457438790615       0.52458621157424468       0.51379310000000000        0.0000000000000000        0.0000000000000000        47.035828445892342        752.57325513427747        16.000000000000000        0.0000000000000000     
           2         114   1.0608262175484494E-005   4.6560664977620524E-007   2.1326387370305526E-005   2.3482101429002564       0.51637375766801130       0.51379310000000000        1.0000000000000000        0.0000000000000000        46.758821739513003        748.14114783220805        16.000000000000000        0.0000000000000000     
           2         115   1.1767870427620044E-005   2.4927088499938505E-006   2.1569282172228145E-005   2.1301404505607549       0.52022426352997941       0.51379310000000000        0.0000000000000000        0.0000000000000000        49.702422908698011        795.23876653916818        16.000000000000000        0.0000000000000000     
           2         116   1.0512434112109628E-005   1.3974516511709415E-007   2.1473644266492728E-005   2.4592699916099354       0.50008700978042731       0.51379310000000000        0.0000000000000000        0.0000000000000000        41.047017847270851        656.75228555633362        16.000000000000000        0.0000000000000000     
           2         117   7.7938330145797004E-006  -1.4575905342434934E-006   2.1670968337814926E-005   2.5209780125585128       0.50200479236242357       0.59999999999999998        0.0000000000000000        1.0000000000000000        47.271822928405328        756.34916685448525        16.000000000000000        0.0000000000000000     
           2         118   7.9913230199955600E-006  -4.3002914041984690E-006   2.0980333827969024E-005   2.7685237220387013       0.48304966711971209       0.51379310000000000        0.0000000000000000        1.0000000000000000        50.503651071407262        808.05841714251619        16.000000000000000        0.0000000000000000     
           2         119   6.5256771837049702E-006  -7.3214016886540019E-006   2.0372756056064242E-005   3.1560941980922061       0.49710978150937313       0.50000000000000000        0.0000000000000000        1.0000000000000000        53.626402670713503        858.02244273141605        16.000000000000000        0.0000000000000000     
           2         120   1.0856430570150476E-005   9.3487232405476017E-007   2.1340913962081729E-005   2.2842120046943708       0.52173284815236132       0.51379310000000000        0.0000000000000000        0.0000000000000000        49.486513008392343        791.78420813427749        16.000000000000000        0.0000000000000000     
           2         121   1.0557627582086262E-005   1.8183607639144706E-007   2.1522116326826123E-005   2.3598630392145097       0.49947479116143861       0.51379310000000000        0.0000000000000000        0.0000000000000000        43.515985133878196        696.25576214205114        16.000000000000000        0.0000000000000000     
           2         122   1.0244987970349474E-005  -1.5838057996490992E-007   2.1238618414319911E-005   2.4104289186352492       0.51768221152764282       0.51379310000000000        0.0000000000000000        0.0000000000000000        43.531746028084200        696.50793644934720        16.000000000000000        0.0000000000000000     
           2         123   1.1245583788122185E-005   1.6169074396232463E-006   2.1420567874098820E-005   2.2122251893617282       0.52223978029133522       0.51379310000000000        0.0000000000000000        0.0000000000000000        46.863459403604892        749.81535045767828        16.000000000000000        0.0000000000000000     
           2         124   1.0792679521569343E-005   8.1530123172053416E-007   2.1336150051120167E-005   2.3012960388822936       0.52038565686719329       0.51379310000000000        0.0000000000000000        0.0000000000000000        51.275661439837023        820.41058303739237        16.000000000000000        0.0000000000000000     
           2         125   1.0987482080329449E-005   1.1298694061634464E-006   2.1404391783707283E-005   2.2818483190691228       0.51734356255910108       0.51379310000000000        0.0000000000000000        0.0000000000000000        51.471140887468856        823.53825419950169        16.000000000000000        0.0000000000000000     
           2         126   1.0536637671447596E-005   3.4593909217683626E-007   2.1305531766141669E-005   2.3677718685424214       0.51628758752394577       0.51379310000000000        0.0000000000000000        0.0000000000000000        41.794367646661044        668.70988234657671        16.000000000000000        0.0000000000000000     
           2         127   7.9477221579337911E-006  -1.4831246373689378E-006   1.7378568953236885E-005   2.3544459542266951       0.50603107498590882       0.50000000000000000        0.0000000000000000        1.0000000000000000        50.349026026115411        805.58441641784657        16.000000000000000        0.0000000000000000     
           2         128   1.0793059265470125E-005   8.1862465017984239E-007   2.1333419103508602E-005   2.2981847019074388       0.52071038554396987       0.51379310000000000        0.0000000000000000        0.0000000000000000        45.444542936299193        727.11268698078709        16.000000000000000        0.0000000000000000     
           2         129   1.1926122813652105E-005   2.8072109385042172E-006   2.1562419626714400E-005   2.0846461742920495       0.52378227980772618       0.51379310000000000        0.0000000000000000        0.0000000000000000        48.847253414207145        781.55605462731432        16.000000000000000        0.0000000000000000     
           2         130   1.2261603798977613E-005   3.4048776736742251E-006   2.1620839078795167E-005   2.0196550772404165       0.52556633950626563       0.51379310000000000        0.0000000000000000        0.0000000000000000        51.915027979101403        830.64044766562245        16.000000000000000        0.0000000000000000     
           2         131   1.1966039059276176E-005   2.8871554640405859E-006   2.1560036484930108E-005   2.0745606496710813       0.52467758119090302       0.51379310000000000        0.0000000000000000        0.0000000000000000        42.403662638303835        678.45860221286136        16.000000000000000        0.0000000000000000     
           2         132   1.4087651823916256E-005   6.9712191736685608E-006   2.4762300799287640E-005   2.3810228216971141       0.42453332868484223       0.59999999999999998        0.0000000000000000        1.0000000000000000        49.922232083115411        798.75571332984657        16.000000000000000        0.0000000000000000     
           2         133  -3.2850993606354405E-005  -6.7662933892549587E-005   1.9366916822938173E-005   16.713770473528136       0.43855554343321485       0.59999999999999998        0.0000000000000000        1.0000000000000000        56.014173320499992        896.22677312799988        16.000000000000000        12.625000000000000     
           2         134   1.1982405008338612E-005   2.9176466829606738E-006   2.1561475730590083E-005   2.0710448353621334       0.52496772117076018       0.51379310000000000        0.0000000000000000        0.0000000000000000        47.817438695892335        765.07901913427736        16.000000000000000        0.0000000000000000     
           2         135   1.1621621488314086E-005   2.2793955374206848E-006   2.1493902676034613E-005   2.1398383673593817       0.52345982932389290       0.51379310000000000        0.0000000000000000        0.0000000000000000        52.291232002095221        836.65971203352353        16.000000000000000        0.0000000000000000     
           2         136  -3.9573387353452735E-005  -7.8573503289333232E-005   1.8926786550368187E-005   17.211136569170947       0.69532297732478709       0.59999999999999998        0.0000000000000000        1.0000000000000000        50.186871875748082        802.98995001196931        16.000000000000000        5.3750000000000000     
           2         137   1.1949726078287860E-005   2.8523194055582779E-006   2.1563297535916525E-005   2.0798128505144016       0.52417218337808413       0.51379310000000000        0.0000000000000000        0.0000000000000000        44.338967578283963        709.42348125254341        16.000000000000000        0.0000000000000000     
           2         138   1.2284246652552427E-005   3.4505733258995280E-006   2.1619121173848686E-005   2.0137919351001954       0.52610826577173864       0.51379310000000000        0.0000000000000000        0.0000000000000000        46.262440628829445        740.19905006127112        16.000000000000000        0.0000000000000000     
           2         139   1.1196931040248711E-005   1.5162899481992767E-006   2.1426828223262001E-005   2.2295722768719819       0.52074981328619019       0.51379310000000000        0.0000000000000000        0.0000000000000000        51.234214633650375        819.74743413840599        16.000000000000000        0.0000000000000000     
           2         140   1.1899009835476987E-005   2.7534376300244916E-006   2.1563479621309797E-005   2.0912507947459549       0.52320413207652805       0.51379310000000000        1.0000000000000000        0.0000000000000000        49.831051893694557        797.29683029911291        16.000000000000000        0.0000000000000000     
           2         141  -2.6346385929348793E-005  -5.0118610537889847E-005   9.3119509834627211E-006   9.3084463856941291       0.59520406627170452       0.59999999999999998        0.0000000000000000        1.0000000000000000        47.971277437499992        767.54043899999988        16.000000000000000        9.0000000000000000     
           2         142  -2.2682062607775468E-005  -6.4840430147102056E-005   1.9476304931550636E-005   20.422003511892260       0.49008517801274176       0.50000000000000000        0.0000000000000000        1.0000000000000000        50.678529034289909        810.85646454863854        16.000000000000000        18.062500000000000     
           2         143   1.1135963385088776E-005   1.3980859807362848E-006   2.1426344329913647E-005   2.2455311751714846       0.51920179848909920       0.51379310000000000        0.0000000000000000        0.0000000000000000        46.986280336651042        751.78048538641667        16.000000000000000        0.0000000000000000     
           2         144   1.1966870769332847E-005   2.8817358509827138E-006   2.1567474203009208E-005   2.0771987441270556       0.52435627384368122       0.51379310000000000        0.0000000000000000        0.0000000000000000        48.161374004808820        770.58198407694113        16.000000000000000        0.0000000000000000     
           2         145   1.1210578344953863E-005   1.5500914245082668E-006   2.1419177857558772E-005   2.2205432782736909       0.52155443682079450       0.51379310000000000        0.0000000000000000        0.0000000000000000        51.530091067603713        824.48145708165941        16.000000000000000        0.0000000000000000     
           2         146   9.8965126937910180E-006  -1.2916600182864897E-006   2.1719475183779437E-005   2.7353304703591941       0.46527105419001547       0.51379310000000000        0.0000000000000000        0.0000000000000000        42.912865062634758        686.60584100215613        16.000000000000000        0.0000000000000000     
           2         147   1.1982005526731707E-005   2.9184316891477949E-006   2.1559824556225214E-005   2.0705115910336418       0.52503359568462149       0.51379310000000000        0.0000000000000000        0.0000000000000000        46.398569388416327        742.37711021466123        16.000000000000000        0.0000000000000000     
           2         148   1.1147149506021992E-005   9.8523561396564299E-007   2.1885625740178516E-005   2.4218863222021358       0.48479858844836099       0.51379310000000000        0.0000000000000000        0.0000000000000000        44.225451338615429        707.60722141784686        16.000000000000000        0.0000000000000000     
           2         149   1.1101826823548539E-005   9.0522384607826704E-007   2.1876960317671861E-005   2.4275035786101262       0.48451573226945260       0.51379310000000000        0.0000000000000000        0.0000000000000000        49.643359714778995        794.29375543646393        16.000000000000000        0.0000000000000000     
           2         150  -2.0083296619933518E-005  -5.0354838611966280E-005   1.0188245372099238E-005   10.555622100956946       0.43718056714444747       0.50000000000000000        0.0000000000000000        1.0000000000000000        60.786183784687509        972.57894055500014        16.000000000000000        12.625000000000000     
           2         151  -3.1699511434873241E-005  -6.5790192935051052E-005   1.9436510815393326E-005   22.454682335293352       0.45017558195227442       0.59999999999999998        0.0000000000000000        1.0000000000000000        46.263189001767330        740.21102402827728        16.000000000000000        16.250000000000000     
           2         152   1.2284875239923261E-005   3.4472805797053993E-006   2.1623893581738022E-005   2.0153392032440425       0.52591861263441120       0.51379310000000000        0.0000000000000000        0.0000000000000000        45.521850641419711        728.34961026271537        16.000000000000000        0.0000000000000000     
           2         153   1.0786317944897903E-005   8.0258912683028318E-007   2.1336499316232411E-005   2.3035974093900067       0.52022746995881053       0.51379310000000000        0.0000000000000000        0.0000000000000000        46.464725182210003        743.43560291536005        16.000000000000000        0.0000000000000000     
           2         154   9.7891409793510491E-006  -1.2163036343019433E-006   2.1419007821897345E-005   2.6563791945638688       0.48597724274421217       0.51379310000000000        0.0000000000000000        0.0000000000000000        46.172170518252130        738.75472829203409        16.000000000000000        0.0000000000000000     
           2         155   1.2223643672433240E-005   3.3240093848685874E-006   2.1628221619546479E-005   2.0317569206826773       0.52439472890229977       0.51379310000000000        0.0000000000000000        0.0000000000000000        49.587801695892338        793.40482713427741        16.000000000000000        0.0000000000000000     
           2         156   1.0696735588092393E-005   6.3164944034961126E-007   2.1332890306620346E-005   2.3252449112143352       0.51838444171711828       0.51379310000000000        0.0000000000000000        0.0000000000000000        43.094541540861229        689.51266465377967        16.000000000000000        0.0000000000000000     
           2         157   1.1592513057590904E-005   2.2195988100196135E-006   2.1497223721494958E-005   2.1497037544556403       0.52254119785994158       0.51379310000000000        0.0000000000000000        0.0000000000000000        45.091846690867527        721.46954705388043        16.000000000000000        0.0000000000000000     
           2         158   1.1954495454784953E-005   2.8635368217022168E-006   2.1561253026640427E-005   2.0779595018741772       0.52436479627882315       0.51379310000000000        0.0000000000000000        1.0000000000000000        48.362401249190363        773.79841998704580        16.000000000000000        0.0000000000000000     
           2         159   1.0464732651182237E-005   4.2171301237338686E-008   2.1478644847674095E-005   2.4648396261657974       0.49837373870776552       0.51379310000000000        0.0000000000000000        0.0000000000000000        48.561595987269577        776.98553579631323        16.000000000000000        0.0000000000000000     
           2         160   1.1160296643396535E-005   1.4538527719106700E-006   2.1417460592955162E-005   2.2333301971192827       0.52046361725533763       0.51379310000000000        0.0000000000000000        0.0000000000000000        49.890182343119434        798.24291748991095        16.000000000000000        0.0000000000000000     
           2         161   1.1578393826763981E-005   2.1892141829567014E-006   2.1500292746028157E-005   2.1531823765139326       0.52223959794506802       0.51379310000000000        0.0000000000000000        1.0000000000000000        41.943717630730895        671.09948209169431        16.000000000000000        0.0000000000000000     
           2         162   1.1445396115400915E-005   1.9404780288858679E-006   2.1489600195837041E-005   2.1803780479527952       0.52002747220271306       0.51379310000000000        0.0000000000000000        1.0000000000000000        45.434722383392334        726.95555813427734        16.000000000000000        0.0000000000000000     
           2         163   1.2278130398149904E-005   3.4388258120223460E-006   2.1618955682922222E-005   2.0151808721049131       0.52598735652854178       0.51379310000000000        0.0000000000000000        0.0000000000000000        48.144919872058537        770.31871795293659        16.000000000000000        0.0000000000000000     
           2         164   1.0361358742127519E-005   6.1752161870458382E-008   2.1245340013579647E-005   2.3787687331927363       0.52022176471922388       0.51379310000000000        0.0000000000000000        0.0000000000000000        50.342893985734825        805.48630377175721        16.000000000000000        0.0000000000000000     
           2         165   9.9403919980438811E-006  -9.2478185491034480E-007   2.1422029457217060E-005   2.6251013545839039       0.48909080825765611       0.51379310000000000        0.0000000000000000        0.0000000000000000        48.757268668607054        780.11629869771286        16.000000000000000        0.0000000000000000     
           2         166   1.2267292880252463E-005   3.4113790826299983E-006   2.1625669742887157E-005   2.0202073833082692       0.52546166644579484       0.51379310000000000        0.0000000000000000        0.0000000000000000        42.060259946470993        672.96415914353588        16.000000000000000        0.0000000000000000     
           2         167   1.2215341545347992E-005   3.3109884550790967E-006   2.1624906028583086E-005   2.0317715384080994       0.52441691379413469       0.51379310000000000        0.0000000000000000        0.0000000000000000        42.269405575675833        676.31048921081333        16.000000000000000        0.0000000000000000     
           2         168   1.1217882773756341E-005   1.5566049895859018E-006   2.1427318021775777E-005   2.2235978341796305       0.52121065844323422       0.51379310000000000        0.0000000000000000        0.0000000000000000        47.369648883558142        757.91438213693027        16.000000000000000        0.0000000000000000     
           2         169   1.0780913661274764E-005   7.8592831743308793E-007   2.1342990226348428E-005   2.3084999754569675       0.51967703546571387       0.51379310000000000        0.0000000000000000        0.0000000000000000        51.621378615669265        825.94205785070824        16.000000000000000        0.0000000000000000     
           2         170   1.1485319395221655E-005   2.0052458906686191E-006   2.1503269272387395E-005   2.1837270669598814       0.51971966454306218       0.51379310000000000        1.0000000000000000        0.0000000000000000        53.022957660270563        848.36732256432902        16.000000000000000        0.0000000000000000     
           2         171   9.4023410393890940E-006  -1.8042988668969568E-006   2.1244818507385369E-005   2.7244794521318609       0.49016809896150448       0.51379310000000000        0.0000000000000000        0.0000000000000000        41.168144416308039        658.69031066092862        16.000000000000000        0.0000000000000000     
           2         172   1.1740352808985671E-005   2.1409320808535797E-006   2.1884421381667680E-005   2.2702905955819888       0.49721781148883210       0.51379310000000000        0.0000000000000000        0.0000000000000000        44.341793429869135        709.46869487790616        16.000000000000000        0.0000000000000000     
           2         173   1.1154996645296877E-005   1.4398940248733790E-006   2.1421310620202560E-005   2.2393254331665129       0.52002185408332258       0.51379310000000000        0.0000000000000000        0.0000000000000000        44.808126454210118        716.93002326736189        16.000000000000000        0.0000000000000000     
           2         174   9.4613722802728420E-006  -1.6796010782294535E-006   2.1234457439867320E-005   2.6810719108128200       0.49360581836842282       0.51379310000000000        0.0000000000000000        0.0000000000000000        49.251572961018681        788.02516737629890        16.000000000000000        0.0000000000000000     
           2         175   1.0223921184848743E-005  -1.9728706163823734E-007   2.1236403506074394E-005   2.4155178279767449       0.51728029018980881       0.51379310000000000        0.0000000000000000        1.0000000000000000        55.621831582838546        889.94930532541673        16.000000000000000        0.0000000000000000     
           2         176  -9.4492392972244669E-006  -3.9249977486799507E-005   2.0351498892350556E-005   17.500009005280241       0.50000900528021830       0.50000000000000000        0.0000000000000000        1.0000000000000000        56.460499472946161        903.36799156713857        16.000000000000000        3.6250000000000000     
           2         177   1.1009081128698470E-005   9.6815918572824416E-007   2.1619700624096023E-005   2.3249750353321481       0.50098190301026568       0.51379310000000000        0.0000000000000000        0.0000000000000000        44.013787143848646        704.22059430157833        16.000000000000000        0.0000000000000000     
           2         178   1.1549948327175330E-005   2.1417455901756977E-006   2.1491949663790580E-005   2.1565058133138542       0.52208777710122256       0.51379310000000000        0.0000000000000000        0.0000000000000000        47.551475134849895        760.82360215759832        16.000000000000000        0.0000000000000000     
           2         179   1.0135450205983371E-005  -3.5589980416536003E-007   2.1222053964382257E-005   2.4329080067045012       0.51602320018010395       0.51379310000000000        0.0000000000000000        0.0000000000000000        47.356496666212117        757.70394665939386        16.000000000000000        0.0000000000000000     
           2         180   1.1531534914777729E-005   2.1025889026097360E-006   2.1495456449671740E-005   2.1632261588990436       0.52139112299695167       0.51379310000000000        0.0000000000000000        1.0000000000000000        50.830069319961176        813.28110911937881        16.000000000000000        0.0000000000000000     
           2         181   1.1011173449015836E-005   1.1730768026129606E-006   2.1407459832559305E-005   2.2641545864187798       0.51802381769839168       0.51379310000000000        0.0000000000000000        1.0000000000000000        44.977768791985262        719.64430067176420        16.000000000000000        0.0000000000000000     
           2         182   1.2245696304761312E-005   3.3740024016771041E-006   2.1620748597759820E-005   2.0235281227924489       0.52521895654889006       0.51379310000000000        1.0000000000000000        0.0000000000000000        45.431656766545380        726.90650826472609        16.000000000000000        0.0000000000000000     
           2         183   1.0841849970370003E-005   9.0667604760568846E-007   2.1340721559433225E-005   2.2883544225994572       0.52139290535026261       0.51379310000000000        0.0000000000000000        0.0000000000000000        45.641772195892344        730.26835513427750        16.000000000000000        0.0000000000000000     
           2         184   1.0790908566362452E-005   8.1063040300626622E-007   2.1337443501208241E-005   2.3024084227135848       0.52026529127218724       0.51379310000000000        0.0000000000000000        0.0000000000000000        49.569608624160097        793.11373798656155        16.000000000000000        0.0000000000000000     
           2         185   1.0028266263364594E-005  -5.4756003928327518E-007   2.1204139294165174E-005   2.4714490844175283       0.51419102174300868       0.51379310000000000        0.0000000000000000        0.0000000000000000        49.269292667112893        788.30868267380629        16.000000000000000        0.0000000000000000     
           2         186   1.0509565496649528E-005   2.9509426509004420E-007   2.1303581046251423E-005   2.3761345560897578       0.51560700800929771       0.51379310000000000        0.0000000000000000        0.0000000000000000        42.896478591000331        686.34365745600530        16.000000000000000        0.0000000000000000     
           2         187   1.1969450006440121E-005   2.8939763907063173E-006   2.1559843978627682E-005   2.0735517218610497       0.52476784857930814       0.51379310000000000        0.0000000000000000        0.0000000000000000        45.816248745705948        733.05997993129517        16.000000000000000        0.0000000000000000     
           2         188   1.1408933449461878E-005   1.6622155811605850E-006   2.1708656444712942E-005   2.2888253204213225       0.50269756887522909       0.51379310000000000        0.0000000000000000        0.0000000000000000        46.315564869107661        741.04903790572257        16.000000000000000        0.0000000000000000     
           2         189   1.0790680265855909E-005   8.1116985854977509E-007   2.1336403884035737E-005   2.3021564444961742       0.52033050234135036       0.51379310000000000        0.0000000000000000        0.0000000000000000        47.409405471432443        758.55048754291909        16.000000000000000        0.0000000000000000     
           2         190   1.1621721453372188E-005   2.2803619010649259E-006   2.1493087085153120E-005   2.1395336862290968       0.52349220361760329       0.51379310000000000        0.0000000000000000        0.0000000000000000        52.990332695892327        847.84532313427724        16.000000000000000        0.0000000000000000     
           2         191   1.0779963152163656E-005   7.9208170553755816E-007   2.1334532762127189E-005   2.3026230077096645       0.52030598124572369       0.51379310000000000        0.0000000000000000        0.0000000000000000        42.014003164415797        672.22405063065275        16.000000000000000        0.0000000000000000     
           2         192   1.2052429535551793E-005   2.9898951265524119E-006   2.1629150161804949E-005   2.0737030369249143       0.52135737531534465       0.51379310000000000        0.0000000000000000        0.0000000000000000        46.141340770750972        738.26145233201555        16.000000000000000        0.0000000000000000     
           2         193   1.1414489104264240E-005   1.8775604067557308E-006   2.1492520000106861E-005   2.1975159598395786       0.51918785413650792       0.51379310000000000        0.0000000000000000        0.0000000000000000        45.829983112385392        733.27972979816627        16.000000000000000        0.0000000000000000     
           2         194   9.8546265856460098E-006  -1.9506708375397542E-006   2.2329727945746700E-005   2.9358470938716006       0.42870216546224615       0.51379310000000000        0.0000000000000000        0.0000000000000000        48.248648394479780        771.97837431167648        16.000000000000000        0.0000000000000000     
           2         195   1.0223894688441180E-005  -1.9500956200002843E-007   2.1233942290474650E-005   2.4144013170288701       0.51740693840865948       0.51379310000000000        0.0000000000000000        1.0000000000000000        50.168991689808486        802.70386703693578        16.000000000000000        0.0000000000000000     
           2         196   1.1154849795866900E-005   1.4334875953448435E-006   2.1427778504260738E-005   2.2424261985440750       0.51949420188888085       0.51379310000000000        0.0000000000000000        0.0000000000000000        44.941027446408398        719.05643914253437        16.000000000000000        0.0000000000000000     
           2         197   1.1248252196728051E-005   1.4040765524902175E-006   2.1650962485696796E-005   2.2873602730443285       0.50375971668883468       0.51379310000000000        0.0000000000000000        0.0000000000000000        44.019422477142328        704.31075963427725        16.000000000000000        0.0000000000000000     
           2         198   1.2245522553355342E-005   3.3742118587123042E-006   2.1620169895595544E-005   2.0231921004456472       0.52525230150449709       0.51379310000000000        0.0000000000000000        0.0000000000000000        48.752344071827459        780.03750514923934        16.000000000000000        0.0000000000000000     
           2         199   1.0852891162586639E-005   9.2945681150457772E-007   2.1339357105149074E-005   2.2845161754728074       0.52172860470858895       0.51379310000000000        0.0000000000000000        0.0000000000000000        46.041252146420952        736.66003434273523        16.000000000000000        0.0000000000000000     
           2         200   1.0756415913393007E-005   7.4457768029569599E-007   2.1336301559774510E-005   2.3097359409526232       0.51970179810634309       0.51379310000000000        0.0000000000000000        0.0000000000000000        50.965222992990185        815.44356788784296        16.000000000000000        0.0000000000000000     
           2         201   1.0199544209121936E-005  -2.4617955689464803E-007   2.1237933000982994E-005   2.4299503545485504       0.51602772537621500       0.51379310000000000        1.0000000000000000        0.0000000000000000        42.308451221767058        676.93521954827293        16.000000000000000        0.0000000000000000     
           2         202   1.2219140427958673E-005   3.3115738862809965E-006   2.1632100686039867E-005   2.0334819788068796       0.52418050042997821       0.51379310000000000        0.0000000000000000        0.0000000000000000        45.484284983174156        727.74855973078650        16.000000000000000        0.0000000000000000     
           2         203   1.1125259602641690E-005   1.3850621709219201E-006   2.1418092207558125E-005   2.2412735610009533       0.51985422590478869       0.51379310000000000        0.0000000000000000        0.0000000000000000        46.680538536654105        746.88861658646567        16.000000000000000        0.0000000000000000     
           2         204   1.2284737471218581E-005   3.4517546827907051E-006   2.1618882274826021E-005   2.0135519115370597       0.52613320010563602       0.51379310000000000        0.0000000000000000        0.0000000000000000        50.338986869865437        805.42378991784699        16.000000000000000        0.0000000000000000     
           2         205   1.1956860196431165E-005   2.8618882262767637E-006   2.1567858812367757E-005   2.0796970255293039       0.52413275934749493       0.51379310000000000        0.0000000000000000        0.0000000000000000        47.748573114049741        763.97716982479585        16.000000000000000        0.0000000000000000     
           2         206   1.1947458642560243E-005   2.8445953160325906E-006   2.1566796351286776E-005   2.0810445574398764       0.52406378842134549       0.51379310000000000        0.0000000000000000        0.0000000000000000        43.578876940052311        697.26203104083697        16.000000000000000        0.0000000000000000     
           2         207   1.1930545935057924E-005   2.8094510082077904E-006   2.1569149660880863E-005   2.0864430123197102       0.52352311259778750       0.51379310000000000        0.0000000000000000        0.0000000000000000        43.531382215002509        696.50211544004014        16.000000000000000        0.0000000000000000     
           2         208   1.2173503590188196E-005   3.2084011212018321E-006   2.1647264224515183E-005   2.0510037051553027       0.52225971121788828       0.51379310000000000        0.0000000000000000        0.0000000000000000        46.990854881287682        751.85367810060291        16.000000000000000        0.0000000000000000     
           2         209   1.1494698146536313E-005   2.0065476043077064E-006   2.1521183332900991E-005   2.1894611819639511       0.51852185453749522       0.51379310000000000        0.0000000000000000        0.0000000000000000        49.366753846521149        789.86806154433839        16.000000000000000        0.0000000000000000     
           2         210   1.1611543002322435E-005   2.2572075706685732E-006   2.1496620733364739E-005   2.1440241127653192       0.52304348448193794       0.51379310000000000        0.0000000000000000        0.0000000000000000        48.387328636162444        774.19725817859910        16.000000000000000        0.0000000000000000     
           2         211   1.1582652667443110E-005   2.1972507488665776E-006   2.1500559522511399E-005   2.1537483368374630       0.52213128448222013       0.51379310000000000        0.0000000000000000        0.0000000000000000        39.294394151115412        628.71030641784660        16.000000000000000        0.0000000000000000     
           2         212   1.1286060208650460E-005   1.4574149899945292E-006   2.1672358913365240E-005   2.2906284846588547       0.50289546304899302       0.51379310000000000        0.0000000000000000        0.0000000000000000        43.512196877519699        696.19515004031518        16.000000000000000        0.0000000000000000     
           2         213   1.1523536200313054E-005   2.0669716881901840E-006   2.1516643241849466E-005   2.1785785081765687       0.51971010696310160       0.51379310000000000        0.0000000000000000        1.0000000000000000        44.987291842920413        719.79666948672661        16.000000000000000        0.0000000000000000     
           2         214   1.0821872209080416E-005   8.6961295333345197E-007   2.1338798511471593E-005   2.2932669734304296       0.52100903549200528       0.51379310000000000        0.0000000000000000        0.0000000000000000        47.361662703513836        757.78660325622138        16.000000000000000        0.0000000000000000     
           2         215   1.0367064328313900E-005   7.0969617810396648E-008   2.1247334475041568E-005   2.3780530142642213       0.52025170493213857       0.51379310000000000        0.0000000000000000        0.0000000000000000        49.993639244876313        799.89822791802101        16.000000000000000        0.0000000000000000     
           2         216   1.1250541968041794E-005   1.6204904468106775E-006   2.1426979250714989E-005   2.2137552147914366       0.52202654799522585       0.51379310000000000        0.0000000000000000        0.0000000000000000        41.015547790558223        656.24876464893157        16.000000000000000        0.0000000000000000     
           2         217   1.1149160465187161E-005   1.4297058597893612E-006   2.1420073346135577E-005   2.2373161757139690       0.52008513559357494       0.51379310000000000        0.0000000000000000        1.0000000000000000        43.239310648068560        691.82897036909696        16.000000000000000        0.0000000000000000     
           2         218   1.0785462824423117E-005   8.0289168336197749E-007   2.1334420834966368E-005   2.3013219408207344       0.52040122458011784       0.51379310000000000        0.0000000000000000        0.0000000000000000        45.351495088615430        725.62392141784687        16.000000000000000        0.0000000000000000     
           2         219  -1.7799673721224890E-005  -3.5309246522813973E-005   8.4646854811587354E-006   11.007716987910012       0.40319713082765213       0.59999999999999998        0.0000000000000000        1.0000000000000000        58.511741033637499        936.18785653819998        16.000000000000000        9.0000000000000000     
           2         220   1.1647148956631167E-005   2.3259268307756689E-006   2.1497234613235426E-005   2.1350365264199440       0.52381519771134011       0.51379310000000000        0.0000000000000000        0.0000000000000000        50.334590500369373        805.35344800590997        16.000000000000000        0.0000000000000000     
           2         221  -2.6669803830267341E-005  -5.4974216674813080E-005   1.5786815436551373E-005   17.203682290721648       0.50060893073891854       0.59999999999999998        0.0000000000000000        1.0000000000000000        49.203876418874991        787.26202270199985        16.000000000000000        21.000000000000000     
           2         222   1.2271021656955797E-005   3.4247565034619515E-006   2.1619202434801267E-005   2.0167899335780244       0.52584543312874221       0.51379310000000000        0.0000000000000000        0.0000000000000000        41.288319801071999        660.61311681715199        16.000000000000000        0.0000000000000000     
           2         223   1.2247196350473852E-005   3.3780288850229255E-006   2.1619578861896853E-005   2.0224443293011523       0.52533311622646905       0.51379310000000000        0.0000000000000000        0.0000000000000000        43.838276082084242        701.41241731334787        16.000000000000000        0.0000000000000000     
           2         224  -1.2329112710346060E-005  -5.3383405019837913E-005   1.5040415495981837E-005   16.490374603887908       0.53916171217186037       0.40000000000000002        0.0000000000000000        1.0000000000000000        55.452328193499994        887.23725109599991        16.000000000000000        22.750000000000000     
           2         225   9.0809253540093326E-006  -3.2949997785509797E-006   2.2159030455409579E-005   3.1528296411800931       0.41743137987051560       0.51379310000000000        0.0000000000000000        0.0000000000000000        48.905314526115419        782.48503241784670        16.000000000000000        0.0000000000000000     
           2         226  -1.7149738004669794E-005  -5.0411016248270079E-005   1.6111540238930291E-005   20.528842129945939       0.50036574989540061       0.50000000000000000        0.0000000000000000        1.0000000000000000        50.540332130312507        808.64531408500011        16.000000000000000        35.000000000000000     
           2         227   9.4849697625094082E-006  -2.5270498328597258E-006   2.2178522209349507E-005   3.0748063436815176       0.42463301481127719       0.51379310000000000        0.0000000000000000        0.0000000000000000        44.972385861577649        719.55817378524239        16.000000000000000        0.0000000000000000     
           2         228   1.0220118140488117E-005  -2.0565916692229963E-007   2.1237428760069844E-005   2.4221881703153474       0.51670471050747224       0.51379310000000000        0.0000000000000000        1.0000000000000000        44.376916453919428        710.03066326271085        16.000000000000000        0.0000000000000000     
           2         229   1.0122491473703293E-005  -3.8773397494625074E-007   2.1229041617192531E-005   2.4534023740622199       0.51444694173750882       0.51379310000000000        0.0000000000000000        1.0000000000000000        47.871412342423582        765.94259747877732        16.000000000000000        0.0000000000000000     
           2         230  -1.8573108534443775E-005  -5.1177459856726681E-005   1.4031242787839275E-005   14.096612527177868       0.50085471891350453       0.50000000000000000        1.0000000000000000        0.0000000000000000        59.923655135312494        958.77848216499990        16.000000000000000        24.500000000000000     
           2         231   1.2213337003445464E-005   3.3042241057579417E-006   2.1627931354024791E-005   2.0341570482386295       0.52419244675311127       0.51379310000000000        0.0000000000000000        0.0000000000000000        43.057580183042013        688.92128292867221        16.000000000000000        0.0000000000000000     
           2         232   1.0357111351551134E-005   4.8719765086831071E-008   2.1250376069150811E-005   2.3826542037291549       0.51983249052692637       0.51379310000000000        0.0000000000000000        0.0000000000000000        46.874781664642335        749.99650663427735        16.000000000000000        0.0000000000000000     
           2         233   1.0834663215890669E-005   8.9484307432443031E-007   2.1338444638938889E-005   2.2891952940805655       0.52135664989595221       0.51379310000000000        0.0000000000000000        0.0000000000000000        46.343625348688484        741.49800557901574        16.000000000000000        0.0000000000000000     
           2         234   1.0865248796314605E-005   9.4805219236544451E-007   2.1345123077104501E-005   2.2835751792836509       0.52172917272563657       0.51379310000000000        0.0000000000000000        0.0000000000000000        48.000287759999452        768.00460415999123        16.000000000000000        0.0000000000000000     
           2         235   1.1154634905460070E-005   1.4404473439787211E-006   2.1419981903199220E-005   2.2346788989217639       0.52039242868343438       0.51379310000000000        0.0000000000000000        0.0000000000000000        51.104883631501941        817.67813810403106        16.000000000000000        0.0000000000000000     
           2         236   1.0832740851246917E-005   8.9065066043042843E-007   2.1338921120632576E-005   2.2903340024930352       0.52125399401476002       0.51379310000000000        0.0000000000000000        0.0000000000000000        40.423889295701684        646.78222873122695        16.000000000000000        0.0000000000000000     
           2         237   1.0173576751674101E-005  -2.9643094896992082E-007   2.1237627289701265E-005   2.4392885183967898       0.51520309325601421       0.51379310000000000        0.0000000000000000        1.0000000000000000        44.879282523002388        718.06852036803821        16.000000000000000        0.0000000000000000     
           2         238   1.0730509193462186E-005   6.9725856340901274E-007   2.1333022124257982E-005   2.3194186202424110       0.51897956791785915       0.51379310000000000        0.0000000000000000        0.0000000000000000        49.174664082439335        786.79462531902936        16.000000000000000        0.0000000000000000     
           2         239   1.1543700827669399E-005   2.1176026200026250E-006   2.1504612980544283E-005   2.1659152924159017       0.52095578797403741       0.51379310000000000        0.0000000000000000        0.0000000000000000        49.460023258392347        791.36037213427755        16.000000000000000        0.0000000000000000     
           2         240   1.1884133977248980E-005   2.7176826438082016E-006   2.1570667522140575E-005   2.1001495592231700       0.52232411135679691       0.51379310000000000        0.0000000000000000        0.0000000000000000        49.486378854062160        791.78206166499456        16.000000000000000        0.0000000000000000     
           2         241   1.0804781726296114E-005   8.3291124576287062E-007   2.1342431946791926E-005   2.3000036139696243       0.52039221510437284       0.51379310000000000        0.0000000000000000        1.0000000000000000        43.515715502227984        696.25144803564774        16.000000000000000        0.0000000000000000     
           2         242   1.0237122231989379E-005  -1.7301728499389731E-007   2.1237907810851536E-005   2.4166384133966012       0.51720352551919324       0.51379310000000000        0.0000000000000000        0.0000000000000000        43.531452634995610        696.50324215992975        16.000000000000000        0.0000000000000000     
           2         243   1.1017889679121127E-005   8.5477559395983046E-007   2.1757634202427210E-005   2.3878459242604229       0.49374953127214505       0.51379310000000000        0.0000000000000000        0.0000000000000000        46.863072567272148        749.80916107635437        16.000000000000000        0.0000000000000000     
           2         244   1.1938947138504534E-005   2.8237039340425658E-006   2.1571367129406951E-005   2.0861289087793575       0.52352867872514308       0.51379310000000000        0.0000000000000000        0.0000000000000000        51.275251801968125        820.40402883149000        16.000000000000000        0.0000000000000000     
           2         245  -2.6523673834976332E-005  -5.5048973842568074E-005   1.6264276176411610E-005   18.133784684979037       0.50030981137969488       0.59999999999999998        0.0000000000000000        1.0000000000000000        61.087363830000015        977.39782128000024        16.000000000000000        45.500000000000000     
           2         246   1.2030911486572608E-005   1.3857775281688229E-006   2.3280024521380742E-005   2.5926605514412056       0.42310896138343579       0.51379310000000000        0.0000000000000000        1.0000000000000000        42.861373070892327        685.78196913427723        16.000000000000000        0.0000000000000000     
           2         247   1.1592539443054103E-005   2.2193163392443205E-006   2.1497576486950500E-005   2.1496373584171122       0.52253448229527744       0.51379310000000000        0.0000000000000000        0.0000000000000000        46.745286074700743        747.92457719521190        16.000000000000000        0.0000000000000000     
           2         248   1.1142401736845102E-005   1.4188306288147868E-006   2.1417664680800385E-005   2.2382329480050585       0.52002663783034053       0.51379310000000000        1.0000000000000000        0.0000000000000000        45.882588657699998        734.12141852319996        16.000000000000000        0.0000000000000000     
           2         249   1.2248972039862256E-005   3.3782343463282854E-006   2.1623013870300548E-005   2.0234800229517873       0.52519314145488449       0.51379310000000000        0.0000000000000000        0.0000000000000000        50.240770831052217        803.85233329683547        16.000000000000000        0.0000000000000000     
           2         250   1.1925005493342309E-005   2.8033638887393878E-006   2.1564186914087234E-005   2.0863450301576152       0.52357036952666647       0.51379310000000000        0.0000000000000000        0.0000000000000000        49.693233344794649        795.09173351671438        16.000000000000000        0.0000000000000000     
           2         251   1.1268957132820267E-005   1.6596205742909474E-006   2.1423504136061620E-005   2.2068779552885962       0.52265169138205603       0.51379310000000000        0.0000000000000000        0.0000000000000000        42.055876472059211        672.89402355294737        16.000000000000000        0.0000000000000000     
           2         252  -2.5297763966015868E-005  -5.2374203426476284E-005   1.5316895224674936E-005   16.391953302705058       0.50073630856257945       0.59999999999999998        0.0000000000000000        1.0000000000000000        52.086098606249990        833.37757769999985        16.000000000000000        49.000000000000000     
           2         253   1.1175205762743348E-005   1.4712744658953600E-006   2.1429714580275131E-005   2.2375535988643276       0.51999539975898279       0.51379310000000000        0.0000000000000000        0.0000000000000000        47.499619070892344        759.99390513427750        16.000000000000000        0.0000000000000000     
           2         254   1.1464004622504584E-005   1.9720121694729937E-006   2.1494549700370798E-005   2.1793689351168930       0.51995348443789036       0.51379310000000000        0.0000000000000000        0.0000000000000000        47.817296043505905        765.07673669609449        16.000000000000000        0.0000000000000000     
           2         255   1.1592960163004755E-005   2.2183124131783856E-006   2.1499502683876907E-005   2.1504562838761192       0.52243929638869724       0.51379310000000000        0.0000000000000000        0.0000000000000000        52.290928088733132        836.65484941973011        16.000000000000000        0.0000000000000000     
           2         256   1.0243273703597306E-005  -1.5765056971614260E-007   2.1234321188219833E-005   2.4094151408321181       0.51780962067869374       0.51379310000000000        0.0000000000000000        0.0000000000000000        41.966337916958729        671.46140667133966        16.000000000000000        0.0000000000000000     
           2         257   1.1279638791572127E-005   1.6801650511488832E-006   2.1423763384334781E-005   2.2040791161391122       0.52288374673601179       0.51379310000000000        0.0000000000000000        0.0000000000000000        45.412402949880445        726.59844719808711        16.000000000000000        0.0000000000000000     
           2         258   1.0815876888387923E-005   8.6071082616896747E-007   2.1335874922398584E-005   2.2931122820241394       0.52107932484931241       0.51379310000000000        0.0000000000000000        0.0000000000000000        47.537195433180401        760.59512693088641        16.000000000000000        0.0000000000000000     
           2         259   1.0318977273334775E-005  -2.2637240042077254E-007   2.1462644505253375E-005   2.4991064686849458       0.49702550022940456       0.51379310000000000        0.0000000000000000        0.0000000000000000        49.974959259366194        799.59934814985911        16.000000000000000        0.0000000000000000     
           2         260   1.0137931507271398E-005  -3.5589462543226959E-007   2.1227151877411606E-005   2.4381032280881696       0.51538593602796845       0.51379310000000000        0.0000000000000000        1.0000000000000000        50.452280276115417        807.23648441784667        16.000000000000000        0.0000000000000000     
           2         261   1.0792117084866094E-005   8.1221388674092111E-007   2.1338255779863396E-005   2.3023742886172323       0.52025253571710905       0.51379310000000000        0.0000000000000000        0.0000000000000000        44.432274585470779        710.91639336753246        16.000000000000000        0.0000000000000000     
           2         262   1.0876951792506064E-005   9.4743534802362346E-007   2.1369844911694135E-005   2.3033188250504910       0.51642175201300478       0.51379310000000000        0.0000000000000000        0.0000000000000000        42.463439055826811        679.41502489322897        16.000000000000000        0.0000000000000000     
           2         263   2.0845575731109804E-005  -3.2191845688606595E-006   2.0845575731109804E-005   2.5802629574816791       0.50042527650217283        0.0000000000000000        0.0000000000000000        1.0000000000000000        46.467422703392330        743.47876325427728        16.000000000000000        0.0000000000000000     
           2         264   1.0120444248647717E-005  -3.9710693182809522E-007   2.1234735768215787E-005   2.4489037319105567       0.51426978186016414       0.51379310000000000        0.0000000000000000        0.0000000000000000        47.356015519910009        757.69624831856015        16.000000000000000        0.0000000000000000     
           2         265   3.2099999999999993E-006   4.1137000000000015E-004   3.2099999999999993E-006   10.000000000000011        1.0000000000000000        0.0000000000000000        0.0000000000000000        1.0000000000000000        46.902455011740415        750.43928018784663        16.000000000000000        1.7500000000000000     
           2         266   1.1926742699043344E-005   2.8075496042025198E-006   2.1563336687522229E-005   2.0846833002473346       0.52378311533502753       0.51379310000000000        0.0000000000000000        0.0000000000000000        42.449943221967310        679.19909155147695        16.000000000000000        0.0000000000000000     
           2         267   1.0769519919743678E-005   7.7412682588927017E-007   2.1332027369576625E-005   2.3044487591427116       0.52018328867897201       0.51379310000000000        0.0000000000000000        0.0000000000000000        43.675392994865419        698.80628791784670        16.000000000000000        0.0000000000000000     
           2         268   1.2173700803372485E-005   3.2199789490267055E-006   2.1635435114593500E-005   2.0454292719648386       0.52299674439377042       0.51379310000000000        0.0000000000000000        0.0000000000000000        42.608821957052456        681.74115131283929        16.000000000000000        0.0000000000000000     
           2         269   1.0810278508229897E-005   8.4897794796574990E-007   2.1336759096822347E-005   2.2961065424029021       0.52080410462905924       0.51379310000000000        0.0000000000000000        1.0000000000000000        47.145503365608441        754.32805384973506        16.000000000000000        0.0000000000000000     
           2         270   9.9849815376938059E-006  -6.2584089429041606E-007   2.1197836293310929E-005   2.4597690442616997       0.51406350913947663       0.51379310000000000        0.0000000000000000        0.0000000000000000        48.586466901239390        777.38347041983025        16.000000000000000        0.0000000000000000     
           2         271   1.1145609017258400E-005   1.4115657319712220E-006   2.1431938304403693E-005   2.2477778143020259       0.51904712315795021       0.51379310000000000        0.0000000000000000        0.0000000000000000        42.017833333112534        672.28533332980055        16.000000000000000        0.0000000000000000     
           2         272   1.2159705639593852E-005   3.1908367547883362E-006   2.1637446387037095E-005   2.0518554956151225       0.52261423202457169       0.51379310000000000        0.0000000000000000        0.0000000000000000        45.663141896591469        730.61027034546350        16.000000000000000        0.0000000000000000     
           2         273   1.1654048228732898E-005   2.3418901949054098E-006   2.1494555518716366E-005   2.1321132334786634       0.52409685558783425       0.51379310000000000        0.0000000000000000        0.0000000000000000        45.210440700733415        723.36705121173463        16.000000000000000        0.0000000000000000     
           2         274   1.0688484182113213E-005   6.1255864131830478E-007   2.1336093294559825E-005   2.3304098097215800       0.51783615320082188       0.51379310000000000        1.0000000000000000        0.0000000000000000        46.847017619865426        749.55228191784681        16.000000000000000        0.0000000000000000     
           2         275   1.1248384571504333E-005   1.6218635490042899E-006   2.1421091043513379E-005   2.2115697834571555       0.52228568696340583       0.51379310000000000        0.0000000000000000        0.0000000000000000        48.987188468289197        783.79501549262716        16.000000000000000        0.0000000000000000     
           2         276   1.1961703254172567E-005   2.8759562872816241E-006   2.1562953462540062E-005   2.0766648663867815       0.52445723756293294       0.51379310000000000        0.0000000000000000        0.0000000000000000        42.109713501560314        673.75541602496503        16.000000000000000        0.0000000000000000     
           2         277   9.7196087486109658E-006  -1.2925932406966456E-006   2.1356616363913301E-005   2.6571845312086473       0.48980454928187456       0.51379310000000000        0.0000000000000000        0.0000000000000000        44.451760352015718        711.22816563225149        16.000000000000000        0.0000000000000000     
           2         278   1.0207473009280397E-005  -2.3227897246426603E-007   2.1239551192316857E-005   2.4266809154624251       0.51620133373965671       0.51379310000000000        0.0000000000000000        0.0000000000000000        46.191618233862087        739.06589174179339        16.000000000000000        0.0000000000000000     
           2         279   1.1614444109336162E-005   2.2259600092108160E-006   2.1535608021457075E-005   2.1531238723431980       0.52007844592151775       0.51379310000000000        0.0000000000000000        0.0000000000000000        44.876908156871778        718.03053050994845        16.000000000000000        0.0000000000000000     
           2         280   1.0824583951585854E-005   8.7164400088639361E-007   2.1342229569910130E-005   2.2935921609737915       0.52095415036150172       0.51379310000000000        0.0000000000000000        0.0000000000000000        47.321714318570180        757.14742909712288        16.000000000000000        0.0000000000000000     
           2         281   1.0355707655158718E-005   5.0142859655354029E-008   2.1245985196535681E-005   2.3812070380213606       0.52001456289187364       0.51379310000000000        0.0000000000000000        0.0000000000000000        39.045892901115415        624.73428641784665        16.000000000000000        0.0000000000000000     
           2         282   1.1214065095826624E-005   1.5581623553813593E-006   2.1417820333178707E-005   2.2186032461714089       0.52176330431648288       0.51379310000000000        0.0000000000000000        0.0000000000000000        43.462576912731294        695.40123060370070        16.000000000000000        0.0000000000000000     
           2         283   5.9889072299757009E-006  -7.7405507097222064E-006   2.0497341306408842E-005   3.2127443169905061       0.43260040572820035       0.51379310000000000        0.0000000000000000        1.0000000000000000        45.699445005752501        731.19112009204002        16.000000000000000        0.0000000000000000     
           2         284   1.1260972075674409E-005   1.6457146692492116E-006   2.1421775861357156E-005   2.2080229008939405       0.52258510945822489       0.51379310000000000        0.0000000000000000        0.0000000000000000        50.342549773970333        805.48079638352533        16.000000000000000        0.0000000000000000     
           2         285   1.1272159754013296E-005   1.6622026008923347E-006   2.1427362562877920E-005   2.2075886244442327       0.52254413976373459       0.51379310000000000        0.0000000000000000        0.0000000000000000        48.756865732597490        780.10985172155983        16.000000000000000        0.0000000000000000     
           2         286   1.1224712196495629E-005   1.5758057910385762E-006   2.1421074143784994E-005   2.2181477578870323       0.52172074114452782       0.51379310000000000        0.0000000000000000        0.0000000000000000        42.059925842231351        672.95881347570162        16.000000000000000        0.0000000000000000     
           2         287   1.1925426117352668E-005   2.7958119950563471E-006   2.1573032397104244E-005   2.0897260157899731       0.52315639717584805       0.51379310000000000        0.0000000000000000        0.0000000000000000        41.440993343264545        663.05589349223271        16.000000000000000        0.0000000000000000     
           2         288   1.1212021270308610E-005   1.5516315738660981E-006   2.1420518042656781E-005   2.2220413781041275       0.52144104546634795       0.51379310000000000        0.0000000000000000        0.0000000000000000        46.845596338615429        749.52954141784687        16.000000000000000        0.0000000000000000     
           2         289   1.1643295824058060E-005   2.3212929338304851E-006   2.1494206543710633E-005   2.1348076831312111       0.52387237917493812       0.51379310000000000        0.0000000000000000        0.0000000000000000        51.051501199779295        816.82401919646873        16.000000000000000        0.0000000000000000     
           2         290   1.1001264222274031E-005   1.1538510528710887E-006   2.1407395725731365E-005   2.2683321678300898       0.51754308089268553       0.51379310000000000        0.0000000000000000        0.0000000000000000        50.258229793587439        804.13167669739903        16.000000000000000        0.0000000000000000     
           2         291   1.2185609339281212E-005   3.2427762908188961E-006   2.1635837040188137E-005   2.0438953026092670       0.52310283385733203       0.51379310000000000        0.0000000000000000        0.0000000000000000        40.896323692559832        654.34117908095732        16.000000000000000        0.0000000000000000     
           2         292   1.0293698113319605E-005  -6.4741162685054985E-008   2.1239850104952139E-005   2.3975001460636260       0.51873754187649490       0.51379310000000000        0.0000000000000000        0.0000000000000000        43.905352191796538        702.48563506874461        16.000000000000000        0.0000000000000000     
           2         293   1.0290579592407166E-005  -2.9713542515370683E-007   2.1479015874963276E-005   2.3774179733559775       0.49810044982680562       0.51379310000000000        0.0000000000000000        0.0000000000000000        44.807774423476758        716.92439077562813        16.000000000000000        0.0000000000000000     
           2         294   1.1284327514527786E-005   1.6909503053032997E-006   2.1422009673700760E-005   2.2018942627907077       0.52308854608312549       0.51379310000000000        0.0000000000000000        0.0000000000000000        48.789782908605986        780.63652653769577        16.000000000000000        0.0000000000000000     
           2         295   1.0306552623146897E-005  -4.2556516253686579E-008   2.1242845108858403E-005   2.3958552832924362       0.51888780609755369       0.51379310000000000        0.0000000000000000        0.0000000000000000        53.376012633392335        854.01620213427736        16.000000000000000        0.0000000000000000     
           2         296   1.1871516595985946E-005   2.6864312695355455E-006   2.1577741381445473E-005   2.1064135672403905       0.52151652942171023       0.51379310000000000        0.0000000000000000        0.0000000000000000        43.421917740226711        694.75068384362737        16.000000000000000        0.0000000000000000     
           2         297   1.2243247476944546E-005   3.3669106240485899E-006   2.1623206149463188E-005   2.0250907489646761       0.52506180729202645       0.51379310000000000        0.0000000000000000        0.0000000000000000        43.718999736587563        699.50399578540100        16.000000000000000        0.0000000000000000     
           2         298   1.1645484865538557E-005   2.3260447731482455E-006   2.1493687380421777E-005   2.1339711035372053       0.52394909151203783       0.51379310000000000        0.0000000000000000        0.0000000000000000        47.551199858946717        760.81919774314747        16.000000000000000        0.0000000000000000     
           2         299   1.0827563609316715E-005   8.8125272404925239E-007   2.1338204045117152E-005   2.2912363714913977       0.52118792977770134       0.51379310000000000        0.0000000000000000        0.0000000000000000        47.356127958289697        757.69804733263516        16.000000000000000        0.0000000000000000     
           2         300   1.0366141978424276E-005   6.9543600578846152E-008   2.1246944369357416E-005   2.3783858340629238       0.52023171424877712       0.51379310000000000        0.0000000000000000        0.0000000000000000        50.829679766888681        813.27487627021890        16.000000000000000        0.0000000000000000     
           2         301   1.0226631353014626E-005  -1.9799884517537748E-007   2.1242729779182456E-005   2.4208150193027547       0.51667184032373825       0.51379310000000000        0.0000000000000000        0.0000000000000000        44.976160074199079        719.61856118718526        16.000000000000000        0.0000000000000000     
           2         302   1.1920919252439796E-005   2.7918484174526153E-006   2.1567951420078133E-005   2.0879436590936220       0.52342890808161779       0.51379310000000000        0.0000000000000000        0.0000000000000000        44.777290914642336        716.43665463427737        16.000000000000000        0.0000000000000000     
           2         303   1.1107352339848516E-005   1.3399781846652412E-006   2.1428903609589076E-005   2.2406991701059806       0.51860927402987222       0.51379310000000000        1.0000000000000000        0.0000000000000000        45.693893058191449        731.10228893106319        16.000000000000000        0.0000000000000000     
           2         304   1.1714357719790062E-005   2.4015128288457952E-006   2.1555590837496390E-005   2.1374339766464279       0.52034536327265535       0.51379310000000000        0.0000000000000000        0.0000000000000000        49.569342432766767        793.10947892426827        16.000000000000000        0.0000000000000000     
           2         305   1.0157091619361013E-005  -4.1471246836109882E-007   2.1328714224518456E-005   2.4911289905151479       0.50395890625765083       0.51379310000000000        0.0000000000000000        0.0000000000000000        49.269016709176540        788.30426734682464        16.000000000000000        0.0000000000000000     
           2         306   1.1668889179268119E-005   2.3042514197047036E-006   2.1564853767313468E-005   2.1422775117582642       0.51855225011907424       0.51379310000000000        0.0000000000000000        0.0000000000000000        42.896101092164287        686.33761747462859        16.000000000000000        0.0000000000000000     
           2         307   1.0079717342007737E-005  -4.4371293169679682E-007   2.1200221520292026E-005   2.4515940853727374       0.51435469727450089       0.51379310000000000        0.0000000000000000        0.0000000000000000        44.554753578625011        712.87605725800017        16.000000000000000        0.0000000000000000     
           2         308   1.0621718780188966E-005   5.0011847491173618E-007   2.1317594132450617E-005   2.3569845698800389       0.51520649719422740       0.51379310000000000        0.0000000000000000        0.0000000000000000        45.875739036417556        734.01182458268090        16.000000000000000        0.0000000000000000     
           2         309   1.2208643496157177E-005   3.2943670187933698E-006   2.1628694395397604E-005   2.0355054546039981       0.52401031703020073       0.51379310000000000        0.0000000000000000        0.0000000000000000        47.412058633392341        758.59293813427746        16.000000000000000        0.0000000000000000     
           2         310   1.1870638115843614E-005   2.6935279405097210E-006   2.1568435259459586E-005   2.0996248980106080       0.52240778570571000       0.51379310000000000        0.0000000000000000        0.0000000000000000        52.990188950238050        847.84302320380880        16.000000000000000        0.0000000000000000     
           2         311   1.0339732988349481E-005   1.9834260115840101E-008   2.1245157735026820E-005   2.3853097582731486       0.51968791819951687       0.51379310000000000        0.0000000000000000        0.0000000000000000        42.013720886120289        672.21953417792463        16.000000000000000        0.0000000000000000     
           2         312   1.0336713573675635E-005   1.5635488774040089E-008   2.1243384590857275E-005   2.3855287876053879       0.51969149898863265       0.51379310000000000        0.0000000000000000        0.0000000000000000        46.141039968585638        738.25663949737020        16.000000000000000        0.0000000000000000     
           2         313   1.2272042803966128E-005   3.4281385296323577E-006   2.1617728752094406E-005   2.0161092882544995       0.52591850127713469       0.51379310000000000        0.0000000000000000        0.0000000000000000        45.829591005050062        733.27345608080100        16.000000000000000        0.0000000000000000     
           2         314   1.1596404439900790E-005   2.2241894090319486E-006   2.1500376215243553E-005   2.1501238358310761       0.52247387499255149       0.51379310000000000        0.0000000000000000        0.0000000000000000        49.435107846000001        790.96172553600002        16.000000000000000        0.0000000000000000     
           2         315   1.1515144942528129E-005   2.0562959998608346E-006   2.1510666027656148E-005   2.1773960042850748       0.51978849579394604       0.51379310000000000        0.0000000000000000        0.0000000000000000        51.570099665364950        825.12159464583920        16.000000000000000        0.0000000000000000     
           2         316   1.2154735591849660E-005   3.1811260289628477E-006   2.1637485991947660E-005   2.0509923017408669       0.52240614137951946       0.51379310000000000        0.0000000000000000        0.0000000000000000        43.863583820892330        701.81734113427729        16.000000000000000        0.0000000000000000     
           2         317   1.2285101461191877E-005   3.4474454616260313E-006   2.1624184622600318E-005   2.0154684639258438       0.52590318870493069       0.51379310000000000        0.0000000000000000        0.0000000000000000        43.724769377576500        699.59631004122400        16.000000000000000        0.0000000000000000     
           2         318   1.1231814098549952E-005   1.5880864566435120E-006   2.1422703451808715E-005   2.2173259477195120       0.52180175002636719       0.51379310000000000        0.0000000000000000        0.0000000000000000        47.094550526659532        753.51280842655251        16.000000000000000        0.0000000000000000     
           2         319   1.1485004101351638E-005   2.0043290139802502E-006   2.1503589693685454E-005   2.1799522717315196       0.51967367043089019       0.51379310000000000        0.0000000000000000        0.0000000000000000        45.526189089747078        728.41902543595324        16.000000000000000        0.0000000000000000     
           2         320   1.0780255599501288E-005   7.9081513595736096E-007   2.1336472681220445E-005   2.3042077235825835       0.52011578160075700       0.51379310000000000        0.0000000000000000        0.0000000000000000        50.203518769486621        803.25630031178594        16.000000000000000        0.0000000000000000     
           2         321   1.1943301865149904E-005   2.8392507464542993E-006   2.1563894758490024E-005   2.0814063280558481       0.52402986020654652       0.51379310000000000        0.0000000000000000        1.0000000000000000        42.240842808079066        675.85348492926505        16.000000000000000        0.0000000000000000     
           2         322   1.0859071887763931E-005   9.3912757320863004E-007   2.1341849777594853E-005   2.2839014246106020       0.52174618338641610       0.51379310000000000        0.0000000000000000        0.0000000000000000        45.138341506535582        722.21346410456931        16.000000000000000        0.0000000000000000     
           2         323   8.5560198867700642E-006  -3.0357579018792438E-006   2.0805487026255809E-005   2.5621509616822555       0.50568662846792256       0.51379310000000000        0.0000000000000000        1.0000000000000000        42.225781106338502        675.61249770141603        16.000000000000000        0.0000000000000000     
           2         324   1.0434347742418444E-005   1.7252780861915405E-007   2.1278398444760481E-005   2.3864294304277327       0.51593617588737961       0.51379310000000000        0.0000000000000000        0.0000000000000000        48.719835594332970        779.51736950932752        16.000000000000000        0.0000000000000000     
           2         325   1.0932700687996026E-005   1.0397474291629401E-006   2.1386956115080698E-005   2.2897482476345918       0.51773971801558605       0.51379310000000000        0.0000000000000000        0.0000000000000000        46.452283658175247        743.23653853080395        16.000000000000000        0.0000000000000000     
           2         326   1.0242382291170792E-005  -1.6274831060037913E-007   2.1237874761123475E-005   2.4144317648030107       0.51734548577021666       0.51379310000000000        0.0000000000000000        0.0000000000000000        42.889478872552765        686.23166196084424        16.000000000000000        0.0000000000000000     
           2         327   1.1943514359818900E-005   2.8409970725881847E-006   2.1562486395818256E-005   2.0813023795258792       0.52406385321684301       0.51379310000000000        0.0000000000000000        0.0000000000000000        43.186869383498014        690.98991013596822        16.000000000000000        0.0000000000000000     
           2         328   1.1926910506171128E-005   2.8118792680296681E-006   2.1559106504297696E-005   2.0828802202863801       0.52401023526887558       0.51379310000000000        0.0000000000000000        0.0000000000000000        45.887041016204591        734.19265625927346        16.000000000000000        0.0000000000000000     
           2         329   1.0739918843543600E-005   7.1788480012721362E-007   2.1330578785787314E-005   2.3122900764799055       0.51952701867275963       0.51379310000000000        0.0000000000000000        0.0000000000000000        49.521694755852245        792.34711609363592        16.000000000000000        0.0000000000000000     
           2         330   1.1062490109783370E-005   1.2651515974195291E-006   2.1415705841639454E-005   2.2649385383510885       0.51828083329017427       0.51379310000000000        0.0000000000000000        0.0000000000000000        49.015347258392346        784.24555613427754        16.000000000000000        0.0000000000000000     
           2         331   1.0291449604587781E-005  -7.2672049112684535E-008   2.1243606378241117E-005   2.3991743605373843       0.51855778825409504       0.51379310000000000        0.0000000000000000        0.0000000000000000        40.421849349731090        646.74958959569744        16.000000000000000        0.0000000000000000     
           2         332   1.2088727854240449E-005   3.0635939010078160E-006   2.1625926013597908E-005   2.0582772983730209       0.52212484091946521       0.51379310000000000        1.0000000000000000        0.0000000000000000        42.321662602395079        677.14660163832127        16.000000000000000        0.0000000000000000     
           2         333   1.1396349732483095E-005   1.8482111163592085E-006   2.1486226570528158E-005   2.1901439965343945       0.51920132512206296       0.51379310000000000        0.0000000000000000        1.0000000000000000        45.350772099256382        725.61235358810211        16.000000000000000        0.0000000000000000     
           2         334   1.2286682970364039E-005   3.4508736926798622E-006   2.1623814631371555E-005   2.0149197928884188       0.52595585352041307       0.51379310000000000        0.0000000000000000        0.0000000000000000        46.979685743773565        751.67497190037705        16.000000000000000        0.0000000000000000     
           2         335   1.0253599104861607E-005  -1.3980795415054192E-007   2.1236702866679482E-005   2.4071904035952030       0.51797464248989067       0.51379310000000000        0.0000000000000000        0.0000000000000000        50.393348856530878        806.29358170449404        16.000000000000000        0.0000000000000000     
           2         336   7.3209451915617021E-006  -5.4118615554417728E-006   2.0776180504437131E-005   2.8873563401212188       0.48532287354340814       0.51379310000000000        0.0000000000000000        1.0000000000000000        40.686647523800218        650.98636038080349        16.000000000000000        0.0000000000000000     
           2         337   1.2228002150284742E-005   3.3292266043073825E-006   2.1631672632895932E-005   2.0320195894716964       0.52437054596793486       0.51379310000000000        0.0000000000000000        0.0000000000000000        42.513589307365422        680.21742891784675        16.000000000000000        0.0000000000000000     
           2         338   1.0485722139678090E-005   2.6028743519583404E-007   2.1291323203059348E-005   2.3766827734439131       0.51621285498370806       0.51379310000000000        0.0000000000000000        1.0000000000000000        43.712398955923987        699.39838329478380        16.000000000000000        0.0000000000000000     
           2         339   1.1291890146280408E-005   1.7000025066429723E-006   2.1427998221301743E-005   2.2025226394500059       0.52295941972025872       0.51379310000000000        0.0000000000000000        0.0000000000000000        47.550929307590032        760.81486892144051        16.000000000000000        0.0000000000000000     
           2         340   1.0936208279341185E-005   7.1383320193055209E-007   2.1738576119833186E-005   2.4039247277529681       0.49055737030791796       0.51379310000000000        0.0000000000000000        0.0000000000000000        51.736518478489714        827.78429565583542        16.000000000000000        0.0000000000000000     
           2         341   1.0867931837722423E-005   9.5312212014519099E-007   2.1345283805998555E-005   2.2828580817017317       0.52178600926646657       0.51379310000000000        0.0000000000000000        0.0000000000000000        44.177967451748557        706.84747922797692        16.000000000000000        0.0000000000000000     
           2         342   1.0849363739708066E-005   9.2360154052309167E-007   2.1338289606827900E-005   2.2850838214317175       0.52169677347692356       0.51379310000000000        0.0000000000000000        0.0000000000000000        42.843405690294873        685.49449104471796        16.000000000000000        0.0000000000000000     
           2         343   7.4321371351165179E-006  -5.1253893486711499E-006   2.0702147207860125E-005   2.9257043419098068       0.49798622490900996       0.51379310000000000        0.0000000000000000        1.0000000000000000        45.932652280768757        734.92243649230011        16.000000000000000        0.0000000000000000     
           2         344   1.0768370275869720E-005   7.7047196370679226E-007   2.1333525084020630E-005   2.3051183935204604       0.52013036276566316       0.51379310000000000        0.0000000000000000        0.0000000000000000        44.859656369865426        717.75450191784682        16.000000000000000        0.0000000000000000     
           2         345   1.2239032016420820E-005   3.3599908060180138E-006   2.1621848485131695E-005   2.0254883916323108       0.52502358383507863       0.51379310000000000        0.0000000000000000        0.0000000000000000        49.387337164420920        790.19739463073472        16.000000000000000        0.0000000000000000     
           2         346   1.1238643042856913E-005   1.6017433530881523E-006   2.1422317042537825E-005   2.2147197275109942       0.52200053401905799       0.51379310000000000        0.0000000000000000        0.0000000000000000        43.638179571639064        698.21087314622503        16.000000000000000        0.0000000000000000     
           2         347   1.1655883990273452E-005   2.3441335673226810E-006   2.1495960542528102E-005   2.1321636148648548       0.52407540053719592       0.51379310000000000        0.0000000000000000        0.0000000000000000        45.042858681932856        720.68573891092569        16.000000000000000        0.0000000000000000     
           2         348   1.0266913291997250E-005  -1.1720502383188038E-007   2.1240201289877551E-005   2.4075416659723698       0.51791715197343546       0.51379310000000000        0.0000000000000000        0.0000000000000000        44.788265544497342        716.61224871195748        16.000000000000000        0.0000000000000000     
           2         349   1.2270577310070389E-005   3.4249349242030805E-006   2.1618099985964260E-005   2.0166314729549324       0.52586784879982462       0.51379310000000000        0.0000000000000000        0.0000000000000000        47.769475926077902        764.31161481724644        16.000000000000000        0.0000000000000000     
           2         350   1.0823503753026268E-005   8.7441052909155634E-007   2.1337084390640498E-005   2.2920657145984533       0.52113225037134647       0.51379310000000000        0.0000000000000000        0.0000000000000000        48.567705738906419        777.08329182250270        16.000000000000000        0.0000000000000000     
           2         351   1.2237546367808396E-005   3.3488734651613750E-006   2.1630541007615437E-005   2.0288296924153109       0.52461857249822508       0.51379310000000000        0.0000000000000000        0.0000000000000000        43.244692633392333        691.91508213427733        16.000000000000000        0.0000000000000000     
           2         352   1.0192819201405738E-005  -2.5598321347272618E-007   2.1234461317196506E-005   2.4239407762346370       0.51657277260488199       0.51379310000000000        0.0000000000000000        0.0000000000000000        48.339439302193831        773.43102883510130        16.000000000000000        0.0000000000000000     
           2         353   1.1126086049875142E-005   1.3701316330241905E-006   2.1435569653033309E-005   2.2558485995297950       0.51827505390245032       0.51379310000000000        0.0000000000000000        1.0000000000000000        47.885246103557108        766.16393765691373        16.000000000000000        0.0000000000000000     
           2         354   1.0805879744439512E-005   8.3919320339919092E-007   2.1338051901292181E-005   2.2976400656230540       0.52065043099917296       0.51379310000000000        0.0000000000000000        0.0000000000000000        47.563491491196032        761.01586385913652        16.000000000000000        0.0000000000000000     
           2         355   1.1201946729146245E-005   1.5363204327127124E-006   2.1415977213465564E-005   2.2208246772728906       0.52161591292483189       0.51379310000000000        0.0000000000000000        0.0000000000000000        51.586639980786238        825.38623969257981        16.000000000000000        0.0000000000000000     
           2         356   1.1518769216242823E-005   2.0540665406078259E-006   2.1520476160945885E-005   2.1818292342041521       0.51927805401441940       0.51379310000000000        0.0000000000000000        1.0000000000000000        41.618245261531904        665.89192418451046        16.000000000000000        0.0000000000000000     
           2         357   1.1285696273667867E-005   1.6941108695840732E-006   2.1421484965022507E-005   2.2013233414328406       0.52314198906300280       0.51379310000000000        0.0000000000000000        1.0000000000000000        44.877720057992562        718.04352092788099        16.000000000000000        0.0000000000000000     
           2         358   1.1938170616149149E-005   2.8311912308549894E-006   2.1561857918830838E-005   2.0815725327109331       0.52405834122675998       0.51379310000000000        0.0000000000000000        0.0000000000000000        49.177680945892348        786.84289513427757        16.000000000000000        0.0000000000000000     
           2         359   1.2253082068370525E-005   3.3899711351757434E-006   2.1619064414590314E-005   2.0210199729326823       0.52546229492349472       0.51379310000000000        0.0000000000000000        0.0000000000000000        49.459869977549978        791.35791964079965        16.000000000000000        0.0000000000000000     
           2         360   1.0835240163362900E-005   8.9115832482071241E-007   2.1343525081735117E-005   2.2913568857143232       0.52111174054807441       0.51379310000000000        0.0000000000000000        0.0000000000000000        49.486113447882644        791.77781516612231        16.000000000000000        0.0000000000000000     
           2         361   1.0287992054897832E-005  -7.5706413123354578E-008   2.1239701632342583E-005   2.3985162182663773       0.51866052479274938       0.51379310000000000        0.0000000000000000        0.0000000000000000        43.515456399731157        696.24730239569851        16.000000000000000        0.0000000000000000     
           2         362   1.1602189344217873E-005   2.2386546801809544E-006   2.1496988249772003E-005   2.1468559624424914       0.52279005339602835       0.51379310000000000        0.0000000000000000        0.0000000000000000        43.531109561443714        696.49775298309942        16.000000000000000        0.0000000000000000     
           2         363   1.1247457365627117E-005   1.6213595402623833E-006   2.1419716629322350E-005   2.2109199166802060       0.52236211182294590       0.51379310000000000        0.0000000000000000        0.0000000000000000        46.862717611108344        749.80348177773351        16.000000000000000        0.0000000000000000     
           2         364   1.2262228021532259E-005   3.4091404331706455E-006   2.1617618322648660E-005   2.0183204003677657       0.52572302634938828       0.51379310000000000        0.0000000000000000        0.0000000000000000        49.879844734978633        798.07751575965813        16.000000000000000        0.0000000000000000     
           2         365   1.0950995323320344E-005   1.0745238373789424E-006   2.1387833841702968E-005   2.2838607427501643       0.51795815673300194       0.51379310000000000        1.0000000000000000        0.0000000000000000        50.229282508392330        803.66852013427729        16.000000000000000        0.0000000000000000     
           2         366   1.1272746822880562E-005   1.6700025050587716E-006   2.1420327557668599E-005   2.2044315151341185       0.52289748999971919       0.51379310000000000        0.0000000000000000        0.0000000000000000        41.666541037794332        666.66465660470931        16.000000000000000        0.0000000000000000     
           2         367   1.0963966468592364E-005   1.0949947216823351E-006   2.1392879730944218E-005   2.2825003326676394       0.51782803864364602       0.51379310000000000        0.0000000000000000        1.0000000000000000        46.745002901080305        747.92004641728488        16.000000000000000        0.0000000000000000     
           2         368   1.0709022698756681E-005   6.5714218731053113E-007   2.1331222525220523E-005   2.3199997477128531       0.51892950283857309       0.51379310000000000        0.0000000000000000        0.0000000000000000        45.882310788509628        734.11697261615404        16.000000000000000        0.0000000000000000     
           2         369   1.1103377075266768E-005   1.3286299529378610E-006   2.1432719636422268E-005   2.2523823623029458       0.51780619127905836       0.51379310000000000        0.0000000000000000        0.0000000000000000        50.240399054913929        803.84638487862287        16.000000000000000        0.0000000000000000     
           2         370   1.1865394040158845E-005   2.6536635732120267E-006   2.1599775746747805E-005   2.1043996664059232       0.52062428622539214       0.51379310000000000        0.0000000000000000        0.0000000000000000        49.692845528878472        795.08552846205555        16.000000000000000        0.0000000000000000     
           2         371   1.1107624165766780E-005   1.3548508601208159E-006   2.1413746169188181E-005   2.2442295511997101       0.51962821142402404       0.51379310000000000        0.0000000000000000        0.0000000000000000        42.381842850458831        678.10948560734130        16.000000000000000        0.0000000000000000     
           2         372   1.1876954324591715E-005   2.7001414603785062E-006   2.1574437288374694E-005   2.1037464096965914       0.52189088084182500       0.51379310000000000        0.0000000000000000        1.0000000000000000        44.310081508392337        708.96130413427738        16.000000000000000        0.0000000000000000     
           2         373   1.0304106706635933E-005  -4.7647287701455537E-008   2.1243194109936796E-005   2.3966147345033209       0.51878435438526072       0.51379310000000000        0.0000000000000000        0.0000000000000000        49.138406449043131        786.21450318469010        16.000000000000000        0.0000000000000000     
           2         374   1.0801206696402128E-005   8.3041887510334553E-007   2.1337712830204744E-005   2.2994270382618023       0.52051724972497593       0.51379310000000000        0.0000000000000000        0.0000000000000000        47.895316391187663        766.32506225900261        16.000000000000000        0.0000000000000000     
           2         375   1.0804938084343981E-005   8.3982444653248445E-007   2.1335448095253775E-005   2.2961511326106057       0.52082550474718481       0.51379310000000000        0.0000000000000000        0.0000000000000000        52.907588763067920        846.52142020908673        16.000000000000000        0.0000000000000000     
           2         376   1.1779638485646261E-005   2.5162297976242130E-006   2.1568630510205740E-005   2.1267106320766387       0.52050124764333050       0.51379310000000000        0.0000000000000000        0.0000000000000000        40.490977619088881        647.85564190542209        16.000000000000000        0.0000000000000000     
           2         377   1.0094280712811296E-005  -4.3017341472243106E-007   2.1215866835906666E-005   2.4546268290535860       0.51498699316877494       0.51379310000000000        0.0000000000000000        0.0000000000000000        44.995637383838037        719.93019814140860        16.000000000000000        0.0000000000000000     
           2         378   1.0385088652888260E-005   1.0043548446876960E-007   2.1253268092191128E-005   2.3754914344519289       0.52037740545307443       0.51379310000000000        0.0000000000000000        0.0000000000000000        46.208227806558249        739.33164490493198        16.000000000000000        0.0000000000000000     
           2         379   1.0319906531576188E-005  -1.3946257062800003E-008   2.1240077058194549E-005   2.3882184953504826       0.51954907672511697       0.51379310000000000        0.0000000000000000        0.0000000000000000        49.514881820892342        792.23810913427747        16.000000000000000        0.0000000000000000     
           2         380   1.0203126397473617E-005  -2.2981991416392410E-007   2.1228012773191258E-005   2.4484892665273823       0.51296445300989391       0.51379310000000000        0.0000000000000000        0.0000000000000000        50.452144667267348        807.23431467627756        16.000000000000000        0.0000000000000000     
           2         381   9.6648234521744432E-006  -1.1710816943493608E-006   2.1115531569518024E-005   2.5685925150675741       0.50968983583240557       0.51379310000000000        0.0000000000000000        0.0000000000000000        44.432005875773058        710.91209401236893        16.000000000000000        0.0000000000000000     
           2         382   1.1510431870335539E-005   2.0253893637063647E-006   2.1533632678701057E-005   2.1876851265203539       0.51755100799547293       0.51379310000000000        0.0000000000000000        0.0000000000000000        42.463187278287016        679.41099645259226        16.000000000000000        0.0000000000000000     
           2         383   1.1764976239905194E-005   2.2892565658135329E-006   2.1778325260831500E-005   2.2066057590862966       0.50557012744156127       0.51379310000000000        0.0000000000000000        0.0000000000000000        47.620938431292274        761.93501490067638        16.000000000000000        0.0000000000000000     
           2         384   1.1017490928382630E-005   9.1477420127602445E-007   2.1693411294058606E-005   2.4261072215488979       0.49328564058595809       0.51379310000000000        0.0000000000000000        0.0000000000000000        47.355628359112686        757.69005374580297        16.000000000000000        0.0000000000000000     
           2         385  -2.2108653125771359E-006  -2.2108653125771359E-006   2.0910153252259327E-005   2.6742485745821902       0.46680495904194425        1.0000000000000000        1.0000000000000000        0.0000000000000000        42.391263152230835        678.26021043569335        16.000000000000000        0.0000000000000000     
           2         386   1.0206527905970874E-005  -2.3205303945038711E-007   2.1237368610923418E-005   2.4268600280672743       0.51627798750060305       0.51379310000000000        0.0000000000000000        1.0000000000000000        43.600289463615418        697.60463141784669        16.000000000000000        0.0000000000000000     
           2         387   1.1571166538608838E-005   2.1765026839505585E-006   2.1498860829543498E-005   2.1552970912894054       0.52202036955235331       0.51379310000000000        0.0000000000000000        0.0000000000000000        44.502551307024099        712.04082091238558        16.000000000000000        0.0000000000000000     
           2         388   1.0108382081234370E-005  -5.1075788025237181E-007   2.1330026282800423E-005   2.5039887571737252       0.50276063664902659       0.51379310000000000        0.0000000000000000        0.0000000000000000        44.318352042683799        709.09363268294078        16.000000000000000        0.0000000000000000     
           2         389   1.1944713269019468E-005   2.8447869271929426E-006   2.1560947355657453E-005   2.0799245778036197       0.52419608668930862       0.51379310000000000        1.0000000000000000        0.0000000000000000        47.659969941168868        762.55951905870188        16.000000000000000        0.0000000000000000     
           2         390   1.0316349013827913E-005  -2.0876215915021049E-008   2.1240083325676989E-005   2.3895485528939804       0.51942173514301393       0.51379310000000000        0.0000000000000000        0.0000000000000000        51.071358439409032        817.14173503054451        16.000000000000000        0.0000000000000000     
           2         391   1.2207227121764679E-005   3.2837181034476020E-006   2.1637034393934738E-005   2.0385616402072313       0.52361883643207330       0.51379310000000000        0.0000000000000000        0.0000000000000000        43.002239762163512        688.03583619461619        16.000000000000000        0.0000000000000000     
           2         392   8.1006880749966316E-006  -3.3857678746417312E-006   2.0238857669829626E-005   2.8762720164938496       0.45830503161932973       0.51379310000000000        0.0000000000000000        1.0000000000000000        40.717182979646012        651.47492767433619        16.000000000000000        0.0000000000000000     
           2         393   1.0313480886072144E-005  -2.9876948768614485E-008   2.1243695752155365E-005   2.3939322940822487       0.51901522365220965       0.51379310000000000        0.0000000000000000        0.0000000000000000        46.507249303169267        744.11598885070828        16.000000000000000        0.0000000000000000     
           2         394   1.1286306267185642E-005   1.6931069562292727E-006   2.1423800434574685E-005   2.2021944499118495       0.52304001233932385       0.51379310000000000        0.0000000000000000        0.0000000000000000        47.950611073115049        767.20977716984078        16.000000000000000        0.0000000000000000     
           2         395   6.0526546665771007E-006  -6.5760729197410371E-006   1.9397905619679875E-005   3.1891982730661970       0.44667877797369221       0.51379310000000000        1.0000000000000000        0.0000000000000000        46.581707408530605        745.30731853648967        16.000000000000000        0.0000000000000000     
           2         396   1.0689562513921731E-005   3.5754755215010931E-007   2.1607790939834612E-005   2.4000156965560651       0.49423833629777664       0.51379310000000000        0.0000000000000000        0.0000000000000000        43.421301583771097        694.74082534033755        16.000000000000000        0.0000000000000000     
           2         397   1.0326516252598536E-005  -8.9918706525379850E-009   2.1248436033499367E-005   2.3921078765157504       0.51908380900960915       0.51379310000000000        0.0000000000000000        0.0000000000000000        46.007187882338883        736.11500611742213        16.000000000000000        0.0000000000000000     
           2         398   1.1166242627622549E-005   1.4661587348405060E-006   2.1416685748714499E-005   2.2308790940267524       0.52071660824034438       0.51379310000000000        0.0000000000000000        1.0000000000000000        48.286968995367303        772.59150392587685        16.000000000000000        0.0000000000000000     
           2         399   1.1897258271217468E-005   2.7438820362394043E-006   2.1569974868278669E-005   2.0957680967295413       0.52262450401300120       0.51379310000000000        0.0000000000000000        0.0000000000000000        46.783794483670476        748.54071173872762        16.000000000000000        0.0000000000000000     
           2         400   1.2217138767090917E-005   3.3115577100959704E-006   2.1628000888904686E-005   2.0331904274056951       0.52424171622637017       0.51379310000000000        0.0000000000000000        0.0000000000000000        49.809490883392336        796.95185413427737        16.000000000000000        0.0000000000000000     
           2         401   1.1628910188538753E-005   2.2852307941034518E-006   2.1502727284662383E-005   2.1422857025711433       0.52312549170652878       0.51379310000000000        0.0000000000000000        0.0000000000000000        40.424783602620693        646.79653764193108        16.000000000000000        0.0000000000000000     
           2         402   1.0240037522644065E-005  -1.6432655624592759E-007   2.1234719979066177E-005   2.4109624445788231       0.51766323607282816       0.51379310000000000        0.0000000000000000        0.0000000000000000        45.363402292792202        725.81443668467523        16.000000000000000        0.0000000000000000     
           2         403   1.1688631909795446E-005   2.3503437345272287E-006   2.1556751902054808E-005   2.1448657247664578       0.51988764816207111       0.51379310000000000        0.0000000000000000        0.0000000000000000        49.419209258186740        790.70734813098784        16.000000000000000        0.0000000000000000     
           2         404   8.5318324788480312E-006  -3.4817613938646697E-006   2.1227048523708592E-005   2.5756991726978984       0.48833508862281172       0.51379310000000000        0.0000000000000000        1.0000000000000000        50.856861106429093        813.70977770286549        16.000000000000000        0.0000000000000000     
           2         405   1.0337225124997487E-005   1.5185341190085668E-008   2.1244912405547296E-005   2.3865003349838085       0.51959167277040275       0.51379310000000000        0.0000000000000000        0.0000000000000000        49.516176054985742        792.25881687977187        16.000000000000000        0.0000000000000000     
           2         406   1.0796839749478351E-005   8.2492151397107482E-007   2.1334540434449680E-005   2.2981236461778178       0.52066879782418929       0.51379310000000000        0.0000000000000000        0.0000000000000000        42.289859559968747        676.63775295949995        16.000000000000000        0.0000000000000000     
           2         407   1.0060089061436013E-005  -5.0743221493703737E-007   2.1227185858918173E-005   2.4747483302959927       0.51273509957068519       0.51379310000000000        0.0000000000000000        0.0000000000000000        42.928527977142330        686.85644763427729        16.000000000000000        0.0000000000000000     
           2         408   7.4426078443787243E-006  -5.1721108591076779E-006   2.0773055084621549E-005   2.8462651549684925       0.50442276518039042       0.51379310000000000        0.0000000000000000        1.0000000000000000        47.250133919279975        756.00214270847960        16.000000000000000        0.0000000000000000     
           2         409   1.0742065762213835E-005   7.1728136989191348E-007   2.1335632101488015E-005   2.3152599623051393       0.51916529390354227       0.51379310000000000        0.0000000000000000        0.0000000000000000        53.341728329494650        853.46765327191440        16.000000000000000        0.0000000000000000     
           2         410   1.0566705790695531E-005   3.9088243136031934E-007   2.1319880681560268E-005   2.3664637052479494       0.51586815280536025       0.51379310000000000        0.0000000000000000        0.0000000000000000        52.743146990435314        843.89035184696502        16.000000000000000        0.0000000000000000     
           2         411   1.1699663076555850E-005   2.3770462029584770E-006   2.1551222615505298E-005   2.1393160952156953       0.52034651464788284       0.51379310000000000        0.0000000000000000        0.0000000000000000        41.980349045764648        671.68558473223436        16.000000000000000        0.0000000000000000     
