     time_period  economy_id district_id avg_expect_cont avg_C1 avg_C2 avg_expect_exp avg_expect_MA lambda urban suburban budg_per_teach budget capacity share_tenured
   1           1           1   1.0826014061811778E-005   8.0264732969010601E-007   2.1418082306284740E-005   2.2214754724940926       0.52572848143322537       0.51379310000000000        0.0000000000000000        0.0000000000000000        43.883902890251605        746.02634913427732        17.000000000000000        0.0000000000000000     
   1           1           2   1.1812366681711831E-005   2.5645882075871218E-006   2.1584841671955146E-005   2.0831192177096329       0.52499420893411874       0.51379310000000000        0.0000000000000000        0.0000000000000000        42.941297364806879        730.00205520171698        17.000000000000000        0.0000000000000000     
   1           1           3   1.0000742546102743E-005  -5.6944593738302701E-007   2.1170657881558389E-005   2.4916041739417203       0.51632676881324058       0.51379310000000000        0.0000000000000000        0.0000000000000000        47.772430459879118        812.13131781794505        17.000000000000000        0.0000000000000000     
   1           1           4   1.1329907299206752E-005   1.7337548698785158E-006   2.1470522137739670E-005   2.2021830031432037       0.52135302648070037       0.51379310000000000        0.0000000000000000        0.0000000000000000        51.748974732531217        879.73257045303069        17.000000000000000        0.0000000000000000     
   1           1           5   1.1301175479064977E-005   1.6955719500537383E-006   2.1451777649749115E-005   2.1953448999921750       0.52294139250430272       0.51379310000000000        0.0000000000000000        0.0000000000000000        52.475607012480815        892.08531921217389        17.000000000000000        0.0000000000000000     
   1           1           6   1.1186138999980863E-005   1.4797462024611977E-006   2.1443248977760244E-005   2.2046390565138010       0.52330063528229886       0.51379310000000000        0.0000000000000000        0.0000000000000000        42.327725410975276        719.57133198657971        17.000000000000000        0.0000000000000000     
   1           1           7   1.1111115543718340E-005   1.3337525823850510E-006   2.1443222360237690E-005   2.2155517115273913       0.52276980779788884       0.51379310000000000        0.0000000000000000        0.0000000000000000        45.324361878822280        770.51415193997877        17.000000000000000        0.0000000000000000     
   1           1           8   1.1156644161826454E-005   1.8061833121641387E-006   2.1037627476495305E-005   1.9722380419633341       0.51714409561257302       0.51379310000000000        0.0000000000000000        1.0000000000000000        49.871761176470592        847.81994000000009        17.000000000000000        0.0000000000000000     
   1           1           9   1.1861609012597160E-005   2.6675535154998487E-006   2.1577312914424841E-005   2.0674309923282523       0.52410149197529898       0.51379310000000000        0.0000000000000000        0.0000000000000000        49.389637293614889        839.62383399145313        17.000000000000000        0.0000000000000000     
   1           1          10   1.1810175374619871E-005   2.5596170407574821E-006   2.1585587947098587E-005   2.0819155410509835       0.52507405788607520       0.51379310000000000        0.0000000000000000        0.0000000000000000        52.516801875772813        892.78563188813780        17.000000000000000        0.0000000000000000     
   1           1          11   1.1969237085189360E-005   2.8660958198429114E-006   2.1588868502308757E-005   2.0722316713770166       0.52437470694723021       0.51379310000000000        0.0000000000000000        0.0000000000000000        43.208452583044426        734.54369391175521        17.000000000000000        0.0000000000000000     
   1           1          12   9.3515891941791203E-006  -1.7846154882211337E-006   2.1119635114557421E-005   2.5271496692428106       0.51358559414162430       0.51379310000000000        1.0000000000000000        0.0000000000000000        44.174017838244168        750.95830325015083        17.000000000000000        0.0000000000000000     
   1           1          13   1.1654936266229905E-005   2.3152636974028218E-006   2.1524519199179983E-005   2.1275309925611721       0.52403177584205773       0.51379310000000000        0.0000000000000000        0.0000000000000000        49.618806129087034        843.51970419447957        17.000000000000000        0.0000000000000000     
   1           1          14   1.0928262833661954E-005   1.0440036257455813E-006   2.1373330930472204E-005   2.2887741116185989       0.51971446699287416       0.51379310000000000        0.0000000000000000        0.0000000000000000        48.490962772282650        824.34636712880501        17.000000000000000        0.0000000000000000     
   1           1          15   1.1337823133084371E-005   1.7659693757314512E-006   2.1452760651940785E-005   2.1908509819329778       0.52307085171941903       0.51379310000000000        0.0000000000000000        0.0000000000000000        53.247338007898662        905.20474613427723        17.000000000000000        0.0000000000000000     
   1           1          16   1.1651214633183079E-005   2.2917350074714607E-006   2.1541728427374757E-005   2.1379826826278636       0.52206502466527394       0.51379310000000000        0.0000000000000000        0.0000000000000000        42.489037895903209        722.31364423035450        17.000000000000000        0.0000000000000000     
   1           1          17   1.0984747276695220E-005   1.1018235241610294E-006   2.1428404147624247E-005   2.2152469966704631       0.52453621575499987       0.51379310000000000        0.0000000000000000        0.0000000000000000        44.887901917360878        763.09433259513492        17.000000000000000        0.0000000000000000     
   1           1          18   1.1346303517403332E-005   1.7322933598119013E-006   2.1505789288379665E-005   2.1459224239507733       0.52552679024532845       0.51379310000000000        0.0000000000000000        0.0000000000000000        46.142960637054131        784.43033082992019        17.000000000000000        0.0000000000000000     
   1           1          19   1.1170396874556573E-005   1.4533351886600571E-006   2.1438781067557573E-005   2.2057828834824389       0.52350564766136420       0.51379310000000000        0.0000000000000000        0.0000000000000000        50.449769453451218        857.64608070867075        17.000000000000000        0.0000000000000000     
   1           1          20   1.1302073365273213E-005   1.6995872455095536E-006   2.1449381252471814E-005   2.1941856748875415       0.52295701276010909       0.51379310000000000        0.0000000000000000        0.0000000000000000        50.479160247253191        858.14572420330421        17.000000000000000        0.0000000000000000     
   1           1          21   1.1453294728748922E-005   1.9385202108677382E-006   2.1507914470556099E-005   2.1301710248996444       0.52237287258461773       0.51379310000000000        0.0000000000000000        0.0000000000000000        43.836728670984265        745.22438740673249        17.000000000000000        0.0000000000000000     
   1           1          22   1.1652480525007395E-005   2.3090735425972535E-006   2.1526009753107451E-005   2.1303790591673546       0.52361053372663102       0.51379310000000000        0.0000000000000000        0.0000000000000000        43.333355154957488        736.66703763427734        17.000000000000000        0.0000000000000000     
   1           1          23   1.1104371514877258E-005   1.3698589342789111E-006   2.1391196724010575E-005   2.2401063307867983       0.51955268002440369       0.51379310000000000        0.0000000000000000        0.0000000000000000        47.888027061147270        814.09646003950354        17.000000000000000        0.0000000000000000     
   1           1          24   1.1031932808045153E-005   1.2493913745117531E-006   2.1369511910714493E-005   2.2471572011808161       0.51864687590099368       0.51379310000000000        0.0000000000000000        0.0000000000000000        48.817788415494995        829.90240306341491        17.000000000000000        0.0000000000000000     
   1           1          25   1.1913520443651169E-005   2.7999145436816887E-006   2.1544210233375815E-005   2.0903048822023655       0.52481537896191810       0.51379310000000000        0.0000000000000000        0.0000000000000000        52.012259024260807        832.19614438817291        16.000000000000000        0.0000000000000000     
   1           1          26   1.1355685247867508E-005   1.7978408337600312E-006   2.1455818567328771E-005   2.1879069037948975       0.52317564712884035       0.51379310000000000        0.0000000000000000        0.0000000000000000        42.913194280776004        686.61110849241607        16.000000000000000        0.0000000000000000     
   1           1          27   1.1450908194270255E-005   1.8310150985848611E-006   2.1616610686975982E-005   2.2864663508530882       0.50989970046265687       0.51379310000000000        0.0000000000000000        0.0000000000000000        46.399906400918972        742.39850241470356        16.000000000000000        0.0000000000000000     
   1           1          28   1.1547344445905668E-005   2.1651535934863080E-006   2.1461858046712356E-005   2.1776143549958538       0.52034875054371865       0.51379310000000000        0.0000000000000000        0.0000000000000000        44.222868203358040        707.56589125372864        16.000000000000000        0.0000000000000000     
   1           1          29   1.0400461445500090E-005   1.1341533970655682E-007   2.1271169591638269E-005   2.3766602740251113       0.51838694859060097       0.51379310000000000        0.0000000000000000        0.0000000000000000        49.643518633392347        794.29629813427755        16.000000000000000        0.0000000000000000     
   1           1          30   7.4297155417647934E-006  -1.9326364481626015E-006   1.6792067531691964E-005   2.0008864022462904       0.61636881901200247       0.50000000000000000        0.0000000000000000        1.0000000000000000        51.131026233642338        818.09641973827740        16.000000000000000        0.0000000000000000     
   1           1          31  -9.7383740940550284E-006  -3.1936983624652866E-005   1.2460235436542845E-005   11.500035889716887       0.50003588971689716       0.50000000000000000        0.0000000000000000        1.0000000000000000        51.997681870968748        831.96290993549997        16.000000000000000        3.6250000000000000     
   1           1          32   1.1336141678021141E-005   1.7573484500197410E-006   2.1458412396256501E-005   2.2013580910124961       0.52156960445887190       0.51379310000000000        0.0000000000000000        0.0000000000000000        44.310814403203381        708.97303045125409        16.000000000000000        0.0000000000000000     
   1           1          33   1.1208085094285032E-005   1.5264170662214445E-006   2.1439067479170275E-005   2.1870848609969316       0.52261375419344747       0.51379310000000000        0.0000000000000000        0.0000000000000000        45.499596312922591        727.99354100676146        16.000000000000000        0.0000000000000000     
   1           1          34   1.1231486013306921E-005   1.5996015106103845E-006   2.1409860276367630E-005   2.2197601202658745       0.52262511592798011       0.51379310000000000        0.0000000000000000        0.0000000000000000        44.288250366735774        708.61200586777238        16.000000000000000        0.0000000000000000     
   1           1          35   1.1068399741471117E-005   1.3183015525996458E-006   2.1371694848481364E-005   2.2495021899184642       0.51886843697453655       0.51379310000000000        0.0000000000000000        0.0000000000000000        48.959641622735525        783.35426596376840        16.000000000000000        0.0000000000000000     
   1           1          36   1.1230588233459911E-005   1.5619781800289697E-006   2.1447771765909731E-005   2.2032454860301494       0.52285121395728495       0.51379310000000000        0.0000000000000000        0.0000000000000000        41.388270026115414        662.21232041784663        16.000000000000000        0.0000000000000000     
   1           1          37   1.1626137763527979E-005   2.2610643909212479E-006   2.1522562680243306E-005   2.1303438207394905       0.52405232317338113       0.51379310000000000        0.0000000000000000        0.0000000000000000        43.952758005855031        703.24412809368050        16.000000000000000        0.0000000000000000     
   1           1          38   1.0899196262896638E-005   9.9263732526358629E-007   2.1367829321989968E-005   2.2912496058042220       0.51955560948769175       0.51379310000000000        0.0000000000000000        0.0000000000000000        47.594357565383241        761.50972104613186        16.000000000000000        0.0000000000000000     
   1           1          39   1.1211209191308214E-005   1.5567306128890345E-006   2.1413459463136059E-005   2.2192808560562627       0.52279547325538300       0.51379310000000000        0.0000000000000000        0.0000000000000000        47.113643728352606        753.81829965364170        16.000000000000000        0.0000000000000000     
   1           1          40   1.0860543098789695E-005   9.1040941636320027E-007   2.1375223227986515E-005   2.2866874792220209       0.52008006541798601       0.51379310000000000        0.0000000000000000        0.0000000000000000        48.648627272937325        778.37803636699721        16.000000000000000        0.0000000000000000     
   1           1          41   1.1955633830687268E-005   2.8432843931137984E-006   2.1584995869387154E-005   2.0741158905919246       0.52365528571052156       0.51379310000000000        0.0000000000000000        0.0000000000000000        41.714034885353264        667.42455816565223        16.000000000000000        0.0000000000000000     
   1           1          42   1.1270342981531418E-005   1.6711294203786900E-006   2.1414192633082580E-005   2.2180162840387254       0.52247987442577448       0.51379310000000000        0.0000000000000000        0.0000000000000000        43.947188883248053        703.15502213196885        16.000000000000000        0.0000000000000000     
   1           1          43   1.1645829532882531E-005   2.2945621367665482E-006   2.1527665155493966E-005   2.1349311272834783       0.52304668852056102       0.51379310000000000        0.0000000000000000        0.0000000000000000        46.412829695892341        742.60527513427746        16.000000000000000        0.0000000000000000     
   1           1          44   1.0862229199442241E-005   9.2750080087923857E-007   2.1360629986341376E-005   2.2786629594567280       0.52161809596446629       0.51379310000000000        0.0000000000000000        0.0000000000000000        48.052650799648305        768.84241279437288        16.000000000000000        0.0000000000000000     
   1           1          45   1.1541454576775832E-005   2.0628018637617957E-006   2.1557903050137443E-005   2.2248241806211841       0.51717417243911623       0.51379310000000000        0.0000000000000000        0.0000000000000000        46.672434840436168        746.75895744697868        16.000000000000000        0.0000000000000000     
   1           1          46   9.5825808806027322E-006  -1.4311997789568345E-006   2.1221256736077573E-005   2.4423857815445267       0.51219233014165688       0.51379310000000000        0.0000000000000000        0.0000000000000000        40.354242161729104        645.66787458766566        16.000000000000000        0.0000000000000000     
   1           1          47  -1.2435588563520619E-005  -3.7366982884381565E-005   1.2495805757340331E-005   14.000000000028670       0.33344237392170023       0.50000000000000000        0.0000000000000000        1.0000000000000000        48.809835912946177        780.95737460713883        16.000000000000000        5.2500000000000000     
   1           1          48   1.1474331437264329E-005   2.0207668718377711E-006   2.1464268322406523E-005   2.2141984348288752       0.52083190119477041       0.51379310000000000        0.0000000000000000        0.0000000000000000        45.275486767274124        724.40778827638599        16.000000000000000        0.0000000000000000     
   1           1          49  -2.1665829551901767E-005  -6.3059987227791507E-005   1.9728328123987973E-005   21.500037565319165       0.50003756531917620       0.50000000000000000        0.0000000000000000        1.0000000000000000        56.089293241294250        897.42869186070800        16.000000000000000        3.6250000000000000     
   1           1          50   1.1607163843092416E-005   9.9647507076326806E-007   2.2217852615420704E-005   2.6580135156608371       0.46825999907289118       0.50000000000000000        0.0000000000000000        1.0000000000000000        58.719506695892335        939.51210713427736        16.000000000000000        0.0000000000000000     
   1           1          51   1.1907215440578944E-005   2.7890566850536722E-006   2.1542716403838394E-005   2.0923168357442066       0.52487899843568597       0.51379310000000000        0.0000000000000000        0.0000000000000000        40.873868189593018        653.98189103348830        16.000000000000000        0.0000000000000000     
   1           1          52   1.1545860354650386E-005   2.0740943911710543E-006   2.1555031341015693E-005   2.2266370129301838       0.51708510607274616       0.51379310000000000        0.0000000000000000        0.0000000000000000        43.997929177294040        703.96686683670464        16.000000000000000        0.0000000000000000     
   1           1          53   1.1306222835584100E-005   1.7109161652086038E-006   2.1445943928853025E-005   2.1973033341862971       0.52290354803498784       0.51379310000000000        0.0000000000000000        0.0000000000000000        43.151021535090202        690.41634456144322        16.000000000000000        0.0000000000000000     
   1           1          54   1.0305236573823992E-005  -5.9505202629968493E-008   2.1258048654491174E-005   2.3792878803658515       0.52053358884062328       0.51379310000000000        0.0000000000000000        0.0000000000000000        48.737199550417067        779.79519280667307        16.000000000000000        0.0000000000000000     
   1           1          55   1.1133961352396218E-005   1.4182526742462669E-006   2.1400915771273055E-005   2.2481712371900686       0.51922190788568545       0.51379310000000000        0.0000000000000000        0.0000000000000000        53.138445484761874        850.21512775618999        16.000000000000000        0.0000000000000000     
   1           1          56   1.1505456158679583E-005   1.9449336945339131E-006   2.1608419474241364E-005   2.2861707766077402       0.51012468872877148       0.51379310000000000        0.0000000000000000        0.0000000000000000        42.425461180526348        678.80737888842157        16.000000000000000        0.0000000000000000     
   1           1          57   1.1177098666787216E-005   1.5221578982801224E-006   2.1379837352247280E-005   2.2393432659324790       0.52237803890780754       0.51379310000000000        0.0000000000000000        0.0000000000000000        42.869240303169249        685.90784485070799        16.000000000000000        0.0000000000000000     
   1           1          58   9.6127250826805652E-006  -1.3075843527089678E-006   2.1152626383480674E-005   2.5304931102630208       0.51309860096731330       0.51379310000000000        0.0000000000000000        0.0000000000000000        45.838239445346218        733.41183112553949        16.000000000000000        0.0000000000000000     
   1           1          59   1.1654535558482448E-005   2.3128616748572469E-006   2.1526233355977354E-005   2.1315650069903311       0.52337457526315567       0.51379310000000000        0.0000000000000000        0.0000000000000000        46.689569207917671        747.03310732668274        16.000000000000000        0.0000000000000000     
   1           1          60   1.1324999758464102E-005   1.7380519730604818E-006   2.1455887703906280E-005   2.1982032745383040       0.52192591810249311       0.51379310000000000        0.0000000000000000        0.0000000000000000        50.772957210008258        812.36731536013212        16.000000000000000        0.0000000000000000     
   1           1          61  -1.4093039314688078E-005  -3.4097420671038011E-005   5.9113420416618859E-006   10.688862148918544       0.33279985572416798       0.50000000000000000        0.0000000000000000        1.0000000000000000        48.727964866406253        779.64743786250006        16.000000000000000        5.4375000000000000     
   1           1          62   1.2099841793690135E-005   3.0310605446731664E-006   2.1683163690508467E-005   2.0924512938665814       0.51961588837568418       0.51379310000000000        0.0000000000000000        0.0000000000000000        45.433180326736164        726.93088522777862        16.000000000000000        0.0000000000000000     
   1           1          63   1.0887567301659124E-005   9.7520566133156966E-007   2.1362332294720768E-005   2.2781355208212100       0.52157799038198382       0.51379310000000000        0.0000000000000000        0.0000000000000000        45.639091842193906        730.22546947510250        16.000000000000000        0.0000000000000000     
   1           1          64   1.1086240807215948E-005   1.3973219647251680E-006   2.1324885400149086E-005   2.2752490154231304       0.52195330570260456       0.51379310000000000        0.0000000000000000        0.0000000000000000        49.569740383392343        793.11584613427749        16.000000000000000        0.0000000000000000     
   1           1          65   1.1101542278231929E-005   1.2628398296911905E-006   2.1498468835657183E-005   2.1843994880095625       0.51795362628295905       0.51379310000000000        0.0000000000000000        0.0000000000000000        49.269573122545324        788.31316996072519        16.000000000000000        0.0000000000000000     
   1           1          66   1.1225473213736464E-005   1.5663731268453822E-006   2.1432607207215522E-005   2.2077851029570739       0.52305301714501107       0.51379310000000000        0.0000000000000000        1.0000000000000000        42.896770073441246        686.34832117505994        16.000000000000000        0.0000000000000000     
   1           1          67   1.1151402459308364E-005   1.4186264390379277E-006   2.1436392579893797E-005   2.2007744228759680       0.52181522160584171       0.51379310000000000        0.0000000000000000        0.0000000000000000        47.077717806094014        753.24348489750423        16.000000000000000        0.0000000000000000     
   1           1          68   1.1166533589551947E-005   1.4463277877255535E-006   2.1438240287993377E-005   2.1997827983039482       0.52192469296546329       0.51379310000000000        0.0000000000000000        0.0000000000000000        46.754249300667752        748.06798881068403        16.000000000000000        0.0000000000000000     
   1           1          69   1.1597095712752752E-005   2.2467281350875143E-006   2.1477980463397338E-005   2.2222987956553810       0.52010371236186981       0.51379310000000000        0.0000000000000000        0.0000000000000000        47.617747287633463        761.88395660213541        16.000000000000000        0.0000000000000000     
   1           1          70   1.1081387553206072E-005   1.2917675211894759E-006   2.1426446876864395E-005   2.2242776959388375       0.52090606672329032       0.51379310000000000        0.0000000000000000        0.0000000000000000        51.584962441721842        825.35939906754948        16.000000000000000        0.0000000000000000     
   1           1          71   1.1668627837814997E-005   2.3406789091218528E-006   2.1525821959730885E-005   2.1261063740191966       0.52402008787486143       0.51379310000000000        0.0000000000000000        0.0000000000000000        41.619652070892329        665.91443313427726        16.000000000000000        0.0000000000000000     
   1           1          72   1.0774102679710373E-005   7.0438335064364206E-007   2.1415153455030693E-005   2.2235544620540701       0.52609223030857499       0.51379310000000000        0.0000000000000000        0.0000000000000000        44.880566504978589        718.08906407965742        16.000000000000000        0.0000000000000000     
   1           1          73   1.1121719339497328E-005   1.3869329688559115E-006   2.1408833872856550E-005   2.2278633992388945       0.52044948055799889       0.51379310000000000        0.0000000000000000        0.0000000000000000        46.522307926337135        744.35692682139415        16.000000000000000        0.0000000000000000     
   1           1          74   1.1257345072195150E-005   1.6261432243103455E-006   2.1434997948266035E-005   2.2048459826689180       0.52290698438449246       0.51379310000000000        0.0000000000000000        0.0000000000000000        47.812172312273638        764.99475699637821        16.000000000000000        0.0000000000000000     
   1           1          75   1.1153403077005534E-005   1.4680627240691427E-006   2.1388266145568355E-005   2.2613545906977230       0.51831931195536540       0.51379310000000000        0.0000000000000000        0.0000000000000000        49.326172472819160        789.21875956510655        16.000000000000000        0.0000000000000000     
   1           1          76   1.1212070298634639E-005   1.5440276822693927E-006   2.1428654199016081E-005   2.2104584855006233       0.52306373192429068       0.51379310000000000        0.0000000000000000        0.0000000000000000        44.662355489349537        714.59768782959259        16.000000000000000        0.0000000000000000     
   1           1          77   1.0327153616353056E-005  -1.8954604111238199E-009   2.1242247880138654E-005   2.3900808050844682       0.51902713404345346       0.51379310000000000        0.0000000000000000        0.0000000000000000        43.945764880745365        703.13223809192584        16.000000000000000        0.0000000000000000     
   1           1          78   1.0626947213197722E-005   5.2475221386110070E-007   2.1302316249535264E-005   2.3185652201852105       0.51866924891354549       0.51379310000000000        0.0000000000000000        0.0000000000000000        48.191652195892345        771.06643513427753        16.000000000000000        0.0000000000000000     
   1           1          79   1.1324535415756226E-005   1.7369591208469900E-006   2.1456087530808278E-005   2.2014158434179190       0.52158102922802019       0.51379310000000000        0.0000000000000000        0.0000000000000000        47.762424224613369        764.19878759381390        16.000000000000000        0.0000000000000000     
   1           1          80   1.2761882850206808E-005   2.8293363083535805E-006   2.2694429392059557E-005   2.4037004474929629       0.48172731385752465       0.50000000000000000        0.0000000000000000        1.0000000000000000        50.977797840030341        815.64476544048546        16.000000000000000        0.0000000000000000     
   1           1          81   1.1230921469315220E-005   1.5915941304886385E-006   2.1417160856971845E-005   2.2139472266986346       0.52252673597784782       0.51379310000000000        0.0000000000000000        0.0000000000000000        43.503531563260488        696.05650501216780        16.000000000000000        0.0000000000000000     
   1           1          82   1.1322572793401698E-005   1.7339165345020964E-006   2.1455266146981051E-005   2.2064604110611032       0.52116989771303845       0.51379310000000000        0.0000000000000000        0.0000000000000000        45.900705023195549        734.41128037112878        16.000000000000000        0.0000000000000000     
   1           1          83   1.1071618912110143E-005   1.3988433781087081E-006   2.1293204264392721E-005   2.3060759126468837       0.51740422087319382       0.51379310000000000        0.0000000000000000        0.0000000000000000        45.551607978226244        728.82572765161990        16.000000000000000        0.0000000000000000     
   1           1          84   1.1101620117090067E-005   1.4023163661847929E-006   2.1351238832947918E-005   2.2698613815626816       0.51852024423201615       0.51379310000000000        0.0000000000000000        0.0000000000000000        48.997494915159464        783.95991864255143        16.000000000000000        0.0000000000000000     
   1           1          85   1.2459387403452631E-005   2.8224109236319465E-006   2.2096363883272394E-005   2.2929904955474059       0.50374921498912262       0.50000000000000000        0.0000000000000000        1.0000000000000000        47.063028722007751        753.00845955212401        16.000000000000000        0.0000000000000000     
   1           1          86   1.1546880128064175E-005   2.1295011007895117E-006   2.1498578395403573E-005   2.2231589556847360       0.51922858394012161       0.51379310000000000        0.0000000000000000        0.0000000000000000        42.384494314038243        678.15190902461188        16.000000000000000        0.0000000000000000     
   1           1          87   1.0870444111034805E-005   9.1625255481634861E-007   2.1389412347938124E-005   2.2884262127341550       0.51929956469889249       0.51379310000000000        0.0000000000000000        0.0000000000000000        44.189107817048360        707.02572507277375        16.000000000000000        0.0000000000000000     
   1           1          88   1.1973276291422174E-005   2.8524042959319281E-006   2.1611644437300395E-005   2.0775637600865857       0.52286752890387078       0.51379310000000000        0.0000000000000000        1.0000000000000000        47.135759328240646        754.17214925185033        16.000000000000000        0.0000000000000000     
   1           1          89   1.1306184706939009E-005   1.7034694668036255E-006   2.1453734714243640E-005   2.1985449481119095       0.52222482510344881       0.51379310000000000        0.0000000000000000        0.0000000000000000        48.488482817250656        775.81572507601049        16.000000000000000        0.0000000000000000     
   1           1          90   9.2896406343157991E-006  -1.8077227581342948E-006   2.1016641504179011E-005   2.5431552719658179       0.51171668163707729       0.51379310000000000        0.0000000000000000        0.0000000000000000        50.610192770790910        809.76308433265456        16.000000000000000        0.0000000000000000     
   1           1          91   1.1566837681672531E-005   2.0849942978926413E-006   2.1586657856719216E-005   2.2287781391850157       0.51591975232129228       0.51379310000000000        0.0000000000000000        0.0000000000000000        39.638879489847596        634.22207183756154        16.000000000000000        0.0000000000000000     
   1           1          92   1.0911394880587821E-005   1.0139541724193064E-006   2.1370392363996654E-005   2.2706392291468585       0.52176754868666042       0.51379310000000000        0.0000000000000000        0.0000000000000000        44.773425557365414        716.37480891784662        16.000000000000000        0.0000000000000000     
   1           1          93   1.0406706106191229E-005   1.2136670846526411E-007   2.1275610709786594E-005   2.3658881734614687       0.52027631042433420       0.51379310000000000        0.0000000000000000        0.0000000000000000        44.987597415433100        719.80155864692961        16.000000000000000        0.0000000000000000     
   1           1          94   1.1259744057193877E-005   1.6499881722516306E-006   2.1414734178411007E-005   2.2188612599324058       0.52230343310982830       0.51379310000000000        0.0000000000000000        0.0000000000000000        47.821984654486002        765.15175447177603        16.000000000000000        0.0000000000000000     
   1           1          95   1.1539661740099917E-005   2.0719134646371426E-006   2.1544587084577048E-005   2.2319657451381194       0.51696272058070203       0.51379310000000000        0.0000000000000000        0.0000000000000000        51.454217122612128        823.26747396179405        16.000000000000000        0.0000000000000000     
   1           1          96   1.1249335348483031E-005   1.6036930371642012E-006   2.1442248004851314E-005   2.2018289129742743       0.52306786465781852       0.51379310000000000        1.0000000000000000        0.0000000000000000        41.410394320630253        662.56630913008405        16.000000000000000        0.0000000000000000     
   1           1          97   1.0973630076577313E-005   1.0794638750805966E-006   2.1429167265749802E-005   2.2158974364493802       0.52453748306441383       0.51379310000000000        0.0000000000000000        0.0000000000000000        42.166781074772118        674.66849719635388        16.000000000000000        0.0000000000000000     
   1           1          98   1.2212852744198785E-005   3.3250859144929991E-006   2.1604889902683751E-005   2.0959097946045566       0.52222287968272219       0.51379310000000000        0.0000000000000000        0.0000000000000000        44.073178513813183        705.17085622101092        16.000000000000000        0.0000000000000000     
   1           1          99   1.1268523391926821E-005   1.6387937785162953E-006   2.1444620502510776E-005   2.2043333164197421       0.52216863839452876       0.51379310000000000        0.0000000000000000        0.0000000000000000        47.169422088615420        754.71075341784672        16.000000000000000        0.0000000000000000     
   1           1         100   1.1252979381530807E-005   1.6071867627666655E-006   2.1446050873424293E-005   2.2002994638095292       0.52305748819725539       0.51379310000000000        0.0000000000000000        0.0000000000000000        48.874454627276492        781.99127403642387        16.000000000000000        0.0000000000000000     
   1           1         101   1.1310658961910319E-005   1.6729476138555557E-006   2.1495190671398873E-005   2.2203524759455138       0.51903084471612493       0.51379310000000000        0.0000000000000000        0.0000000000000000        42.866838668990049        685.86941870384078        16.000000000000000        0.0000000000000000     
   1           1         102   1.1535181290183758E-005   2.0863329275228573E-006   2.1520134386656399E-005   2.2262590403650151       0.51823083342023002       0.51379310000000000        0.0000000000000000        0.0000000000000000        42.549765371619301        680.79624594590882        16.000000000000000        0.0000000000000000     
   1           1         103   1.1263826392671652E-005   1.6324051866518336E-006   2.1441711072726014E-005   2.2012609475952671       0.52299459154727101       0.51379310000000000        0.0000000000000000        0.0000000000000000        44.276918597251104        708.43069755601766        16.000000000000000        0.0000000000000000     
   1           1         104   1.1318606895735023E-005   1.7284322917659177E-006   2.1452904741600229E-005   2.1922017386403692       0.52300914047530045       0.51379310000000000        0.0000000000000000        0.0000000000000000        45.447001730451163        727.15202768721861        16.000000000000000        0.0000000000000000     
   1           1         105   1.1299817664913152E-005   1.6952438884182997E-006   2.1449331657421047E-005   2.1952310109687185       0.52297922187714918       0.51379310000000000        0.0000000000000000        0.0000000000000000        49.384631360946145        790.15410177513832        16.000000000000000        0.0000000000000000     
   1           1         106   1.1275590977828124E-005   1.6460566781289186E-006   2.1451481693074298E-005   2.2055124074887158       0.52186927390765925       0.51379310000000000        0.0000000000000000        0.0000000000000000        43.638660883392326        698.21857413427722        16.000000000000000        0.0000000000000000     
   1           1         107   1.1440059818157559E-005   1.8275868045974171E-006   2.1597921231279022E-005   2.4422823584623377       0.49681014999192535       0.51379310000000000        0.0000000000000000        0.0000000000000000        46.233806125839834        739.74089801343735        16.000000000000000        0.0000000000000000     
   1           1         108   1.1635450094475499E-005   2.3544917319690572E-006   2.1442987519474711E-005   2.2290614779715430       0.52078197798665160       0.51379310000000000        0.0000000000000000        0.0000000000000000        44.815567959931933        717.04908735891092        16.000000000000000        0.0000000000000000     
   1           1         109   1.0324672811189428E-005  -2.7735973440636021E-008   2.1264452155995976E-005   2.3751965129040045       0.52051271665482812       0.51379310000000000        0.0000000000000000        0.0000000000000000        47.871755623361437        765.94808997378300        16.000000000000000        0.0000000000000000     
   1           1         110   1.0232769713115790E-005  -1.4501501139888914E-007   2.1199364767075545E-005   2.4341671525509718       0.51553040131034589       0.51379310000000000        0.0000000000000000        0.0000000000000000        46.566543571026990        745.06469713643185        16.000000000000000        0.0000000000000000     
   1           1         111   1.1233901193979759E-005   1.5773136203043669E-006   2.1438380120338337E-005   2.2081977874688823       0.52104106863279920       0.51379310000000000        0.0000000000000000        0.0000000000000000        42.041691034170306        672.66705654672489        16.000000000000000        0.0000000000000000     
   1           1         112   1.1216756338722703E-005   1.5981721520327448E-006   2.1381075658111887E-005   2.2396729287163697       0.52218229389702819       0.51379310000000000        0.0000000000000000        0.0000000000000000        45.660135294620545        730.56216471392872        16.000000000000000        0.0000000000000000     
   1           1         113   9.8913252397894909E-006  -7.7611286241406691E-007   2.1164007901407975E-005   2.4306605777833878       0.51552445587847873       0.51379310000000000        0.0000000000000000        0.0000000000000000        47.035828445892342        752.57325513427747        16.000000000000000        0.0000000000000000     
   1           1         114   1.1011453991739245E-005   1.1470254649701257E-006   2.1435566262661853E-005   2.2482507695469343       0.51856152866456051       0.51379310000000000        1.0000000000000000        0.0000000000000000        46.758821739513003        748.14114783220805        16.000000000000000        0.0000000000000000     
   1           1         115   1.1538187369407347E-005   2.1063486891316098E-006   2.1505165695381144E-005   2.2202490881694423       0.51922508139543999       0.51379310000000000        0.0000000000000000        0.0000000000000000        49.702422908698011        795.23876653916818        16.000000000000000        0.0000000000000000     
   1           1         116   1.1565123452530102E-005   2.0147574208629316E-006   2.1657354084273427E-005   2.2886950357461302       0.50842277663883917       0.51379310000000000        0.0000000000000000        0.0000000000000000        41.047017847270851        656.75228555633362        16.000000000000000        0.0000000000000000     
   1           1         117   9.0415914198421823E-006  -2.1571861720184537E-008   2.2636336342185773E-005   2.8211976876402334       0.47769054247580922       0.59999999999999998        0.0000000000000000        1.0000000000000000        47.271822928405328        756.34916685448525        16.000000000000000        0.0000000000000000     
   1           1         118   1.2105611319327613E-005   2.2946115094686673E-006   2.2473263457556721E-005   2.4840822712972650       0.46912292147007301       0.51379310000000000        0.0000000000000000        1.0000000000000000        50.503651071407262        808.05841714251619        16.000000000000000        0.0000000000000000     
   1           1         119   1.0817085507348098E-005  -2.5096838592736115E-007   2.1885139400622943E-005   2.6920475921867824       0.48114137435597837       0.50000000000000000        0.0000000000000000        1.0000000000000000        53.626402670713503        858.02244273141605        16.000000000000000        0.0000000000000000     
   1           1         120   1.0955576593057929E-005   1.0458530166276112E-006   2.1427553844876333E-005   2.2031206936385841       0.52017693299338275       0.51379310000000000        0.0000000000000000        0.0000000000000000        49.486513008392343        791.78420813427749        16.000000000000000        0.0000000000000000     
   1           1         121   1.1229541338942267E-005   1.3390570234726932E-006   2.1681187740806426E-005   2.4140341855808609       0.49912719315941123       0.51379310000000000        0.0000000000000000        0.0000000000000000        43.515985133878196        696.25576214205114        16.000000000000000        0.0000000000000000     
   1           1         122   1.0003706322418746E-005  -6.2877879832530235E-007   2.1239452855203320E-005   2.4119687841985407       0.51608501955856734       0.51379310000000000        0.0000000000000000        0.0000000000000000        43.531746028084200        696.50793644934720        16.000000000000000        0.0000000000000000     
   1           1         123   1.1655267125520203E-005   2.3151010461896078E-006   2.1525371569562697E-005   2.1282218195830174       0.52390788173730918       0.51379310000000000        0.0000000000000000        0.0000000000000000        46.863459403604892        749.81535045767828        16.000000000000000        0.0000000000000000     
   1           1         124   1.1282114627736530E-005   1.6609711339572237E-006   2.1449138463090725E-005   2.2026224049912333       0.52177476289266322       0.51379310000000000        0.0000000000000000        0.0000000000000000        51.275661439837023        820.41058303739237        16.000000000000000        0.0000000000000000     
   1           1         125   1.1126885684586228E-005   1.3770718674444308E-006   2.1429880285304815E-005   2.3018879925900322       0.51749901408699150       0.51379310000000000        0.0000000000000000        0.0000000000000000        51.471140887468856        823.53825419950169        16.000000000000000        0.0000000000000000     
   1           1         126   1.1119197534199609E-005   1.3552060181875043E-006   2.1437174242028302E-005   2.2995451379580909       0.51744966795411518       0.51379310000000000        0.0000000000000000        0.0000000000000000        41.794367646661044        668.70988234657671        16.000000000000000        0.0000000000000000     
   1           1         127   7.0584187040529261E-006  -1.4389572714113709E-006   1.5555794679517540E-005   2.2865886771876518       0.51352596239852988       0.50000000000000000        0.0000000000000000        1.0000000000000000        50.349026026115411        805.58441641784657        16.000000000000000        0.0000000000000000     
   1           1         128   1.0925972421578586E-005   1.0336784031049241E-006   2.1379531204605009E-005   2.2771259913306179       0.52072500318373571       0.51379310000000000        0.0000000000000000        0.0000000000000000        45.444542936299193        727.11268698078709        16.000000000000000        0.0000000000000000     
   1           1         129   1.1658471863238339E-005   2.3157641234854239E-006   2.1531262175349546E-005   2.1346823186214561       0.52277176299438477       0.51379310000000000        0.0000000000000000        0.0000000000000000        48.847253414207145        781.55605462731432        16.000000000000000        0.0000000000000000     
   1           1         130   1.0519124555127414E-005   2.8168103750992799E-007   2.1337415782568882E-005   2.2977446551530982       0.52382749870967893       0.51379310000000000        0.0000000000000000        0.0000000000000000        51.915027979101403        830.64044766562245        16.000000000000000        0.0000000000000000     
   1           1         131   1.3085605626258352E-005   3.5982426849160051E-006   2.3111258525172494E-005   2.4354351511874990       0.45135005958171148       0.51379310000000000        0.0000000000000000        0.0000000000000000        42.403662638303835        678.45860221286136        16.000000000000000        0.0000000000000000     
   1           1         132   1.5402239016325093E-005   9.2828405736492330E-006   2.4581336680338743E-005   2.1473570410177358       0.44920114758667823       0.59999999999999998        0.0000000000000000        1.0000000000000000        49.922232083115411        798.75571332984657        16.000000000000000        0.0000000000000000     
   1           1         133  -3.3311324344268247E-005  -6.8410129134824216E-005   1.9336882841565673E-005   16.535781339848747       0.43229465846851256       0.59999999999999998        0.0000000000000000        1.0000000000000000        56.014173320499992        896.22677312799988        16.000000000000000        12.625000000000000     
   1           1         134   1.1770252345035979E-005   2.1950584917992237E-006   2.1888719468713858E-005   2.3786643029108054       0.49257331349417111       0.51379310000000000        0.0000000000000000        0.0000000000000000        47.817438695892335        765.07901913427736        16.000000000000000        0.0000000000000000     
   1           1         135   1.0719915764628351E-005   6.0019394796850960E-007   2.1413806047385196E-005   2.2258192683752731       0.52639460263920501       0.51379310000000000        0.0000000000000000        0.0000000000000000        52.291232002095221        836.65971203352353        16.000000000000000        0.0000000000000000     
   1           1         136  -4.0141677266738494E-005  -7.9495939595635451E-005   1.8889716226607070E-005   16.923017387521337       0.68015880986954480       0.59999999999999998        0.0000000000000000        1.0000000000000000        50.186871875748082        802.98995001196931        16.000000000000000        5.3750000000000000     
   1           1         137   1.1725825042868374E-005   2.4413583923675948E-006   2.1537069807612660E-005   2.1350449918655423       0.52242397158651199       0.51379310000000000        0.0000000000000000        0.0000000000000000        44.338967578283963        709.42348125254341        16.000000000000000        0.0000000000000000     
   1           1         138   1.1292094797674852E-005   1.6624428260004778E-006   2.1468109861318927E-005   2.2070073750151482       0.52096336159862933       0.51379310000000000        0.0000000000000000        0.0000000000000000        46.262440628829445        740.19905006127112        16.000000000000000        0.0000000000000000     
   1           1         139   1.2482317880988144E-005   2.9710626069516520E-006   2.2533218705592562E-005   2.3697464485889710       0.47478156491418017       0.51379310000000000        0.0000000000000000        0.0000000000000000        51.234214633650375        819.74743413840599        16.000000000000000        0.0000000000000000     
   1           1         140   1.3381758697796013E-005   4.3581300039585350E-006   2.2917366192990865E-005   2.2508954390890636       0.46893787236579348       0.51379310000000000        1.0000000000000000        0.0000000000000000        49.831051893694557        797.29683029911291        16.000000000000000        0.0000000000000000     
   1           1         141  -2.6440172547287213E-005  -5.0263877137398348E-005   9.2953843378795542E-006   9.2697640644775188       0.59599471510659374       0.59999999999999998        0.0000000000000000        1.0000000000000000        47.971277437499992        767.54043899999988        16.000000000000000        9.0000000000000000     
   1           1         142  -2.2936350292744374E-005  -6.5329354654987613E-005   1.9456654069498986E-005   20.278106098293531       0.49449576010860136       0.50000000000000000        0.0000000000000000        1.0000000000000000        50.678529034289909        810.85646454863854        16.000000000000000        18.062500000000000     
   1           1         143   1.0856942402116933E-005   9.0791667033036427E-007   2.1370451718242357E-005   2.2855568808492963       0.52042818751474618       0.51379310000000000        0.0000000000000000        0.0000000000000000        46.986280336651042        751.78048538641667        16.000000000000000        0.0000000000000000     
   1           1         144   1.2381848218208161E-005   3.0809917807983024E-006   2.2210412686610138E-005   2.3299282556244565       0.48556847165411726       0.51379310000000000        0.0000000000000000        0.0000000000000000        48.161374004808820        770.58198407694113        16.000000000000000        0.0000000000000000     
   1           1         145   1.1678104292985713E-005   2.3610273224477778E-006   2.1523809608215172E-005   2.1229333879671293       0.52412836461691070       0.51379310000000000        0.0000000000000000        0.0000000000000000        51.530091067603713        824.48145708165941        16.000000000000000        0.0000000000000000     
   1           1         146   1.1552671419297204E-005   1.9524129635175598E-006   2.1697625250261206E-005   2.3665328499767972       0.50031250100223335       0.51379310000000000        0.0000000000000000        0.0000000000000000        42.912865062634758        686.60584100215613        16.000000000000000        0.0000000000000000     
   1           1         147   1.1633239487466681E-005   2.0366461071942134E-006   2.1774320295430307E-005   2.4276386835954424       0.49305673642289649       0.51379310000000000        0.0000000000000000        0.0000000000000000        46.398569388416327        742.37711021466123        16.000000000000000        0.0000000000000000     
   1           1         148   1.1276891426019857E-005   1.6704737754688986E-006   2.1428353909524671E-005   2.2072713818560001       0.52279916448518582       0.51379310000000000        0.0000000000000000        0.0000000000000000        44.225451338615429        707.60722141784686        16.000000000000000        0.0000000000000000     
   1           1         149   1.0920574409984972E-005   1.0271410856883044E-006   2.1375337140282913E-005   2.2790996155197503       0.52041850122031441       0.51379310000000000        0.0000000000000000        0.0000000000000000        49.643359714778995        794.29375543646393        16.000000000000000        0.0000000000000000     
   1           1         150  -2.0241308637771571E-005  -5.0688600784726255E-005   1.0205983509183093E-005   10.506913179369038       0.43388796691732351       0.50000000000000000        0.0000000000000000        1.0000000000000000        60.786183784687509        972.57894055500014        16.000000000000000        12.625000000000000     
   1           1         151  -3.1806364075828682E-005  -6.5963634203792027E-005   1.9429541116116592E-005   22.396209003965328       0.44872809972291239       0.59999999999999998        0.0000000000000000        1.0000000000000000        46.263189001767330        740.21102402827728        16.000000000000000        16.250000000000000     
   1           1         152   1.0856620710866140E-005   9.1123367800711724E-007   2.1366284877114213E-005   2.2854399294556229       0.52042459100937055       0.51379310000000000        0.0000000000000000        0.0000000000000000        45.521850641419711        728.34961026271537        16.000000000000000        0.0000000000000000     
   1           1         153   1.1659642747131245E-005   2.3228649917439355E-006   2.1526166621949389E-005   2.1284263806577894       0.52379697747038989       0.51379310000000000        0.0000000000000000        0.0000000000000000        46.464725182210003        743.43560291536005        16.000000000000000        0.0000000000000000     
   1           1         154   1.1484154574574224E-005   1.8696741354124036E-006   2.1644137309755791E-005   2.3002128789564757       0.50780691180405102       0.51379310000000000        0.0000000000000000        0.0000000000000000        46.172170518252130        738.75472829203409        16.000000000000000        0.0000000000000000     
   1           1         155   1.0970939496646571E-005   1.0837727018997439E-006   2.1419080149710232E-005   2.2360279021768306       0.51984159692649790       0.51379310000000000        0.0000000000000000        0.0000000000000000        49.587801695892338        793.40482713427741        16.000000000000000        0.0000000000000000     
   1           1         156   1.1290659154422959E-005   1.6629503199950593E-006   2.1464620831927293E-005   2.2064260579223394       0.52115725456291517       0.51379310000000000        0.0000000000000000        0.0000000000000000        43.094541540861229        689.51266465377967        16.000000000000000        0.0000000000000000     
   1           1         157   1.1332490352105323E-005   1.7116086966456710E-006   2.1499237493068680E-005   2.2171341045911799       0.51922390795025275       0.51379310000000000        0.0000000000000000        0.0000000000000000        45.091846690867527        721.46954705388043        16.000000000000000        0.0000000000000000     
   1           1         158   1.1316735304166425E-005   1.7249441508211303E-006   2.1452741418497679E-005   2.1910196056871927       0.52298713594055923       0.51379310000000000        0.0000000000000000        1.0000000000000000        48.362401249190363        773.79841998704580        16.000000000000000        0.0000000000000000     
   1           1         159   1.1327142258787854E-005   1.7482440421023116E-006   2.1449523922510347E-005   2.1941421036781215       0.52295165399161569       0.51379310000000000        0.0000000000000000        0.0000000000000000        48.561595987269577        776.98553579631323        16.000000000000000        0.0000000000000000     
   1           1         160   1.1506322091380319E-005   1.9023793655933061E-006   2.1655169228894009E-005   2.3248550548288875       0.50535000601206870       0.51379310000000000        0.0000000000000000        0.0000000000000000        49.890182343119434        798.24291748991095        16.000000000000000        0.0000000000000000     
   1           1         161   1.1271170984825597E-005   1.6396788772462154E-006   2.1449130589222024E-005   2.1986632092060687       0.52295067359478864       0.51379310000000000        0.0000000000000000        1.0000000000000000        41.943717630730895        671.09948209169431        16.000000000000000        0.0000000000000000     
   1           1         162   1.1089598659665494E-005   1.3112838768842596E-006   2.1422711301672425E-005   2.2237689959527756       0.52134383715935317       0.51379310000000000        0.0000000000000000        1.0000000000000000        45.434722383392334        726.95555813427734        16.000000000000000        0.0000000000000000     
   1           1         163   1.0700338440964528E-005   6.5729230286315417E-007   2.1313202653171883E-005   2.2617052087527312       0.51643189752138285       0.51379310000000000        0.0000000000000000        0.0000000000000000        48.144919872058537        770.31871795293659        16.000000000000000        0.0000000000000000     
   1           1         164   1.1375119998952259E-005   1.8381756970482752E-006   2.1453167384545572E-005   2.1678046164270892       0.52032862695702853       0.51379310000000000        0.0000000000000000        0.0000000000000000        50.342893985734825        805.48630377175721        16.000000000000000        0.0000000000000000     
   1           1         165   1.2344813947812454E-005   3.5808454339221631E-006   2.1606028774368501E-005   2.0938266102059164       0.52267085672103397       0.51379310000000000        0.0000000000000000        0.0000000000000000        48.757268668607054        780.11629869771286        16.000000000000000        0.0000000000000000     
   1           1         166   1.1563835742664988E-005   1.9968732588903249E-006   2.1673604468946442E-005   2.3064272748285504       0.50642043886724930       0.51379310000000000        0.0000000000000000        0.0000000000000000        42.060259946470993        672.96415914353588        16.000000000000000        0.0000000000000000     
   1           1         167   1.1921529397490667E-005   2.6146463676749159E-006   2.1756462392531226E-005   2.2383958523162080       0.50725614435644995       0.51379310000000000        0.0000000000000000        0.0000000000000000        42.269405575675833        676.31048921081333        16.000000000000000        0.0000000000000000     
   1           1         168   1.1422213707680751E-005   1.9174695128653172E-006   2.1466234030224617E-005   2.2104174368230756       0.52092559057216059       0.51379310000000000        0.0000000000000000        0.0000000000000000        47.369648883558142        757.91438213693027        16.000000000000000        0.0000000000000000     
   1           1         169   1.0028193371557534E-005  -6.3137751915162618E-007   2.1292562455186584E-005   2.5939356963733493       0.50347861353298773       0.51379310000000000        0.0000000000000000        0.0000000000000000        51.621378615669265        825.94205785070824        16.000000000000000        0.0000000000000000     
   1           1         170   1.1488119399570054E-005   1.9538749254620159E-006   2.1563313775687806E-005   2.1130893998937901       0.52011830714349772       0.51379310000000000        1.0000000000000000        0.0000000000000000        53.022957660270563        848.36732256432902        16.000000000000000        0.0000000000000000     
   1           1         171   1.1530845949259978E-005   2.0441895131696703E-006   2.1555752257528340E-005   2.2205917321690012       0.51758128898423805       0.51379310000000000        0.0000000000000000        0.0000000000000000        41.168144416308039        658.69031066092862        16.000000000000000        0.0000000000000000     
   1           1         172   1.1569887537485875E-005   1.9669950050221994E-006   2.1717624896254895E-005   2.3114595343319855       0.50429369840722049       0.51379310000000000        0.0000000000000000        0.0000000000000000        44.341793429869135        709.46869487790616        16.000000000000000        0.0000000000000000     
   1           1         173   1.1322382407559773E-005   1.7150257132050212E-006   2.1474837213935966E-005   2.2047552450702868       0.52097009995953558       0.51379310000000000        0.0000000000000000        0.0000000000000000        44.808126454210118        716.93002326736189        16.000000000000000        0.0000000000000000     
   1           1         174   1.2001261839773356E-005   2.8853852752600188E-006   2.1634351126039160E-005   2.0840742784046911       0.52167848237859960       0.51379310000000000        0.0000000000000000        0.0000000000000000        49.251572961018681        788.02516737629890        16.000000000000000        0.0000000000000000     
   1           1         175   1.0756229682944247E-005   6.7208018403285101E-007   2.1412529360939673E-005   2.2505317481684943       0.51769366827705465       0.51379310000000000        0.0000000000000000        1.0000000000000000        55.621831582838546        889.94930532541673        16.000000000000000        0.0000000000000000     
   1           1         176  -9.4492554838510300E-006  -3.9250011535235669E-005   2.0351500567533599E-005   17.499995385905748       0.49999538590574150       0.50000000000000000        0.0000000000000000        1.0000000000000000        56.460499472946161        903.36799156713857        16.000000000000000        3.6250000000000000     
   1           1         177   1.0883852396700176E-005   9.5963053432737368E-007   2.1371150532033699E-005   2.2775199964540214       0.52117383439839238       0.51379310000000000        0.0000000000000000        0.0000000000000000        44.013787143848646        704.22059430157833        16.000000000000000        0.0000000000000000     
   1           1         178   1.1205340866047404E-005   1.5563879109471129E-006   2.1401752004093847E-005   2.2265201427840329       0.52262860331879302       0.51379310000000000        0.0000000000000000        0.0000000000000000        47.551475134849895        760.82360215759832        16.000000000000000        0.0000000000000000     
   1           1         179   1.1281485765145155E-005   1.6582293662991838E-006   2.1450742386673819E-005   2.2033591526598331       0.52190675351534754       0.51379310000000000        0.0000000000000000        0.0000000000000000        47.356496666212117        757.70394665939386        16.000000000000000        0.0000000000000000     
   1           1         180   1.1532653338346457E-005   2.0754935865170002E-006   2.1526389392046765E-005   2.2220678986413129       0.51837024473759052       0.51379310000000000        0.0000000000000000        1.0000000000000000        50.830069319961176        813.28110911937881        16.000000000000000        0.0000000000000000     
   1           1         181   1.1226152519962579E-005   1.5702240513346160E-006   2.1429934945252343E-005   2.2093091199841131       0.52299406544779159       0.51379310000000000        0.0000000000000000        1.0000000000000000        44.977768791985262        719.64430067176420        16.000000000000000        0.0000000000000000     
   1           1         182   1.2222956393321017E-005   3.1583977702644224E-006   2.1801816082626020E-005   2.1536150621643944       0.51097656429985805       0.51379310000000000        1.0000000000000000        0.0000000000000000        45.431656766545380        726.90650826472609        16.000000000000000        0.0000000000000000     
   1           1         183   1.1665331954015880E-005   2.3351909300607840E-006   2.1524842545361004E-005   2.1322245655414735       0.52276312944648584       0.51379310000000000        0.0000000000000000        0.0000000000000000        45.641772195892344        730.26835513427750        16.000000000000000        0.0000000000000000     
   1           1         184   1.1195080558994737E-005   1.5171029437938054E-006   2.1422163145944256E-005   2.2168735347726694       0.52150910027742992       0.51379310000000000        0.0000000000000000        0.0000000000000000        49.569608624160097        793.11373798656155        16.000000000000000        0.0000000000000000     
   1           1         185   1.1296782177619012E-005   1.6818967223660407E-006   2.1457192908522586E-005   2.2040805319125814       0.52160639636885120       0.51379310000000000        0.0000000000000000        0.0000000000000000        49.269292667112893        788.30868267380629        16.000000000000000        0.0000000000000000     
   1           1         186   1.1529930783502942E-005   2.0794763070460111E-006   2.1516581120772605E-005   2.2192119794044438       0.51891580627185407       0.51379310000000000        0.0000000000000000        0.0000000000000000        42.896478591000331        686.34365745600530        16.000000000000000        0.0000000000000000     
   1           1         187   1.1889896260437979E-005   2.7126279667402205E-006   2.1587860493670061E-005   2.1479315017060969       0.52027906597664131       0.51379310000000000        0.0000000000000000        0.0000000000000000        45.816248745705948        733.05997993129517        16.000000000000000        0.0000000000000000     
   1           1         188   1.0798343995783265E-005   5.7272651760563807E-007   2.1604138202996097E-005   2.6283499293640604       0.48682712481889395       0.51379310000000000        0.0000000000000000        0.0000000000000000        46.315564869107661        741.04903790572257        16.000000000000000        0.0000000000000000     
   1           1         189   1.1229277334529015E-005   1.5130343520852819E-006   2.1496796372829181E-005   2.1714689479366838       0.51970851046460975       0.51379310000000000        0.0000000000000000        0.0000000000000000        47.409405471432443        758.55048754291909        16.000000000000000        0.0000000000000000     
   1           1         190   1.0669039623044763E-005   6.2682469618885043E-007   2.1281025463096670E-005   2.3368636584060605       0.51752785558736436       0.51379310000000000        0.0000000000000000        0.0000000000000000        52.990332695892327        847.84532313427724        16.000000000000000        0.0000000000000000     
   1           1         191   1.1875655349879221E-005   2.5297132524183630E-006   2.1751863529307981E-005   2.2201560920091126       0.50882479350032728       0.51379310000000000        0.0000000000000000        0.0000000000000000        42.014003164415797        672.22405063065275        16.000000000000000        0.0000000000000000     
   1           1         192   9.9579931696882493E-006  -7.8254345679773331E-007   2.1307921788524943E-005   2.3213317468004586       0.52761803460570889       0.51379310000000000        0.0000000000000000        0.0000000000000000        46.141340770750972        738.26145233201555        16.000000000000000        0.0000000000000000     
   1           1         193   1.1002173579831492E-005   1.1338301405062920E-006   2.1430422885950826E-005   2.2018517943644520       0.52054877344297168       0.51379310000000000        0.0000000000000000        0.0000000000000000        45.829983112385392        733.27972979816627        16.000000000000000        0.0000000000000000     
   1           1         194   1.1314575356181225E-005   1.7044254549455877E-006   2.1469981849220594E-005   2.2044055951756327       0.52115950944674516       0.51379310000000000        0.0000000000000000        0.0000000000000000        48.248648394479780        771.97837431167648        16.000000000000000        0.0000000000000000     
   1           1         195   1.1060270049691987E-005   1.3649671986416760E-006   2.1305660864342986E-005   2.2893932507694346       0.51815951629524237       0.51379310000000000        0.0000000000000000        1.0000000000000000        50.168991689808486        802.70386703693578        16.000000000000000        0.0000000000000000     
   1           1         196   1.1784637220640289E-005   2.5258878067672681E-006   2.1568705615138375E-005   2.0917700067941420       0.52345495760279892       0.51379310000000000        0.0000000000000000        0.0000000000000000        44.941027446408398        719.05643914253437        16.000000000000000        0.0000000000000000     
   1           1         197   1.1313631031342182E-005   1.6876318674370546E-006   2.1485786035765643E-005   2.2110561703316729       0.52006068233264990       0.51379310000000000        0.0000000000000000        0.0000000000000000        44.019422477142328        704.31075963427725        16.000000000000000        0.0000000000000000     
   1           1         198   1.0926378932073477E-005   1.0397740593316414E-006   2.1373925781040665E-005   2.2671231197621724       0.52186213668453985       0.51379310000000000        0.0000000000000000        0.0000000000000000        48.752344071827459        780.03750514923934        16.000000000000000        0.0000000000000000     
   1           1         199   1.1023154875091426E-005   1.1724531013949450E-006   2.1432761570271785E-005   2.2141239184493267       0.52412319378050443       0.51379310000000000        0.0000000000000000        0.0000000000000000        46.041252146420952        736.66003434273523        16.000000000000000        0.0000000000000000     
   1           1         200   1.1152848821973703E-005   1.4456259076803680E-006   2.1410836015338693E-005   2.2260707506336272       0.52063965518813315       0.51379310000000000        0.0000000000000000        0.0000000000000000        50.965222992990185        815.44356788784296        16.000000000000000        0.0000000000000000     
   1           1         201   1.1102428182283634E-005   1.3326295904171323E-006   2.1426541445362600E-005   2.2217657622224927       0.52123765792227728       0.51379310000000000        1.0000000000000000        0.0000000000000000        42.308451221767058        676.93521954827293        16.000000000000000        0.0000000000000000     
   1           1         202   1.0786513539922133E-005   8.0287744259462230E-007   2.1336596929766623E-005   2.2727113304929332       0.52129172303153393       0.51379310000000000        0.0000000000000000        0.0000000000000000        45.484284983174156        727.74855973078650        16.000000000000000        0.0000000000000000     
   1           1         203   1.0169931563238306E-005  -1.9098873894310201E-007   2.1118705348453104E-005   2.4741033054803272       0.51448875318127840       0.51379310000000000        0.0000000000000000        0.0000000000000000        46.680538536654105        746.88861658646567        16.000000000000000        0.0000000000000000     
   1           1         204   1.0863903741809725E-005   8.7130074411862154E-007   2.1423462792191364E-005   2.2204411541819353       0.52528593630856424       0.51379310000000000        0.0000000000000000        0.0000000000000000        50.338986869865437        805.42378991784699        16.000000000000000        0.0000000000000000     
   1           1         205   1.1275088988977795E-005   1.6445970201848815E-006   2.1451991709139229E-005   2.2084816151225697       0.52160429628272897       0.51379310000000000        0.0000000000000000        0.0000000000000000        47.748573114049741        763.97716982479585        16.000000000000000        0.0000000000000000     
   1           1         206   1.0029441978800482E-005  -6.4588032802437203E-007   2.1310456175683956E-005   2.5884077607391678       0.50331227190986139       0.51379310000000000        0.0000000000000000        0.0000000000000000        43.578876940052311        697.26203104083697        16.000000000000000        0.0000000000000000     
   1           1         207   1.0996645578228848E-005   1.3103924853133574E-006   2.1232473173422837E-005   2.3269039706280061       0.51738633148426416       0.51379310000000000        0.0000000000000000        0.0000000000000000        43.531382215002509        696.50211544004014        16.000000000000000        0.0000000000000000     
   1           1         208   1.1298605583214672E-005   1.6483274863832688E-006   2.1496417048319689E-005   2.1463847818513688       0.52625238532418717       0.51379310000000000        0.0000000000000000        0.0000000000000000        46.990854881287682        751.85367810060291        16.000000000000000        0.0000000000000000     
   1           1         209   1.1326562273506787E-005   1.7462836415463949E-006   2.1450402673917833E-005   2.1931534875546643       0.52300157487590071       0.51379310000000000        0.0000000000000000        0.0000000000000000        49.366753846521149        789.86806154433839        16.000000000000000        0.0000000000000000     
   1           1         210   1.0855809963169587E-005   9.0766810689579996E-007   2.1368385254829875E-005   2.2796629901092826       0.52137232957498036       0.51379310000000000        0.0000000000000000        0.0000000000000000        48.387328636162444        774.19725817859910        16.000000000000000        0.0000000000000000     
   1           1         211   1.0839124427792123E-005   8.3190732424913941E-007   2.1414126752938686E-005   2.2462905857961988       0.51851441132383491       0.51379310000000000        0.0000000000000000        0.0000000000000000        39.294394151115412        628.71030641784660        16.000000000000000        0.0000000000000000     
   1           1         212   1.1647852570070830E-005   2.2991798766344325E-006   2.1526946272866841E-005   2.1346861390996636       0.52297503558877123       0.51379310000000000        0.0000000000000000        0.0000000000000000        43.512196877519699        696.19515004031518        16.000000000000000        0.0000000000000000     
   1           1         213   1.2259799711421832E-005   2.7143220663344101E-006   2.2346864601389709E-005   2.4079152899585199       0.47700409229379281       0.51379310000000000        0.0000000000000000        1.0000000000000000        44.987291842920413        719.79666948672661        16.000000000000000        0.0000000000000000     
   1           1         214   1.1282301932367547E-005   1.6651519323719564E-006   2.1445105692788725E-005   2.1983268432818415       0.52296734291221647       0.51379310000000000        0.0000000000000000        0.0000000000000000        47.361662703513836        757.78660325622138        16.000000000000000        0.0000000000000000     
   1           1         215   1.2088882522212036E-005   2.5352528082825351E-006   2.2184562009631727E-005   2.3959227170226729       0.48240886566719343       0.51379310000000000        0.0000000000000000        0.0000000000000000        49.993639244876313        799.89822791802101        16.000000000000000        0.0000000000000000     
   1           1         216   1.1310832730105515E-005   1.7212291009373534E-006   2.1444527205444109E-005   2.1983887889242357       0.52282936322425400       0.51379310000000000        0.0000000000000000        0.0000000000000000        41.015547790558223        656.24876464893157        16.000000000000000        0.0000000000000000     
   1           1         217   1.1085949534714131E-005   1.2943285749491901E-006   2.1433123313906523E-005   2.2117838750392407       0.52375563779251377       0.51379310000000000        0.0000000000000000        1.0000000000000000        43.239310648068560        691.82897036909696        16.000000000000000        0.0000000000000000     
   1           1         218   1.1399978125644264E-005   1.7725506781967560E-006   2.1573642450953044E-005   2.4992274421788423       0.49299040947700173       0.51379310000000000        0.0000000000000000        0.0000000000000000        45.351495088615430        725.62392141784687        16.000000000000000        0.0000000000000000     
   1           1         219  -1.7772392131055652E-005  -3.5253261445327481E-005   8.4489118403519662E-006   11.003527408156261       0.40305513081547112       0.59999999999999998        0.0000000000000000        1.0000000000000000        58.511741033637499        936.18785653819998        16.000000000000000        9.0000000000000000     
   1           1         220   1.0002142984225783E-005  -6.1936044129232623E-007   2.1226284747038272E-005   2.8053282639410742       0.48630643558557679       0.51379310000000000        0.0000000000000000        0.0000000000000000        50.334590500369373        805.35344800590997        16.000000000000000        0.0000000000000000     
   1           1         221  -2.6673611749995909E-005  -5.4982958750478141E-005   1.5790408750727384E-005   17.205705297372884       0.50063180619102532       0.59999999999999998        0.0000000000000000        1.0000000000000000        49.203876418874991        787.26202270199985        16.000000000000000        21.000000000000000     
   1           1         222   1.1095061093588835E-005   1.3801161307165445E-006   2.1361208465835771E-005   2.2585757751262809       0.51878219578838691       0.51379310000000000        0.0000000000000000        0.0000000000000000        41.288319801071999        660.61311681715199        16.000000000000000        0.0000000000000000     
   1           1         223   1.1573133582642443E-005   2.2057898628184371E-006   2.1471957660568455E-005   2.2283437885220709       0.51975505288808410       0.51379310000000000        0.0000000000000000        0.0000000000000000        43.838276082084242        701.41241731334787        16.000000000000000        0.0000000000000000     
   1           1         224  -1.2326150717980887E-005  -5.3364267611091279E-005   1.5032593877426107E-005   16.485922493821967       0.53904122984268155       0.40000000000000002        0.0000000000000000        1.0000000000000000        55.452328193499994        887.23725109599991        16.000000000000000        22.750000000000000     
   1           1         225   1.0965458741036834E-005   1.1257357793103806E-006   2.1363463713090149E-005   2.2446371588417375       0.51835783878337649       0.51379310000000000        0.0000000000000000        0.0000000000000000        48.905314526115419        782.48503241784670        16.000000000000000        0.0000000000000000     
   1           1         226  -1.7129952571478377E-005  -5.0345706755593394E-005   1.6085801612636769E-005   20.508130492137671       0.50010567175854659       0.50000000000000000        0.0000000000000000        1.0000000000000000        50.540332130312507        808.64531408500011        16.000000000000000        35.000000000000000     
   1           1         227   1.1291161787239521E-005   1.6920856434853405E-006   2.1434866224661704E-005   2.2016636894844437       0.52284590762089278       0.51379310000000000        0.0000000000000000        0.0000000000000000        44.972385861577649        719.55817378524239        16.000000000000000        0.0000000000000000     
   1           1         228   1.1312991492141515E-005   1.6926008426161608E-006   2.1479219768685142E-005   2.2080250829405177       0.52053690730259516       0.51379310000000000        0.0000000000000000        1.0000000000000000        44.376916453919428        710.03066326271085        16.000000000000000        0.0000000000000000     
   1           1         229   1.1277286321376263E-005   1.6528443319877199E-006   2.1447795800978934E-005   2.1981412595823602       0.52299440157798172       0.51379310000000000        0.0000000000000000        1.0000000000000000        47.871412342423582        765.94259747877732        16.000000000000000        0.0000000000000000     
   1           1         230  -1.8549646252052416E-005  -5.1106968259478612E-005   1.4007675755373811E-005   14.086951629966626       0.50048538883012716       0.50000000000000000        1.0000000000000000        0.0000000000000000        59.923655135312494        958.77848216499990        16.000000000000000        24.500000000000000     
   1           1         231   1.1384178471823401E-005   1.8455889259405192E-006   2.1463964448547722E-005   2.2084956395477531       0.52102721518815676       0.51379310000000000        0.0000000000000000        0.0000000000000000        43.057580183042013        688.92128292867221        16.000000000000000        0.0000000000000000     
   1           1         232   1.0197688440690076E-005  -2.2037018828911363E-007   2.1206842442751674E-005   2.4170798130983520       0.51696191192529706       0.51379310000000000        0.0000000000000000        0.0000000000000000        46.874781664642335        749.99650663427735        16.000000000000000        0.0000000000000000     
   1           1         233   1.1374516143216654E-005   1.8303191554985786E-006   2.1460227714422786E-005   2.2126559376494122       0.52079058140910328       0.51379310000000000        0.0000000000000000        0.0000000000000000        46.343625348688484        741.49800557901574        16.000000000000000        0.0000000000000000     
   1           1         234   1.0638019543973458E-005   4.9768560101439277E-007   2.1353691435072470E-005   2.2937810559798510       0.52242233573168617       0.51379310000000000        0.0000000000000000        0.0000000000000000        48.000287759999452        768.00460415999123        16.000000000000000        0.0000000000000000     
   1           1         235   1.1482854690893844E-005   2.0431756671528608E-006   2.1458118202400589E-005   2.1748712089894275       0.52027847131736882       0.51379310000000000        0.0000000000000000        0.0000000000000000        51.104883631501941        817.67813810403106        16.000000000000000        0.0000000000000000     
   1           1         236   1.2526549431494072E-005   3.4801738271268518E-006   2.2086194441739956E-005   2.1861288749058962       0.49960476652125962       0.51379310000000000        0.0000000000000000        0.0000000000000000        40.423889295701684        646.78222873122695        16.000000000000000        0.0000000000000000     
   1           1         237   1.1549991322846879E-005   2.1309619242179593E-006   2.1503433599607256E-005   2.1438932880173001       0.52178480770305724       0.51379310000000000        0.0000000000000000        1.0000000000000000        44.879282523002388        718.06852036803821        16.000000000000000        0.0000000000000000     
   1           1         238   1.2423212490634254E-005   3.1539061925209054E-006   2.2218436741373887E-005   2.2611481087440004       0.49125846573363008       0.51379310000000000        0.0000000000000000        0.0000000000000000        49.174664082439335        786.79462531902936        16.000000000000000        0.0000000000000000     
   1           1         239   1.1494524967683990E-005   1.8763266769794082E-006   2.1658436496285671E-005   2.4457209425783262       0.49524286408440121       0.51379310000000000        0.0000000000000000        0.0000000000000000        49.460023258392347        791.36037213427755        16.000000000000000        0.0000000000000000     
   1           1         240   1.1262093600259457E-005   1.6198114195149483E-006   2.1451455480396206E-005   2.2061788689743276       0.52207677754689530       0.51379310000000000        0.0000000000000000        0.0000000000000000        49.486378854062160        791.78206166499456        16.000000000000000        0.0000000000000000     
   1           1         241   1.0886895588277230E-005   9.2592878390467006E-007   2.1413023484478756E-005   2.2445611423377319       0.51907569865218051       0.51379310000000000        0.0000000000000000        1.0000000000000000        43.515715502227984        696.25144803564774        16.000000000000000        0.0000000000000000     
   1           1         242   1.0649626200710689E-005   4.6813887675626363E-007   2.1408786415807070E-005   2.2281836971282321       0.52697481820709036       0.51379310000000000        0.0000000000000000        0.0000000000000000        43.531452634995610        696.50324215992975        16.000000000000000        0.0000000000000000     
   1           1         243   1.0655981783527437E-005   5.3057331217056598E-007   2.1355881367973208E-005   2.2949610702613339       0.52205446222486085       0.51379310000000000        0.0000000000000000        0.0000000000000000        46.863072567272148        749.80916107635437        16.000000000000000        0.0000000000000000     
   1           1         244   1.1510854095566165E-005   1.9059542304506561E-006   2.1660712678171773E-005   2.3520955879767489       0.50282184333117852       0.51379310000000000        0.0000000000000000        0.0000000000000000        51.275251801968125        820.40402883149000        16.000000000000000        0.0000000000000000     
   1           1         245  -2.6503966488676976E-005  -5.5004422634496319E-005   1.6246717730052237E-005   18.122732426174409       0.50012155839632833       0.59999999999999998        0.0000000000000000        1.0000000000000000        61.087363830000015        977.39782128000024        16.000000000000000        45.500000000000000     
   1           1         246   1.0866467688385465E-005   3.3349413855157640E-007   2.1997056605134591E-005   2.6635985008320491       0.47583142145231594       0.51379310000000000        0.0000000000000000        1.0000000000000000        42.861373070892327        685.78196913427723        16.000000000000000        0.0000000000000000     
   1           1         247   1.1348019049265311E-005   1.7822800416476505E-006   2.1456494882320716E-005   2.2135387611087984       0.52075180230858498       0.51379310000000000        0.0000000000000000        0.0000000000000000        46.745286074700743        747.92457719521190        16.000000000000000        0.0000000000000000     
   1           1         248   1.0945590900243965E-005   1.0157155763938977E-006   2.1438863260743915E-005   2.2465464963869777       0.51796534372133840       0.51379310000000000        1.0000000000000000        0.0000000000000000        45.882588657699998        734.12141852319996        16.000000000000000        0.0000000000000000     
   1           1         249   1.0852933847218333E-005   9.0262105470563401E-007   2.1367803248772750E-005   2.2862561550259035       0.52059369863052629       0.51379310000000000        0.0000000000000000        0.0000000000000000        50.240770831052217        803.85233329683547        16.000000000000000        0.0000000000000000     
   1           1         250   1.1018178414704059E-005   1.1763311309766270E-006   2.1418428237635169E-005   2.2323508467707307       0.52048053892027002       0.51379310000000000        0.0000000000000000        0.0000000000000000        49.693233344794649        795.09173351671438        16.000000000000000        0.0000000000000000     
   1           1         251   1.0883517463295148E-005   9.6147933321766070E-007   2.1368507966660484E-005   2.2721561579353531       0.52162347902800843       0.51379310000000000        0.0000000000000000        0.0000000000000000        42.055876472059211        672.89402355294737        16.000000000000000        0.0000000000000000     
   1           1         252  -2.5235216478107983E-005  -5.2234978592510535E-005   1.5264426693496222E-005   16.363555916043904       0.50012725491863907       0.59999999999999998        0.0000000000000000        1.0000000000000000        52.086098606249990        833.37757769999985        16.000000000000000        49.000000000000000     
   1           1         253   1.0956905129508272E-005   1.0578041982648372E-006   2.1417657033022178E-005   2.2507887740065513       0.51904774310884305       0.51379310000000000        0.0000000000000000        0.0000000000000000        47.499619070892344        759.99390513427750        16.000000000000000        0.0000000000000000     
   1           1         254   1.1279103826979229E-005   1.6527774245737663E-006   2.1451604636621063E-005   2.2034115685898619       0.52205279087418754       0.51379310000000000        0.0000000000000000        0.0000000000000000        47.817296043505905        765.07673669609449        16.000000000000000        0.0000000000000000     
   1           1         255   1.1621633990417041E-005   2.1360513868639971E-006   2.1645405539495503E-005   2.2380115985819042       0.51331363437079225       0.51379310000000000        0.0000000000000000        0.0000000000000000        52.290928088733132        836.65484941973011        16.000000000000000        0.0000000000000000     
   1           1         256   1.2198306164818833E-005   2.6777104310492326E-006   2.2259077404182834E-005   2.3333221770885091       0.48619566984185858       0.51379310000000000        0.0000000000000000        0.0000000000000000        41.966337916958729        671.46140667133966        16.000000000000000        0.0000000000000000     
   1           1         257   1.1014349976131308E-005   1.1626964591592158E-006   2.1424962414192465E-005   2.2519006695569641       0.51894855752662306       0.51379310000000000        0.0000000000000000        0.0000000000000000        45.412402949880445        726.59844719808711        16.000000000000000        0.0000000000000000     
   1           1         258   1.1441836787107189E-005   1.8237184058920502E-006   2.1605663872348930E-005   2.4048446913668582       0.50035065144492807       0.51379310000000000        0.0000000000000000        0.0000000000000000        47.537195433180401        760.59512693088641        16.000000000000000        0.0000000000000000     
   1           1         259   1.1675716820872702E-005   2.3460575048595299E-006   2.1534718373335845E-005   2.1333436422900820       0.52273829583286302       0.51379310000000000        0.0000000000000000        0.0000000000000000        49.974959259366194        799.59934814985911        16.000000000000000        0.0000000000000000     
   1           1         260   1.0873246401417181E-005   9.3534572950251441E-007   2.1374999448761859E-005   2.2847326189578809       0.52020722542839837       0.51379310000000000        0.0000000000000000        1.0000000000000000        50.452280276115417        807.23648441784667        16.000000000000000        0.0000000000000000     
   1           1         261   1.0886593148303776E-005   9.5091929277079953E-007   2.1385993035107858E-005   2.2527120615375660       0.52030841076238066       0.51379310000000000        0.0000000000000000        0.0000000000000000        44.432274585470779        710.91639336753246        16.000000000000000        0.0000000000000000     
   1           1         262   1.1294898277834795E-005   1.6820972659059336E-006   2.1453106299156309E-005   2.1983820509984695       0.52254016117232016       0.51379310000000000        0.0000000000000000        0.0000000000000000        42.463439055826811        679.41502489322897        16.000000000000000        0.0000000000000000     
   1           1         263   2.1347318536632812E-005   1.4075640524700312E-006   2.1347318536632812E-005   2.2108585990963863       0.51169953236659182        0.0000000000000000        0.0000000000000000        1.0000000000000000        46.467422703392330        743.47876325427728        16.000000000000000        0.0000000000000000     
   1           1         264   1.0704874695680865E-005   7.2267688927052369E-007   2.1253438189470817E-005   2.3537246414074926       0.51708288474017272       0.51379310000000000        0.0000000000000000        0.0000000000000000        47.356015519910009        757.69624831856015        16.000000000000000        0.0000000000000000     
   1           1         265   3.2099999999999985E-006   4.1136999999999988E-004   3.2099999999999985E-006   9.9999999999999964        1.0000000000000000        0.0000000000000000        0.0000000000000000        1.0000000000000000        46.902455011740415        750.43928018784663        16.000000000000000        1.7500000000000000     
   1           1         266   1.1872574334393808E-005   2.6868114992647229E-006   2.1579515068731204E-005   2.0655772927498943       0.52413805710536010       0.51379310000000000        0.0000000000000000        0.0000000000000000        42.449943221967310        679.19909155147695        16.000000000000000        0.0000000000000000     
   1           1         267   1.0899564604938576E-005   9.5911942745581925E-007   2.1404006526924607E-005   2.2507980007257977       0.51941199112878611       0.51379310000000000        0.0000000000000000        0.0000000000000000        43.675392994865419        698.80628791784670        16.000000000000000        0.0000000000000000     
   1           1         268   1.1176491380953848E-005   1.4632080449205865E-006   2.1440882849686252E-005   2.2050155635102588       0.52344722824443446       0.51379310000000000        0.0000000000000000        0.0000000000000000        42.608821957052456        681.74115131283929        16.000000000000000        0.0000000000000000     
   1           1         269   1.0980054349037955E-005   1.0475543750169493E-006   2.1476100275992929E-005   2.1592672499800103       0.52850083215618593       0.51379310000000000        0.0000000000000000        1.0000000000000000        47.145503365608441        754.32805384973506        16.000000000000000        0.0000000000000000     
   1           1         270   1.1649142631056410E-005   2.0941491540669145E-006   2.1746263258143622E-005   2.3103857813887174       0.50386458373104692       0.51379310000000000        0.0000000000000000        0.0000000000000000        48.586466901239390        777.38347041983025        16.000000000000000        0.0000000000000000     
   1           1         271   1.1130619305709930E-005   1.4149943549866018E-006   2.1397485246669434E-005   2.2456675791864065       0.51941618365551412       0.51379310000000000        0.0000000000000000        0.0000000000000000        42.017833333112534        672.28533332980055        16.000000000000000        0.0000000000000000     
   1           1         272   1.1128966285519997E-005   1.3380394867662639E-006   2.1475406518689744E-005   2.3057425050520939       0.51579520125286060       0.51379310000000000        0.0000000000000000        0.0000000000000000        45.663141896591469        730.61027034546350        16.000000000000000        0.0000000000000000     
   1           1         273   1.0802127821424609E-005   9.0558713937259412E-007   2.1260174213418441E-005   2.2990328363951389       0.51847194520454531       0.51379310000000000        0.0000000000000000        0.0000000000000000        45.210440700733415        723.36705121173463        16.000000000000000        0.0000000000000000     
   1           1         274   1.1678890736495826E-005   2.3612895236695537E-006   2.1525150038249577E-005   2.1241643607487259       0.52413505240308245       0.51379310000000000        1.0000000000000000        0.0000000000000000        46.847017619865426        749.55228191784681        16.000000000000000        0.0000000000000000     
   1           1         275   1.1166073654243823E-005   1.4649014626580963E-006   2.1417666821573624E-005   2.2237921889592154       0.52065780013465601       0.51379310000000000        0.0000000000000000        0.0000000000000000        48.987188468289197        783.79501549262716        16.000000000000000        0.0000000000000000     
   1           1         276   1.2302482093927448E-005   2.9992815981884366E-006   2.2133523616841468E-005   2.3238275558056496       0.48856174284988113       0.51379310000000000        0.0000000000000000        0.0000000000000000        42.109713501560314        673.75541602496503        16.000000000000000        0.0000000000000000     
   1           1         277   1.1269785413916996E-005   1.6600452081248673E-006   2.1424758966387547E-005   2.2125573713151865       0.52228719529782786       0.51379310000000000        0.0000000000000000        0.0000000000000000        44.451760352015718        711.22816563225149        16.000000000000000        0.0000000000000000     
   1           1         278   1.1277191971642812E-005   1.6589324065491987E-006   2.1441168251193997E-005   2.2022016475600137       0.52282945683652193       0.51379310000000000        0.0000000000000000        0.0000000000000000        46.191618233862087        739.06589174179339        16.000000000000000        0.0000000000000000     
   1           1         279   1.1647402070840222E-005   2.2572985985454005E-006   2.1570277234378715E-005   2.0846521654873684       0.52679096621974730       0.51379310000000000        0.0000000000000000        0.0000000000000000        44.876908156871778        718.03053050994845        16.000000000000000        0.0000000000000000     
   1           1         280   1.0648018955160802E-005   5.4197080003825457E-007   2.1327459765996014E-005   2.3088911187448691       0.52015599079310182       0.51379310000000000        0.0000000000000000        0.0000000000000000        47.321714318570180        757.14742909712288        16.000000000000000        0.0000000000000000     
   1           1         281   1.1294330279775020E-005   1.6837950615644808E-006   2.1450143951739878E-005   2.2040184855708693       0.52137300775651052       0.51379310000000000        0.0000000000000000        0.0000000000000000        39.045892901115415        624.73428641784665        16.000000000000000        0.0000000000000000     
   1           1         282   1.1677094911979379E-005   2.3586050971957590E-006   2.1524293232809446E-005   2.1242302295447466       0.52414516930220645       0.51379310000000000        0.0000000000000000        0.0000000000000000        43.462576912731294        695.40123060370070        16.000000000000000        0.0000000000000000     
   1           1         283   1.0978245472389342E-005   1.2344917242960364E-006   2.1274836170442829E-005   2.2078620136478690       0.51175510459195184       0.51379310000000000        0.0000000000000000        1.0000000000000000        45.699445005752501        731.19112009204002        16.000000000000000        0.0000000000000000     
   1           1         284   1.1126244552638836E-005   1.4070508670088818E-006   2.1396881709865993E-005   2.2413737773644749       0.51963296728424191       0.51379310000000000        0.0000000000000000        0.0000000000000000        50.342549773970333        805.48079638352533        16.000000000000000        0.0000000000000000     
   1           1         285   1.1035770806805121E-005   1.1933359005614675E-006   2.1436641592528667E-005   2.2151369828128056       0.52377638274322702       0.51379310000000000        0.0000000000000000        0.0000000000000000        48.756865732597490        780.10985172155983        16.000000000000000        0.0000000000000000     
   1           1         286   1.0793344312458720E-005   5.6657418832722065E-007   2.1600356563960832E-005   2.5166918939526775       0.49595407080061060       0.51379310000000000        0.0000000000000000        0.0000000000000000        42.059925842231351        672.95881347570162        16.000000000000000        0.0000000000000000     
   1           1         287   1.1715641919249196E-005   2.4308071262616670E-006   2.1527275713991164E-005   2.1188646850474133       0.52430710361630672       0.51379310000000000        0.0000000000000000        0.0000000000000000        41.440993343264545        663.05589349223271        16.000000000000000        0.0000000000000000     
   1           1         288   1.0899422397494398E-005   9.8988870865904833E-007   2.1371198987956815E-005   2.2797034863496894       0.52038690404450949       0.51379310000000000        0.0000000000000000        0.0000000000000000        46.845596338615429        749.52954141784687        16.000000000000000        0.0000000000000000     
   1           1         289   1.1851156502858620E-005   2.6796370285307231E-006   2.1543045742655913E-005   2.1124595490843525       0.52162744892303625       0.51379310000000000        0.0000000000000000        0.0000000000000000        51.051501199779295        816.82401919646873        16.000000000000000        0.0000000000000000     
   1           1         290   1.1680065828095968E-005   2.3613309173485828E-006   2.1527523151040350E-005   2.1289426849558937       0.52318844798992237       0.51379310000000000        0.0000000000000000        0.0000000000000000        50.258229793587439        804.13167669739903        16.000000000000000        0.0000000000000000     
   1           1         291   1.1216591826234723E-005   1.5761900782082514E-006   2.1403966582462410E-005   2.2235714647586415       0.52254908971006520       0.51379310000000000        0.0000000000000000        0.0000000000000000        40.896323692559832        654.34117908095732        16.000000000000000        0.0000000000000000     
   1           1         292   1.1960756982411613E-005   2.8581261563916979E-006   2.1579848999115413E-005   2.0720809769019528       0.52498823547359574       0.51379310000000000        0.0000000000000000        0.0000000000000000        43.905352191796538        702.48563506874461        16.000000000000000        0.0000000000000000     
   1           1         293   1.1326558763801123E-005   1.7426875485711113E-006   2.1454195581941398E-005   2.1905998155943216       0.52303525656927730       0.51379310000000000        0.0000000000000000        0.0000000000000000        44.807774423476758        716.92439077562813        16.000000000000000        0.0000000000000000     
   1           1         294   1.0685336005485969E-005   6.3419140478743100E-007   2.1306758167411335E-005   2.2798358410232575       0.52204292713140488       0.51379310000000000        0.0000000000000000        0.0000000000000000        48.789782908605986        780.63652653769577        16.000000000000000        0.0000000000000000     
   1           1         295   1.1287192817067989E-005   1.6588728176456965E-006   2.1461800335585734E-005   2.2063094922824984       0.52128815732528033       0.51379310000000000        0.0000000000000000        0.0000000000000000        53.376012633392335        854.01620213427736        16.000000000000000        0.0000000000000000     
   1           1         296   1.1588118734845134E-005   2.0993083875633857E-006   2.1615301162000986E-005   2.2280843654171876       0.51504796775865391       0.51379310000000000        0.0000000000000000        0.0000000000000000        43.421917740226711        694.75068384362737        16.000000000000000        0.0000000000000000     
   1           1         297   1.1525711147418729E-005   2.0580622714752404E-006   2.1530531452688923E-005   2.2194667929680882       0.51845482360401085       0.51379310000000000        0.0000000000000000        0.0000000000000000        43.718999736587563        699.50399578540100        16.000000000000000        0.0000000000000000     
   1           1         298   1.0986873619456275E-005   1.0430557785402468E-006   2.1494879561616633E-005   2.3591275167801973       0.51035298110733895       0.51379310000000000        0.0000000000000000        0.0000000000000000        47.551199858946717        760.81919774314747        16.000000000000000        0.0000000000000000     
   1           1         299   1.1384628163274683E-005   1.7862670871396004E-006   2.1527576961875827E-005   2.2291505488356620       0.51734575192700882       0.51379310000000000        0.0000000000000000        0.0000000000000000        47.356127958289697        757.69804733263516        16.000000000000000        0.0000000000000000     
   1           1         300   1.1617568711176900E-005   2.1314130056294625E-006   2.1641945878666236E-005   2.2347270936666481       0.51368509158371023       0.51379310000000000        0.0000000000000000        0.0000000000000000        50.829679766888681        813.27487627021890        16.000000000000000        0.0000000000000000     
   1           1         301   1.1590679346860913E-005   2.1075217254231379E-006   2.1611888326221220E-005   2.2338227861407676       0.51470548299757668       0.51379310000000000        0.0000000000000000        0.0000000000000000        44.976160074199079        719.61856118718526        16.000000000000000        0.0000000000000000     
   1           1         302   1.1083786660921495E-005   1.3294382721119590E-006   2.1391573113903417E-005   2.2354839439064791       0.51970681653928785       0.51379310000000000        0.0000000000000000        0.0000000000000000        44.777290914642336        716.43665463427737        16.000000000000000        0.0000000000000000     
   1           1         303   1.1252944946421665E-005   1.5792230586595226E-006   2.1475530346281174E-005   2.2140836333260649       0.51994849378327956       0.51379310000000000        1.0000000000000000        0.0000000000000000        45.693893058191449        731.10228893106319        16.000000000000000        0.0000000000000000     
   1           1         304   1.1230067725099589E-005   1.6003301485803093E-006   2.1406173250600021E-005   2.2264762871824164       0.52211356772832629       0.51379310000000000        0.0000000000000000        0.0000000000000000        49.569342432766767        793.10947892426827        16.000000000000000        0.0000000000000000     
   1           1         305   1.1025746278705659E-005   1.1825397401592024E-006   2.1427432477276610E-005   2.2133075893196144       0.52443184793776443       0.51379310000000000        0.0000000000000000        0.0000000000000000        49.269016709176540        788.30426734682464        16.000000000000000        0.0000000000000000     
   1           1         306   1.1595547901776261E-005   2.2396317666450401E-006   2.1482296021576818E-005   2.1496986675204117       0.52376602150007912       0.51379310000000000        0.0000000000000000        0.0000000000000000        42.896101092164287        686.33761747462859        16.000000000000000        0.0000000000000000     
   1           1         307   1.1628036501140949E-005   2.0369571449359724E-006   2.1763290432688449E-005   2.4290360924315264       0.49277541708462635       0.51379310000000000        0.0000000000000000        0.0000000000000000        44.554753578625011        712.87605725800017        16.000000000000000        0.0000000000000000     
   1           1         308   1.2032767670336310E-005   2.7094495118790715E-006   2.1885068283347002E-005   2.3211953073166738       0.49597127226500570       0.51379310000000000        0.0000000000000000        0.0000000000000000        45.875739036417556        734.01182458268090        16.000000000000000        0.0000000000000000     
   1           1         309   1.1384901976082899E-005   1.8540326517089792E-006   2.1456529704658960E-005   2.1641674373971607       0.52057985723137001       0.51379310000000000        0.0000000000000000        0.0000000000000000        47.412058633392341        758.59293813427746        16.000000000000000        0.0000000000000000     
   1           1         310   1.0703518169107598E-005   6.7902028329688078E-007   2.1296781746185801E-005   2.3368273957633630       0.51747282606268741       0.51379310000000000        0.0000000000000000        0.0000000000000000        52.990188950238050        847.84302320380880        16.000000000000000        0.0000000000000000     
   1           1         311   1.0728230371020618E-005   6.9332984628280445E-007   2.1332486807522904E-005   2.2764700495287387       0.52102109849507072       0.51379310000000000        0.0000000000000000        0.0000000000000000        42.013720886120289        672.21953417792463        16.000000000000000        0.0000000000000000     
   1           1         312   1.1685426240137601E-005   2.3740626359808099E-006   2.1525094026437818E-005   2.1222128694391929       0.52415786033968714       0.51379310000000000        0.0000000000000000        0.0000000000000000        46.141039968585638        738.25663949737020        16.000000000000000        0.0000000000000000     
   1           1         313   1.0889388864018717E-005   9.7192535094598822E-007   2.1369545197707877E-005   2.2790793034075532       0.52054026301274425       0.51379310000000000        0.0000000000000000        0.0000000000000000        45.829591005050062        733.27345608080100        16.000000000000000        0.0000000000000000     
   1           1         314   1.0906842678060066E-005   9.8560757570536329E-007   2.1390984591857379E-005   2.2584412332948998       0.51982121449379559       0.51379310000000000        0.0000000000000000        0.0000000000000000        49.435107846000001        790.96172553600002        16.000000000000000        0.0000000000000000     
   1           1         315   1.0692887688993621E-005   5.9924312969481941E-007   2.1359221154068159E-005   2.2930726824394196       0.52172903993406594       0.51379310000000000        0.0000000000000000        0.0000000000000000        51.570099665364950        825.12159464583920        16.000000000000000        0.0000000000000000     
   1           1         316   1.1093942383403511E-005   1.3045424016581519E-006   2.1438769171671888E-005   2.2119256599752464       0.52343179474862289       0.51379310000000000        0.0000000000000000        0.0000000000000000        43.863583820892330        701.81734113427729        16.000000000000000        0.0000000000000000     
   1           1         317   1.1530381717276257E-005   1.9268708990519063E-006   2.1678772441839883E-005   2.3497413335442427       0.50240781122738198       0.51379310000000000        0.0000000000000000        0.0000000000000000        43.724769377576500        699.59631004122400        16.000000000000000        0.0000000000000000     
   1           1         318   1.0584586651870238E-005   3.9624104751525082E-007   2.1350994269558897E-005   2.2792404641989439       0.51922228903404088       0.51379310000000000        0.0000000000000000        0.0000000000000000        47.094550526659532        753.51280842655251        16.000000000000000        0.0000000000000000     
   1           1         319   1.2197067425225166E-005   2.4057268470333737E-006   2.2543944914674386E-005   2.4549915172375072       0.46980299944607257       0.51379310000000000        0.0000000000000000        0.0000000000000000        45.526189089747078        728.41902543595324        16.000000000000000        0.0000000000000000     
   1           1         320   1.1884352163335818E-005   2.6736087626552396E-006   2.1617690799912488E-005   2.1519073603326087       0.51908373948743480       0.51379310000000000        0.0000000000000000        0.0000000000000000        50.203518769486621        803.25630031178594        16.000000000000000        0.0000000000000000     
   1           1         321   1.1073802783184813E-005   1.3213941533839579E-006   2.1379539419937916E-005   2.2450574431371653       0.51912640886487826       0.51379310000000000        0.0000000000000000        1.0000000000000000        42.240842808079066        675.85348492926505        16.000000000000000        0.0000000000000000     
   1           1         322   1.1298691113279994E-005   1.6907011196860259E-006   2.1451815150757886E-005   2.2001382104176441       0.52195903723911186       0.51379310000000000        0.0000000000000000        0.0000000000000000        45.138341506535582        722.21346410456931        16.000000000000000        0.0000000000000000     
   1           1         323   1.1616291171628626E-005   2.3505747114507082E-006   2.1407721905736843E-005   2.0858463133526350       0.51998908584536407       0.51379310000000000        0.0000000000000000        1.0000000000000000        42.225781106338502        675.61249770141603        16.000000000000000        0.0000000000000000     
   1           1         324   1.1036709022782974E-005   1.2021956097949874E-006   2.1429208868940695E-005   2.2280301256112041       0.52013931811918035       0.51379310000000000        0.0000000000000000        0.0000000000000000        48.719835594332970        779.51736950932752        16.000000000000000        0.0000000000000000     
   1           1         325   1.1556133002480171E-005   2.1539858440471017E-006   2.1491735181691530E-005   2.2188598298816316       0.51981390052617349       0.51379310000000000        0.0000000000000000        0.0000000000000000        46.452283658175247        743.23653853080395        16.000000000000000        0.0000000000000000     
   1           1         326   1.1279280817241625E-005   1.6482428689571485E-006   2.1456760494446347E-005   2.2061690226130137       0.52155975263637666       0.51379310000000000        0.0000000000000000        0.0000000000000000        42.889478872552765        686.23166196084424        16.000000000000000        0.0000000000000000     
   1           1         327   1.1353843437789318E-005   1.7465720218993933E-006   2.1506208127207529E-005   2.2175120337924890       0.51907585191163974       0.51379310000000000        0.0000000000000000        0.0000000000000000        43.186869383498014        690.98991013596822        16.000000000000000        0.0000000000000000     
   1           1         328   1.1355646135954454E-005   1.7457644278325060E-006   2.1510769219253309E-005   2.2215416862770669       0.51861956684017030       0.51379310000000000        0.0000000000000000        0.0000000000000000        45.887041016204591        734.19265625927346        16.000000000000000        0.0000000000000000     
   1           1         329   1.1240675286363791E-005   1.6062341178862150E-006   2.1421751274219298E-005   2.2107326394087163       0.52256408087868622       0.51379310000000000        0.0000000000000000        0.0000000000000000        49.521694755852245        792.34711609363592        16.000000000000000        0.0000000000000000     
   1           1         330   1.1032712874204404E-005   1.1984827862591089E-006   2.1424913320143466E-005   2.2293022142828738       0.52033035815725781       0.51379310000000000        0.0000000000000000        0.0000000000000000        49.015347258392346        784.24555613427754        16.000000000000000        0.0000000000000000     
   1           1         331   1.3269110045514260E-005   3.7961212896526385E-006   2.3279573202534996E-005   2.4395505403556430       0.44593356745415330       0.51379310000000000        0.0000000000000000        0.0000000000000000        40.421849349731090        646.74958959569744        16.000000000000000        0.0000000000000000     
   1           1         332   1.1341333159537812E-005   1.7665654264083333E-006   2.1459349986087409E-005   2.2026971671528042       0.52144935658314617       0.51379310000000000        1.0000000000000000        0.0000000000000000        42.321662602395079        677.14660163832127        16.000000000000000        0.0000000000000000     
   1           1         333   1.1526060580532310E-005   2.0509764349402525E-006   2.1538738014613380E-005   2.2212643513993702       0.51808165119908245       0.51379310000000000        0.0000000000000000        1.0000000000000000        45.350772099256382        725.61235358810211        16.000000000000000        0.0000000000000000     
   1           1         334   1.0998783720709776E-005   1.1271839091253284E-006   2.1430474157751080E-005   2.2015442490411092       0.52051148636469013       0.51379310000000000        0.0000000000000000        0.0000000000000000        46.979685743773565        751.67497190037705        16.000000000000000        0.0000000000000000     
   1           1         335   1.1602224657064602E-005   2.0060412207987067E-006   2.1742872261793623E-005   2.3498448664795384       0.50023224044136416       0.51379310000000000        0.0000000000000000        0.0000000000000000        50.393348856530878        806.29358170449404        16.000000000000000        0.0000000000000000     
   1           1         336   1.1330798825290622E-005   1.7514675131353172E-006   2.1453638157268805E-005   2.1890853475468552       0.52306599878608862       0.51379310000000000        0.0000000000000000        1.0000000000000000        40.686647523800218        650.98636038080349        16.000000000000000        0.0000000000000000     
   1           1         337   1.1309102787891545E-005   1.7108958264824669E-006   2.1451888727671701E-005   2.1912791118191617       0.52293646791253956       0.51379310000000000        0.0000000000000000        0.0000000000000000        42.513589307365422        680.21742891784675        16.000000000000000        0.0000000000000000     
   1           1         338   1.2276595173672803E-005   2.7595334102108298E-006   2.2333631933827004E-005   2.3396538043570434       0.48336588420019416       0.51379310000000000        0.0000000000000000        1.0000000000000000        43.712398955923987        699.39838329478380        16.000000000000000        0.0000000000000000     
   1           1         339   1.1328034715374795E-005   1.7334350266651510E-006   2.1467008714552957E-005   2.2015226766930680       0.52152475261020614       0.51379310000000000        0.0000000000000000        0.0000000000000000        47.550929307590032        760.81486892144051        16.000000000000000        0.0000000000000000     
   1           1         340   1.1272506864603232E-005   1.6401732915263714E-006   2.1451355677207672E-005   2.2017157545124939       0.52242991245335968       0.51379310000000000        0.0000000000000000        0.0000000000000000        51.736518478489714        827.78429565583542        16.000000000000000        0.0000000000000000     
   1           1         341   1.0744994738242848E-005   6.4825895232435090E-007   2.1414594818636564E-005   2.2250123443197634       0.52622081437714474       0.51379310000000000        0.0000000000000000        0.0000000000000000        44.177967451748557        706.84747922797692        16.000000000000000        0.0000000000000000     
   1           1         342   1.1260726464681690E-005   1.6405730403846021E-006   2.1426704056412808E-005   2.2074610029024515       0.52268248544830309       0.51379310000000000        0.0000000000000000        0.0000000000000000        42.843405690294873        685.49449104471796        16.000000000000000        0.0000000000000000     
   1           1         343   1.0922932368191643E-005   1.0516089274695571E-006   2.1354330753758091E-005   2.2502076942608804       0.51810997312807594       0.51379310000000000        0.0000000000000000        1.0000000000000000        45.932652280768757        734.92243649230011        16.000000000000000        0.0000000000000000     
   1           1         344   1.1995546808081120E-005   2.9188345632477390E-006   2.1587249686178581E-005   2.0637686228412617       0.52517941282775205       0.51379310000000000        0.0000000000000000        0.0000000000000000        44.859656369865426        717.75450191784682        16.000000000000000        0.0000000000000000     
   1           1         345   1.1151192270909794E-005   1.4201645840082052E-006   2.1434334861932127E-005   2.2082394606851352       0.52359628378334266       0.51379310000000000        0.0000000000000000        0.0000000000000000        49.387337164420920        790.19739463073472        16.000000000000000        0.0000000000000000     
   1           1         346   1.1077490215215742E-005   1.2713602604647927E-006   2.1439996194572335E-005   2.2139284283738117       0.52337831389443490       0.51379310000000000        0.0000000000000000        0.0000000000000000        43.638179571639064        698.21087314622503        16.000000000000000        0.0000000000000000     
   1           1         347   1.0559896183708076E-005   2.9858421509810950E-007   2.1403410100147985E-005   2.2665679994861296       0.51579908563178556       0.51379310000000000        0.0000000000000000        0.0000000000000000        45.042858681932856        720.68573891092569        16.000000000000000        0.0000000000000000     
   1           1         348   1.1137171400451939E-005   1.4887423696002883E-006   2.1333028888059507E-005   2.2821913816047874       0.51813141380732430       0.51379310000000000        0.0000000000000000        0.0000000000000000        44.788265544497342        716.61224871195748        16.000000000000000        0.0000000000000000     
   1           1         349   1.0505994390675230E-005   2.5013964984472403E-007   2.1343741449470606E-005   2.2983215476899637       0.52358978039147985       0.51379310000000000        0.0000000000000000        0.0000000000000000        47.769475926077902        764.31161481724644        16.000000000000000        0.0000000000000000     
   1           1         350   1.1335615363035124E-005   1.7485564371540699E-006   2.1466620754795244E-005   2.2001231620957080       0.52166200015908037       0.51379310000000000        0.0000000000000000        0.0000000000000000        48.567705738906419        777.08329182250270        16.000000000000000        0.0000000000000000     
   1           1         351   1.1070662045528055E-005   1.3788542708053841E-006   2.1312359481699479E-005   2.2922322446218120       0.51791444724639768       0.51379310000000000        0.0000000000000000        0.0000000000000000        43.244692633392333        691.91508213427733        16.000000000000000        0.0000000000000000     
   1           1         352   1.1339837798863141E-005   1.7674857146019184E-006   2.1455301918487909E-005   2.1873466374206489       0.52312463112697638       0.51379310000000000        0.0000000000000000        0.0000000000000000        48.339439302193831        773.43102883510130        16.000000000000000        0.0000000000000000     
   1           1         353   1.1272608617862223E-005   1.6414941736023645E-006   2.1450169131238084E-005   2.2053125773898974       0.52171245335699956       0.51379310000000000        0.0000000000000000        1.0000000000000000        47.885246103557108        766.16393765691373        16.000000000000000        0.0000000000000000     
   1           1         354   1.0477834632601777E-005   1.4858169253243283E-007   2.1393144326401555E-005   2.2359188815955839       0.52832234941127931       0.51379310000000000        0.0000000000000000        0.0000000000000000        47.563491491196032        761.01586385913652        16.000000000000000        0.0000000000000000     
   1           1         355   1.1243767204911346E-005   1.6167431378880999E-006   2.1417005262969116E-005   2.2191811415842646       0.52209854037432746       0.51379310000000000        0.0000000000000000        0.0000000000000000        51.586639980786238        825.38623969257981        16.000000000000000        0.0000000000000000     
   1           1         356   1.0852750218077208E-005   8.9986943271116995E-007   2.1370333314170003E-005   2.2862880469691476       0.52047674116945020       0.51379310000000000        0.0000000000000000        1.0000000000000000        41.618245261531904        665.89192418451046        16.000000000000000        0.0000000000000000     
   1           1         357   1.1260884708194368E-005   1.6180387727517221E-006   2.1450842329103714E-005   2.2042004428145132       0.52230465788244673       0.51379310000000000        0.0000000000000000        1.0000000000000000        44.877720057992562        718.04352092788099        16.000000000000000        0.0000000000000000     
   1           1         358   1.0695852429869782E-005   6.1842501744275936E-007   2.1345048626500907E-005   2.2935845318292367       0.52227451500038813       0.51379310000000000        0.0000000000000000        0.0000000000000000        49.177680945892348        786.84289513427757        16.000000000000000        0.0000000000000000     
   1           1         359   1.1214756325165399E-005   1.5656105289415656E-006   2.1411371245673135E-005   2.2210746519034923       0.52271722018133027       0.51379310000000000        0.0000000000000000        0.0000000000000000        49.459869977549978        791.35791964079965        16.000000000000000        0.0000000000000000     
   1           1         360   1.1522062348314595E-005   2.0477999777797302E-006   2.1533871381815474E-005   2.2199013977155695       0.51834141512669063       0.51379310000000000        0.0000000000000000        0.0000000000000000        49.486113447882644        791.77781516612231        16.000000000000000        0.0000000000000000     
   1           1         361   1.1232530099262644E-005   1.5946852050298702E-006   2.1417202932015642E-005   2.2140231045920262       0.52254226775945711       0.51379310000000000        0.0000000000000000        0.0000000000000000        43.515456399731157        696.24730239569851        16.000000000000000        0.0000000000000000     
   1           1         362   1.1525330088803741E-005   2.0583700858961383E-006   2.1529422436053098E-005   2.2192485850332111       0.51850633936369261       0.51379310000000000        0.0000000000000000        0.0000000000000000        43.531109561443714        696.49775298309942        16.000000000000000        0.0000000000000000     
   1           1         363   1.1328031842794764E-005   1.7181676122897515E-006   2.1483136456838976E-005   2.2074866520911445       0.52048918734963945       0.51379310000000000        0.0000000000000000        0.0000000000000000        46.862717611108344        749.80348177773351        16.000000000000000        0.0000000000000000     
   1           1         364   1.1923151747690020E-005   2.7089086286821076E-006   2.1660188668121998E-005   2.1563031580629470       0.51732190760074848       0.51379310000000000        0.0000000000000000        0.0000000000000000        49.879844734978633        798.07751575965813        16.000000000000000        0.0000000000000000     
   1           1         365   1.1277328066436329E-005   1.6196138831608689E-006   2.1482997523490630E-005   2.2150324087640043       0.51971061947944086       0.51379310000000000        1.0000000000000000        0.0000000000000000        50.229282508392330        803.66852013427729        16.000000000000000        0.0000000000000000     
   1           1         366   1.0186950115060101E-005  -1.9476793389558396E-007   2.1157701660747626E-005   2.4407600618856526       0.51557815410952146       0.51379310000000000        0.0000000000000000        0.0000000000000000        41.666541037794332        666.66465660470931        16.000000000000000        0.0000000000000000     
   1           1         367   1.1277371648023444E-005   1.6515971936551591E-006   2.1449289193435889E-005   2.2039979464556025       0.52175908454341668       0.51379310000000000        0.0000000000000000        1.0000000000000000        46.745002901080305        747.92004641728488        16.000000000000000        0.0000000000000000     
   1           1         368   1.0876784335357108E-005   9.4782555329532301E-007   2.1369088151711165E-005   2.2800390976595648       0.52079301949178070       0.51379310000000000        0.0000000000000000        0.0000000000000000        45.882310788509628        734.11697261615404        16.000000000000000        0.0000000000000000     
   1           1         369   1.1206861632839787E-005   1.5352242298266851E-006   2.1427244279342898E-005   2.2160543466012181       0.52143779997891981       0.51379310000000000        0.0000000000000000        0.0000000000000000        50.240399054913929        803.84638487862287        16.000000000000000        0.0000000000000000     
   1           1         370   1.2211837137425151E-005   3.2832066563031092E-006   2.1647056451774676E-005   2.0856616611527730       0.52163025273603647       0.51379310000000000        0.0000000000000000        0.0000000000000000        49.692845528878472        795.08552846205555        16.000000000000000        0.0000000000000000     
   1           1         371   1.1713592593129413E-005   2.4272668861422058E-006   2.1526801892715102E-005   2.1195911375835466       0.52427837672660571       0.51379310000000000        0.0000000000000000        0.0000000000000000        42.381842850458831        678.10948560734130        16.000000000000000        0.0000000000000000     
   1           1         372   1.1351963809634318E-005   1.7858019362122361E-006   2.1460886500873951E-005   2.1954608994652989       0.52225258528524454       0.51379310000000000        0.0000000000000000        1.0000000000000000        44.310081508392337        708.96130413427738        16.000000000000000        0.0000000000000000     
   1           1         373   1.1579477215260534E-005   2.0976191335883757E-006   2.1599312922121698E-005   2.2374377298326786       0.51479368418094840       0.51379310000000000        0.0000000000000000        0.0000000000000000        49.138406449043131        786.21450318469010        16.000000000000000        0.0000000000000000     
   1           1         374   1.1568496604983467E-005   2.0897495878190449E-006   2.1585044733084395E-005   2.2327260021347071       0.51563366061328508       0.51379310000000000        0.0000000000000000        0.0000000000000000        47.895316391187663        766.32506225900261        16.000000000000000        0.0000000000000000     
   1           1         375   1.2194650631206310E-005   3.1172042573182719E-006   2.1787129291059971E-005   2.1501515093593406       0.51172442091104176       0.51379310000000000        0.0000000000000000        0.0000000000000000        52.907588763067920        846.52142020908673        16.000000000000000        0.0000000000000000     
   1           1         376   1.0046396263760615E-005  -5.9575910209201452E-007   2.1292361707901873E-005   2.6184260033278841       0.50139663860986394       0.51379310000000000        0.0000000000000000        0.0000000000000000        40.490977619088881        647.85564190542209        16.000000000000000        0.0000000000000000     
   1           1         377   1.1040902243450374E-005   8.4707353397524560E-007   2.1813104064341989E-005   2.5542965481152118       0.48709352132636502       0.51379310000000000        0.0000000000000000        0.0000000000000000        44.995637383838037        719.93019814140860        16.000000000000000        0.0000000000000000     
   1           1         378   1.1093257236655737E-005   1.3869993810394842E-006   2.1350224616255937E-005   2.2667653131345125       0.51863790725187586       0.51379310000000000        0.0000000000000000        0.0000000000000000        46.208227806558249        739.33164490493198        16.000000000000000        0.0000000000000000     
   1           1         379   1.1051220667246216E-005   1.2439949639563704E-006   2.1414884565255562E-005   2.2296990858919470       0.52117698962358328       0.51379310000000000        0.0000000000000000        0.0000000000000000        49.514881820892342        792.23810913427747        16.000000000000000        0.0000000000000000     
   1           1         380   1.1411441405190327E-005   1.7650726038781596E-006   2.1605121770831669E-005   2.2806424566178021       0.51084508553559926       0.51379310000000000        0.0000000000000000        0.0000000000000000        50.452144667267348        807.23431467627756        16.000000000000000        0.0000000000000000     
   1           1         381   1.1077880496030803E-005   1.2759397449974324E-006   2.1435959586413551E-005   2.2121056879987688       0.52367773622129410       0.51379310000000000        0.0000000000000000        0.0000000000000000        44.432005875773058        710.91209401236893        16.000000000000000        0.0000000000000000     
   1           1         382   1.0968877605822029E-005   1.1365552181907614E-006   2.1359062113159163E-005   2.2506022238920260       0.51953595288304055       0.51379310000000000        0.0000000000000000        0.0000000000000000        42.463187278287016        679.41099645259226        16.000000000000000        0.0000000000000000     
   1           1         383   1.0984335804185487E-005   1.1346349776494530E-006   2.1392884760892068E-005   2.2407437526053715       0.52133004206760092       0.51379310000000000        0.0000000000000000        0.0000000000000000        47.620938431292274        761.93501490067638        16.000000000000000        0.0000000000000000     
   1           1         384   1.3639169786764236E-005   4.1795098813459072E-006   2.3635547846701601E-005   2.4851455004425707       0.43147311658233406       0.51379310000000000        0.0000000000000000        0.0000000000000000        47.355628359112686        757.69005374580297        16.000000000000000        0.0000000000000000     
   1           1         385   2.1823139275433315E-006   2.1823139275433315E-006   2.1176258583948672E-005   2.0028172522418175       0.51165734192589463        1.0000000000000000        1.0000000000000000        0.0000000000000000        42.391263152230835        678.26021043569335        16.000000000000000        0.0000000000000000     
   1           1         386   1.1125221020895175E-005   1.3644836663173818E-006   2.1439758934064288E-005   2.1962470644873693       0.52147886000149046       0.51379310000000000        0.0000000000000000        1.0000000000000000        43.600289463615418        697.60463141784669        16.000000000000000        0.0000000000000000     
   1           1         387   1.2668972106430834E-005   2.9036691795528622E-006   2.2988334631396002E-005   2.5129247286937466       0.45139694227505667       0.51379310000000000        0.0000000000000000        0.0000000000000000        44.502551307024099        712.04082091238558        16.000000000000000        0.0000000000000000     
   1           1         388   1.1633882393802839E-005   2.0419479845751259E-006   2.1770039892007134E-005   2.3515085804337255       0.49896532443981195       0.51379310000000000        0.0000000000000000        0.0000000000000000        44.318352042683799        709.09363268294078        16.000000000000000        0.0000000000000000     
   1           1         389   1.1293536490078457E-005   1.6798885708379805E-006   2.1452639470178152E-005   2.2002803226778282       0.52221511519994346       0.51379310000000000        1.0000000000000000        0.0000000000000000        47.659969941168868        762.55951905870188        16.000000000000000        0.0000000000000000     
   1           1         390   1.1265346560971271E-005   1.6122484973323879E-006   2.1466137990959605E-005   2.2099135816103233       0.52072895978627898       0.51379310000000000        0.0000000000000000        0.0000000000000000        51.071358439409032        817.14173503054451        16.000000000000000        0.0000000000000000     
   1           1         391   1.0218420497706504E-005  -1.9008987051416449E-007   2.1217484493857367E-005   2.4087732853614723       0.51734278871510408       0.51379310000000000        0.0000000000000000        0.0000000000000000        43.002239762163512        688.03583619461619        16.000000000000000        0.0000000000000000     
   1           1         392   1.1290610817984886E-005   1.9235073744637465E-006   2.1189180986913861E-005   2.0877978662700194       0.50792899884252485       0.51379310000000000        0.0000000000000000        1.0000000000000000        40.717182979646012        651.47492767433619        16.000000000000000        0.0000000000000000     
   1           1         393   1.1659388207408900E-005   2.3220788357095131E-006   2.1526473861159174E-005   2.1294259422668906       0.52363710151658982       0.51379310000000000        0.0000000000000000        0.0000000000000000        46.507249303169267        744.11598885070828        16.000000000000000        0.0000000000000000     
   1           1         394   1.1005171483219598E-005   1.1592880317575720E-006   2.1409686476251072E-005   2.2356078790654834       0.52075811459576604       0.51379310000000000        0.0000000000000000        0.0000000000000000        47.950611073115049        767.20977716984078        16.000000000000000        0.0000000000000000     
   1           1         395   1.1642853261894608E-005   2.4655041285464422E-006   2.1340902921422664E-005   2.0755281238387524       0.50585657015336605       0.51379310000000000        1.0000000000000000        0.0000000000000000        46.581707408530605        745.30731853648967        16.000000000000000        0.0000000000000000     
   1           1         396   1.3165593107746781E-005   3.6858973339299991E-006   2.3183143822650432E-005   2.4353196705769440       0.44919259842624781       0.51379310000000000        0.0000000000000000        0.0000000000000000        43.421301583771097        694.74082534033755        16.000000000000000        0.0000000000000000     
   1           1         397   1.1246140967788531E-005   1.5927910732615078E-006   2.1447198516938520E-005   2.2007539460327865       0.52302386032031944       0.51379310000000000        0.0000000000000000        0.0000000000000000        46.007187882338883        736.11500611742213        16.000000000000000        0.0000000000000000     
   1           1         398   1.0845171957389681E-005   8.9072694699943855E-007   2.1364408028839869E-005   2.2849771211428682       0.52055094255094381       0.51379310000000000        0.0000000000000000        1.0000000000000000        48.286968995367303        772.59150392587685        16.000000000000000        0.0000000000000000     
   1           1         399   1.1528094082185148E-005   2.0943574391346131E-006   2.1497078056737131E-005   2.2295703514578187       0.51871395760723638       0.51379310000000000        0.0000000000000000        0.0000000000000000        46.783794483670476        748.54071173872762        16.000000000000000        0.0000000000000000     
   1           1         400   1.2849106619955622E-005   3.5915728498973515E-006   2.2631890397957683E-005   2.3025510562230758       0.47521534702476564       0.51379310000000000        0.0000000000000000        0.0000000000000000        49.809490883392336        796.95185413427737        16.000000000000000        0.0000000000000000     
   1           1         401   1.1008891504600320E-005   1.1730336933347006E-006   2.1402812026932016E-005   2.2363751006516268       0.52118811511174457       0.51379310000000000        0.0000000000000000        0.0000000000000000        40.424783602620693        646.79653764193108        16.000000000000000        0.0000000000000000     
   1           1         402   1.0671809480288548E-005   5.8839547321310115E-007   2.1327331936425470E-005   2.3936138429594660       0.51628078688882006       0.51379310000000000        0.0000000000000000        0.0000000000000000        45.363402292792202        725.81443668467523        16.000000000000000        0.0000000000000000     
   1           1         403   1.0934728328157815E-005   1.0262717107388070E-006   2.1405366736784305E-005   2.2437005879210359       0.51999381003541389       0.51379310000000000        0.0000000000000000        0.0000000000000000        49.419209258186740        790.70734813098784        16.000000000000000        0.0000000000000000     
   1           1         404   1.1255891670376358E-005   1.6357685952958300E-006   2.1421837190950144E-005   2.2128388397683652       0.52273953599104694       0.51379310000000000        0.0000000000000000        1.0000000000000000        50.856861106429093        813.70977770286549        16.000000000000000        0.0000000000000000     
   1           1         405   1.1124365787673658E-005   1.3994081408801500E-006   2.1401093939237717E-005   2.2345728625563983       0.52000815436854886       0.51379310000000000        0.0000000000000000        0.0000000000000000        49.516176054985742        792.25881687977187        16.000000000000000        0.0000000000000000     
   1           1         406   1.1055153234587012E-005   1.2295560581532421E-006   2.1438230958558302E-005   2.2148343503698729       0.52356940573532462       0.51379310000000000        0.0000000000000000        0.0000000000000000        42.289859559968747        676.63775295949995        16.000000000000000        0.0000000000000000     
   1           1         407   1.1270213222227577E-005   1.6350633169566866E-006   2.1452038158882745E-005   2.2051867490999286       0.52201336286880529       0.51379310000000000        0.0000000000000000        0.0000000000000000        42.928527977142330        686.85644763427729        16.000000000000000        0.0000000000000000     
   1           1         408   1.1275629809039200E-005   1.6467741126543077E-006   2.1450803418665526E-005   2.2073696013559605       0.52159130751936833       0.51379310000000000        0.0000000000000000        1.0000000000000000        47.250133919279975        756.00214270847960        16.000000000000000        0.0000000000000000     
   1           1         409   1.0782798145181284E-005   8.4104491301112424E-007   2.1288622337704614E-005   2.3270001010537857       0.52068858073553437       0.51379310000000000        0.0000000000000000        0.0000000000000000        53.341728329494650        853.46765327191440        16.000000000000000        0.0000000000000000     
   1           1         410   1.0797974158059065E-005   7.8169777534782915E-007   2.1382549763897034E-005   2.2948920889295694       0.51876418730276019       0.51379310000000000        0.0000000000000000        0.0000000000000000        52.743146990435314        843.89035184696502        16.000000000000000        0.0000000000000000     
   1           1         411   1.1575244259270181E-005   2.0905021655581272E-006   2.1598127610018468E-005   2.2285379442213107       0.51557318640122041       0.51379310000000000        0.0000000000000000        0.0000000000000000        41.980349045764648        671.68558473223436        16.000000000000000        0.0000000000000000     
   1           2           1   1.0824270198610334E-005   8.0812241975913364E-007   2.1408709903916799E-005   2.2192705044282093       0.52578428515196274       0.51379310000000000        0.0000000000000000        0.0000000000000000        43.883902890251605        746.02634913427732        17.000000000000000        0.0000000000000000     
   1           2           2   9.7032654417558713E-006  -1.1312258764562811E-006   2.1152479513599356E-005   2.4873462072095491       0.51845150497399994       0.51379310000000000        0.0000000000000000        0.0000000000000000        42.941297364806879        730.00205520171698        17.000000000000000        0.0000000000000000     
   1           2           3   1.1408655429112614E-005   1.9018932795018622E-006   2.1454808200311913E-005   2.2119862263925647       0.52074637936769441       0.51379310000000000        0.0000000000000000        0.0000000000000000        47.772430459879118        812.13131781794505        17.000000000000000        0.0000000000000000     
   1           2           4   1.0441543057969120E-005   1.7989731913595808E-007   2.1285409681945344E-005   2.3702725095615333       0.51874625953118969       0.51379310000000000        0.0000000000000000        0.0000000000000000        51.748974732531217        879.73257045303069        17.000000000000000        0.0000000000000000     
   1           2           5   1.1296942721256998E-005   1.6961933389609334E-006   2.1442415332717097E-005   2.1931011452166338       0.52299397660557534       0.51379310000000000        0.0000000000000000        0.0000000000000000        52.475607012480815        892.08531921217389        17.000000000000000        0.0000000000000000     
   1           2           6   1.1183596776130252E-005   1.4833530556585498E-006   2.1434208793147941E-005   2.2022377145343954       0.52336285059607168       0.51379310000000000        0.0000000000000000        0.0000000000000000        42.327725410975276        719.57133198657971        17.000000000000000        0.0000000000000000     
   1           2           7   1.1111954525690391E-005   1.3434408372480883E-006   2.1434709983042360E-005   2.2130222956245351       0.52286136455708021       0.51379310000000000        0.0000000000000000        0.0000000000000000        45.324361878822280        770.51415193997877        17.000000000000000        0.0000000000000000     
   1           2           8   1.1388280137589140E-005   2.1900015532487065E-006   2.1108446734385661E-005   1.9494497550577481       0.51829707863369556       0.51379310000000000        0.0000000000000000        1.0000000000000000        49.871761176470592        847.81994000000009        17.000000000000000        0.0000000000000000     
   1           2           9   1.1113233873867972E-005   1.3526892042882347E-006   2.1427568169559838E-005   2.1972244912485288       0.52154009504308452       0.51379310000000000        0.0000000000000000        0.0000000000000000        49.389637293614889        839.62383399145313        17.000000000000000        0.0000000000000000     
   1           2          10   1.1116219841252981E-005   1.3512326129812909E-006   2.1435248755639240E-005   2.2120005426372789       0.52289292666069387       0.51379310000000000        0.0000000000000000        0.0000000000000000        52.516801875772813        892.78563188813780        17.000000000000000        0.0000000000000000     
   1           2          11   1.1267028242260439E-005   1.6429310471774886E-006   2.1437173364764708E-005   2.2030818537282042       0.52217942301684228       0.51379310000000000        0.0000000000000000        0.0000000000000000        43.208452583044426        734.54369391175521        17.000000000000000        0.0000000000000000     
   1           2          12   1.1666304307883349E-005   2.3026520929138645E-006   2.1561227433925668E-005   2.0997584096238762       0.52188739965489639       0.51379310000000000        1.0000000000000000        0.0000000000000000        44.174017838244168        750.95830325015083        17.000000000000000        0.0000000000000000     
   1           2          13   1.1650251589480130E-005   2.3154485413910591E-006   2.1514688716898779E-005   2.1254754682641113       0.52407928518833879       0.51379310000000000        0.0000000000000000        0.0000000000000000        49.618806129087034        843.51970419447957        17.000000000000000        0.0000000000000000     
   1           2          14   1.2036922363796817E-005   2.9940018972427110E-006   2.1592916200092155E-005   2.0739028341535093       0.52335021026475037       0.51379310000000000        0.0000000000000000        0.0000000000000000        48.490962772282650        824.34636712880501        17.000000000000000        0.0000000000000000     
   1           2          15   1.0916832402989329E-005   1.0331503060601887E-006   2.1361290644934858E-005   2.2682724486926666       0.52184816149473756       0.51379310000000000        0.0000000000000000        0.0000000000000000        53.247338007898662        905.20474613427723        17.000000000000000        0.0000000000000000     
   1           2          16   1.1655561627746018E-005   2.3089225303652188E-006   2.1532506353179543E-005   2.1355697004439542       0.52218855188226976       0.51379310000000000        0.0000000000000000        0.0000000000000000        42.489037895903209        722.31364423035450        17.000000000000000        0.0000000000000000     
   1           2          17   1.0982866436804875E-005   1.1072974877895042E-006   2.1418751210506080E-005   2.2131722325096095       0.52459627459956071       0.51379310000000000        0.0000000000000000        0.0000000000000000        44.887901917360878        763.09433259513492        17.000000000000000        0.0000000000000000     
   1           2          18   1.0978714622753016E-005   1.0954518648613482E-006   2.1422729733381255E-005   2.2141236789211747       0.52440466332693403       0.51379310000000000        0.0000000000000000        0.0000000000000000        46.142960637054131        784.43033082992019        17.000000000000000        0.0000000000000000     
   1           2          19   1.1167518274886930E-005   1.4561329297364418E-006   2.1429904065338475E-005   2.2032249866486766       0.52356362307671589       0.51379310000000000        0.0000000000000000        0.0000000000000000        50.449769453451218        857.64608070867075        17.000000000000000        0.0000000000000000     
   1           2          20   1.1296886902695811E-005   1.6982130431247937E-006   2.1440166231306767E-005   2.1916960171930593       0.52299453098860860       0.51379310000000000        0.0000000000000000        0.0000000000000000        50.479160247253191        858.14572420330421        17.000000000000000        0.0000000000000000     
   1           2          21   1.1761073156736187E-005   2.4873769437557546E-006   2.1560936395463248E-005   2.0680393423210273       0.52337332008242032       0.51379310000000000        0.0000000000000000        0.0000000000000000        43.836728670984265        745.22438740673249        17.000000000000000        0.0000000000000000     
   1           2          22   1.1282218771409837E-005   1.6667328427476319E-006   2.1443264045126981E-005   2.1978313031979591       0.52250938941135339       0.51379310000000000        0.0000000000000000        0.0000000000000000        43.333355154957488        736.66703763427734        17.000000000000000        0.0000000000000000     
   1           2          23   1.1106931958253347E-005   1.3814208638352666E-006   2.1384244958717844E-005   2.2367999769962337       0.51965744297749272       0.51379310000000000        0.0000000000000000        0.0000000000000000        47.888027061147270        814.09646003950354        17.000000000000000        0.0000000000000000     
   1           2          24   1.1033427342275330E-005   1.2590996181383455E-006   2.1362326709603147E-005   2.2440292114016822       0.51874657312956507       0.51379310000000000        0.0000000000000000        0.0000000000000000        48.817788415494995        829.90240306341491        17.000000000000000        0.0000000000000000     
   1           2          25   1.1207440328871997E-005   1.5675810856548087E-006   2.1394241799884306E-005   2.2211070811877129       0.52256635424845344       0.51379310000000000        0.0000000000000000        0.0000000000000000        52.012259024260807        832.19614438817291        16.000000000000000        0.0000000000000000     
   1           2          26   1.1349186914211913E-005   1.7955138589030518E-006   2.1444912202095625E-005   2.1865333448172319       0.52321508660016769       0.51379310000000000        0.0000000000000000        0.0000000000000000        42.913194280776004        686.61110849241607        16.000000000000000        0.0000000000000000     
   1           2          27   1.1856694079936317E-005   2.5254730905542228E-006   2.1717345911327050E-005   2.1997602687929634       0.51138076471826333       0.51379310000000000        0.0000000000000000        0.0000000000000000        46.399906400918972        742.39850241470356        16.000000000000000        0.0000000000000000     
   1           2          28   1.1164397877502584E-005   1.5061345331765480E-006   2.1370647653673506E-005   2.2484542913234971       0.51910740953641499       0.51379310000000000        0.0000000000000000        0.0000000000000000        44.222868203358040        707.56589125372864        16.000000000000000        0.0000000000000000     
   1           2          29   1.1296376731371042E-005   1.6951434032004858E-006   2.1442360746620793E-005   2.2031662234791938       0.52128915818942212       0.51379310000000000        0.0000000000000000        0.0000000000000000        49.643518633392347        794.29629813427755        16.000000000000000        0.0000000000000000     
   1           2          30   7.4282920560774083E-006  -1.9269682971472520E-006   1.6783552409302256E-005   1.9974616492644468       0.61658746026868150       0.50000000000000000        0.0000000000000000        1.0000000000000000        51.131026233642338        818.09641973827740        16.000000000000000        0.0000000000000000     
   1           2          31  -9.7383710079753087E-006  -3.1936976621260330E-005   1.2460234605309705E-005   11.500035763004513       0.50003576300452945       0.50000000000000000        0.0000000000000000        1.0000000000000000        51.997681870968748        831.96290993549997        16.000000000000000        3.6250000000000000     
   1           2          32   1.1703089618573121E-005   2.4094529108820256E-006   2.1524024727306011E-005   2.1290254720425419       0.52281955251367096       0.51379310000000000        0.0000000000000000        0.0000000000000000        44.310814403203381        708.97303045125409        16.000000000000000        0.0000000000000000     
   1           2          33   1.1225997887245571E-005   1.5672604910945343E-006   2.1432748611792108E-005   2.1829223115195107       0.52282475891390057       0.51379310000000000        0.0000000000000000        0.0000000000000000        45.499596312922591        727.99354100676146        16.000000000000000        0.0000000000000000     
   1           2          34   1.1231478580621059E-005   1.6044456358243243E-006   2.1404726020155880E-005   2.2145067648311985       0.52269445819028004       0.51379310000000000        0.0000000000000000        0.0000000000000000        44.288250366735774        708.61200586777238        16.000000000000000        0.0000000000000000     
   1           2          35   1.1070416099089177E-005   1.3287139282114385E-006   2.1364838818413276E-005   2.2462103823059465       0.51897191872668180       0.51379310000000000        0.0000000000000000        0.0000000000000000        48.959641622735525        783.35426596376840        16.000000000000000        0.0000000000000000     
   1           2          36   1.0812529690646851E-005   8.3467931479852523E-007   2.1356499091211074E-005   2.2804542264056447       0.52162930144757602       0.51379310000000000        0.0000000000000000        0.0000000000000000        41.388270026115414        662.21232041784663        16.000000000000000        0.0000000000000000     
   1           2          37   1.0840459127134826E-005   8.8745581380278012E-007   2.1358171703133541E-005   2.2772079578711812       0.52166700026839374       0.51379310000000000        0.0000000000000000        0.0000000000000000        43.952758005855031        703.24412809368050        16.000000000000000        0.0000000000000000     
   1           2          38   1.1319122946002571E-005   1.7361216829102291E-006   2.1445840453031164E-005   2.2078844274469063       0.52098016895550059       0.51379310000000000        0.0000000000000000        0.0000000000000000        47.594357565383241        761.50972104613186        16.000000000000000        0.0000000000000000     
   1           2          39   1.1212727351657752E-005   1.5646371759870012E-006   2.1408226758263248E-005   2.2141290162396552       0.52287435005909888       0.51379310000000000        0.0000000000000000        0.0000000000000000        47.113643728352606        753.81829965364170        16.000000000000000        0.0000000000000000     
   1           2          40   1.1283070091715657E-005   1.6626220070922811E-006   2.1449359062085526E-005   2.2045507023675532       0.52150607762882539       0.51379310000000000        0.0000000000000000        0.0000000000000000        48.648627272937325        778.37803636699721        16.000000000000000        0.0000000000000000     
   1           2          41   1.1248946916767360E-005   1.6111879298465121E-006   2.1433528968036253E-005   2.2037063793178202       0.52139656599860018       0.51379310000000000        0.0000000000000000        0.0000000000000000        41.714034885353264        667.42455816565223        16.000000000000000        0.0000000000000000     
   1           2          42   1.0842372912907741E-005   9.2976335321276570E-007   2.1317399891680153E-005   2.2991459041550550       0.52119995714630696       0.51379310000000000        0.0000000000000000        0.0000000000000000        43.947188883248053        703.15502213196885        16.000000000000000        0.0000000000000000     
   1           2          43   1.1273091649289512E-005   1.6494552247115465E-006   2.1442749858288265E-005   2.2036484347073606       0.52193762956769119       0.51379310000000000        0.0000000000000000        0.0000000000000000        46.412829695892341        742.60527513427746        16.000000000000000        0.0000000000000000     
   1           2          44   1.1274669329006493E-005   1.6607017280948899E-006   2.1434110128740063E-005   2.1962022999247162       0.52295370622865389       0.51379310000000000        0.0000000000000000        0.0000000000000000        48.052650799648305        768.84241279437288        16.000000000000000        0.0000000000000000     
   1           2          45   1.1549801441368162E-005   2.0820446865033267E-006   2.1554735746348182E-005   2.2188094860514584       0.51735009986250757       0.51379310000000000        0.0000000000000000        0.0000000000000000        46.672434840436168        746.75895744697868        16.000000000000000        0.0000000000000000     
   1           2          46   1.0686058929400863E-005   5.3813494802428128E-007   2.1409751499284051E-005   2.2512668111769267       0.51672536906104183       0.51379310000000000        0.0000000000000000        0.0000000000000000        40.354242161729104        645.66787458766566        16.000000000000000        0.0000000000000000     
   1           2          47  -1.2435529182968887E-005  -3.7366861920917900E-005   1.2495803554980083E-005   13.999999999939565       0.33340066239173571       0.50000000000000000        0.0000000000000000        1.0000000000000000        48.809835912946177        780.95737460713883        16.000000000000000        5.2500000000000000     
   1           2          48   1.1475625333514062E-005   2.0297135336865156E-006   2.1457475253702266E-005   2.2108190307917091       0.52093310213596744       0.51379310000000000        0.0000000000000000        0.0000000000000000        45.275486767274124        724.40778827638599        16.000000000000000        0.0000000000000000     
   1           2          49  -2.1665830495640960E-005  -6.3059989440239383E-005   1.9728328448957520E-005   21.500031058119266       0.50003105811929094       0.50000000000000000        0.0000000000000000        1.0000000000000000        56.089293241294250        897.42869186070800        16.000000000000000        3.6250000000000000     
   1           2          50   1.1705555606413808E-005   1.1193297392538776E-006   2.2291781473574281E-005   2.6231341661881729       0.46869052524499499       0.50000000000000000        0.0000000000000000        1.0000000000000000        58.719506695892335        939.51210713427736        16.000000000000000        0.0000000000000000     
   1           2          51   1.1203816230867883E-005   1.5624837485697196E-006   2.1392174528972544E-005   2.2235268136349498       0.52264917059365734       0.51379310000000000        0.0000000000000000        0.0000000000000000        40.873868189593018        653.98189103348830        16.000000000000000        0.0000000000000000     
   1           2          52   1.0686481797977971E-005   5.7738792330499644E-007   2.1369141135102321E-005   2.3923186541144537       0.51464765664607881       0.51379310000000000        0.0000000000000000        0.0000000000000000        43.997929177294040        703.96686683670464        16.000000000000000        0.0000000000000000     
   1           2          53   1.1300539927461990E-005   1.7097686506337455E-006   2.1435468299956224E-005   2.1956498962842819       0.52294728495006826       0.51379310000000000        0.0000000000000000        0.0000000000000000        43.151021535090202        690.41634456144322        16.000000000000000        0.0000000000000000     
   1           2          54   1.0776360529053651E-005   7.7647692245714276E-007   2.1343613272427868E-005   2.2845534531187925       0.52205239981987150       0.51379310000000000        0.0000000000000000        0.0000000000000000        48.737199550417067        779.79519280667307        16.000000000000000        0.0000000000000000     
   1           2          55   1.1139735892848092E-005   1.4343834407188553E-006   2.1395746498563730E-005   2.2440379545084341       0.51935140472104524       0.51379310000000000        0.0000000000000000        0.0000000000000000        53.138445484761874        850.21512775618999        16.000000000000000        0.0000000000000000     
   1           2          56   1.1530810473246343E-005   1.9838949179216445E-006   2.1619394856990343E-005   2.2745037421484904       0.51038478550378186       0.51379310000000000        0.0000000000000000        0.0000000000000000        42.425461180526348        678.80737888842157        16.000000000000000        0.0000000000000000     
   1           2          57   1.1182792448882892E-005   1.5343710602805773E-006   2.1378641860638195E-005   2.2314252674754060       0.52247842946227252       0.51379310000000000        0.0000000000000000        0.0000000000000000        42.869240303169249        685.90784485070799        16.000000000000000        0.0000000000000000     
   1           2          58   1.1120640621671098E-005   1.3381286842162962E-006   2.1458188554725815E-005   2.2398852001642400       0.51824474421278843       0.51379310000000000        0.0000000000000000        0.0000000000000000        45.838239445346218        733.41183112553949        16.000000000000000        0.0000000000000000     
   1           2          59   1.1283531773712365E-005   1.6693408061381541E-006   2.1443208613390893E-005   2.1991228390120674       0.52226908614555401       0.51379310000000000        0.0000000000000000        0.0000000000000000        46.689569207917671        747.03310732668274        16.000000000000000        0.0000000000000000     
   1           2          60   1.2015746917261276E-005   2.9594834639779847E-006   2.1585840788983847E-005   2.0653201178336622       0.52421772080624884       0.51379310000000000        0.0000000000000000        0.0000000000000000        50.772957210008258        812.36731536013212        16.000000000000000        0.0000000000000000     
   1           2          61  -1.4059029557905481E-005  -3.4003510922813320E-005   5.8854518070023861E-006   10.679526946385080       0.33310639393945768       0.50000000000000000        0.0000000000000000        1.0000000000000000        48.727964866406253        779.64743786250006        16.000000000000000        5.4375000000000000     
   1           2          62   1.1415576317200216E-005   1.8386838648726743E-006   2.1535838414361134E-005   2.2195618619511532       0.51757845383700607       0.51379310000000000        0.0000000000000000        0.0000000000000000        45.433180326736164        726.93088522777862        16.000000000000000        0.0000000000000000     
   1           2          63   9.8805942675829852E-006  -7.9108359218747721E-007   2.1157757240327427E-005   2.4698080737287125       0.51865397083370879       0.51379310000000000        0.0000000000000000        0.0000000000000000        45.639091842193906        730.22546947510250        16.000000000000000        0.0000000000000000     
   1           2          64   1.0183764616999777E-005  -1.8037746593437848E-007   2.1135942978991814E-005   2.4484308118376994       0.51913699453689888       0.51379310000000000        0.0000000000000000        0.0000000000000000        49.569740383392343        793.11584613427749        16.000000000000000        0.0000000000000000     
   1           2          65   1.1533276797253571E-005   2.0381259733455087E-006   2.1567159444298109E-005   2.1115976294015120       0.51992359748270700       0.51379310000000000        0.0000000000000000        0.0000000000000000        49.269573122545324        788.31316996072519        16.000000000000000        0.0000000000000000     
   1           2          66   1.1917186423501922E-005   2.7881672124203447E-006   2.1564164038219232E-005   2.0721312494862256       0.52533805806908807       0.51379310000000000        0.0000000000000000        1.0000000000000000        42.896770073441246        686.34832117505994        16.000000000000000        0.0000000000000000     
   1           2          67   1.1845253574703149E-005   2.6479526677268612E-006   2.1564387023093826E-005   2.0676531896192096       0.52411523885294364       0.51379310000000000        0.0000000000000000        0.0000000000000000        47.077717806094014        753.24348489750423        16.000000000000000        0.0000000000000000     
   1           2          68   1.1143027026542440E-005   1.4104126054011935E-006   2.1427846379255950E-005   2.1979838866484891       0.52182455261507554       0.51379310000000000        0.0000000000000000        0.0000000000000000        46.754249300667752        748.06798881068403        16.000000000000000        0.0000000000000000     
   1           2          69   1.1949122916288894E-005   2.8640295511303713E-006   2.1549682439147110E-005   2.1471626490150815       0.52133361825252944       0.51379310000000000        0.0000000000000000        0.0000000000000000        47.617747287633463        761.88395660213541        16.000000000000000        0.0000000000000000     
   1           2          70   1.0669056342209605E-005   5.7828772591631969E-007   2.1332350690249408E-005   2.3023102473461230       0.51971989532079432       0.51379310000000000        0.0000000000000000        0.0000000000000000        51.584962441721842        825.35939906754948        16.000000000000000        0.0000000000000000     
   1           2          71   1.1297384858579981E-005   1.6961165710325140E-006   2.1443405816716834E-005   2.1935485808380615       0.52291863762933832       0.51379310000000000        0.0000000000000000        0.0000000000000000        41.619652070892329        665.91443313427726        16.000000000000000        0.0000000000000000     
   1           2          72   9.8953086237182081E-006  -8.3336014103339922E-007   2.1232696027136333E-005   2.3928241697449173       0.52337247059746406       0.51379310000000000        0.0000000000000000        0.0000000000000000        44.880566504978589        718.08906407965742        16.000000000000000        0.0000000000000000     
   1           2          73   1.1102878632050750E-005   1.3726635141934087E-006   2.1385162550832721E-005   2.2333253865465430       0.52042476720650765       0.51379310000000000        0.0000000000000000        0.0000000000000000        46.522307926337135        744.35692682139415        16.000000000000000        0.0000000000000000     
   1           2          74   1.1623522872573801E-005   2.2766719361639267E-006   2.1500691456269355E-005   2.1311251429324329       0.52412958299104340       0.51379310000000000        0.0000000000000000        0.0000000000000000        47.812172312273638        764.99475699637821        16.000000000000000        0.0000000000000000     
   1           2          75   1.1160222156709735E-005   1.4851188926699157E-006   2.1384267308786475E-005   2.2566589454586485       0.51845619091136219       0.51379310000000000        0.0000000000000000        0.0000000000000000        49.326172472819160        789.21875956510655        16.000000000000000        0.0000000000000000     
   1           2          76   1.1210347538984608E-005   1.5478301115519365E-006   2.1421092764617440E-005   2.2069301971490103       0.52312724968083413       0.51379310000000000        0.0000000000000000        0.0000000000000000        44.662355489349537        714.59768782959259        16.000000000000000        0.0000000000000000     
   1           2          77   1.1225603880238995E-005   1.5880629228697015E-006   2.1409955531488340E-005   2.2155298565380432       0.52193055828689572       0.51379310000000000        0.0000000000000000        0.0000000000000000        43.945764880745365        703.13223809192584        16.000000000000000        0.0000000000000000     
   1           2          78   1.0102360479124414E-005  -3.7268356377039349E-007   2.1171733109244136E-005   2.4229143033423446       0.51693560167405161       0.51379310000000000        0.0000000000000000        0.0000000000000000        48.191652195892345        771.06643513427753        16.000000000000000        0.0000000000000000     
   1           2          79   1.1323629157870960E-005   1.7432061251810590E-006   2.1447622151958979E-005   2.1988351859291431       0.52166199469882124       0.51379310000000000        0.0000000000000000        0.0000000000000000        47.762424224613369        764.19878759381390        16.000000000000000        0.0000000000000000     
   1           2          80   1.2777949057775302E-005   2.8576430179725773E-006   2.2698255097578087E-005   2.3936292998570092       0.48189626085913706       0.50000000000000000        0.0000000000000000        1.0000000000000000        50.977797840030341        815.64476544048546        16.000000000000000        0.0000000000000000     
   1           2          81   1.1226572494564380E-005   1.5888772764681525E-006   2.1411087158919973E-005   2.2092901150171813       0.52256285114140832       0.51379310000000000        0.0000000000000000        0.0000000000000000        43.503531563260488        696.05650501216780        16.000000000000000        0.0000000000000000     
   1           2          82   1.1691316493795173E-005   2.3882867279338071E-006   2.1522177600032525E-005   2.1335927022274781       0.52244010312369737       0.51379310000000000        0.0000000000000000        0.0000000000000000        45.900705023195549        734.41128037112878        16.000000000000000        0.0000000000000000     
   1           2          83   1.1077792693233083E-005   1.4146313878646351E-006   2.1289218328873280E-005   2.3014008951303735       0.51753633580718617       0.51379310000000000        0.0000000000000000        0.0000000000000000        45.551607978226244        728.82572765161990        16.000000000000000        0.0000000000000000     
   1           2          84   1.1106049867402096E-005   1.4160194829294808E-006   2.1345869068512650E-005   2.2658487406741479       0.51864061991470312       0.51379310000000000        0.0000000000000000        0.0000000000000000        48.997494915159464        783.95991864255143        16.000000000000000        0.0000000000000000     
   1           2          85   1.1234378627894313E-005   5.3844610471516576E-007   2.1930311151073790E-005   2.5737599680273933       0.50256499690062084       0.50000000000000000        0.0000000000000000        1.0000000000000000        47.063028722007751        753.00845955212401        16.000000000000000        0.0000000000000000     
   1           2          86   1.1551983957016175E-005   2.1436540281035769E-006   2.1494119702104760E-005   2.2183895077986957       0.51936466152021765       0.51379310000000000        0.0000000000000000        0.0000000000000000        42.384494314038243        678.15190902461188        16.000000000000000        0.0000000000000000     
   1           2          87   1.1298579962132432E-005   1.6777708336272624E-006   2.1465250461138251E-005   2.2055610813697539       0.52077433161147157       0.51379310000000000        0.0000000000000000        0.0000000000000000        44.189107817048360        707.02572507277375        16.000000000000000        0.0000000000000000     
   1           2          88   1.1276563005367894E-005   1.6385558317249514E-006   2.1461407324871176E-005   2.2071431412950542       0.52071957593005491       0.51379310000000000        0.0000000000000000        1.0000000000000000        47.135759328240646        754.17214925185033        16.000000000000000        0.0000000000000000     
   1           2          89   1.1303828974035656E-005   1.7074210944510696E-006   2.1444713756453037E-005   2.1962286380865002       0.52229460262734140       0.51379310000000000        0.0000000000000000        0.0000000000000000        48.488482817250656        775.81572507601049        16.000000000000000        0.0000000000000000     
   1           2          90   1.0847913546398068E-005   9.2777046316003516E-007   2.1330901482563397E-005   2.2528357372116821       0.51748777177386740       0.51379310000000000        0.0000000000000000        0.0000000000000000        50.610192770790910        809.76308433265456        16.000000000000000        0.0000000000000000     
   1           2          91   1.1575167093334368E-005   2.1037877054362489E-006   2.1583929570757791E-005   2.2228176087377212       0.51609295083863904       0.51379310000000000        0.0000000000000000        0.0000000000000000        39.638879489847596        634.22207183756154        16.000000000000000        0.0000000000000000     
   1           2          92   1.1687051116253879E-005   2.3884910312557047E-006   2.1513188942779014E-005   2.1205647957439369       0.52422101036636792       0.51379310000000000        0.0000000000000000        0.0000000000000000        44.773425557365414        716.37480891784662        16.000000000000000        0.0000000000000000     
   1           2          93   1.1289284168269793E-005   1.6834645655722855E-006   2.1440114672137008E-005   2.1938056518408806       0.52303112479692659       0.51379310000000000        0.0000000000000000        0.0000000000000000        44.987597415433100        719.80155864692961        16.000000000000000        0.0000000000000000     
   1           2          94   1.1253444233324995E-005   1.6489359047821640E-006   2.1402889064523641E-005   2.2180201359124574       0.52234817417533241       0.51379310000000000        0.0000000000000000        0.0000000000000000        47.821984654486002        765.15175447177603        16.000000000000000        0.0000000000000000     
   1           2          95   1.1907849201876514E-005   2.7165867434718315E-006   2.1620601594772184E-005   2.1549683343073376       0.51824979993856723       0.51379310000000000        0.0000000000000000        0.0000000000000000        51.454217122612128        823.26747396179405        16.000000000000000        0.0000000000000000     
   1           2          96   1.1245896218966564E-005   1.6052566136972548E-006   2.1433522327880986E-005   2.1991286428065160       0.52312271991097625       0.51379310000000000        1.0000000000000000        0.0000000000000000        41.410394320630253        662.56630913008405        16.000000000000000        0.0000000000000000     
   1           2          97   1.0557780849064367E-005   3.5690313484934907E-007   2.1337431618124555E-005   2.2939225393571006       0.52329100588967514       0.51379310000000000        0.0000000000000000        0.0000000000000000        42.166781074772118        674.66849719635388        16.000000000000000        0.0000000000000000     
   1           2          98   1.1551682926216983E-005   2.1859983457906499E-006   2.1448753729201644E-005   2.2270433616609591       0.52015872567283750       0.51379310000000000        0.0000000000000000        0.0000000000000000        44.073178513813183        705.17085622101092        16.000000000000000        0.0000000000000000     
   1           2          99   1.1262969701728483E-005   1.6392055609651279E-006   2.1432762873219501E-005   2.2035223759412701       0.52222127846919031       0.51379310000000000        0.0000000000000000        0.0000000000000000        47.169422088615420        754.71075341784672        16.000000000000000        0.0000000000000000     
   1           2         100   1.1250251335877260E-005   1.6102995531150574E-006   2.1437150596903632E-005   2.1977200103576990       0.52311623811834640       0.51379310000000000        0.0000000000000000        0.0000000000000000        48.874454627276492        781.99127403642387        16.000000000000000        0.0000000000000000     
   1           2         101   1.2023882158142086E-005   2.9286002111739241E-006   2.1635208338224465E-005   2.0826407133735447       0.52147382651072849       0.51379310000000000        0.0000000000000000        0.0000000000000000        42.866838668990049        685.86941870384078        16.000000000000000        0.0000000000000000     
   1           2         102   1.1541401038826659E-005   2.1017424912130231E-006   2.1516642912440603E-005   2.2210039772375474       0.51837869959745719       0.51379310000000000        0.0000000000000000        0.0000000000000000        42.549765371619301        680.79624594590882        16.000000000000000        0.0000000000000000     
   1           2         103   1.1260415583919331E-005   1.6338470131280357E-006   2.1433172301994480E-005   2.1983944326429126       0.52304759629513065       0.51379310000000000        0.0000000000000000        0.0000000000000000        44.276918597251104        708.43069755601766        16.000000000000000        0.0000000000000000     
   1           2         104   1.2002172170101609E-005   2.9392629275017529E-006   2.1579288897104235E-005   2.0601322869414012       0.52522425410656970       0.51379310000000000        0.0000000000000000        0.0000000000000000        45.447001730451163        727.15202768721861        16.000000000000000        0.0000000000000000     
   1           2         105   1.1661441518831536E-005   2.3394524801322301E-006   2.1512337601053778E-005   2.1234345814288051       0.52417254750043019       0.51379310000000000        0.0000000000000000        0.0000000000000000        49.384631360946145        790.15410177513832        16.000000000000000        0.0000000000000000     
   1           2         106   1.1274799302880755E-005   1.6525118323563434E-006   2.1443032021445680E-005   2.2029126417870843       0.52195052734031389       0.51379310000000000        0.0000000000000000        0.0000000000000000        43.638660883392326        698.21857413427722        16.000000000000000        0.0000000000000000     
   1           2         107   1.1529110100431790E-005   1.9467999575361324E-006   2.1655097274780589E-005   2.4088619444810204       0.49738602352379085       0.51379310000000000        0.0000000000000000        0.0000000000000000        46.233806125839834        739.74089801343735        16.000000000000000        0.0000000000000000     
   1           2         108   1.1248025077921779E-005   1.6892919222835659E-006   2.1349097563952118E-005   2.3065119318437421       0.51966222568417264       0.51379310000000000        0.0000000000000000        0.0000000000000000        44.815567959931933        717.04908735891092        16.000000000000000        0.0000000000000000     
   1           2         109   1.1209018425113761E-005   1.5359400788911298E-006   2.1430923770448505E-005   2.2016569765408982       0.52330609611515022       0.51379310000000000        0.0000000000000000        0.0000000000000000        47.871755623361437        765.94808997378300        16.000000000000000        0.0000000000000000     
   1           2         110   1.0731047831223180E-005   7.2779199251670959E-007   2.1301864138976556E-005   2.3336188582200026       0.51730676834436273       0.51379310000000000        0.0000000000000000        0.0000000000000000        46.566543571026990        745.06469713643185        16.000000000000000        0.0000000000000000     
   1           2         111   1.1233318620466829E-005   1.5841449356537619E-006   2.1429963011894665E-005   2.2055859103257913       0.52112314920465364       0.51379310000000000        0.0000000000000000        0.0000000000000000        42.041691034170306        672.66705654672489        16.000000000000000        0.0000000000000000     
   1           2         112   1.0786190616521404E-005   8.5436315099534754E-007   2.1281525878480388E-005   2.3228450003327477       0.52086658686866139       0.51379310000000000        0.0000000000000000        0.0000000000000000        45.660135294620545        730.56216471392872        16.000000000000000        0.0000000000000000     
   1           2         113   1.0834402339735736E-005   9.0839330066830190E-007   2.1323589051833958E-005   2.2603180408145565       0.51886894910720849       0.51379310000000000        0.0000000000000000        0.0000000000000000        47.035828445892342        752.57325513427747        16.000000000000000        0.0000000000000000     
   1           2         114   1.1043375587282195E-005   1.2110785199293928E-006   2.1433533337730675E-005   2.2418522771308362       0.51888939773302678       0.51379310000000000        1.0000000000000000        0.0000000000000000        46.758821739513003        748.14114783220805        16.000000000000000        0.0000000000000000     
   1           2         115   1.1898968386479773E-005   2.7406115979193832E-006   2.1576948121651283E-005   2.1449860730339418       0.52047646934311664       0.51379310000000000        0.0000000000000000        0.0000000000000000        49.702422908698011        795.23876653916818        16.000000000000000        0.0000000000000000     
   1           2         116   1.1175793264996502E-005   1.3354278518771506E-006   2.1574477139576331E-005   2.3589591006461790       0.50742703670406197       0.51379310000000000        0.0000000000000000        0.0000000000000000        41.047017847270851        656.75228555633362        16.000000000000000        0.0000000000000000     
   1           2         117   1.1298806937095103E-005   3.5489834677467066E-006   2.2923542141117779E-005   2.3560581808079641       0.47640211762019502       0.59999999999999998        0.0000000000000000        1.0000000000000000        47.271822928405328        756.34916685448525        16.000000000000000        0.0000000000000000     
   1           2         118   1.2174773737187282E-005   2.3836736243667815E-006   2.2521397117843367E-005   2.4585780495267020       0.46963842649907239       0.51379310000000000        0.0000000000000000        1.0000000000000000        50.503651071407262        808.05841714251619        16.000000000000000        0.0000000000000000     
   1           2         119   1.0867765537253177E-005  -1.8114381436141589E-007   2.1916674888867788E-005   2.6718315334953728       0.48141651373743727       0.50000000000000000        0.0000000000000000        1.0000000000000000        53.626402670713503        858.02244273141605        16.000000000000000        0.0000000000000000     
   1           2         120   1.0449221153855914E-005   1.5067929840191315E-007   2.1332077290602444E-005   2.2823373071898869       0.51826682357551990       0.51379310000000000        0.0000000000000000        0.0000000000000000        49.486513008392343        791.78420813427749        16.000000000000000        0.0000000000000000     
   1           2         121   1.1727601196719528E-005   2.1629891949363867E-006   2.1834886080363533E-005   2.3029720302612957       0.50099133838275245       0.51379310000000000        0.0000000000000000        0.0000000000000000        43.515985133878196        696.25576214205114        16.000000000000000        0.0000000000000000     
   1           2         122   9.4948688865427892E-006  -1.5130980947428479E-006   2.1127401209741949E-005   2.5111863002750630       0.51474316798268172       0.51379310000000000        0.0000000000000000        0.0000000000000000        43.531746028084200        696.50793644934720        16.000000000000000        0.0000000000000000     
   1           2         123   1.0869794964543660E-005   9.4168425182679210E-007   2.1361202594155618E-005   2.2748276522047455       0.52153090798976987       0.51379310000000000        0.0000000000000000        0.0000000000000000        46.863459403604892        749.81535045767828        16.000000000000000        0.0000000000000000     
   1           2         124   1.1280307514728634E-005   1.6657535958988958E-006   2.1440367898636433E-005   2.2002084741568666       0.52184972271729224       0.51379310000000000        0.0000000000000000        0.0000000000000000        51.275661439837023        820.41058303739237        16.000000000000000        0.0000000000000000     
   1           2         125   1.1133716745158828E-005   1.3934841647953129E-006   2.1426586492967853E-005   2.2965493462132760       0.51766011995010297       0.51379310000000000        0.0000000000000000        0.0000000000000000        51.471140887468856        823.53825419950169        16.000000000000000        0.0000000000000000     
   1           2         126   1.1532626500405164E-005   2.0823737228234955E-006   2.1519063694894308E-005   2.2140041555780918       0.51885311930333988       0.51379310000000000        0.0000000000000000        0.0000000000000000        41.794367646661044        668.70988234657671        16.000000000000000        0.0000000000000000     
   1           2         127   8.0357996519594697E-006  -4.3688105658674491E-007   1.6508480360505955E-005   2.2287768400202990       0.51176008354251723       0.50000000000000000        0.0000000000000000        1.0000000000000000        50.349026026115411        805.58441641784657        16.000000000000000        0.0000000000000000     
   1           2         128   1.1705723161572165E-005   2.4153093164663131E-006   2.1523252550315927E-005   2.1273042868810150       0.52322455855878081       0.51379310000000000        0.0000000000000000        0.0000000000000000        45.444542936299193        727.11268698078709        16.000000000000000        0.0000000000000000     
   1           2         129   1.1655540952838015E-005   2.3208479783774883E-006   2.1519861761317740E-005   2.1335099014714256       0.52284281185455150       0.51379310000000000        0.0000000000000000        0.0000000000000000        48.847253414207145        781.55605462731432        16.000000000000000        0.0000000000000000     
   1           2         130   1.1618797813776340E-005   2.2219276192234170E-006   2.1548823626978425E-005   2.0825224335728199       0.52744146768156119       0.51379310000000000        0.0000000000000000        0.0000000000000000        51.915027979101403        830.64044766562245        16.000000000000000        0.0000000000000000     
   1           2         131   1.3497168934165842E-005   4.2720765897757702E-006   2.3245670638708295E-005   2.3448028032976542       0.45249281172713479       0.51379310000000000        0.0000000000000000        0.0000000000000000        42.403662638303835        678.45860221286136        16.000000000000000        0.0000000000000000     
   1           2         132   1.5389146629747442E-005   9.2705406503030958E-006   2.4567055598913765E-005   2.1463467121857382       0.44914219021573376       0.59999999999999998        0.0000000000000000        1.0000000000000000        49.922232083115411        798.75571332984657        16.000000000000000        0.0000000000000000     
   1           2         133  -3.3311659874125936E-005  -6.8410673756967986E-005   1.9336860950137110E-005   16.535651799824645       0.43228990074227791       0.59999999999999998        0.0000000000000000        1.0000000000000000        56.014173320499992        896.22677312799988        16.000000000000000        12.625000000000000     
   1           2         134   1.2255176909475032E-005   2.9691270406425265E-006   2.2068094720518327E-005   2.2654043792344751       0.49445773358087319       0.51379310000000000        0.0000000000000000        0.0000000000000000        47.817438695892335        765.07901913427736        16.000000000000000        0.0000000000000000     
   1           2         135   1.0718846135771030E-005   6.0664272392842637E-007   2.1404791437660739E-005   2.2234814981387472       0.52645285106505924       0.51379310000000000        0.0000000000000000        0.0000000000000000        52.291232002095221        836.65971203352353        16.000000000000000        0.0000000000000000     
   1           2         136  -4.0111668196216168E-005  -7.9447229499747806E-005   1.8891673759081346E-005   16.938231785382165       0.68095956765169197       0.59999999999999998        0.0000000000000000        1.0000000000000000        50.186871875748082        802.98995001196931        16.000000000000000        5.3750000000000000     
   1           2         137   1.1724679457611693E-005   2.4471724210436580E-006   2.1528569736812088E-005   2.1323968884078766       0.52250093860493640       0.51379310000000000        0.0000000000000000        0.0000000000000000        44.338967578283963        709.42348125254341        16.000000000000000        0.0000000000000000     
   1           2         138   1.1296797442472068E-005   1.6800110112155155E-006   2.1459217006146077E-005   2.2045495490350278       0.52109281188724543       0.51379310000000000        0.0000000000000000        0.0000000000000000        46.262440628829445        740.19905006127112        16.000000000000000        0.0000000000000000     
   1           2         139   1.2110142245753741E-005   2.3255655034741946E-006   2.2449872135650111E-005   2.4347833587822238       0.47414126595046230       0.51379310000000000        0.0000000000000000        0.0000000000000000        51.234214633650375        819.74743413840599        16.000000000000000        0.0000000000000000     
   1           2         140   1.2727613445869233E-005   3.2422525950013463E-006   2.2751150660553616E-005   2.3716005033008174       0.46762741147770903       0.51379310000000000        1.0000000000000000        0.0000000000000000        49.831051893694557        797.29683029911291        16.000000000000000        0.0000000000000000     
   1           2         141  -2.6440581780584060E-005  -5.0264613115989279E-005   9.2954652225236244E-006   9.2697039861935320       0.59599764797061994       0.59999999999999998        0.0000000000000000        1.0000000000000000        47.971277437499992        767.54043899999988        16.000000000000000        9.0000000000000000     
   1           2         142  -2.2937738992055524E-005  -6.5332024737604357E-005   1.9456546753493427E-005   20.277322640333136       0.49452103949394055       0.50000000000000000        0.0000000000000000        1.0000000000000000        50.678529034289909        810.85646454863854        16.000000000000000        18.062500000000000     
   1           2         143   1.0857296267112642E-005   9.1793901245165977E-007   2.1360588540175483E-005   2.2837505503324413       0.52052451508750530       0.51379310000000000        0.0000000000000000        0.0000000000000000        46.986280336651042        751.78048538641667        16.000000000000000        0.0000000000000000     
   1           2         144   1.2781286466896333E-005   3.7326236462177426E-006   2.2343348464558897E-005   2.2374668910893041       0.48698199642041240       0.51379310000000000        0.0000000000000000        0.0000000000000000        48.161374004808820        770.58198407694113        16.000000000000000        0.0000000000000000     
   1           2         145   1.0885887582812024E-005   9.7361598194318869E-007   2.1360557427794606E-005   2.2693836630549726       0.52171894513328576       0.51379310000000000        0.0000000000000000        0.0000000000000000        51.530091067603713        824.48145708165941        16.000000000000000        0.0000000000000000     
   1           2         146   1.1619440024543178E-005   2.0426412445866540E-006   2.1739603134589747E-005   2.3410641258023484       0.50080128606293850       0.51379310000000000        0.0000000000000000        0.0000000000000000        42.912865062634758        686.60584100215613        16.000000000000000        0.0000000000000000     
   1           2         147   1.1716748969467474E-005   2.1492578515841491E-006   2.1827076323274350E-005   2.3959164584262700       0.49359215018754399       0.51379310000000000        0.0000000000000000        0.0000000000000000        46.398569388416327        742.37711021466123        16.000000000000000        0.0000000000000000     
   1           2         148   1.1273877728781021E-005   1.6717709221197842E-006   2.1420784781571866E-005   2.2036548432212313       0.52285357491906914       0.51379310000000000        0.0000000000000000        0.0000000000000000        44.225451338615429        707.60722141784686        16.000000000000000        0.0000000000000000     
   1           2         149   1.1704131504625716E-005   2.4116846894400150E-006   2.1523809209239818E-005   2.1275244551707848       0.52296406831614906       0.51379310000000000        0.0000000000000000        0.0000000000000000        49.643359714778995        794.29375543646393        16.000000000000000        0.0000000000000000     
   1           2         150  -2.0241789476702587E-005  -5.0689623091085877E-005   1.0206044137680651E-005   10.506770584419732       0.43387919418703552       0.50000000000000000        0.0000000000000000        1.0000000000000000        60.786183784687509        972.57894055500014        16.000000000000000        12.625000000000000     
   1           2         151  -3.1829793330873355E-005  -6.6001664145628704E-005   1.9428012891259550E-005   22.383385910095878       0.44840889111767829       0.59999999999999998        0.0000000000000000        1.0000000000000000        46.263189001767330        740.21102402827728        16.000000000000000        16.250000000000000     
   1           2         152   1.0857079331194897E-005   9.1946303039502714E-007   2.1358531872898078E-005   2.2825974007951668       0.52051891988101562       0.51379310000000000        0.0000000000000000        0.0000000000000000        45.521850641419711        728.34961026271537        16.000000000000000        0.0000000000000000     
   1           2         153   1.1289111093809458E-005   1.6798518705367352E-006   2.1443576373978867E-005   2.1958687369478618       0.52269689581905110       0.51379310000000000        0.0000000000000000        0.0000000000000000        46.464725182210003        743.43560291536005        16.000000000000000        0.0000000000000000     
   1           2         154   1.1522420948308694E-005   1.9253033915383518E-006   2.1664055673273511E-005   2.2846780691291788       0.50814771244648926       0.51379310000000000        0.0000000000000000        0.0000000000000000        46.172170518252130        738.75472829203409        16.000000000000000        0.0000000000000000     
   1           2         155   1.1001347556514046E-005   1.1487769067195168E-006   2.1412929163289103E-005   2.2313458639925186       0.52016320361530166       0.51379310000000000        0.0000000000000000        0.0000000000000000        49.587801695892338        793.40482713427741        16.000000000000000        0.0000000000000000     
   1           2         156   1.0874499801987248E-005   9.4065366787915943E-007   2.1371968266886516E-005   2.2841081877924698       0.51996813618751947       0.51379310000000000        0.0000000000000000        0.0000000000000000        43.094541540861229        689.51266465377967        16.000000000000000        0.0000000000000000     
   1           2         157   1.1343036626406997E-005   1.7363472090011459E-006   2.1494786296159132E-005   2.2126543687627196       0.51939751524707500       0.51379310000000000        0.0000000000000000        0.0000000000000000        45.091846690867527        721.46954705388043        16.000000000000000        0.0000000000000000     
   1           2         158   1.1675925201020606E-005   2.3654514885283044E-006   2.1514652605361845E-005   2.1198910289926678       0.52416114163017968       0.51379310000000000        0.0000000000000000        1.0000000000000000        48.362401249190363        773.79841998704580        16.000000000000000        0.0000000000000000     
   1           2         159   1.0905304140006065E-005   1.0145829837993780E-006   2.1357200820375963E-005   2.2721078984140575       0.52172359584480166       0.51379310000000000        0.0000000000000000        0.0000000000000000        48.561595987269577        776.98553579631323        16.000000000000000        0.0000000000000000     
   1           2         160   1.1126900382972149E-005   1.2354398798830971E-006   2.1579578358973165E-005   2.3913527664391414       0.50441122562263296       0.51379310000000000        0.0000000000000000        0.0000000000000000        49.890182343119434        798.24291748991095        16.000000000000000        0.0000000000000000     
   1           2         161   1.1269264647955655E-005   1.6443653388234991E-006   2.1440257394514185E-005   2.1960488726397451       0.52301330617471331       0.51379310000000000        0.0000000000000000        1.0000000000000000        41.943717630730895        671.09948209169431        16.000000000000000        0.0000000000000000     
   1           2         162   1.1102448113973379E-005   1.3439820913472565E-006   2.1414585825325857E-005   2.2205714825371214       0.52152855725590852       0.51379310000000000        0.0000000000000000        1.0000000000000000        45.434722383392334        726.95555813427734        16.000000000000000        0.0000000000000000     
   1           2         163   1.0700703590829283E-005   6.6547191756770457E-007   2.1305309964418794E-005   2.2590131799103257       0.51652494726434939       0.51379310000000000        0.0000000000000000        0.0000000000000000        48.144919872058537        770.31871795293659        16.000000000000000        0.0000000000000000     
   1           2         164   1.0978456244240893E-005   1.1519224930196549E-006   2.1362523681980904E-005   2.2382641663808145       0.51898107371755575       0.51379310000000000        0.0000000000000000        0.0000000000000000        50.342893985734825        805.48630377175721        16.000000000000000        0.0000000000000000     
   1           2         165   1.1705357837765743E-005   2.4837519676231598E-006   2.1450175253970129E-005   2.2249195289842736       0.52067946621150163       0.51379310000000000        0.0000000000000000        0.0000000000000000        48.757268668607054        780.11629869771286        16.000000000000000        0.0000000000000000     
   1           2         166   1.1600778687054931E-005   2.0504779708940048E-006   2.1692940297448494E-005   2.2907338021138064       0.50674497995818235       0.51379310000000000        0.0000000000000000        0.0000000000000000        42.060259946470993        672.96415914353588        16.000000000000000        0.0000000000000000     
   1           2         167   1.1581060017201937E-005   2.0201381126080059E-006   2.1684445436494379E-005   2.2980262299805432       0.50637897838354129       0.51379310000000000        0.0000000000000000        0.0000000000000000        42.269405575675833        676.31048921081333        16.000000000000000        0.0000000000000000     
   1           2         168   1.1423710011278358E-005   1.9270379693006568E-006   2.1459200186615452E-005   2.2071156444399702       0.52102505725137604       0.51379310000000000        0.0000000000000000        0.0000000000000000        47.369648883558142        757.91438213693027        16.000000000000000        0.0000000000000000     
   1           2         169   1.0618768820971019E-005   3.7308317201837402E-007   2.1445769818285129E-005   2.4657168902379651       0.50555493770027937       0.51379310000000000        0.0000000000000000        0.0000000000000000        51.621378615669265        825.94205785070824        16.000000000000000        0.0000000000000000     
   1           2         170   1.0772282243356468E-005   7.0707938337250576E-007   2.1408560296095262E-005   2.2456791662683200       0.51777563715816277       0.51379310000000000        1.0000000000000000        0.0000000000000000        53.022957660270563        848.36732256432902        16.000000000000000        0.0000000000000000     
   1           2         171   1.1538237805599542E-005   2.0621693305536773E-006   2.1551955417600270E-005   2.2147731776394193       0.51775632937637128       0.51379310000000000        0.0000000000000000        0.0000000000000000        41.168144416308039        658.69031066092862        16.000000000000000        0.0000000000000000     
   1           2         172   1.1621128156708706E-005   2.0373664807102385E-006   2.1748649220627093E-005   2.2919641519399545       0.50472562467781490       0.51379310000000000        0.0000000000000000        0.0000000000000000        44.341793429869135        709.46869487790616        16.000000000000000        0.0000000000000000     
   1           2         173   1.0907981546124626E-005   9.9522419731358390E-007   2.1383164699209103E-005   2.2819069716450042       0.51979985836743470       0.51379310000000000        0.0000000000000000        0.0000000000000000        44.808126454210118        716.93002326736189        16.000000000000000        0.0000000000000000     
   1           2         174   1.1308163257447579E-005   1.6778369318593919E-006   2.1484890936210603E-005   2.2129956070833949       0.51956395568453517       0.51379310000000000        0.0000000000000000        0.0000000000000000        49.251572961018681        788.02516737629890        16.000000000000000        0.0000000000000000     
   1           2         175   1.0362862593645082E-005  -6.5462889962785176E-009   2.1320606580782879E-005   2.3270106745048138       0.51664364844993049       0.51379310000000000        0.0000000000000000        1.0000000000000000        55.621831582838546        889.94930532541673        16.000000000000000        0.0000000000000000     
   1           2         176  -9.4492554271618694E-006  -3.9250011415990432E-005   2.0351500561666717E-005   17.499995433603797       0.49999543360380233       0.50000000000000000        0.0000000000000000        1.0000000000000000        56.460499472946161        903.36799156713857        16.000000000000000        3.6250000000000000     
   1           2         177   1.1664495415700895E-005   2.3404398065642966E-006   2.1517575320553521E-005   2.1263312321052932       0.52368888626875565       0.51379310000000000        0.0000000000000000        0.0000000000000000        44.013787143848646        704.22059430157833        16.000000000000000        0.0000000000000000     
   1           2         178   1.1209126613597156E-005   1.5676007042660641E-006   2.1397689313315370E-005   2.2205181863124284       0.52272008304391782       0.51379310000000000        0.0000000000000000        0.0000000000000000        47.551475134849895        760.82360215759832        16.000000000000000        0.0000000000000000     
   1           2         179   1.1280059459836693E-005   1.6636456367124386E-006   2.1442085274496834E-005   2.2008656087087863       0.52198344444730915       0.51379310000000000        0.0000000000000000        0.0000000000000000        47.356496666212117        757.70394665939386        16.000000000000000        0.0000000000000000     
   1           2         180   1.1538790832394803E-005   2.0912499562061944E-006   2.1522362258784878E-005   2.2169254431381247       0.51851862490191858       0.51379310000000000        0.0000000000000000        1.0000000000000000        50.830069319961176        813.28110911937881        16.000000000000000        0.0000000000000000     
   1           2         181   1.1224456392652692E-005   1.5741899576038301E-006   2.1422255534313574E-005   2.2058252405815848       0.52305665385895728       0.51379310000000000        0.0000000000000000        1.0000000000000000        44.977768791985262        719.64430067176420        16.000000000000000        0.0000000000000000     
   1           2         182   1.2246241192272158E-005   3.1945241213065931E-006   2.1811530730973785E-005   2.1424148271021308       0.51120519682197796       0.51379310000000000        1.0000000000000000        0.0000000000000000        45.431656766545380        726.90650826472609        16.000000000000000        0.0000000000000000     
   1           2         183   1.0399052628497344E-005   1.1667291672941759E-007   2.1264829620733177E-005   2.3695754387723400       0.51886214194525859       0.51379310000000000        0.0000000000000000        0.0000000000000000        45.641772195892344        730.26835513427750        16.000000000000000        0.0000000000000000     
   1           2         184   1.1186914959807540E-005   1.5145490115623499E-006   2.1408067487431600E-005   2.2172504092943330       0.52154534840540046       0.51379310000000000        0.0000000000000000        0.0000000000000000        49.569608624160097        793.11373798656155        16.000000000000000        0.0000000000000000     
   1           2         185   1.1294320248307111E-005   1.6880687267238829E-006   2.1445607177089909E-005   2.2030984726229312       0.52168299219666225       0.51379310000000000        0.0000000000000000        0.0000000000000000        49.269292667112893        788.30868267380629        16.000000000000000        0.0000000000000000     
   1           2         186   1.1534663592262957E-005   2.0931140256544768E-006   2.1511903776701760E-005   2.2144481199041044       0.51905521965549284       0.51379310000000000        0.0000000000000000        0.0000000000000000        42.896478591000331        686.34365745600530        16.000000000000000        0.0000000000000000     
   1           2         187   1.1536088486535049E-005   2.1015938641482821E-006   2.1505873446332105E-005   2.2141193715360190       0.51928282203789233       0.51379310000000000        0.0000000000000000        0.0000000000000000        45.816248745705948        733.05997993129517        16.000000000000000        0.0000000000000000     
   1           2         188   1.1824189400302132E-005   2.2672871264028531E-006   2.1923327124805142E-005   2.3990607559914672       0.49026659170551357       0.51379310000000000        0.0000000000000000        0.0000000000000000        46.315564869107661        741.04903790572257        16.000000000000000        0.0000000000000000     
   1           2         189   1.0877194091516474E-005   9.0715042034303903E-007   2.1412913853921397E-005   2.2388829269941835       0.51873425651136018       0.51379310000000000        0.0000000000000000        0.0000000000000000        47.409405471432443        758.55048754291909        16.000000000000000        0.0000000000000000     
   1           2         190   1.1109812022852525E-005   1.4011302814031202E-006   2.1369340813687813E-005   2.2489773014404335       0.51914355617699393       0.51379310000000000        0.0000000000000000        0.0000000000000000        52.990332695892327        847.84532313427724        16.000000000000000        0.0000000000000000     
   1           2         191   1.1534778666344728E-005   1.9326395221771124E-006   2.1681719891393463E-005   2.2797851496179269       0.50796242080303244       0.51379310000000000        0.0000000000000000        0.0000000000000000        42.014003164415797        672.22405063065275        16.000000000000000        0.0000000000000000     
   1           2         192   1.0365980015936580E-005  -5.7143304812374988E-008   2.1380486068092590E-005   2.2381794500134564       0.52901794237657562       0.51379310000000000        0.0000000000000000        0.0000000000000000        46.141340770750972        738.26145233201555        16.000000000000000        0.0000000000000000     
   1           2         193   1.0954241955741391E-005   1.0522676794853916E-006   2.1418030230893300E-005   2.2011634413029664       0.52025807472158336       0.51379310000000000        0.0000000000000000        0.0000000000000000        45.829983112385392        733.27972979816627        16.000000000000000        0.0000000000000000     
   1           2         194   1.0898876644237120E-005   9.8268094924204216E-007   2.1377693226927012E-005   2.2819079140999987       0.51997790767076479       0.51379310000000000        0.0000000000000000        0.0000000000000000        48.248648394479780        771.97837431167648        16.000000000000000        0.0000000000000000     
   1           2         195   1.1064061573257875E-005   1.3776143179502643E-006   2.1300094347146977E-005   2.2854954345233063       0.51827542816236982       0.51379310000000000        0.0000000000000000        1.0000000000000000        50.168991689808486        802.70386703693578        16.000000000000000        0.0000000000000000     
   1           2         196   1.1081671686103940E-005   1.3044016396817273E-006   2.1413680315945539E-005   2.2234500517904947       0.52121323728316382       0.51379310000000000        0.0000000000000000        0.0000000000000000        44.941027446408398        719.05643914253437        16.000000000000000        0.0000000000000000     
   1           2         197   1.1693327456530636E-005   2.3621833773764695E-006   2.1553898013993704E-005   2.1372085688100215       0.52139850173279945       0.51379310000000000        0.0000000000000000        0.0000000000000000        44.019422477142328        704.31075963427725        16.000000000000000        0.0000000000000000     
   1           2         198   1.2022011567303760E-005   2.9780153983941107E-006   2.1579142138696708E-005   2.0573108147143757       0.52531990555702512       0.51379310000000000        0.0000000000000000        0.0000000000000000        48.752344071827459        780.03750514923934        16.000000000000000        0.0000000000000000     
   1           2         199   1.1021174156626115E-005   1.1778043283650286E-006   2.1423032909574434E-005   2.2121450094780419       0.52418692738423989       0.51379310000000000        0.0000000000000000        0.0000000000000000        46.041252146420952        736.66003434273523        16.000000000000000        0.0000000000000000     
   1           2         200   1.1132942780368627E-005   1.4298593362426438E-006   2.1386555640071112E-005   2.2318657691639952       0.52060823923217603       0.51379310000000000        0.0000000000000000        0.0000000000000000        50.965222992990185        815.44356788784296        16.000000000000000        0.0000000000000000     
   1           2         201   1.1114888218683681E-005   1.3651032720645838E-006   2.1417852310836757E-005   2.2188653127684472       0.52142287770468088       0.51379310000000000        1.0000000000000000        0.0000000000000000        42.308451221767058        676.93521954827293        16.000000000000000        0.0000000000000000     
   1           2         202   1.0804675671476590E-005   8.4251884154860252E-007   2.1332061112396863E-005   2.2678902238643550       0.52150661066522397       0.51379310000000000        0.0000000000000000        0.0000000000000000        45.484284983174156        727.74855973078650        16.000000000000000        0.0000000000000000     
   1           2         203   1.1113722456594184E-005   1.4457661442737462E-006   2.1330215156248785E-005   2.2825447141533006       0.51787201276443307       0.51379310000000000        0.0000000000000000        0.0000000000000000        46.680538536654105        746.88861658646567        16.000000000000000        0.0000000000000000     
   1           2         204   1.0862795044983951E-005   8.7777858652491724E-007   2.1414337114302258E-005   2.2181523595264174       0.52534921509492061       0.51379310000000000        0.0000000000000000        0.0000000000000000        50.338986869865437        805.42378991784699        16.000000000000000        0.0000000000000000     
   1           2         205   1.1275260531925496E-005   1.6525664512496244E-006   2.1443922930715466E-005   2.2057024744160256       0.52169310875748620       0.51379310000000000        0.0000000000000000        0.0000000000000000        47.748573114049741        763.97716982479585        16.000000000000000        0.0000000000000000     
   1           2         206   1.1901440171061064E-005   2.5734240095348703E-006   2.1758705340437974E-005   2.2078790045583978       0.50934048558959744       0.51379310000000000        0.0000000000000000        0.0000000000000000        43.578876940052311        697.26203104083697        16.000000000000000        0.0000000000000000     
   1           2         207   1.1399124049403696E-005   2.0051787932209146E-006   2.1326058970328500E-005   2.2418726721993734       0.51898265733897819       0.51379310000000000        0.0000000000000000        0.0000000000000000        43.531382215002509        696.50211544004014        16.000000000000000        0.0000000000000000     
   1           2         208   1.1617726540459816E-005   2.2173526836802099E-006   2.1551454805183695E-005   2.0825976547786205       0.52736041947385381       0.51379310000000000        0.0000000000000000        0.0000000000000000        46.990854881287682        751.85367810060291        16.000000000000000        0.0000000000000000     
   1           2         209   1.1320083101452498E-005   1.7438021322584279E-006   2.1439699021409918E-005   2.1916577093469978       0.52304105533547274       0.51379310000000000        0.0000000000000000        0.0000000000000000        49.366753846521149        789.86806154433839        16.000000000000000        0.0000000000000000     
   1           2         210   1.1270025308924402E-005   1.6442260131427177E-006   2.1441969105191979E-005   2.1977311625973068       0.52273308040222477       0.51379310000000000        0.0000000000000000        0.0000000000000000        48.387328636162444        774.19725817859910        16.000000000000000        0.0000000000000000     
   1           2         211   1.0888701762067066E-005   9.3244622359326878E-007   2.1409851086571740E-005   2.2400204184021266       0.51898119118661756       0.51379310000000000        0.0000000000000000        0.0000000000000000        39.294394151115412        628.71030641784660        16.000000000000000        0.0000000000000000     
   1           2         212   1.1644234094296940E-005   2.3030040831702565E-006   2.1515462835044968E-005   2.1335347230720734       0.52303838497674038       0.51379310000000000        0.0000000000000000        0.0000000000000000        43.512196877519699        696.19515004031518        16.000000000000000        0.0000000000000000     
   1           2         213   1.2328654223842063E-005   2.8046308444321417E-006   2.2393047585144566E-005   2.3820098609950744       0.47749209153477279       0.51379310000000000        0.0000000000000000        1.0000000000000000        44.987291842920413        719.79666948672661        16.000000000000000        0.0000000000000000     
   1           2         214   1.1645050927367161E-005   2.3108668077665396E-006   2.1508834009796125E-005   2.1260274478021413       0.52416930331761535       0.51379310000000000        0.0000000000000000        0.0000000000000000        47.361662703513836        757.78660325622138        16.000000000000000        0.0000000000000000     
   1           2         215   1.2179573571334754E-005   2.6480758807533052E-006   2.2251865318092202E-005   2.3633160353117613       0.48303711064065208       0.51379310000000000        0.0000000000000000        0.0000000000000000        49.993639244876313        799.89822791802101        16.000000000000000        0.0000000000000000     
   1           2         216   1.1305012499264996E-005   1.7202632271188025E-006   2.1433577193140793E-005   2.1970247002451408       0.52287413617678602       0.51379310000000000        0.0000000000000000        0.0000000000000000        41.015547790558223        656.24876464893157        16.000000000000000        0.0000000000000000     
   1           2         217   1.0667384374451186E-005   5.6746536027403770E-007   2.1340348291752575E-005   2.2902267233024038       0.52250735125890801       0.51379310000000000        0.0000000000000000        1.0000000000000000        43.239310648068560        691.82897036909696        16.000000000000000        0.0000000000000000     
   1           2         218   1.1510994672528841E-005   1.9208018698814790E-006   2.1645311749620781E-005   2.4579266516644238       0.49364012168551757       0.51379310000000000        0.0000000000000000        0.0000000000000000        45.351495088615430        725.62392141784687        16.000000000000000        0.0000000000000000     
   1           2         219  -1.7771126791012554E-005  -3.5250660261198068E-005   8.4481734142656805E-006   11.003326529729831       0.40304065711395021       0.59999999999999998        0.0000000000000000        1.0000000000000000        58.511741033637499        936.18785653819998        16.000000000000000        9.0000000000000000     
   1           2         220   1.1636074092890489E-005   2.0690991088212543E-006   2.1745856028702980E-005   2.4383267878417110       0.49194157232444380       0.51379310000000000        0.0000000000000000        0.0000000000000000        50.334590500369373        805.35344800590997        16.000000000000000        0.0000000000000000     
   1           2         221  -2.6657359323912176E-005  -5.4945297114426876E-005   1.5774547361859859E-005   17.196456492573454       0.50048010606124271       0.59999999999999998        0.0000000000000000        1.0000000000000000        49.203876418874991        787.26202270199985        16.000000000000000        21.000000000000000     
   1           2         222   1.1097804372642442E-005   1.3914593201441398E-006   2.1354863896464011E-005   2.2550360806555854       0.51889092231625600       0.51379310000000000        0.0000000000000000        0.0000000000000000        41.288319801071999        660.61311681715199        16.000000000000000        0.0000000000000000     
   1           2         223   1.2238007473672874E-005   3.3641945477750463E-006   2.1615299017698967E-005   2.0896466183872846       0.52201758870947990       0.51379310000000000        0.0000000000000000        0.0000000000000000        43.838276082084242        701.41241731334787        16.000000000000000        0.0000000000000000     
   1           2         224  -1.2326184452763397E-005  -5.3364555906944005E-005   1.5032729850023660E-005   16.486006691385395       0.53904035899999525       0.40000000000000002        0.0000000000000000        1.0000000000000000        55.452328193499994        887.23725109599991        16.000000000000000        22.750000000000000     
   1           2         225   9.4457723603059220E-006  -1.5302566489502266E-006   2.1044554628422105E-005   2.5253989535344221       0.51313481788000659       0.51379310000000000        0.0000000000000000        0.0000000000000000        48.905314526115419        782.48503241784670        16.000000000000000        0.0000000000000000     
   1           2         226  -1.7130047081328599E-005  -5.0346019581013821E-005   1.6085925418356681E-005   20.508230040291082       0.50010783816582893       0.50000000000000000        0.0000000000000000        1.0000000000000000        50.540332130312507        808.64531408500011        16.000000000000000        35.000000000000000     
   1           2         227   9.8615154302104934E-006  -8.2062951236724515E-007   2.1149739362648386E-005   2.4722792780094318       0.51858435479766041       0.51379310000000000        0.0000000000000000        0.0000000000000000        44.972385861577649        719.55817378524239        16.000000000000000        0.0000000000000000     
   1           2         228   1.2016824122156041E-005   2.9367963472638749E-006   2.1612030645444850E-005   2.0732952604955610       0.52291227386411077       0.51379310000000000        0.0000000000000000        1.0000000000000000        44.376916453919428        710.03066326271085        16.000000000000000        0.0000000000000000     
   1           2         229   1.1639940790040191E-005   2.2986000250160185E-006   2.1511286568592567E-005   2.1261150310570645       0.52419962161913636       0.51379310000000000        0.0000000000000000        1.0000000000000000        47.871412342423582        765.94259747877732        16.000000000000000        0.0000000000000000     
   1           2         230  -1.8549262778792678E-005  -5.1105826443269891E-005   1.4007300885684569E-005   14.086800929657485       0.50047845352000997       0.50000000000000000        1.0000000000000000        0.0000000000000000        59.923655135312494        958.77848216499990        16.000000000000000        24.500000000000000     
   1           2         231   1.1384643330301645E-005   1.8535261936363138E-006   2.1456532931437190E-005   2.2054365860973446       0.52112126243932333       0.51379310000000000        0.0000000000000000        0.0000000000000000        43.057580183042013        688.92128292867221        16.000000000000000        0.0000000000000000     
   1           2         232   1.1119916044645676E-005   1.3975382105580580E-006   2.1393918011189449E-005   2.2366725045940403       0.52012213442487798       0.51379310000000000        0.0000000000000000        0.0000000000000000        46.874781664642335        749.99650663427735        16.000000000000000        0.0000000000000000     
   1           2         233   1.0494045354547373E-005   2.9384514242829687E-007   2.1272980181686927E-005   2.3806774241288555       0.51817029838996642       0.51379310000000000        0.0000000000000000        0.0000000000000000        46.343625348688484        741.49800557901574        16.000000000000000        0.0000000000000000     
   1           2         234   1.1052995375171992E-005   1.2357466703626779E-006   2.1427250955491675E-005   2.2114919507828930       0.52381237330597374       0.51379310000000000        0.0000000000000000        0.0000000000000000        48.000287759999452        768.00460415999123        16.000000000000000        0.0000000000000000     
   1           2         235   1.0658633765809649E-005   6.1307780962771386E-007   2.1274150197086332E-005   2.3289194981667474       0.51749316068779405       0.51379310000000000        0.0000000000000000        0.0000000000000000        51.104883631501941        817.67813810403106        16.000000000000000        0.0000000000000000     
   1           2         236   1.1856848702253893E-005   2.3252573153533515E-006   2.1929239461432718E-005   2.3110836995114803       0.49780470419173878       0.51379310000000000        0.0000000000000000        0.0000000000000000        40.423889295701684        646.78222873122695        16.000000000000000        0.0000000000000000     
   1           2         237   1.1168234563356999E-005   1.4689619595478639E-006   2.1417820364908036E-005   2.2122330213319401       0.52057684362331746       0.51379310000000000        0.0000000000000000        1.0000000000000000        44.879282523002388        718.06852036803821        16.000000000000000        0.0000000000000000     
   1           2         238   1.1201790607425620E-005   1.0498401425500073E-006   2.1929738113713091E-005   2.4952143380706819       0.48817146073496231       0.51379310000000000        0.0000000000000000        0.0000000000000000        49.174664082439335        786.79462531902936        16.000000000000000        0.0000000000000000     
   1           2         239   1.1592588926798465E-005   2.0083675263113865E-006   2.1720595798857860E-005   2.4089124558117061       0.49583954712390788       0.51379310000000000        0.0000000000000000        0.0000000000000000        49.460023258392347        791.36037213427755        16.000000000000000        0.0000000000000000     
   1           2         240   1.1629581818559665E-005   2.2729863037731857E-006   2.1517047864369292E-005   2.1335588055338350       0.52332863762287296       0.51379310000000000        0.0000000000000000        0.0000000000000000        49.486378854062160        791.78206166499456        16.000000000000000        0.0000000000000000     
   1           2         241   1.0927602204823562E-005   1.0096717776074159E-006   2.1408251944232254E-005   2.2388873937053320       0.51947565758756109       0.51379310000000000        0.0000000000000000        1.0000000000000000        43.515715502227984        696.25144803564774        16.000000000000000        0.0000000000000000     
   1           2         242   1.0648662367688940E-005   4.7470058277798142E-007   2.1399870062912443E-005   2.2257763891730069       0.52703016772327183       0.51379310000000000        0.0000000000000000        0.0000000000000000        43.531452634995610        696.50324215992975        16.000000000000000        0.0000000000000000     
   1           2         243   1.1761997230567625E-005   2.4799368488938531E-006   2.1570699200629044E-005   2.0802972900076000       0.52569704444384258       0.51379310000000000        0.0000000000000000        0.0000000000000000        46.863072567272148        749.80916107635437        16.000000000000000        0.0000000000000000     
   1           2         244   1.1570670064030040E-005   1.9882341214165618E-006   2.1696790175667530E-005   2.3288437528583943       0.50326953183366019       0.51379310000000000        0.0000000000000000        0.0000000000000000        51.275251801968125        820.40402883149000        16.000000000000000        0.0000000000000000     
   1           2         245  -2.6502388195467824E-005  -5.5000869091070711E-005   1.6245333147936756E-005   18.121871419241813       0.50010803606264320       0.59999999999999998        0.0000000000000000        1.0000000000000000        61.087363830000015        977.39782128000024        16.000000000000000        45.500000000000000     
   1           2         246   1.2343900849770906E-005   2.8322408143432819E-006   2.2395229400945510E-005   2.3560218197298504       0.47987540705530007       0.51379310000000000        0.0000000000000000        1.0000000000000000        42.861373070892327        685.78196913427723        16.000000000000000        0.0000000000000000     
   1           2         247   1.1349399968149201E-005   1.7916605254923176E-006   2.1449422360334133E-005   2.2102845598869125       0.52085079442581117       0.51379310000000000        0.0000000000000000        0.0000000000000000        46.745286074700743        747.92457719521190        16.000000000000000        0.0000000000000000     
   1           2         248   1.0546877960039015E-005   3.2598163121246487E-007   2.1347683151340782E-005   2.3226545293750767       0.51688223482622098       0.51379310000000000        1.0000000000000000        0.0000000000000000        45.882588657699998        734.12141852319996        16.000000000000000        0.0000000000000000     
   1           2         249   1.0853840005900435E-005   9.1167608669687482E-007   2.1360098186843261E-005   2.2833708625988809       0.52069060937358014       0.51379310000000000        0.0000000000000000        0.0000000000000000        50.240770831052217        803.85233329683547        16.000000000000000        0.0000000000000000     
   1           2         250   1.1422837518045257E-005   1.8967513104447533E-006   2.1489410747405798E-005   2.1562981769321636       0.52203343645841160       0.51379310000000000        0.0000000000000000        0.0000000000000000        49.693233344794649        795.09173351671438        16.000000000000000        0.0000000000000000     
   1           2         251   1.0876500118357572E-005   9.5639666775599760E-007   2.1359446173227342E-005   2.2697425608031523       0.52165323764747806       0.51379310000000000        0.0000000000000000        0.0000000000000000        42.055876472059211        672.89402355294737        16.000000000000000        0.0000000000000000     
   1           2         252  -2.5239622108224815E-005  -5.2244766355080588E-005   1.5268094262058930E-005   16.365530265633467       0.50016553495700988       0.59999999999999998        0.0000000000000000        1.0000000000000000        52.086098606249990        833.37757769999985        16.000000000000000        49.000000000000000     
   1           2         253   1.0988346976222047E-005   1.1218263815202293E-006   2.1414670013936699E-005   2.2447968871315025       0.51937293176999078       0.51379310000000000        0.0000000000000000        0.0000000000000000        47.499619070892344        759.99390513427750        16.000000000000000        0.0000000000000000     
   1           2         254   1.1277367578566118E-005   1.6576642604047746E-006   2.1442869526231812E-005   2.2009730655501518       0.52212819972943469       0.51379310000000000        0.0000000000000000        0.0000000000000000        47.817296043505905        765.07673669609449        16.000000000000000        0.0000000000000000     
   1           2         255   1.1631961964988350E-005   2.1575001218019018E-006   2.1643981788734955E-005   2.2315739600586211       0.51349669332362824       0.51379310000000000        0.0000000000000000        0.0000000000000000        52.290928088733132        836.65484941973011        16.000000000000000        0.0000000000000000     
   1           2         256   1.0828615654837508E-005   3.1404251987334656E-007   2.1939760161815931E-005   2.5959749382898725       0.48296517639827069       0.51379310000000000        0.0000000000000000        0.0000000000000000        41.966337916958729        671.46140667133966        16.000000000000000        0.0000000000000000     
   1           2         257   1.1041600729216264E-005   1.2175750650545621E-006   2.1423017777121597E-005   2.2456173328352316       0.51923677243183908       0.51379310000000000        0.0000000000000000        0.0000000000000000        45.412402949880445        726.59844719808711        16.000000000000000        0.0000000000000000     
   1           2         258   1.1526546472556179E-005   1.9386355427486233E-006   2.1658452208879126E-005   2.3725254907803941       0.50089768363062226       0.51379310000000000        0.0000000000000000        0.0000000000000000        47.537195433180401        760.59512693088641        16.000000000000000        0.0000000000000000     
   1           2         259   1.1672504535122754E-005   2.3507726092913282E-006   2.1523128916516622E-005   2.1322871169242648       0.52280862177061393       0.51379310000000000        0.0000000000000000        0.0000000000000000        49.974959259366194        799.59934814985911        16.000000000000000        0.0000000000000000     
   1           2         260   1.1292657065179865E-005   1.6828447154046640E-006   2.1447706854908366E-005   2.2033654349595078       0.52161074717185518       0.51379310000000000        0.0000000000000000        1.0000000000000000        50.452280276115417        807.23648441784667        16.000000000000000        0.0000000000000000     
   1           2         261   1.0913132678510404E-005   1.0073135195472454E-006   2.1380983985686577E-005   2.2477342351583740       0.52059477021007694       0.51379310000000000        0.0000000000000000        0.0000000000000000        44.432274585470779        710.91639336753246        16.000000000000000        0.0000000000000000     
   1           2         262   1.1292248321259647E-005   1.6855561437690232E-006   2.1444000907696783E-005   2.1960712771753759       0.52260613931228261       0.51379310000000000        0.0000000000000000        0.0000000000000000        42.463439055826811        679.41502489322897        16.000000000000000        0.0000000000000000     
   1           2         263   2.1351798576545046E-005   1.4505955446349374E-006   2.1351798576545046E-005   2.2031421806914677       0.51191867777912559        0.0000000000000000        0.0000000000000000        1.0000000000000000        46.467422703392330        743.47876325427728        16.000000000000000        0.0000000000000000     
   1           2         264   1.1144784359624050E-005   1.4917042100841761E-006   2.1345556859110601E-005   2.2641021339721057       0.51871155241532363       0.51379310000000000        0.0000000000000000        0.0000000000000000        47.356015519910009        757.69624831856015        16.000000000000000        0.0000000000000000     
   1           2         265   3.2099999999999989E-006   4.1136999999999999E-004   3.2099999999999989E-006   10.000000000000000        1.0000000000000000        0.0000000000000000        0.0000000000000000        1.0000000000000000        46.902455011740415        750.43928018784663        16.000000000000000        1.7500000000000000     
   1           2         266   1.1508415776980674E-005   2.0505094940267256E-006   2.1502940718169969E-005   2.1254659169908794       0.52286326540500094       0.51379310000000000        0.0000000000000000        0.0000000000000000        42.449943221967310        679.19909155147695        16.000000000000000        0.0000000000000000     
   1           2         267   1.0003327034192027E-005  -6.0079010982201619E-007   2.1209096060065775E-005   2.4222517612806627       0.51662330386113731       0.51379310000000000        0.0000000000000000        0.0000000000000000        43.675392994865419        698.80628791784670        16.000000000000000        0.0000000000000000     
   1           2         268   1.0758923626412919E-005   7.3645300079836247E-007   2.1350044921469424E-005   2.2821424870174418       0.52221835606568234       0.51379310000000000        0.0000000000000000        0.0000000000000000        42.608821957052456        681.74115131283929        16.000000000000000        0.0000000000000000     
   1           2         269   9.7421484174071934E-006  -1.1210044774005871E-006   2.1221650254170820E-005   2.3994796081788303       0.52455544950018274       0.51379310000000000        0.0000000000000000        1.0000000000000000        47.145503365608441        754.32805384973506        16.000000000000000        0.0000000000000000     
   1           2         270   1.1265498789005307E-005   1.4229693804802495E-006   2.1666469438840379E-005   2.3784229456755619       0.50293194170140576       0.51379310000000000        0.0000000000000000        0.0000000000000000        48.586466901239390        777.38347041983025        16.000000000000000        0.0000000000000000     
   1           2         271   1.0705212365402580E-005   6.7919528540215847E-007   2.1300081332063303E-005   2.3247173351741584       0.51809879123399716       0.51379310000000000        0.0000000000000000        0.0000000000000000        42.017833333112534        672.28533332980055        16.000000000000000        0.0000000000000000     
   1           2         272   1.1548107573879077E-005   2.0744720969268063E-006   2.1559254145376505E-005   2.2185534714462465       0.51724855617472243       0.51379310000000000        0.0000000000000000        0.0000000000000000        45.663141896591469        730.61027034546350        16.000000000000000        0.0000000000000000     
   1           2         273   1.0725918686945080E-005   8.1962553021281102E-007   2.1194270885373950E-005   2.3270689878989321       0.51809598204377261       0.51379310000000000        0.0000000000000000        0.0000000000000000        45.210440700733415        723.36705121173463        16.000000000000000        0.0000000000000000     
   1           2         274   1.1306575602960975E-005   1.7144806746273196E-006   2.1442902727736410E-005   2.1915526084382106       0.52302779230102392       0.51379310000000000        1.0000000000000000        0.0000000000000000        46.847017619865426        749.55228191784681        16.000000000000000        0.0000000000000000     
   1           2         275   1.1149003692799006E-005   1.4528513541688241E-006   2.1395292192894349E-005   2.2285707283692826       0.52064466215855798       0.51379310000000000        0.0000000000000000        0.0000000000000000        48.987188468289197        783.79501549262716        16.000000000000000        0.0000000000000000     
   1           2         276   1.2362416165663033E-005   3.0811421529404832E-006   2.2170287150106274E-005   2.3002823172739286       0.48897821763403904       0.51379310000000000        0.0000000000000000        0.0000000000000000        42.109713501560314        673.75541602496503        16.000000000000000        0.0000000000000000     
   1           2         277   1.1262892303519352E-005   1.6584894766830501E-006   2.1412225647099988E-005   2.2120807492376824       0.52232861930557961       0.51379310000000000        0.0000000000000000        0.0000000000000000        44.451760352015718        711.22816563225149        16.000000000000000        0.0000000000000000     
   1           2         278   1.1272012179762043E-005   1.6585604375081580E-006   2.1430907852269048E-005   2.2004459770258005       0.52287784271914561       0.51379310000000000        0.0000000000000000        0.0000000000000000        46.191618233862087        739.06589174179339        16.000000000000000        0.0000000000000000     
   1           2         279   1.0957429335384175E-005   1.0548737446355673E-006   2.1421831907402548E-005   2.2144470566016148       0.52459611417611873       0.51379310000000000        0.0000000000000000        0.0000000000000000        44.876908156871778        718.03053050994845        16.000000000000000        0.0000000000000000     
   1           2         280   1.1085579936183326E-005   1.3179729461143126E-006   2.1407377251296279E-005   2.2239177138685586       0.52172576839351881       0.51379310000000000        0.0000000000000000        0.0000000000000000        47.321714318570180        757.14742909712288        16.000000000000000        0.0000000000000000     
   1           2         281   1.1293181559245467E-005   1.6895911051454117E-006   2.1441656438031916E-005   2.2014778171413489       0.52145349932923046       0.51379310000000000        0.0000000000000000        0.0000000000000000        39.045892901115415        624.73428641784665        16.000000000000000        0.0000000000000000     
   1           2         282   1.0889643689444643E-005   9.8038473008035235E-007   2.1361129962952178E-005   2.2705330214915493       0.52176508025776192       0.51379310000000000        0.0000000000000000        0.0000000000000000        43.462576912731294        695.40123060370070        16.000000000000000        0.0000000000000000     
   1           2         283   1.0004854847855603E-005  -4.1418637472948717E-007   2.1015047193500069E-005   2.3587265373883124       0.50655234268206784       0.51379310000000000        0.0000000000000000        1.0000000000000000        45.699445005752501        731.19112009204002        16.000000000000000        0.0000000000000000     
   1           2         284   1.0697837637392600E-005   6.6555239061939995E-007   2.1299330411403164E-005   2.3206434552855573       0.51829789187976349       0.51379310000000000        0.0000000000000000        0.0000000000000000        50.342549773970333        805.48079638352533        16.000000000000000        0.0000000000000000     
   1           2         285   1.1401579251558672E-005   1.8438759772448883E-006   2.1501563423297021E-005   2.1424172842342029       0.52503172971362633       0.51379310000000000        0.0000000000000000        0.0000000000000000        48.756865732597490        780.10985172155983        16.000000000000000        0.0000000000000000     
   1           2         286   1.1355225224166068E-005   1.4937273194594176E-006   2.1776240596639511E-005   2.3910593936148654       0.49802748097610439       0.51379310000000000        0.0000000000000000        0.0000000000000000        42.059925842231351        672.95881347570162        16.000000000000000        0.0000000000000000     
   1           2         287   1.1342626855387506E-005   1.7830124489917279E-006   2.1444630592205955E-005   2.1865282214231709       0.52320208662997314       0.51379310000000000        0.0000000000000000        0.0000000000000000        41.440993343264545        663.05589349223271        16.000000000000000        0.0000000000000000     
   1           2         288   1.1314905713884971E-005   1.7280506295789099E-006   2.1445695698593944E-005   2.1980149729796357       0.52177336822612663       0.51379310000000000        0.0000000000000000        0.0000000000000000        46.845596338615429        749.52954141784687        16.000000000000000        0.0000000000000000     
   1           2         289   1.1127313361376424E-005   1.4276624717059836E-006   2.1377298911811172E-005   2.2481720885975554       0.51919142208830815       0.51379310000000000        0.0000000000000000        0.0000000000000000        51.051501199779295        816.82401919646873        16.000000000000000        0.0000000000000000     
   1           2         290   1.0891473436550315E-005   9.8300446858937130E-007   2.1362124896458803E-005   2.2755706421304871       0.52078464229234356       0.51379310000000000        0.0000000000000000        0.0000000000000000        50.258229793587439        804.13167669739903        16.000000000000000        0.0000000000000000     
   1           2         291   1.1922163155782957E-005   2.8172503657702460E-006   2.1543666609581032E-005   2.0820841358486906       0.52491178541868677       0.51379310000000000        0.0000000000000000        0.0000000000000000        40.896323692559832        654.34117908095732        16.000000000000000        0.0000000000000000     
   1           2         292   9.8396982712708220E-006  -8.6384772028864107E-007   2.1150537496292269E-005   2.4771946372960287       0.51850195031712809       0.51379310000000000        0.0000000000000000        0.0000000000000000        43.905352191796538        702.48563506874461        16.000000000000000        0.0000000000000000     
   1           2         293   1.1686525063818473E-005   2.3846102310360975E-006   2.1516207978379102E-005   2.1194229493754166       0.52421373875036914       0.51379310000000000        0.0000000000000000        0.0000000000000000        44.807774423476758        716.92439077562813        16.000000000000000        0.0000000000000000     
   1           2         294   1.0702597227712980E-005   6.7288117662469236E-007   2.1301375036108056E-005   2.2754440942559655       0.52225034090043587       0.51379310000000000        0.0000000000000000        0.0000000000000000        48.789782908605986        780.63652653769577        16.000000000000000        0.0000000000000000     
   1           2         295   1.1288859571579153E-005   1.6713885011335141E-006   2.1452002619208775E-005   2.2043663555943911       0.52139541958334934       0.51379310000000000        0.0000000000000000        0.0000000000000000        53.376012633392335        854.01620213427736        16.000000000000000        0.0000000000000000     
   1           2         296   1.1955995772882741E-005   2.7455180574082987E-006   2.1689053649919473E-005   2.1522587874320109       0.51631462624221613       0.51379310000000000        0.0000000000000000        0.0000000000000000        43.421917740226711        694.75068384362737        16.000000000000000        0.0000000000000000     
   1           2         297   1.1531698701617680E-005   2.0737787741229039E-006   2.1526238061506398E-005   2.2142400322278255       0.51860912895488975       0.51379310000000000        0.0000000000000000        0.0000000000000000        43.718999736587563        699.50399578540100        16.000000000000000        0.0000000000000000     
   1           2         298   1.1436625283591423E-005   1.8170431557275002E-006   2.1601999164916300E-005   2.2641666239801723       0.51195802406756408       0.51379310000000000        0.0000000000000000        0.0000000000000000        47.551199858946717        760.81919774314747        16.000000000000000        0.0000000000000000     
   1           2         299   1.1400072210996766E-005   1.8148159486675124E-006   2.1529172660448872E-005   2.2222019672671998       0.51755205539255122       0.51379310000000000        0.0000000000000000        0.0000000000000000        47.356127958289697        757.69804733263516        16.000000000000000        0.0000000000000000     
   1           2         300   1.1626723346741182E-005   2.1511946657667218E-006   2.1639870538063874E-005   2.2286045591605830       0.51386327869318482       0.51379310000000000        0.0000000000000000        0.0000000000000000        50.829679766888681        813.27487627021890        16.000000000000000        0.0000000000000000     
   1           2         301   1.1192292712124090E-005   1.4164392106664547E-006   2.1522804425676168E-005   2.3078514804255650       0.51365958270961809       0.51379310000000000        0.0000000000000000        0.0000000000000000        44.976160074199079        719.61856118718526        16.000000000000000        0.0000000000000000     
   1           2         302   1.1472514829118835E-005   2.0166917784144919E-006   2.1464838340514440E-005   2.1597811854312154       0.52114788075815899       0.51379310000000000        0.0000000000000000        0.0000000000000000        44.777290914642336        716.43665463427737        16.000000000000000        0.0000000000000000     
   1           2         303   1.1267025822331065E-005   1.6129046642702726E-006   2.1468898394637060E-005   2.2102944820122672       0.52014874484553175       0.51379310000000000        1.0000000000000000        0.0000000000000000        45.693893058191449        731.10228893106319        16.000000000000000        0.0000000000000000     
   1           2         304   1.1224744018646092E-005   1.6007185327702448E-006   2.1394813363336771E-005   2.2253720803236825       0.52216476720166705       0.51379310000000000        0.0000000000000000        0.0000000000000000        49.569342432766767        793.10947892426827        16.000000000000000        0.0000000000000000     
   1           2         305   1.1022459077273163E-005   1.1854554287589754E-006   2.1417590448879675E-005   2.2113292893807186       0.52448386823338544       0.51379310000000000        0.0000000000000000        0.0000000000000000        49.269016709176540        788.30426734682464        16.000000000000000        0.0000000000000000     
   1           2         306   1.1595564993742262E-005   2.2446407543440935E-006   2.1477037989755647E-005   2.1443702994484939       0.52382479332786791       0.51379310000000000        0.0000000000000000        0.0000000000000000        42.896101092164287        686.33761747462859        16.000000000000000        0.0000000000000000     
   1           2         307   1.2100747503599227E-005   2.8019253832504351E-006   2.1927162232725120E-005   2.3171859716990060       0.49456461663387585       0.51379310000000000        0.0000000000000000        0.0000000000000000        44.554753578625011        712.87605725800017        16.000000000000000        0.0000000000000000     
   1           2         308   1.1280979901491491E-005   1.4130054416614783E-006   2.1708839293114425E-005   2.4632348648380389       0.49389651170905730       0.51379310000000000        0.0000000000000000        0.0000000000000000        45.875739036417556        734.01182458268090        16.000000000000000        0.0000000000000000     
   1           2         309   1.1732908444938502E-005   2.4709139617151563E-006   2.1520406026149582E-005   2.0977804979733654       0.52193270418188176       0.51379310000000000        0.0000000000000000        0.0000000000000000        47.412058633392341        758.59293813427746        16.000000000000000        0.0000000000000000     
   1           2         310   1.1527741846847496E-005   2.1196096832438113E-006   2.1469668605903570E-005   2.1745250764072677       0.52038983751792389       0.51379310000000000        0.0000000000000000        0.0000000000000000        52.990188950238050        847.84302320380880        16.000000000000000        0.0000000000000000     
   1           2         311   1.0752281762562732E-005   7.4406921764826379E-007   2.1328336008009478E-005   2.2712713450013262       0.52128063815614856       0.51379310000000000        0.0000000000000000        0.0000000000000000        42.013720886120289        672.21953417792463        16.000000000000000        0.0000000000000000     
   1           2         312   1.1677880982010526E-005   2.3690884784773469E-006   2.1514831789674818E-005   2.1203378986081156       0.52418277517587597       0.51379310000000000        0.0000000000000000        0.0000000000000000        46.141039968585638        738.25663949737020        16.000000000000000        0.0000000000000000     
   1           2         313   1.1306060729459159E-005   1.7125167732939999E-006   2.1443919096389708E-005   2.1972818073365321       0.52192789015276531       0.51379310000000000        0.0000000000000000        0.0000000000000000        45.829591005050062        733.27345608080100        16.000000000000000        0.0000000000000000     
   1           2         314   1.0932792928778574E-005   1.0393575944219578E-006   2.1387557783182534E-005   2.2528548906456147       0.52010158900438819       0.51379310000000000        0.0000000000000000        0.0000000000000000        49.435107846000001        790.96172553600002        16.000000000000000        0.0000000000000000     
   1           2         315   1.1110087824777070E-005   1.3410597222569334E-006   2.1433386882813505E-005   2.2106884103334412       0.52313267171148947       0.51379310000000000        0.0000000000000000        0.0000000000000000        51.570099665364950        825.12159464583920        16.000000000000000        0.0000000000000000     
   1           2         316   1.1092201630352827E-005   1.3105749492335364E-006   2.1428814079775059E-005   2.2100750494785317       0.52350111734533211       0.51379310000000000        0.0000000000000000        0.0000000000000000        43.863583820892330        701.81734113427729        16.000000000000000        0.0000000000000000     
   1           2         317   1.0674551848727120E-005   4.4131193698990497E-007   2.1488400967888546E-005   2.5120442033777288       0.50003628428945457       0.51379310000000000        0.0000000000000000        0.0000000000000000        43.724769377576500        699.59631004122400        16.000000000000000        0.0000000000000000     
   1           2         318   1.0535738388510830E-005   3.1259091981977100E-007   2.1338922443891346E-005   2.2785035463781540       0.51892737591949434       0.51379310000000000        0.0000000000000000        0.0000000000000000        47.094550526659532        753.51280842655251        16.000000000000000        0.0000000000000000     
   1           2         319   1.2646646417643236E-005   3.1590906765217325E-006   2.2672503055329044E-005   2.3579811017136927       0.47113503440801463       0.51379310000000000        0.0000000000000000        0.0000000000000000        45.526189089747078        728.41902543595324        16.000000000000000        0.0000000000000000     
   1           2         320   1.1530717793894530E-005   2.0615426738989220E-006   2.1537150938601940E-005   2.2165511878556989       0.51813024500933746       0.51379310000000000        0.0000000000000000        0.0000000000000000        50.203518769486621        803.25630031178594        16.000000000000000        0.0000000000000000     
   1           2         321   1.1464763549782284E-005   2.0107287385037681E-006   2.1455197361385034E-005   2.1684006611813560       0.52059406180847900       0.51379310000000000        0.0000000000000000        1.0000000000000000        42.240842808079066        675.85348492926505        16.000000000000000        0.0000000000000000     
   1           2         322   1.0407475704564589E-005   1.3025898994616729E-007   2.1267796763717871E-005   2.3671727019341020       0.51929374220314117       0.51379310000000000        0.0000000000000000        0.0000000000000000        45.138341506535582        722.21346410456931        16.000000000000000        0.0000000000000000     
   1           2         323   1.1241381881257207E-005   1.7226051579179872E-006   2.1300230903951612E-005   2.1443286726409938       0.51838531389219711       0.51379310000000000        0.0000000000000000        1.0000000000000000        42.225781106338502        675.61249770141603        16.000000000000000        0.0000000000000000     
   1           2         324   1.1061732671395714E-005   1.2578908641340145E-006   2.1421820679325310E-005   2.2241077069820605       0.52042235543662252       0.51379310000000000        0.0000000000000000        0.0000000000000000        48.719835594332970        779.51736950932752        16.000000000000000        0.0000000000000000     
   1           2         325   1.1558040516336705E-005   2.1629459967759492E-006   2.1486189907055072E-005   2.2147510431524737       0.51993495563096925       0.51379310000000000        0.0000000000000000        0.0000000000000000        46.452283658175247        743.23653853080395        16.000000000000000        0.0000000000000000     
   1           2         326   1.1279307986002265E-005   1.6578228915422103E-006   2.1446692803631359E-005   2.2043719757499103       0.52165267221851053       0.51379310000000000        0.0000000000000000        0.0000000000000000        42.889478872552765        686.23166196084424        16.000000000000000        0.0000000000000000     
   1           2         327   1.1733024236443010E-005   2.4171293672720958E-006   2.1577480380741781E-005   2.1424426909920427       0.52040473202130066       0.51379310000000000        0.0000000000000000        0.0000000000000000        43.186869383498014        690.98991013596822        16.000000000000000        0.0000000000000000     
   1           2         328   1.1737141251536583E-005   2.4189594634505377E-006   2.1584014068981835E-005   2.1456284614523935       0.51996318238076100       0.51379310000000000        0.0000000000000000        0.0000000000000000        45.887041016204591        734.19265625927346        16.000000000000000        0.0000000000000000     
   1           2         329   1.1235435019372651E-005   1.6023722513178749E-006   2.1415054399709656E-005   2.2064821327922095       0.52259465603106181       0.51379310000000000        0.0000000000000000        0.0000000000000000        49.521694755852245        792.34711609363592        16.000000000000000        0.0000000000000000     
   1           2         330   1.0624053259442164E-005   4.9173869691945634E-007   2.1331250769913189E-005   2.3069674641019251       0.51916915517470386       0.51379310000000000        0.0000000000000000        0.0000000000000000        49.015347258392346        784.24555613427754        16.000000000000000        0.0000000000000000     
   1           2         331   1.3312611851469925E-005   3.8550773334969335E-006   2.3306743934635571E-005   2.4221719480411217       0.44630660169916531       0.51379310000000000        0.0000000000000000        0.0000000000000000        40.421849349731090        646.74958959569744        16.000000000000000        0.0000000000000000     
   1           2         332   1.2032335208397006E-005   2.9864979332663861E-006   2.1591411345912299E-005   2.0689842935811007       0.52375305737812339       0.51379310000000000        1.0000000000000000        0.0000000000000000        42.321662602395079        677.14660163832127        16.000000000000000        0.0000000000000000     
   1           2         333   1.1533108436530649E-005   2.0682940132724731E-006   2.1534933469146240E-005   2.2154699361462007       0.51825373212801051       0.51379310000000000        0.0000000000000000        1.0000000000000000        45.350772099256382        725.61235358810211        16.000000000000000        0.0000000000000000     
   1           2         334   1.0948891017720795E-005   1.0421381749604982E-006   2.1417728983647910E-005   2.2011136888354006       0.52020979468995521       0.51379310000000000        0.0000000000000000        0.0000000000000000        46.979685743773565        751.67497190037705        16.000000000000000        0.0000000000000000     
   1           2         335   1.2047068075955821E-005   2.7414897541664270E-006   2.1880622337001686E-005   2.2491831859629610       0.50191064508658179       0.51379310000000000        0.0000000000000000        0.0000000000000000        50.393348856530878        806.29358170449404        16.000000000000000        0.0000000000000000     
   1           2         336   1.1321963141369821E-005   1.7443068174729025E-006   2.1443032450319647E-005   2.1875393795021227       0.52308683409174639       0.51379310000000000        0.0000000000000000        1.0000000000000000        40.686647523800218        650.98636038080349        16.000000000000000        0.0000000000000000     
   1           2         337   1.1299866162146252E-005   1.7024061043238992E-006   2.1441862820841877E-005   2.1893888186245007       0.52295212745397757       0.51379310000000000        0.0000000000000000        0.0000000000000000        42.513589307365422        680.21742891784675        16.000000000000000        0.0000000000000000     
   1           2         338   1.1433899395074428E-005   1.3043961035900522E-006   2.2138126129807483E-005   2.4977168701338059       0.48149357298893120       0.51379310000000000        0.0000000000000000        1.0000000000000000        43.712398955923987        699.39838329478380        16.000000000000000        0.0000000000000000     
   1           2         339   1.1695888014067635E-005   2.3895476808594152E-006   2.1530247521211917E-005   2.1300682838735243       0.52277459869631793       0.51379310000000000        0.0000000000000000        0.0000000000000000        47.550929307590032        760.81486892144051        16.000000000000000        0.0000000000000000     
   1           2         340   1.1637922565760703E-005   2.2903373521227426E-006   2.1515867087792619E-005   2.1295430005475247       0.52366351262729893       0.51379310000000000        0.0000000000000000        0.0000000000000000        51.736518478489714        827.78429565583542        16.000000000000000        0.0000000000000000     
   1           2         341   1.1107086648485022E-005   1.2928021624845938E-006   2.1478209827411851E-005   2.1522863742430944       0.52746771622040411       0.51379310000000000        0.0000000000000000        0.0000000000000000        44.177967451748557        706.84747922797692        16.000000000000000        0.0000000000000000     
   1           2         342   1.1255789908178895E-005   1.6378458144144909E-006   2.1419432817323054E-005   2.2036103319578917       0.52271835338293404       0.51379310000000000        0.0000000000000000        0.0000000000000000        42.843405690294873        685.49449104471796        16.000000000000000        0.0000000000000000     
   1           2         343   1.0472239974627334E-005   2.7030321813561369E-007   2.1253009873453446E-005   2.3308787335083947       0.51657577460023518       0.51379310000000000        0.0000000000000000        1.0000000000000000        45.932652280768757        734.92243649230011        16.000000000000000        0.0000000000000000     
   1           2         344   1.0412452701147539E-005   1.3930849300488043E-007   2.1268470189687153E-005   2.3610314637012708       0.52033284116887280       0.51379310000000000        0.0000000000000000        0.0000000000000000        44.859656369865426        717.75450191784682        16.000000000000000        0.0000000000000000     
   1           2         345   1.1148162442928579E-005   1.4225763202901060E-006   2.1425554728532649E-005   2.2055989486926060       0.52365316077833968       0.51379310000000000        0.0000000000000000        0.0000000000000000        49.387337164420920        790.19739463073472        16.000000000000000        0.0000000000000000     
   1           2         346   1.0661265448080749E-005   5.4833675520570474E-007   2.1347977181688957E-005   2.2917760468452792       0.52214842693615593       0.51379310000000000        0.0000000000000000        0.0000000000000000        43.638179571639064        698.21087314622503        16.000000000000000        0.0000000000000000     
   1           2         347   1.0648288975025328E-005   4.7142957314481581E-007   2.1402558690976311E-005   2.2572864382585083       0.51656452033879807       0.51379310000000000        0.0000000000000000        0.0000000000000000        45.042858681932856        720.68573891092569        16.000000000000000        0.0000000000000000     
   1           2         348   1.1141755679243577E-005   1.5024338956127632E-006   2.1327989196516268E-005   2.2780037602007215       0.51825281996240224       0.51379310000000000        0.0000000000000000        0.0000000000000000        44.788265544497342        716.61224871195748        16.000000000000000        0.0000000000000000     
   1           2         349   1.1605216507061294E-005   2.1895737098090045E-006   2.1555080034898945E-005   2.0839384119780466       0.52721872207920173       0.51379310000000000        0.0000000000000000        0.0000000000000000        47.769475926077902        764.31161481724644        16.000000000000000        0.0000000000000000     
   1           2         350   1.0916657593504240E-005   1.0214922088293549E-006   2.1373250657084532E-005   2.2783297783897858       0.52046119042907701       0.51379310000000000        0.0000000000000000        0.0000000000000000        48.567705738906419        777.08329182250270        16.000000000000000        0.0000000000000000     
   1           2         351   1.1467847088304256E-005   2.0696010242963425E-006   2.1399326834456231E-005   2.2102422784682387       0.51944096813556861       0.51379310000000000        0.0000000000000000        0.0000000000000000        43.244692633392333        691.91508213427733        16.000000000000000        0.0000000000000000     
   1           2         352   1.1331146344654816E-005   1.7606346368232146E-006   2.1444665669356700E-005   2.1858066761745092       0.52314542742443371       0.51379310000000000        0.0000000000000000        0.0000000000000000        48.339439302193831        773.43102883510130        16.000000000000000        0.0000000000000000     
   1           2         353   1.1268272306800629E-005   1.6447071033216586E-006   2.1437855253788158E-005   2.2047242655589234       0.52177543789420355       0.51379310000000000        0.0000000000000000        1.0000000000000000        47.885246103557108        766.16393765691373        16.000000000000000        0.0000000000000000     
   1           2         354   1.0476627092037454E-005   1.5457348909922212E-007   2.1384328975782729E-005   2.2333942840098016       0.52836871619839454       0.51379310000000000        0.0000000000000000        0.0000000000000000        47.563491491196032        761.01586385913652        16.000000000000000        0.0000000000000000     
   1           2         355   1.0814760990173103E-005   8.7419309075224663E-007   2.1319332597042203E-005   2.3005420422722636       0.52080522721240186       0.51379310000000000        0.0000000000000000        0.0000000000000000        51.586639980786238        825.38623969257981        16.000000000000000        0.0000000000000000     
   1           2         356   1.1272030906204306E-005   1.6458209504104071E-006   2.1444408662336864E-005   2.2042058592887730       0.52188012799076822       0.51379310000000000        0.0000000000000000        1.0000000000000000        41.618245261531904        665.89192418451046        16.000000000000000        0.0000000000000000     
   1           2         357   1.1259501526135332E-005   1.6236314963390716E-006   2.1442087445434397E-005   2.2017287973875019       0.52238029578472778       0.51379310000000000        0.0000000000000000        1.0000000000000000        44.877720057992562        718.04352092788099        16.000000000000000        0.0000000000000000     
   1           2         358   1.1477981028782155E-005   2.0018926000788017E-006   2.1491719726562143E-005   2.1406791002486050       0.52483055448397065       0.51379310000000000        0.0000000000000000        0.0000000000000000        49.177680945892348        786.84289513427757        16.000000000000000        0.0000000000000000     
   1           2         359   1.1916456093207878E-005   2.8012966758332459E-006   2.1548787543146268E-005   2.0812480205041606       0.52506412972575711       0.51379310000000000        0.0000000000000000        0.0000000000000000        49.459869977549978        791.35791964079965        16.000000000000000        0.0000000000000000     
   1           2         360   1.0663656534350852E-005   5.5113761991173281E-007   2.1349935239688629E-005   2.3848269487668539       0.51590830391419151       0.51379310000000000        0.0000000000000000        0.0000000000000000        49.486113447882644        791.77781516612231        16.000000000000000        0.0000000000000000     
   1           2         361   9.7900444772550608E-006  -9.3985882898416857E-007   2.1128736467049879E-005   2.4870428355357150       0.51815792501887215       0.51379310000000000        0.0000000000000000        0.0000000000000000        43.515456399731157        696.24730239569851        16.000000000000000        0.0000000000000000     
   1           2         362   1.1531520746127716E-005   2.0744863028635021E-006   2.1525124381558545E-005   2.2140220751986384       0.51866026016464384       0.51379310000000000        0.0000000000000000        0.0000000000000000        43.531109561443714        696.49775298309942        16.000000000000000        0.0000000000000000     
   1           2         363   1.0915610095681347E-005   1.0013597302015768E-006   2.1392370975578203E-005   2.2841544822964472       0.51933596219745271       0.51379310000000000        0.0000000000000000        0.0000000000000000        46.862717611108344        749.80348177773351        16.000000000000000        0.0000000000000000     
   1           2         364   1.2246307760593202E-005   3.2770679591469592E-006   2.1724440469587061E-005   2.0891637161396845       0.51847222077690480       0.51379310000000000        0.0000000000000000        0.0000000000000000        49.879844734978633        798.07751575965813        16.000000000000000        0.0000000000000000     
   1           2         365   1.1290603130197607E-005   1.6510168433642256E-006   2.1477116157943633E-005   2.2109771582572835       0.51990433820497328       0.51379310000000000        1.0000000000000000        0.0000000000000000        50.229282508392330        803.66852013427729        16.000000000000000        0.0000000000000000     
   1           2         366   1.0684742230732953E-005   6.7769544931900891E-007   2.1259564570086052E-005   2.3405991642777666       0.51738168634980708       0.51379310000000000        0.0000000000000000        0.0000000000000000        41.666541037794332        666.66465660470931        16.000000000000000        0.0000000000000000     
   1           2         367   1.1275808177787115E-005   1.6567449628215752E-006   2.1440633704353896E-005   2.2015272719211501       0.52183592868853790       0.51379310000000000        0.0000000000000000        1.0000000000000000        46.745002901080305        747.92004641728488        16.000000000000000        0.0000000000000000     
   1           2         368   1.1292988106900758E-005   1.6875792196090100E-006   2.1443384592366767E-005   2.1980811457155260       0.52217305239639134       0.51379310000000000        0.0000000000000000        0.0000000000000000        45.882310788509628        734.11697261615404        16.000000000000000        0.0000000000000000     
   1           2         369   1.1577626842562387E-005   2.1979614542307416E-006   2.1489471690576294E-005   2.1445791016119999       0.52272140164881575       0.51379310000000000        0.0000000000000000        0.0000000000000000        50.240399054913929        803.84638487862287        16.000000000000000        0.0000000000000000     
   1           2         370   1.2212627865879870E-005   3.2912791953890737E-006   2.1640152217328446E-005   2.0819694389484922       0.52172819441065776       0.51379310000000000        0.0000000000000000        0.0000000000000000        49.692845528878472        795.08552846205555        16.000000000000000        0.0000000000000000     
   1           2         371   1.0925888651441793E-005   1.0487929978212149E-006   2.1363386751263605E-005   2.2662130799809046       0.52191437566335364       0.51379310000000000        0.0000000000000000        0.0000000000000000        42.381842850458831        678.10948560734130        16.000000000000000        0.0000000000000000     
   1           2         372   1.1713457702037776E-005   2.4320570289834518E-006   2.1521462533212837E-005   2.1253230536089500       0.52345299424035951       0.51379310000000000        0.0000000000000000        1.0000000000000000        44.310081508392337        708.96130413427738        16.000000000000000        0.0000000000000000     
   1           2         373   1.1589802713074984E-005   2.1187533375753043E-006   2.1598216453997394E-005   2.2309124396310192       0.51497296279567650       0.51379310000000000        0.0000000000000000        0.0000000000000000        49.138406449043131        786.21450318469010        16.000000000000000        0.0000000000000000     
   1           2         374   1.1577522297959886E-005   2.1092209787367219E-006   2.1583032064558975E-005   2.2265971559036695       0.51580594804959856       0.51379310000000000        0.0000000000000000        0.0000000000000000        47.895316391187663        766.32506225900261        16.000000000000000        0.0000000000000000     
   1           2         375   1.0610905864820435E-005   3.7817764181651899E-007   2.1424214263270856E-005   2.4576563576374184       0.50693039463602796       0.51379310000000000        0.0000000000000000        0.0000000000000000        52.907588763067920        846.52142020908673        16.000000000000000        0.0000000000000000     
   1           2         376   1.1556553055120608E-005   1.9830554831587023E-006   2.1673227654639576E-005   2.3025615188005975       0.50632589670484551       0.51379310000000000        0.0000000000000000        0.0000000000000000        40.490977619088881        647.85564190542209        16.000000000000000        0.0000000000000000     
   1           2         377   1.0571666040981397E-005   2.0781885558201035E-008   2.1721181767631414E-005   2.6372808720456185       0.48615951149056097       0.51379310000000000        0.0000000000000000        0.0000000000000000        44.995637383838037        719.93019814140860        16.000000000000000        0.0000000000000000     
   1           2         378   1.0658422339262350E-005   6.3786588055866573E-007   2.1247520862221123E-005   2.3484265913896918       0.51723616906513148       0.51379310000000000        0.0000000000000000        0.0000000000000000        46.208227806558249        739.33164490493198        16.000000000000000        0.0000000000000000     
   1           2         379   1.0157358480665072E-005  -3.1435828380985369E-007   2.1223215050659375E-005   2.4001804801220872       0.51843463168551596       0.51379310000000000        0.0000000000000000        0.0000000000000000        49.514881820892342        792.23810913427747        16.000000000000000        0.0000000000000000     
   1           2         380   1.1440204522050778E-005   1.8093711704337080E-006   2.1617467994269731E-005   2.2685902520449028       0.51113218433814933       0.51379310000000000        0.0000000000000000        0.0000000000000000        50.452144667267348        807.23431467627756        16.000000000000000        0.0000000000000000     
   1           2         381   1.1076012731810278E-005   1.2817657101215150E-006   2.1425961569309856E-005   2.2102364696417993       0.52374310010756719       0.51379310000000000        0.0000000000000000        0.0000000000000000        44.432005875773058        710.91209401236893        16.000000000000000        0.0000000000000000     
   1           2         382   1.1334762600569531E-005   1.8032348847321550E-006   2.1407086076143463E-005   2.1866093651230138       0.52084498772446275       0.51379310000000000        0.0000000000000000        0.0000000000000000        42.463187278287016        679.41099645259226        16.000000000000000        0.0000000000000000     
   1           2         383   1.0998807322031309E-005   1.1691138244389563E-006   2.1386213782486256E-005   2.2369140669130991       0.52152513433993963       0.51379310000000000        0.0000000000000000        0.0000000000000000        47.620938431292274        761.93501490067638        16.000000000000000        0.0000000000000000     
   1           2         384   1.3687257449031092E-005   4.2456007490547494E-006   2.3664610845325059E-005   2.4664250809379262       0.43184033058983345       0.51379310000000000        0.0000000000000000        0.0000000000000000        47.355628359112686        757.69005374580297        16.000000000000000        0.0000000000000000     
   1           2         385   3.1639063598550867E-006   3.1639063598550867E-006   2.1381582723289172E-005   1.9392096698256260       0.51688410393814510        1.0000000000000000        1.0000000000000000        0.0000000000000000        42.391263152230835        678.26021043569335        16.000000000000000        0.0000000000000000     
   1           2         386   1.1090871049921254E-005   1.3089228723487661E-006   2.1427823236725673E-005   2.1953722888006202       0.52129748787744234       0.51379310000000000        0.0000000000000000        1.0000000000000000        43.600289463615418        697.60463141784669        16.000000000000000        0.0000000000000000     
   1           2         387   1.3123763622911141E-005   3.6552390491378540E-006   2.3129509310981734E-005   2.4133984730858220       0.45261182612546763       0.51379310000000000        0.0000000000000000        0.0000000000000000        44.502551307024099        712.04082091238558        16.000000000000000        0.0000000000000000     
   1           2         388   1.1284936909557893E-005   1.4108153937763245E-006   2.1719292126174599E-005   2.4082215060768606       0.49826306096359513       0.51379310000000000        0.0000000000000000        0.0000000000000000        44.318352042683799        709.09363268294078        16.000000000000000        0.0000000000000000     
   1           2         389   1.1291225496636433E-005   1.6838671661336813E-006   2.1443682031992218E-005   2.1979399800106321       0.52228569362058730       0.51379310000000000        1.0000000000000000        0.0000000000000000        47.659969941168868        762.55951905870188        16.000000000000000        0.0000000000000000     
   1           2         390   9.8381996118272163E-006  -8.9068966255828374E-007   2.1175820036060713E-005   2.4814919910495341       0.51648340530042758       0.51379310000000000        0.0000000000000000        0.0000000000000000        51.071358439409032        817.14173503054451        16.000000000000000        0.0000000000000000     
   1           2         391   1.0707960688109802E-005   6.7381190987058948E-007   2.1311422725840433E-005   2.3119714301175729       0.51904660110221068       0.51379310000000000        0.0000000000000000        0.0000000000000000        43.002239762163512        688.03583619461619        16.000000000000000        0.0000000000000000     
   1           2         392   1.1295406255007365E-005   1.9383237133364301E-006   2.1183386960425081E-005   2.0843250201068355       0.50808750015608339       0.51379310000000000        0.0000000000000000        1.0000000000000000        40.717182979646012        651.47492767433619        16.000000000000000        0.0000000000000000     
   1           2         393   1.1288767486220219E-005   1.6790328293042518E-006   2.1443735174985293E-005   2.1969010597498819       0.52253579591749089       0.51379310000000000        0.0000000000000000        0.0000000000000000        46.507249303169267        744.11598885070828        16.000000000000000        0.0000000000000000     
   1           2         394   1.1025084967344064E-005   1.2043918217296638E-006   2.1402980417684710E-005   2.2315698643854431       0.52099666833724834       0.51379310000000000        0.0000000000000000        0.0000000000000000        47.950611073115049        767.20977716984078        16.000000000000000        0.0000000000000000     
   1           2         395   1.1258363711259223E-005   1.8385030902948982E-006   2.1212684371894709E-005   2.1207118948301478       0.50231703939948957       0.51379310000000000        1.0000000000000000        0.0000000000000000        46.581707408530605        745.30731853648967        16.000000000000000        0.0000000000000000     
   1           2         396   1.3211362292444628E-005   3.7467827152774735E-006   2.3212939154371845E-005   2.4170532319982629       0.44957659570567460       0.51379310000000000        0.0000000000000000        0.0000000000000000        43.421301583771097        694.74082534033755        16.000000000000000        0.0000000000000000     
   1           2         397   1.0828302774540661E-005   8.6546587950775984E-007   2.1356406865809781E-005   2.2776961903033119       0.52180327789016467       0.51379310000000000        0.0000000000000000        0.0000000000000000        46.007187882338883        736.11500611742213        16.000000000000000        0.0000000000000000     
   1           2         398   1.0840225023317579E-005   8.9243100915348095E-007   2.1352432737150202E-005   2.2844281589902078       0.52061621886512555       0.51379310000000000        0.0000000000000000        1.0000000000000000        48.286968995367303        772.59150392587685        16.000000000000000        0.0000000000000000     
   1           2         399   1.1892011959316127E-005   2.7317708067340697E-006   2.1571982972752163E-005   2.1529660261616574       0.51999151079915262       0.51379310000000000        0.0000000000000000        0.0000000000000000        46.783794483670476        748.54071173872762        16.000000000000000        0.0000000000000000     
   1           2         400   1.2519335880511709E-005   3.0212972178101829E-006   2.2556270215317294E-005   2.3593230509069323       0.47463784892740657       0.51379310000000000        0.0000000000000000        0.0000000000000000        49.809490883392336        796.95185413427737        16.000000000000000        0.0000000000000000     
   1           2         401   1.1024121224883413E-005   1.2092545501730534E-006   2.1395859624495292E-005   2.2326404837198366       0.52139136920878582       0.51379310000000000        0.0000000000000000        0.0000000000000000        40.424783602620693        646.79653764193108        16.000000000000000        0.0000000000000000     
   1           2         402   1.1136640718094155E-005   1.4044157261492351E-006   2.1421048546343527E-005   2.2968059142386315       0.51782787840664057       0.51379310000000000        0.0000000000000000        0.0000000000000000        45.363402292792202        725.81443668467523        16.000000000000000        0.0000000000000000     
   1           2         403   1.1349319411649500E-005   1.7630078853287998E-006   2.1479534998211967E-005   2.1660944873605636       0.52163015607190788       0.51379310000000000        0.0000000000000000        0.0000000000000000        49.419209258186740        790.70734813098784        16.000000000000000        0.0000000000000000     
   1           2         404   1.1255036541384036E-005   1.6406298684627137E-006   2.1414941325007808E-005   2.2087638123970366       0.52280725533613948       0.51379310000000000        0.0000000000000000        1.0000000000000000        50.856861106429093        813.70977770286549        16.000000000000000        0.0000000000000000     
   1           2         405   1.1508454186808930E-005   2.0779891917225552E-006   2.1473980888028305E-005   2.1590456091223267       0.52141270524410754       0.51379310000000000        0.0000000000000000        0.0000000000000000        49.516176054985742        792.25881687977187        16.000000000000000        0.0000000000000000     
   1           2         406   1.0171151284493445E-005  -3.1655728456111959E-007   2.1253906995264519E-005   2.3833983901084337       0.52089455981801880       0.51379310000000000        0.0000000000000000        0.0000000000000000        42.289859559968747        676.63775295949995        16.000000000000000        0.0000000000000000     
   1           2         407   1.1268019719677427E-005   1.6403523649090698E-006   2.1441937564066741E-005   2.2034559351728205       0.52208962996329755       0.51379310000000000        0.0000000000000000        0.0000000000000000        42.928527977142330        686.85644763427729        16.000000000000000        0.0000000000000000     
   1           2         408   1.1275327602519932E-005   1.6539479833858968E-006   2.1442600960408243E-005   2.2046593925344871       0.52167667782791916       0.51379310000000000        0.0000000000000000        1.0000000000000000        47.250133919279975        756.00214270847960        16.000000000000000        0.0000000000000000     
   1           2         409   1.0297464023850524E-005   7.7658813492899158E-010   2.1178360525581715E-005   2.4219141858541402       0.51922915045946472       0.51379310000000000        0.0000000000000000        0.0000000000000000        53.341728329494650        853.46765327191440        16.000000000000000        0.0000000000000000     
   1           2         410   1.1240724371964015E-005   1.5699056808038900E-006   2.1460241854889575E-005   2.2105042204135739       0.52034608168751817       0.51379310000000000        0.0000000000000000        0.0000000000000000        52.743146990435314        843.89035184696502        16.000000000000000        0.0000000000000000     
   1           2         411   1.1943418347458774E-005   2.7369542667850065E-006   2.1672234865792808E-005   2.1522980404388035       0.51685081417912393       0.51379310000000000        0.0000000000000000        0.0000000000000000        41.980349045764648        671.68558473223436        16.000000000000000        0.0000000000000000     
   2           1           1   1.0995605842946998E-005   5.1841220206588789E-006   1.7136819159033059E-005   1.9798311268567976       0.49384635930775178       0.51379310000000000        0.0000000000000000        0.0000000000000000        43.883902890251605        746.02634913427732        17.000000000000000        0.0000000000000000     
   2           1           2   1.1150840414918696E-005   5.1938825214856920E-006   1.7445781648036620E-005   1.9136869303538750       0.46090464605300485       0.51379310000000000        0.0000000000000000        0.0000000000000000        42.941297364806879        730.00205520171698        17.000000000000000        0.0000000000000000     
   2           1           3   1.0020774230489597E-005   4.0298772477271341E-006   1.6351580174531511E-005   2.2133370130046277       0.50004375105392884       0.51379310000000000        0.0000000000000000        0.0000000000000000        47.772430459879118        812.13131781794505        17.000000000000000        0.0000000000000000     
   2           1           4   6.9339832281370412E-006  -5.2104463912947661E-006   1.9767458322586388E-005   2.0689261423885337       0.56903891767203918       0.51379310000000000        0.0000000000000000        0.0000000000000000        51.748974732531217        879.73257045303069        17.000000000000000        0.0000000000000000     
   2           1           5   1.2476132374921961E-005   5.7216627345424182E-006   1.9613834236797217E-005   2.0077923158299829       0.55141411228822090       0.51379310000000000        0.0000000000000000        0.0000000000000000        52.475607012480815        892.08531921217389        17.000000000000000        0.0000000000000000     
   2           1           6   1.0583785712294917E-005   5.3836654843597641E-006   1.6078948146813145E-005   1.9363934731485546       0.42871080858939897       0.51379310000000000        0.0000000000000000        0.0000000000000000        42.327725410975276        719.57133198657971        17.000000000000000        0.0000000000000000     
   2           1           7  -1.0635627650887451E-005  -3.6225670440453032E-005   1.6406332086794490E-005   2.3489127994972856       0.57616932102245921       0.51379310000000000        0.0000000000000000        0.0000000000000000        45.324361878822280        770.51415193997877        17.000000000000000        5.8823529411764705E-002
   2           1           8   1.0764149708752979E-005   3.3142949800022306E-007   2.1788797155169974E-005   2.5210891677660587       0.29282379130535763       0.51379310000000000        0.0000000000000000        1.0000000000000000        49.871761176470592        847.81994000000009        17.000000000000000       0.17647058823529413     
   2           1           9   1.0053923165063882E-005   3.9429696335685730E-006   1.6511597375164511E-005   1.8626829368979030       0.60328806187377526       0.51379310000000000        0.0000000000000000        0.0000000000000000        49.389637293614889        839.62383399145313        17.000000000000000        0.0000000000000000     
   2           1          10   1.3101933017142350E-005   7.1113395007237928E-006   1.9432418276895941E-005   1.9509656972195915       0.57027470726447826       0.51379310000000000        0.0000000000000000        0.0000000000000000        52.516801875772813        892.78563188813780        17.000000000000000        0.0000000000000000     
   2           1          11   1.2587784700892921E-005   6.3166559965039796E-006   1.9214722034622029E-005   1.9273112817552562       0.53645489192736995       0.51379310000000000        0.0000000000000000        0.0000000000000000        43.208452583044426        734.54369391175521        17.000000000000000        0.0000000000000000     
   2           1          12   5.8007727257654100E-006  -4.2633201406670081E-006   1.6435877806611332E-005   2.5608325375102843       0.45235293361747003       0.51379310000000000        1.0000000000000000        0.0000000000000000        44.174017838244168        750.95830325015083        17.000000000000000        5.8823529411764705E-002
   2           1          13   1.1553382973921862E-005   4.9088169207478825E-006   1.8574945585671814E-005   2.0069874784205268       0.47266841978021262       0.51379310000000000        0.0000000000000000        0.0000000000000000        49.618806129087034        843.51970419447957        17.000000000000000        0.0000000000000000     
   2           1          14   1.2305181916923470E-005   7.3645451877872935E-006   1.7526138388411046E-005   2.0443688194441760       0.44153782186892909       0.51379310000000000        0.0000000000000000        0.0000000000000000        48.490962772282650        824.34636712880501        17.000000000000000        0.0000000000000000     
   2           1          15   1.2618944499369656E-005   6.1652676948711607E-006   1.9438787269559649E-005   1.9152017551787219       0.57578640863134023       0.51379310000000000        0.0000000000000000        0.0000000000000000        53.247338007898662        905.20474613427723        17.000000000000000        0.0000000000000000     
   2           1          16   1.2179602267233940E-005   6.0024764902194016E-006   1.8707203175534376E-005   1.9846378213606557       0.47964417254482261       0.51379310000000000        0.0000000000000000        0.0000000000000000        42.489037895903209        722.31364423035450        17.000000000000000        0.0000000000000000     
   2           1          17   9.7198633860598080E-006   3.5884836306158016E-006   1.6199122754502976E-005   2.0150061979460139       0.48472306237456769       0.51379310000000000        0.0000000000000000        0.0000000000000000        44.887901917360878        763.09433259513492        17.000000000000000        0.0000000000000000     
   2           1          18   9.9369878138909970E-006   3.9948602785861491E-006   1.6216257250337946E-005   1.9489238225192971       0.49009587856511144       0.51379310000000000        0.0000000000000000        0.0000000000000000        46.142960637054131        784.43033082992019        17.000000000000000        0.0000000000000000     
   2           1          19  -5.8512235872601714E-006  -2.8507092583114623E-005   1.8090084453769293E-005   2.2698343442967803       0.54314345283734833       0.51379310000000000        0.0000000000000000        0.0000000000000000        50.449769453451218        857.64608070867075        17.000000000000000        5.8823529411764705E-002
   2           1          20   9.7357122473489724E-006   4.4023440457812064E-006   1.5371682822272349E-005   1.8634901472636900       0.54770515662881114       0.51379310000000000        0.0000000000000000        0.0000000000000000        50.479160247253191        858.14572420330421        17.000000000000000        0.0000000000000000     
   2           1          21   1.2705183828143110E-005   6.3324171399362282E-006   1.9439525838324748E-005   2.0054088504137764       0.52068477174530570       0.51379310000000000        0.0000000000000000        0.0000000000000000        43.836728670984265        745.22438740673249        17.000000000000000        0.0000000000000000     
   2           1          22   1.1307202128128510E-005   5.2244951166982052E-006   1.7735027179139624E-005   1.9705207393807216       0.53927300795449051       0.51379310000000000        0.0000000000000000        0.0000000000000000        43.333355154957488        736.66703763427734        17.000000000000000        0.0000000000000000     
   2           1          23   7.5739873987258649E-006  -9.6453002490337504E-008   1.5679629980322679E-005   3.2610029744143292       0.45000220843332600       0.51379310000000000        0.0000000000000000        0.0000000000000000        47.888027061147270        814.09646003950354        17.000000000000000        5.8823529411764705E-002
   2           1          24   1.0814714058414626E-005   4.5100397411518290E-006   1.7477100301713467E-005   2.0730836863304885       0.52672177250983265       0.51379310000000000        0.0000000000000000        0.0000000000000000        48.817788415494995        829.90240306341491        17.000000000000000        0.0000000000000000     
   2           1          25   1.4062961506206058E-005   8.0841552102085357E-006   2.0380990767247583E-005   1.9537629090831221       0.48263565426636357       0.51379310000000000        0.0000000000000000        0.0000000000000000        52.012259024260807        832.19614438817291        16.000000000000000        0.0000000000000000     
   2           1          26   1.1326465758260249E-005   5.7226336554515836E-006   1.7248245700053786E-005   1.9559825486923219       0.42234987980938088       0.51379310000000000        0.0000000000000000        0.0000000000000000        42.913194280776004        686.61110849241607        16.000000000000000        0.0000000000000000     
   2           1          27   1.2123620376324699E-005   6.2875976857158950E-006   1.8290764836591263E-005   1.9907144982167542       0.50844379789290550       0.51379310000000000        0.0000000000000000        0.0000000000000000        46.399906400918972        742.39850241470356        16.000000000000000        0.0000000000000000     
   2           1          28   1.3044076226484093E-005   6.7759799231013273E-006   1.9667809108131050E-005   1.9831861347336044       0.52057827588473071       0.51379310000000000        0.0000000000000000        0.0000000000000000        44.222868203358040        707.56589125372864        16.000000000000000        0.0000000000000000     
   2           1          29   1.2891956503677342E-005   6.6650146530094489E-006   1.9472199928800609E-005   2.0928651247909515       0.50164154230729074       0.51379310000000000        0.0000000000000000        0.0000000000000000        49.643518633392347        794.29629813427755        16.000000000000000        0.0000000000000000     
   2           1          30   3.2885915312513054E-006  -5.8960862147118231E-006   1.2473269277214332E-005   2.6697230425889957       0.68318753632229756       0.50000000000000000        0.0000000000000000        1.0000000000000000        51.131026233642338        818.09641973827740        16.000000000000000       0.12500000000000000     
   2           1          31  -1.0189391411221338E-005  -3.2960499416883705E-005   1.2581716594441060E-005   11.518554358908689       0.51855435890869805       0.50000000000000000        0.0000000000000000        1.0000000000000000        51.997681870968748        831.96290993549997        16.000000000000000        3.3750000000000000     
   2           1          32   1.0549840762750631E-005   2.5380482154357151E-007   2.1430048805755444E-005   2.0331808897918142       0.49773910450675185       0.51379310000000000        0.0000000000000000        0.0000000000000000        44.310814403203381        708.97303045125409        16.000000000000000        0.0000000000000000     
   2           1          33   9.0137014108228201E-006  -1.6142919941765209E-006   2.0244701378808119E-005   2.0203921212656080       0.53292466479623912       0.51379310000000000        0.0000000000000000        0.0000000000000000        45.499596312922591        727.99354100676146        16.000000000000000        0.0000000000000000     
   2           1          34   1.1142045337184522E-005   4.8086035468737034E-006   1.7834831250163543E-005   2.0590090577619002       0.55449185281832425       0.51379310000000000        0.0000000000000000        0.0000000000000000        44.288250366735774        708.61200586777238        16.000000000000000        0.0000000000000000     
   2           1          35   2.1997577548933864E-006  -1.3034819841032965E-005   1.8298708325527731E-005   4.7224106150382950       0.61763071897282762       0.51379310000000000        0.0000000000000000        0.0000000000000000        48.959641622735525        783.35426596376840        16.000000000000000        6.2500000000000000E-002
   2           1          36   9.1095444348161254E-006   3.7500171403827839E-006   1.4773158306074650E-005   1.9321930828366025       0.48555836589990925       0.51379310000000000        0.0000000000000000        0.0000000000000000        41.388270026115414        662.21232041784663        16.000000000000000        0.0000000000000000     
   2           1          37   1.1631906988686884E-005   5.7839770705579330E-006   1.7811634263675926E-005   1.9145602845004037       0.55894778625577501       0.51379310000000000        0.0000000000000000        0.0000000000000000        43.952758005855031        703.24412809368050        16.000000000000000        0.0000000000000000     
   2           1          38   1.3974763501750533E-005   7.7599310988808473E-006   2.0542210418384920E-005   2.1016394736410793       0.52577773289417029       0.51379310000000000        0.0000000000000000        0.0000000000000000        47.594357565383241        761.50972104613186        16.000000000000000        0.0000000000000000     
   2           1          39   1.3163286863706748E-005   7.2186287980614246E-006   1.9445230406646742E-005   2.0519911690354502       0.44708920844173461       0.51379310000000000        0.0000000000000000        0.0000000000000000        47.113643728352606        753.81829965364170        16.000000000000000        0.0000000000000000     
   2           1          40   1.3104567272588550E-005   7.2266890015868710E-006   1.9315942097340634E-005   2.0536788759848146       0.53757032460101317       0.51379310000000000        0.0000000000000000        0.0000000000000000        48.648627272937325        778.37803636699721        16.000000000000000        0.0000000000000000     
   2           1          41   1.1926958877949861E-005   6.2524642424476691E-006   1.7923410573118497E-005   1.9017309110748863       0.55626576050969112       0.51379310000000000        0.0000000000000000        0.0000000000000000        41.714034885353264        667.42455816565223        16.000000000000000        0.0000000000000000     
   2           1          42   1.3945461691862212E-005   7.7637143978438518E-006   2.0477946330830630E-005   2.0465985122769528       0.41228391455822877       0.51379310000000000        0.0000000000000000        0.0000000000000000        43.947188883248053        703.15502213196885        16.000000000000000        0.0000000000000000     
   2           1          43   1.5451365514759500E-005   9.2160968644589752E-006   2.2040408181926531E-005   1.9424598288864630       0.58364857950492699       0.51379310000000000        0.0000000000000000        0.0000000000000000        46.412829695892341        742.60527513427746        16.000000000000000        0.0000000000000000     
   2           1          44   2.5792185885534923E-006  -1.3302067385406676E-005   1.9361570201719635E-005   4.8221556451353500       0.50627622712326181       0.51379310000000000        0.0000000000000000        0.0000000000000000        48.052650799648305        768.84241279437288        16.000000000000000        6.2500000000000000E-002
   2           1          45   1.2314879115707476E-005   6.3143276307202528E-006   1.8655887335009306E-005   1.9755061869207466       0.56803968181645315       0.51379310000000000        0.0000000000000000        0.0000000000000000        46.672434840436168        746.75895744697868        16.000000000000000        0.0000000000000000     
   2           1          46   1.0498820781279950E-005   3.1110372222298518E-006   1.8305769257192276E-005   2.1495062363170780       0.57781610464673339       0.51379310000000000        0.0000000000000000        0.0000000000000000        40.354242161729104        645.66787458766566        16.000000000000000        0.0000000000000000     
   2           1          47  -1.2447164393512784E-005  -3.7390563881134398E-005   1.2496235094108833E-005   14.000000000028324       0.34157375211236729       0.50000000000000000        0.0000000000000000        1.0000000000000000        48.809835912946177        780.95737460713883        16.000000000000000        5.1250000000000000     
   2           1          48   4.8822016387381797E-006  -7.9813311420160418E-006   1.8475580063386777E-005   3.7183998260951308       0.42678671197830764       0.51379310000000000        0.0000000000000000        0.0000000000000000        45.275486767274124        724.40778827638599        16.000000000000000        6.2500000000000000E-002
   2           1          49  -2.1668419380264843E-005  -6.3066058672619791E-005   1.9729219912090112E-005   21.482180374647747       0.48218037464775382       0.50000000000000000        0.0000000000000000        1.0000000000000000        56.089293241294250        897.42869186070800        16.000000000000000        3.5000000000000000     
   2           1          50  -5.8397378301776317E-006  -2.7499575732554203E-005   1.5820100072199782E-005   3.5176169974083247       0.45801304691434763       0.50000000000000000        0.0000000000000000        1.0000000000000000        58.719506695892335        939.51210713427736        16.000000000000000       0.31250000000000000     
   2           1          51   1.3612720793294156E-005   8.4877181966759031E-006   1.9028503604325137E-005   1.8857091652829256       0.44698665762800027       0.51379310000000000        0.0000000000000000        0.0000000000000000        40.873868189593018        653.98189103348830        16.000000000000000        0.0000000000000000     
   2           1          52   1.2048749263132767E-005   5.8909879591728244E-006   1.8555887005154671E-005   2.0034575330816313       0.57210491915135364       0.51379310000000000        0.0000000000000000        0.0000000000000000        43.997929177294040        703.96686683670464        16.000000000000000        0.0000000000000000     
   2           1          53   1.2686348509834469E-005   7.2252526213161145E-006   1.8457293730807851E-005   2.0150998680803300       0.55563462897027527       0.51379310000000000        0.0000000000000000        0.0000000000000000        43.151021535090202        690.41634456144322        16.000000000000000        0.0000000000000000     
   2           1          54   1.0609448810943504E-005   4.5198631332897536E-006   1.7044542807012498E-005   2.1000536434533754       0.52714398113954752       0.51379310000000000        0.0000000000000000        0.0000000000000000        48.737199550417067        779.79519280667307        16.000000000000000        0.0000000000000000     
   2           1          55   1.0547455644984207E-005   4.5675202177212222E-006   1.6866678101459604E-005   1.9754929090918381       0.53293582241752635       0.51379310000000000        0.0000000000000000        0.0000000000000000        53.138445484761874        850.21512775618999        16.000000000000000        0.0000000000000000     
   2           1          56   1.2978351141635627E-005   7.2669936524282966E-006   1.9013757199402882E-005   2.0332901085063488       0.52673839771786091       0.51379310000000000        0.0000000000000000        0.0000000000000000        42.425461180526348        678.80737888842157        16.000000000000000        0.0000000000000000     
   2           1          57   1.4183980944490394E-005   9.4380069813070629E-006   1.9199229956924800E-005   1.9895379847779360       0.38920858667386166       0.51379310000000000        0.0000000000000000        0.0000000000000000        42.869240303169249        685.90784485070799        16.000000000000000        0.0000000000000000     
   2           1          58   1.0120355626226175E-005   2.8160254299190172E-006   1.7839115798046621E-005   2.2830631121793794       0.46684567862504511       0.51379310000000000        0.0000000000000000        0.0000000000000000        45.838239445346218        733.41183112553949        16.000000000000000        0.0000000000000000     
   2           1          59   1.2952590472484619E-005   7.2929808415534282E-006   1.8933312624033394E-005   1.9713317333782645       0.51103146289149315       0.51379310000000000        0.0000000000000000        0.0000000000000000        46.689569207917671        747.03310732668274        16.000000000000000        0.0000000000000000     
   2           1          60   1.5951069810374570E-005   1.0291259151470952E-005   2.1932004395735884E-005   2.0119188849376037       0.54579184116606472       0.51379310000000000        0.0000000000000000        0.0000000000000000        50.772957210008258        812.36731536013212        16.000000000000000        0.0000000000000000     
   2           1          61  -1.3402312654314014E-005  -3.2215743758386966E-005   5.4111184497589619E-006   10.533187731893221       0.36231310695045726       0.50000000000000000        0.0000000000000000        1.0000000000000000        48.727964866406253        779.64743786250006        16.000000000000000        5.0000000000000000     
   2           1          62   1.4595073137070129E-005   9.2659247814919784E-006   2.0226584442180353E-005   1.9314578836599066       0.49342075704809407       0.51379310000000000        0.0000000000000000        0.0000000000000000        45.433180326736164        726.93088522777862        16.000000000000000        0.0000000000000000     
   2           1          63   1.2417247054698127E-005   6.5477109335764294E-006   1.8619806416223107E-005   2.0814909385750151       0.40584449943922157       0.51379310000000000        0.0000000000000000        0.0000000000000000        45.639091842193906        730.22546947510250        16.000000000000000        0.0000000000000000     
   2           1          64   1.4241433200607205E-005   8.2148774604170560E-006   2.0609921093467549E-005   2.0898851336735178       0.47129780986752279       0.51379310000000000        0.0000000000000000        0.0000000000000000        49.569740383392343        793.11584613427749        16.000000000000000        0.0000000000000000     
   2           1          65   7.8524304639641417E-006  -2.9867667928570637E-006   1.9306617477956808E-005   2.0061597870091461       0.52060457551045347       0.51379310000000000        0.0000000000000000        0.0000000000000000        49.269573122545324        788.31316996072519        16.000000000000000        0.0000000000000000     
   2           1          66   1.2863422102884565E-005   6.6525853216389882E-006   1.9426646696016074E-005   1.9812734994206276       0.54730040001874847       0.51379310000000000        0.0000000000000000        1.0000000000000000        42.896770073441246        686.34832117505994        16.000000000000000        0.0000000000000000     
   2           1          67   9.7813749965941034E-006   3.5072898786691605E-006   1.6411436483591390E-005   2.0706728163356822       0.51421886101589820       0.51379310000000000        0.0000000000000000        0.0000000000000000        47.077717806094014        753.24348489750423        16.000000000000000        0.0000000000000000     
   2           1          68   1.3501953126303843E-005   8.5702855088121905E-006   1.8713431600510816E-005   1.9790959114657745       0.44513061069466786       0.51379310000000000        0.0000000000000000        0.0000000000000000        46.754249300667752        748.06798881068403        16.000000000000000        0.0000000000000000     
   2           1          69   1.1805005743631498E-005   5.4470276195042413E-006   1.8523720122484273E-005   2.0139991393610974       0.53839878986945555       0.51379310000000000        0.0000000000000000        0.0000000000000000        47.617747287633463        761.88395660213541        16.000000000000000        0.0000000000000000     
   2           1          70   1.5337195153181974E-005   9.2534310621525316E-006   2.1766137259924680E-005   2.0459143574385630       0.48375778137138081       0.51379310000000000        0.0000000000000000        0.0000000000000000        51.584962441721842        825.35939906754948        16.000000000000000        0.0000000000000000     
   2           1          71   8.9080009802277501E-006  -2.1963960303972153E-006   2.0642434538697691E-005   1.9974533655966420       0.53767524498340225       0.51379310000000000        0.0000000000000000        0.0000000000000000        41.619652070892329        665.91443313427726        16.000000000000000        0.0000000000000000     
   2           1          72  -3.8286654365923596E-006  -2.5924875278620776E-005   1.9521229747918157E-005   2.2628125691593755       0.53552681759462906       0.51379310000000000        0.0000000000000000        0.0000000000000000        44.880566504978589        718.08906407965742        16.000000000000000        6.2500000000000000E-002
   2           1          73   7.0025375203229957E-006   8.6545831887156991E-007   1.3487819707513184E-005   1.9150455127335211       0.56019552198205536       0.51379310000000000        0.0000000000000000        0.0000000000000000        46.522307926337135        744.35692682139415        16.000000000000000        0.0000000000000000     
   2           1          74   1.2484421756297295E-005   6.5603467638351076E-006   1.8744614392415563E-005   2.0100909222259653       0.48277624881455661       0.51379310000000000        0.0000000000000000        0.0000000000000000        47.812172312273638        764.99475699637821        16.000000000000000        0.0000000000000000     
   2           1          75   1.0432499897196393E-005   4.8028466565884734E-006   1.6381566005507726E-005   2.0106916380958504       0.50182633131480869       0.51379310000000000        0.0000000000000000        0.0000000000000000        49.326172472819160        789.21875956510655        16.000000000000000        0.0000000000000000     
   2           1          76   1.4301514067243874E-005   7.6896112288643079E-006   2.1288560232631431E-005   2.0427693581192221       0.45334212944656416       0.51379310000000000        0.0000000000000000        0.0000000000000000        44.662355489349537        714.59768782959259        16.000000000000000        0.0000000000000000     
   2           1          77   1.3694447267591668E-005   6.6260707377858907E-006   2.1163866334282060E-005   2.1676268589424663       0.58359171441625013       0.51379310000000000        0.0000000000000000        0.0000000000000000        43.945764880745365        703.13223809192584        16.000000000000000        0.0000000000000000     
   2           1          78   9.4590524944301831E-006   2.4757373971167994E-006   1.6838583949300773E-005   2.1303621631404424       0.57798482235990645       0.51379310000000000        0.0000000000000000        0.0000000000000000        48.191652195892345        771.06643513427753        16.000000000000000        0.0000000000000000     
   2           1          79   1.2184777801123048E-005   5.8053251168511150E-006   1.8926185154567566E-005   1.9989460561539880       0.51154045291510331       0.51379310000000000        0.0000000000000000        0.0000000000000000        47.762424224613369        764.19878759381390        16.000000000000000        0.0000000000000000     
   2           1          80   1.0786089222035416E-005   8.9974352956079285E-007   2.0672434914510690E-005   2.4707806017229021       0.52197510854927409       0.50000000000000000        0.0000000000000000        1.0000000000000000        50.977797840030341        815.64476544048546        16.000000000000000        6.2500000000000000E-002
   2           1          81   1.4112266380927233E-005   8.8177714815570697E-006   1.9707158076791060E-005   1.9684419530346122       0.63243485794510423       0.51379310000000000        0.0000000000000000        0.0000000000000000        43.503531563260488        696.05650501216780        16.000000000000000        0.0000000000000000     
   2           1          82   1.3384172906969534E-005   7.3893172967715578E-006   1.9719162081364730E-005   2.0404733562371540       0.50023300176426200       0.51379310000000000        0.0000000000000000        0.0000000000000000        45.900705023195549        734.41128037112878        16.000000000000000        0.0000000000000000     
   2           1          83   1.1873420216845915E-005   5.6611601026135809E-006   1.8438148899424951E-005   2.1092834645530840       0.54943536158056494       0.51379310000000000        0.0000000000000000        0.0000000000000000        45.551607978226244        728.82572765161990        16.000000000000000        0.0000000000000000     
   2           1          84   1.5054422688660752E-005   9.3017429212201493E-006   2.1133495550484222E-005   2.0577844458364454       0.58033615316031528       0.51379310000000000        0.0000000000000000        0.0000000000000000        48.997494915159464        783.95991864255143        16.000000000000000        0.0000000000000000     
   2           1          85   1.0225260577115300E-005   3.8678734729808423E-006   1.6582647681249461E-005   2.3562872660095304       0.48225469417290717       0.50000000000000000        0.0000000000000000        1.0000000000000000        47.063028722007751        753.00845955212401        16.000000000000000        6.2500000000000000E-002
   2           1          86   1.0969764608760122E-005   4.6216145391937125E-006   1.7678093313078716E-005   2.0069217092939664       0.51392341823507171       0.51379310000000000        0.0000000000000000        0.0000000000000000        42.384494314038243        678.15190902461188        16.000000000000000        0.0000000000000000     
   2           1          87   9.4745291312796018E-006   2.5232909141964285E-006   1.6820163741552816E-005   2.0930824411383195       0.52397898678036248       0.51379310000000000        0.0000000000000000        0.0000000000000000        44.189107817048360        707.02572507277375        16.000000000000000        0.0000000000000000     
   2           1          88   7.8944458222246413E-006  -3.2390661474043851E-006   1.9659646251842333E-005   2.7994038997591715       0.51920180954212158       0.51379310000000000        0.0000000000000000        1.0000000000000000        47.135759328240646        754.17214925185033        16.000000000000000        6.2500000000000000E-002
   2           1          89   1.0593559952914614E-005   5.2409305010555261E-006   1.6249884614744415E-005   1.9730764296551875       0.50203601355657812       0.51379310000000000        0.0000000000000000        0.0000000000000000        48.488482817250656        775.81572507601049        16.000000000000000        0.0000000000000000     
   2           1          90   9.0186330245517385E-006   2.3393551982259057E-006   1.6076876871254155E-005   2.2580284652586946       0.51398924869996243       0.51379310000000000        0.0000000000000000        0.0000000000000000        50.610192770790910        809.76308433265456        16.000000000000000        0.0000000000000000     
   2           1          91   1.2563951776477484E-005   6.4386142972504314E-006   1.9036826044609673E-005   2.0240640241388812       0.53324019486228313       0.51379310000000000        0.0000000000000000        0.0000000000000000        39.638879489847596        634.22207183756154        16.000000000000000        0.0000000000000000     
   2           1          92   9.1849558601348457E-006   2.2164158653273362E-006   1.6548873909027159E-005   2.0797627537239314       0.58931105112454496       0.51379310000000000        0.0000000000000000        0.0000000000000000        44.773425557365414        716.37480891784662        16.000000000000000        0.0000000000000000     
   2           1          93   1.2472008558885947E-005   5.8062220502476112E-006   1.9515995623264014E-005   2.1235984080148360       0.49316555438475507       0.51379310000000000        0.0000000000000000        0.0000000000000000        44.987597415433100        719.80155864692961        16.000000000000000        0.0000000000000000     
   2           1          94   1.0243379723171702E-005   3.8469218543172607E-006   1.7002757094118159E-005   2.1331373211353521       0.49902755920033720       0.51379310000000000        0.0000000000000000        0.0000000000000000        47.821984654486002        765.15175447177603        16.000000000000000        0.0000000000000000     
   2           1          95   1.1947214250081615E-005   5.8228144175461495E-006   1.8419097671723483E-005   2.0465999865898823       0.54322839674047085       0.51379310000000000        0.0000000000000000        0.0000000000000000        51.454217122612128        823.26747396179405        16.000000000000000        0.0000000000000000     
   2           1          96   1.1080670437615230E-005   4.5169034725020362E-006   1.8016849617061690E-005   1.9556402346264983       0.51036201693004890       0.51379310000000000        1.0000000000000000        0.0000000000000000        41.410394320630253        662.56630913008405        16.000000000000000        0.0000000000000000     
   2           1          97   1.0460886428747715E-005   3.9149059491381069E-006   1.7378269960652007E-005   2.0067850265855247       0.49243510440731142       0.51379310000000000        0.0000000000000000        0.0000000000000000        42.166781074772118        674.66849719635388        16.000000000000000        0.0000000000000000     
   2           1          98   1.4156558899848441E-005   8.1967122303923790E-006   2.0454552811133571E-005   1.9553413307256082       0.50023122918187213       0.51379310000000000        0.0000000000000000        0.0000000000000000        44.073178513813183        705.17085622101092        16.000000000000000        0.0000000000000000     
   2           1          99   1.4910155768619708E-006  -1.5072115125055018E-005   1.8993898133738431E-005   5.0294283773005546       0.58440490219139229       0.51379310000000000        0.0000000000000000        0.0000000000000000        47.169422088615420        754.71075341784672        16.000000000000000        6.2500000000000000E-002
   2           1         100   1.4236724738474660E-005   8.9343773229958389E-006   1.9839914483161418E-005   1.9672690488864542       0.43584080447541190       0.51379310000000000        0.0000000000000000        0.0000000000000000        48.874454627276492        781.99127403642387        16.000000000000000        0.0000000000000000     
   2           1         101   1.1448708610083721E-005   5.2584443363856179E-006   1.7990193461497238E-005   2.0549033471723392       0.48688588636060443       0.51379310000000000        0.0000000000000000        0.0000000000000000        42.866838668990049        685.86941870384078        16.000000000000000        0.0000000000000000     
   2           1         102   1.0974460587138638E-005   4.8166052095535050E-006   1.7481697740295165E-005   2.0361069116743762       0.52407433525846070       0.51379310000000000        0.0000000000000000        0.0000000000000000        42.549765371619301        680.79624594590882        16.000000000000000        0.0000000000000000     
   2           1         103   1.1899807002688559E-005   5.6853963610134776E-006   1.8466808228419933E-005   1.9975251363717190       0.48811463328722676       0.51379310000000000        0.0000000000000000        0.0000000000000000        44.276918597251104        708.43069755601766        16.000000000000000        0.0000000000000000     
   2           1         104  -1.0774329398170817E-005  -3.3566308091274528E-005   1.3310810874134253E-005   5.6699392567539917       0.53103611500381709       0.51379310000000000        0.0000000000000000        0.0000000000000000        45.447001730451163        727.15202768721861        16.000000000000000       0.12500000000000000     
   2           1         105   6.3479270631263403E-006  -3.9525379503689952E-006   1.7232815473235576E-005   1.9643129529417891       0.46922807807529737       0.51379310000000000        0.0000000000000000        0.0000000000000000        49.384631360946145        790.15410177513832        16.000000000000000        0.0000000000000000     
   2           1         106   1.1384684641880874E-005   5.8721240299342433E-006   1.7210014569839363E-005   1.9857835085501034       0.51455124067820246       0.51379310000000000        0.0000000000000000        0.0000000000000000        43.638660883392326        698.21857413427722        16.000000000000000        0.0000000000000000     
   2           1         107   1.2726251008796725E-005   6.0892141024827764E-006   1.9739857288159961E-005   2.1646928141062638       0.48010612922191248       0.51379310000000000        0.0000000000000000        0.0000000000000000        46.233806125839834        739.74089801343735        16.000000000000000        0.0000000000000000     
   2           1         108   1.6081851885913290E-005   1.0620453108131363E-005   2.1853117181352071E-005   2.0576466615533167       0.58722123724324216       0.51379310000000000        0.0000000000000000        0.0000000000000000        44.815567959931933        717.04908735891092        16.000000000000000        0.0000000000000000     
   2           1         109   1.0948348411897034E-005   4.5778166831209090E-006   1.7680328656472365E-005   2.0751101613237091       0.46038252475310171       0.51379310000000000        0.0000000000000000        0.0000000000000000        47.871755623361437        765.94808997378300        16.000000000000000        0.0000000000000000     
   2           1         110   1.0184749437356701E-005   3.5153347846379238E-006   1.7232570497909168E-005   2.1390683618570323       0.56778211450745975       0.51379310000000000        0.0000000000000000        0.0000000000000000        46.566543571026990        745.06469713643185        16.000000000000000        0.0000000000000000     
   2           1         111   1.2245740701002436E-005   6.6332259832969556E-006   1.8176695888198980E-005   1.9732748634272248       0.50318548844413602       0.51379310000000000        0.0000000000000000        0.0000000000000000        42.041691034170306        672.66705654672489        16.000000000000000        0.0000000000000000     
   2           1         112   4.0347446952368157E-006  -8.7474420677473352E-006   1.7542161726407273E-005   3.5867771391605956       0.40799672403059367       0.51379310000000000        0.0000000000000000        0.0000000000000000        45.660135294620545        730.56216471392872        16.000000000000000        6.2500000000000000E-002
   2           1         113   5.3635995164509876E-006  -7.7289138214284732E-006   1.9198950299543878E-005   2.1625594301555329       0.61884481467757413       0.51379310000000000        0.0000000000000000        0.0000000000000000        47.035828445892342        752.57325513427747        16.000000000000000        0.0000000000000000     
   2           1         114   4.8103404536156367E-006  -1.0092272818232033E-005   2.0558491849747232E-005   2.1972815698578430       0.52869044128801645       0.51379310000000000        1.0000000000000000        0.0000000000000000        46.758821739513003        748.14114783220805        16.000000000000000        6.2500000000000000E-002
   2           1         115   1.0913895430057992E-005   5.0051359101103012E-006   1.7157903630904432E-005   1.9639782429226589       0.50858806435955695       0.51379310000000000        0.0000000000000000        0.0000000000000000        49.702422908698011        795.23876653916818        16.000000000000000        0.0000000000000000     
   2           1         116   2.6068511378674584E-006  -1.1432098772262592E-005   1.7442337008327745E-005   2.3036154485676748       0.41971479081254975       0.51379310000000000        0.0000000000000000        0.0000000000000000        41.047017847270851        656.75228555633362        16.000000000000000        6.2500000000000000E-002
   2           1         117   2.4733925848465219E-006  -7.4452427110561336E-006   1.7351345528699979E-005   3.1896794736594680       0.41627678915683841       0.59999999999999998        0.0000000000000000        1.0000000000000000        47.271822928405328        756.34916685448525        16.000000000000000       0.18750000000000000     
   2           1         118   9.1240153915693745E-006   2.6776193995424427E-008   1.8737409871908095E-005   2.4521852533482456       0.44295792881059048       0.51379310000000000        0.0000000000000000        1.0000000000000000        50.503651071407262        808.05841714251619        16.000000000000000        6.2500000000000000E-002
   2           1         119   1.1785783503807433E-005   4.2796104980816940E-006   1.9291956509534039E-005   2.2627366331967482       0.46542478840007828       0.50000000000000000        0.0000000000000000        1.0000000000000000        53.626402670713503        858.02244273141605        16.000000000000000        0.0000000000000000     
   2           1         120   1.3838441197230826E-005   7.5617879605659803E-006   2.0471216511795571E-005   2.0604873156617347       0.55452050548672072       0.51379310000000000        0.0000000000000000        0.0000000000000000        49.486513008392343        791.78420813427749        16.000000000000000        0.0000000000000000     
   2           1         121   1.1025750295976062E-005   4.4904317453481556E-006   1.7931866966912867E-005   2.1461353999167936       0.53549724306523561       0.51379310000000000        0.0000000000000000        0.0000000000000000        43.515985133878196        696.25576214205114        16.000000000000000        0.0000000000000000     
   2           1         122   1.1721467247798905E-005   4.3804561113723789E-006   1.9478989547294761E-005   2.1770953744503934       0.46724465973815649       0.51379310000000000        0.0000000000000000        0.0000000000000000        43.531746028084200        696.50793644934720        16.000000000000000        0.0000000000000000     
   2           1         123   1.0145221428910107E-005   4.4568414945670549E-006   1.6156346241091593E-005   1.9528090810638827       0.49087990596086228       0.51379310000000000        0.0000000000000000        0.0000000000000000        46.863459403604892        749.81535045767828        16.000000000000000        0.0000000000000000     
   2           1         124   1.4705539666786838E-005   9.0868039533656982E-006   2.0643068813903528E-005   2.0491242594690631       0.53679201479575678       0.51379310000000000        0.0000000000000000        0.0000000000000000        51.275661439837023        820.41058303739237        16.000000000000000        0.0000000000000000     
   2           1         125   1.1741897465219054E-005   5.4630443649337781E-006   1.8376997458329239E-005   2.0439913077391809       0.52799864956082876       0.51379310000000000        0.0000000000000000        0.0000000000000000        51.471140887468856        823.53825419950169        16.000000000000000        0.0000000000000000     
   2           1         126   1.2024617206978482E-005   6.1202885158124050E-006   1.8263943184567311E-005   2.0558051497849745       0.50911007028422361       0.51379310000000000        0.0000000000000000        0.0000000000000000        41.794367646661044        668.70988234657671        16.000000000000000        0.0000000000000000     
   2           1         127   2.4460180551141884E-006  -7.8986696986231590E-006   1.2790705808851187E-005   2.4315084498611044       0.52944380360331078       0.50000000000000000        0.0000000000000000        1.0000000000000000        50.349026026115411        805.58441641784657        16.000000000000000       0.12500000000000000     
   2           1         128   5.9463941543755415E-006  -6.9911848944894890E-006   1.9618020052756365E-005   3.7617568872981590       0.35143312350025879       0.51379310000000000        0.0000000000000000        0.0000000000000000        45.444542936299193        727.11268698078709        16.000000000000000        6.2500000000000000E-002
   2           1         129   9.9230531728536236E-006   3.6086316095910179E-006   1.6595739697243605E-005   3.3938896180918898       0.59494004466688799       0.51379310000000000        0.0000000000000000        0.0000000000000000        48.847253414207145        781.55605462731432        16.000000000000000        6.2500000000000000E-002
   2           1         130   1.2116821958049452E-005   5.2329663609654292E-006   1.9391250821930582E-005   2.1314394027271351       0.50149211497785040       0.51379310000000000        0.0000000000000000        0.0000000000000000        51.915027979101403        830.64044766562245        16.000000000000000        0.0000000000000000     
   2           1         131   1.6380948824392136E-006  -1.3471516741749153E-005   1.7604989215258650E-005   3.7271251935477898       0.41740257503717287       0.51379310000000000        0.0000000000000000        0.0000000000000000        42.403662638303835        678.45860221286136        16.000000000000000        6.2500000000000000E-002
   2           1         132   1.2901014288707091E-005   8.2059043243900372E-006   1.9943679235182631E-005   2.3540489727455958       0.41840317747090799       0.59999999999999998        0.0000000000000000        1.0000000000000000        49.922232083115411        798.75571332984657        16.000000000000000        6.2500000000000000E-002
   2           1         133  -3.2904798666302610E-005  -6.7750268674897035E-005   1.9363406346588987E-005   16.705868889891704       0.43515917662328485       0.59999999999999998        0.0000000000000000        1.0000000000000000        56.014173320499992        896.22677312799988        16.000000000000000        12.250000000000000     
   2           1         134   1.3015308161723449E-005   6.6148307273339766E-006   1.9778933158602540E-005   2.0978335944117705       0.54387071873535220       0.51379310000000000        0.0000000000000000        0.0000000000000000        47.817438695892335        765.07901913427736        16.000000000000000        0.0000000000000000     
   2           1         135   1.2920257450698351E-006  -1.3387210822131065E-005   1.6804126584230077E-005   3.9724209708477103       0.38156481171765272       0.51379310000000000        0.0000000000000000        0.0000000000000000        52.291232002095221        836.65971203352353        16.000000000000000        6.2500000000000000E-002
   2           1         136  -3.9987506033702370E-005  -7.9245692073349425E-005   1.8899773025768349E-005   16.989176386488584       0.68427269318840100       0.59999999999999998        0.0000000000000000        1.0000000000000000        50.186871875748082        802.98995001196931        16.000000000000000        5.2500000000000000     
   2           1         137   1.2912387883190064E-005   7.4775762873926974E-006   1.8655557504437638E-005   1.9944792233650903       0.53129701602379042       0.51379310000000000        0.0000000000000000        0.0000000000000000        44.338967578283963        709.42348125254341        16.000000000000000        0.0000000000000000     
   2           1         138   1.1919007363710601E-005   5.3969930536905701E-006   1.8811064943703007E-005   2.0521043749954542       0.47802707446437875       0.51379310000000000        0.0000000000000000        0.0000000000000000        46.262440628829445        740.19905006127112        16.000000000000000        0.0000000000000000     
   2           1         139  -3.1339223259526844E-006  -2.1581721730352784E-005   1.6360560463503921E-005   4.8380300549035278       0.35273994066569248       0.51379310000000000        0.0000000000000000        0.0000000000000000        51.234214633650375        819.74743413840599        16.000000000000000       0.12500000000000000     
   2           1         140   1.2865463639340471E-005   6.3793013094030560E-006   1.9719635084873968E-005   1.9921968725320389       0.46180024681559911       0.51379310000000000        1.0000000000000000        0.0000000000000000        49.831051893694557        797.29683029911291        16.000000000000000        0.0000000000000000     
   2           1         141  -2.6393103450281798E-005  -5.0214410180056273E-005   9.3388566443799920E-006   9.3314171749222776       0.61726435012983605       0.59999999999999998        0.0000000000000000        1.0000000000000000        47.971277437499992        767.54043899999988        16.000000000000000        8.1875000000000000     
   2           1         142  -2.2445378608088270E-005  -6.4385352630918417E-005   1.9494595414742033E-005   20.592450731418996       0.49321952119540768       0.50000000000000000        0.0000000000000000        1.0000000000000000        50.678529034289909        810.85646454863854        16.000000000000000        17.125000000000000     
   2           1         143   1.4272413042796910E-005   9.4432972803341462E-006   1.9375521118504760E-005   2.0446526125925431       0.50894562949278510       0.51379310000000000        0.0000000000000000        0.0000000000000000        46.986280336651042        751.78048538641667        16.000000000000000        0.0000000000000000     
   2           1         144   1.2764674130161504E-005   6.3282666622789614E-006   1.9566267743469962E-005   2.0994532698738162       0.46370284259982569       0.51379310000000000        0.0000000000000000        0.0000000000000000        48.161374004808820        770.58198407694113        16.000000000000000        0.0000000000000000     
   2           1         145   1.2655658170326728E-005   7.5082302861183452E-006   1.8095138625363557E-005   1.9417002490818964       0.50160089772659977       0.51379310000000000        0.0000000000000000        0.0000000000000000        51.530091067603713        824.48145708165941        16.000000000000000        0.0000000000000000     
   2           1         146   3.5706405177103621E-006  -9.9971025694774859E-006   1.7908184433211896E-005   3.7947661607610370       0.41007455138536902       0.51379310000000000        0.0000000000000000        0.0000000000000000        42.912865062634758        686.60584100215613        16.000000000000000        6.2500000000000000E-002
   2           1         147   1.2105841203019460E-005   5.2283975281939258E-006   1.9373494347727903E-005   2.1766577051874347       0.46827792754354686       0.51379310000000000        0.0000000000000000        0.0000000000000000        46.398569388416327        742.37711021466123        16.000000000000000        0.0000000000000000     
   2           1         148   1.1869881663515473E-005   5.5939452014565261E-006   1.8501899535421754E-005   2.0162940505859948       0.61600035448057722       0.51379310000000000        0.0000000000000000        0.0000000000000000        44.225451338615429        707.60722141784686        16.000000000000000        0.0000000000000000     
   2           1         149   2.2241818320800632E-006  -1.2985340519584217E-005   1.8296655584675694E-005   4.7883244309038870       0.55768213961600321       0.51379310000000000        0.0000000000000000        0.0000000000000000        49.643359714778995        794.29375543646393        16.000000000000000        6.2500000000000000E-002
   2           1         150  -1.9613917977916240E-005  -4.9240137473952309E-005   1.0012301518119773E-005   10.598945651331837       0.44146501413494033       0.50000000000000000        0.0000000000000000        1.0000000000000000        60.786183784687509        972.57894055500014        16.000000000000000        11.687500000000000     
   2           1         151  -3.1813240729981286E-005  -6.5974796264086068E-005   1.9429092571176141E-005   22.490514147781383       0.45072283056280971       0.59999999999999998        0.0000000000000000        1.0000000000000000        46.263189001767330        740.21102402827728        16.000000000000000        15.062500000000000     
   2           1         152   1.0572918160073392E-005   4.9173029020157117E-006   1.6549419307722370E-005   2.0188796524404076       0.53254805181544196       0.51379310000000000        0.0000000000000000        0.0000000000000000        45.521850641419711        728.34961026271537        16.000000000000000        0.0000000000000000     
   2           1         153   1.1396286076382487E-005   5.2784113334216611E-006   1.7861274190696627E-005   1.9914410809919838       0.54725876171295285       0.51379310000000000        0.0000000000000000        0.0000000000000000        46.464725182210003        743.43560291536005        16.000000000000000        0.0000000000000000     
   2           1         154   2.6479305519791155E-006  -1.0925701222482169E-005   1.6991697264584108E-005   3.8158430603259093       0.39016842807754165       0.51379310000000000        0.0000000000000000        0.0000000000000000        46.172170518252130        738.75472829203409        16.000000000000000        6.2500000000000000E-002
   2           1         155   1.2003313876445002E-005   5.4430827643498129E-006   1.8935756587150749E-005   2.0182390697593395       0.47950481613065160       0.51379310000000000        0.0000000000000000        0.0000000000000000        49.587801695892338        793.40482713427741        16.000000000000000        0.0000000000000000     
   2           1         156   1.3889279027083343E-005   7.5454166201421096E-006   2.0593076797201083E-005   2.0514769358322642       0.53029448364957898       0.51379310000000000        0.0000000000000000        0.0000000000000000        43.094541540861229        689.51266465377967        16.000000000000000        0.0000000000000000     
   2           1         157   1.1525986880054165E-005   5.3223236741534984E-006   1.8081630886578061E-005   2.0603719758123051       0.48609035531061301       0.51379310000000000        0.0000000000000000        0.0000000000000000        45.091846690867527        721.46954705388043        16.000000000000000        0.0000000000000000     
   2           1         158   1.3828338803912890E-005   7.6980489562456836E-006   2.0306446425856468E-005   1.9958017681753584       0.56132579670430782       0.51379310000000000        0.0000000000000000        1.0000000000000000        48.362401249190363        773.79841998704580        16.000000000000000        0.0000000000000000     
   2           1         159   1.6820156266339242E-005   1.0533323926212155E-005   2.3463688222004040E-005   2.1006605246386658       0.50776964764269095       0.51379310000000000        0.0000000000000000        0.0000000000000000        48.561595987269577        776.98553579631323        16.000000000000000        0.0000000000000000     
   2           1         160   1.1996069840083271E-005   5.5299074120627088E-006   1.8829106637784603E-005   2.0755047630073875       0.47580483826081593       0.51379310000000000        0.0000000000000000        0.0000000000000000        49.890182343119434        798.24291748991095        16.000000000000000        0.0000000000000000     
   2           1         161   9.1225435965159333E-006   5.4778623132107101E-007   1.8183811892814059E-005   2.3142832876980362       0.48464496347946484       0.51379310000000000        0.0000000000000000        1.0000000000000000        41.943717630730895        671.09948209169431        16.000000000000000        6.2500000000000000E-002
   2           1         162   1.2995969362751810E-005   6.8256389651427692E-006   1.9516389338304348E-005   1.9878247034649072       0.52947587139377073       0.51379310000000000        0.0000000000000000        1.0000000000000000        45.434722383392334        726.95555813427734        16.000000000000000        0.0000000000000000     
   2           1         163   7.0221535465778115E-007  -1.4015574451495870E-005   1.6255056850021899E-005   3.9489802241442593       0.45741508909463635       0.51379310000000000        0.0000000000000000        0.0000000000000000        48.144919872058537        770.31871795293659        16.000000000000000        6.2500000000000000E-002
   2           1         164   1.1484257264100138E-005   4.9610071817180647E-006   1.8377620731179944E-005   2.0136500313608918       0.54995753285166271       0.51379310000000000        0.0000000000000000        0.0000000000000000        50.342893985734825        805.48630377175721        16.000000000000000        0.0000000000000000     
   2           1         165   1.3318851230499926E-005   7.7793924754860922E-006   1.9172605436910169E-005   1.9011607689975285       0.57105990567724274       0.51379310000000000        0.0000000000000000        0.0000000000000000        48.757268668607054        780.11629869771286        16.000000000000000        0.0000000000000000     
   2           1         166   1.0885000714770663E-005   4.6015256966922656E-006   1.7524984862076583E-005   2.0918486746673186       0.50245289008701710       0.51379310000000000        0.0000000000000000        0.0000000000000000        42.060259946470993        672.96415914353588        16.000000000000000        0.0000000000000000     
   2           1         167   1.2592885034234578E-005   6.7953984842047162E-006   1.8719306906791388E-005   2.0084549735577060       0.49490282044911532       0.51379310000000000        0.0000000000000000        0.0000000000000000        42.269405575675833        676.31048921081333        16.000000000000000        0.0000000000000000     
   2           1         168   1.6411949096957173E-005   1.1761049838326130E-005   2.1326729096746145E-005   1.9881760998675004       0.49717985564024525       0.51379310000000000        0.0000000000000000        0.0000000000000000        47.369648883558142        757.91438213693027        16.000000000000000        0.0000000000000000     
   2           1         169   1.3651155795013098E-006  -1.4918607190677810E-005   1.8572737276418279E-005   4.9285289538628829       0.62000776185416662       0.51379310000000000        0.0000000000000000        0.0000000000000000        51.621378615669265        825.94205785070824        16.000000000000000        6.2500000000000000E-002
   2           1         170   1.2344345593847364E-005   5.7536182725205751E-006   1.9309014794714168E-005   1.8787839743512778       0.56156999788977235       0.51379310000000000        1.0000000000000000        0.0000000000000000        53.022957660270563        848.36732256432902        16.000000000000000        0.0000000000000000     
   2           1         171   1.2729297481008781E-005   6.7715036775723613E-006   1.9025122051635707E-005   2.0568376954384289       0.57940227447132930       0.51379310000000000        0.0000000000000000        0.0000000000000000        41.168144416308039        658.69031066092862        16.000000000000000        0.0000000000000000     
   2           1         172   1.1887743182615683E-005   5.9068630192269218E-006   1.8207963977252985E-005   2.0849617673863294       0.47017943842148374       0.51379310000000000        0.0000000000000000        0.0000000000000000        44.341793429869135        709.46869487790616        16.000000000000000        0.0000000000000000     
   2           1         173   1.1786643374052459E-005   5.4142504629939416E-006   1.8520590399878037E-005   2.0716856554310685       0.47773187679617185       0.51379310000000000        0.0000000000000000        0.0000000000000000        44.808126454210118        716.93002326736189        16.000000000000000        0.0000000000000000     
   2           1         174   1.2239290857740242E-005   6.6427027102801543E-006   1.8153415839731285E-005   1.8906401449539185       0.56509270187015026       0.51379310000000000        0.0000000000000000        0.0000000000000000        49.251572961018681        788.02516737629890        16.000000000000000        0.0000000000000000     
   2           1         175   3.0648431283115193E-006  -1.1863894476571296E-005   1.8840601088759078E-005   2.9452948090124655       0.56612421262625667       0.51379310000000000        0.0000000000000000        1.0000000000000000        55.621831582838546        889.94930532541673        16.000000000000000       0.12500000000000000     
   2           1         176  -9.4492554838510300E-006  -3.9250011535235669E-005   2.0351500567533599E-005   17.499995385905748       0.49999538590574150       0.50000000000000000        0.0000000000000000        1.0000000000000000        56.460499472946161        903.36799156713857        16.000000000000000        3.6250000000000000     
   2           1         177   1.0304194495040727E-005   3.9374003308124036E-006   1.7032225114723140E-005   2.0691129478160657       0.49711327860370713       0.51379310000000000        0.0000000000000000        0.0000000000000000        44.013787143848646        704.22059430157833        16.000000000000000        0.0000000000000000     
   2           1         178   1.2797878148572616E-005   7.4648688075429002E-006   1.8433469502081470E-005   2.0148724863830814       0.55066087689231880       0.51379310000000000        0.0000000000000000        0.0000000000000000        47.551475134849895        760.82360215759832        16.000000000000000        0.0000000000000000     
   2           1         179  -1.1118996816480161E-006  -1.7939846450182541E-005   1.6670823963039547E-005   5.0918343775143509       0.59306065173157607       0.51379310000000000        0.0000000000000000        0.0000000000000000        47.356496666212117        757.70394665939386        16.000000000000000        6.2500000000000000E-002
   2           1         180   1.5451453036433842E-005   9.6650654406273854E-006   2.1566146227031212E-005   2.0061871233353603       0.46635761614984650       0.51379310000000000        0.0000000000000000        1.0000000000000000        50.830069319961176        813.28110911937881        16.000000000000000        0.0000000000000000     
   2           1         181   1.3154567687587217E-005   4.4498687714631431E-006   2.2353150103184820E-005   2.0543595471874276       0.47486143027700567       0.51379310000000000        0.0000000000000000        1.0000000000000000        44.977768791985262        719.64430067176420        16.000000000000000        0.0000000000000000     
   2           1         182   1.2249048462331330E-005   6.4887721809140704E-006   1.8336148845903883E-005   1.8779771670942125       0.54665452508605317       0.51379310000000000        1.0000000000000000        0.0000000000000000        45.431656766545380        726.90650826472609        16.000000000000000        0.0000000000000000     
   2           1         183   1.2156455665973978E-005   8.0074008324848080E-006   1.6540917805380820E-005   1.8817919276899737       0.48053685150979836       0.51379310000000000        0.0000000000000000        0.0000000000000000        45.641772195892344        730.26835513427750        16.000000000000000        0.0000000000000000     
   2           1         184  -8.2830583068868644E-006  -3.3833795264598355E-005   1.8717365481396274E-005   2.3720893091778028       0.50381314964063273       0.51379310000000000        0.0000000000000000        0.0000000000000000        49.569608624160097        793.11373798656155        16.000000000000000        6.2500000000000000E-002
   2           1         185   1.5370116066549872E-005   8.9618319214614318E-006   2.2141990707954452E-005   2.0376894698768395       0.48445625723046543       0.51379310000000000        0.0000000000000000        0.0000000000000000        49.269292667112893        788.30868267380629        16.000000000000000        0.0000000000000000     
   2           1         186   1.9790626172824542E-006  -1.0189116126894996E-005   1.4837634304202442E-005   2.7593220123326705       0.44182543512204026       0.51379310000000000        0.0000000000000000        0.0000000000000000        42.896478591000331        686.34365745600530        16.000000000000000        6.2500000000000000E-002
   2           1         187  -5.7871155681961438E-006  -2.7423940682804609E-005   1.7077330513898611E-005   2.1892665049609903       0.60447324368287292       0.51379310000000000        0.0000000000000000        0.0000000000000000        45.816248745705948        733.05997993129517        16.000000000000000        6.2500000000000000E-002
   2           1         188  -2.7851571384714922E-006  -2.2996812625889954E-005   1.8573258649154466E-005   2.4939862486845499       0.53263274756879087       0.51379310000000000        0.0000000000000000        0.0000000000000000        46.315564869107661        741.04903790572257        16.000000000000000        6.2500000000000000E-002
   2           1         189   1.3349687491533443E-005   6.8276710630536270E-006   2.0241747310181864E-005   1.9522850922072779       0.52394616441455744       0.51379310000000000        0.0000000000000000        0.0000000000000000        47.409405471432443        758.55048754291909        16.000000000000000        0.0000000000000000     
   2           1         190   1.1418033455996045E-005   4.8309889155416713E-006   1.8378810923938645E-005   2.1732792568800670       0.50192341190410017       0.51379310000000000        0.0000000000000000        0.0000000000000000        52.990332695892327        847.84532313427724        16.000000000000000        0.0000000000000000     
   2           1         191   4.2554434405996468E-006  -9.3432694657831595E-006   1.8625714327706211E-005   3.7819832829654274       0.43129106049878346       0.51379310000000000        0.0000000000000000        0.0000000000000000        42.014003164415797        672.22405063065275        16.000000000000000        6.2500000000000000E-002
   2           1         192   1.1666327027538941E-005   4.7019100808386566E-006   1.9025888096576329E-005   2.1229218037241533       0.44535722617150864       0.51379310000000000        0.0000000000000000        0.0000000000000000        46.141340770750972        738.26145233201555        16.000000000000000        0.0000000000000000     
   2           1         193   1.1852397519188010E-005   6.8045318774390156E-006   1.7186666811659774E-005   1.9420545867765338       0.49854924166698678       0.51379310000000000        0.0000000000000000        0.0000000000000000        45.829983112385392        733.27972979816627        16.000000000000000        0.0000000000000000     
   2           1         194   1.3040586345611428E-005   7.1611359877909968E-006   1.9253622453574666E-005   1.9942429789391576       0.45083120353958805       0.51379310000000000        0.0000000000000000        0.0000000000000000        48.248648394479780        771.97837431167648        16.000000000000000        0.0000000000000000     
   2           1         195   3.3755681792451044E-006  -1.0498947738690641E-005   1.8037290471700682E-005   2.6089477768309810       0.55611820506637999       0.51379310000000000        0.0000000000000000        1.0000000000000000        50.168991689808486        802.70386703693578        16.000000000000000       0.12500000000000000     
   2           1         196   1.3637357414180156E-005   7.6804426504763041E-006   1.9932253070493355E-005   1.9236382584596530       0.47277778065402343       0.51379310000000000        0.0000000000000000        0.0000000000000000        44.941027446408398        719.05643914253437        16.000000000000000        0.0000000000000000     
   2           1         197   1.1958671182205523E-005   5.2912091713490561E-006   1.9004428812733097E-005   2.0562584050983426       0.52147032389360692       0.51379310000000000        0.0000000000000000        0.0000000000000000        44.019422477142328        704.31075963427725        16.000000000000000        0.0000000000000000     
   2           1         198   8.4610905747278623E-006   1.9557987100481917E-006   1.5335476918398478E-005   2.2135452413047414       0.51412001209758418       0.51379310000000000        0.0000000000000000        0.0000000000000000        48.752344071827459        780.03750514923934        16.000000000000000        0.0000000000000000     
   2           1         199   1.0530975789227478E-005   4.1068614075426160E-006   1.7319578836449443E-005   2.0132233959345691       0.49546602698463665       0.51379310000000000        0.0000000000000000        0.0000000000000000        46.041252146420952        736.66003434273523        16.000000000000000        0.0000000000000000     
   2           1         200   1.3955528809166567E-005   8.1692903043419881E-006   2.0070064449720737E-005   2.0479412524098137       0.52416632806012120       0.51379310000000000        0.0000000000000000        0.0000000000000000        50.965222992990185        815.44356788784296        16.000000000000000        0.0000000000000000     
   2           1         201   7.8578516284555318E-006  -1.0621106554062467E-006   1.7283910933061401E-005   2.3560656780057250       0.40854060346457949       0.51379310000000000        1.0000000000000000        0.0000000000000000        42.308451221767058        676.93521954827293        16.000000000000000        6.2500000000000000E-002
   2           1         202   3.8421714853176044E-006  -1.0838708471972623E-005   1.9356008956534362E-005   2.3205717491295763       0.57007678662597983       0.51379310000000000        0.0000000000000000        0.0000000000000000        45.484284983174156        727.74855973078650        16.000000000000000        6.2500000000000000E-002
   2           1         203   1.0259573085887728E-005   3.6010795610185000E-006   1.7295853380290173E-005   2.2526031011649779       0.52145744248866732       0.51379310000000000        0.0000000000000000        0.0000000000000000        46.680538536654105        746.88861658646567        16.000000000000000        0.0000000000000000     
   2           1         204   1.0639335352902597E-005   4.3027322992530848E-006   1.7335461891633518E-005   2.0101751834362220       0.51135302265217786       0.51379310000000000        0.0000000000000000        0.0000000000000000        50.338986869865437        805.42378991784699        16.000000000000000        0.0000000000000000     
   2           1         205   1.0356909159272611E-005   4.4443315628929615E-006   1.6604952064946055E-005   1.9673114883148695       0.47685395537195341       0.51379310000000000        0.0000000000000000        0.0000000000000000        47.748573114049741        763.97716982479585        16.000000000000000        0.0000000000000000     
   2           1         206   1.2403255242023799E-005   5.2369181406564208E-006   1.9976192925459980E-005   2.2710643666241879       0.47176128384166161       0.51379310000000000        0.0000000000000000        0.0000000000000000        43.578876940052311        697.26203104083697        16.000000000000000        0.0000000000000000     
   2           1         207   1.2038479357301592E-005   5.9629286982324723E-006   1.8458742021879594E-005   2.1157810576837135       0.55399209913987368       0.51379310000000000        0.0000000000000000        0.0000000000000000        43.531382215002509        696.50211544004014        16.000000000000000        0.0000000000000000     
   2           1         208   1.1496951940927969E-005   5.0831954978570033E-006   1.8274609365226699E-005   1.9967313156830486       0.47249318832966297       0.51379310000000000        0.0000000000000000        0.0000000000000000        46.990854881287682        751.85367810060291        16.000000000000000        0.0000000000000000     
   2           1         209   9.0940637909405014E-006   3.6007145122100246E-006   1.4899092381241497E-005   2.0115998774497839       0.48462059771535532       0.51379310000000000        0.0000000000000000        0.0000000000000000        49.366753846521149        789.86806154433839        16.000000000000000        0.0000000000000000     
   2           1         210   6.2926112447072285E-007  -1.2688031465647128E-005   1.4702144589274612E-005   3.0241509241197644       0.43652912219294537       0.51379310000000000        0.0000000000000000        0.0000000000000000        48.387328636162444        774.19725817859910        16.000000000000000        6.2500000000000000E-002
   2           1         211   1.0671456918131947E-005   3.9744038835830367E-006   1.7748484495250489E-005   1.9887002998726784       0.49005704744362594       0.51379310000000000        0.0000000000000000        0.0000000000000000        39.294394151115412        628.71030641784660        16.000000000000000        0.0000000000000000     
   2           1         212   1.3915012161503250E-005   8.1369176337073046E-006   2.0020941755528932E-005   2.0104080971521010       0.57929150293032428       0.51379310000000000        0.0000000000000000        0.0000000000000000        43.512196877519699        696.19515004031518        16.000000000000000        0.0000000000000000     
   2           1         213   1.4571260955096155E-005   8.4559702419926506E-006   2.1033518427968015E-005   2.1278201198736153       0.44549224861459957       0.51379310000000000        0.0000000000000000        1.0000000000000000        44.987291842920413        719.79666948672661        16.000000000000000        0.0000000000000000     
   2           1         214   1.1288252285011706E-005   4.8147411784609773E-006   1.8129054707435639E-005   2.0394965778221517       0.53047932995319302       0.51379310000000000        0.0000000000000000        0.0000000000000000        47.361662703513836        757.78660325622138        16.000000000000000        0.0000000000000000     
   2           1         215   1.2352949587712391E-005   6.0808014363364686E-006   1.8980964209378510E-005   2.1175501692513325       0.48629806915167056       0.51379310000000000        0.0000000000000000        0.0000000000000000        49.993639244876313        799.89822791802101        16.000000000000000        0.0000000000000000     
   2           1         216   1.4254566204634770E-005   8.1518616072370278E-006   2.0703523456128850E-005   2.1171283478659966       0.50753480496048531       0.51379310000000000        0.0000000000000000        0.0000000000000000        41.015547790558223        656.24876464893157        16.000000000000000        0.0000000000000000     
   2           1         217   1.4167564891633673E-005   7.9314485590462629E-006   2.0757503336524076E-005   2.0072119048638712       0.52074280039802834       0.51379310000000000        0.0000000000000000        1.0000000000000000        43.239310648068560        691.82897036909696        16.000000000000000        0.0000000000000000     
   2           1         218   1.2523451661331638E-005   5.8036792381102382E-006   1.9624487670120246E-005   2.1829294923621023       0.50831322559467973       0.51379310000000000        0.0000000000000000        0.0000000000000000        45.351495088615430        725.62392141784687        16.000000000000000        0.0000000000000000     
   2           1         219  -1.7695767387861784E-005  -3.5103929639387645E-005   8.4164759894268833E-006   10.988071460112170       0.40591892579684663       0.59999999999999998        0.0000000000000000        1.0000000000000000        58.511741033637499        936.18785653819998        16.000000000000000        8.6250000000000000     
   2           1         220   1.1940517761477848E-005   4.9248022774227596E-006   1.9354287922433391E-005   2.4060776536124937       0.49126057375836452       0.51379310000000000        0.0000000000000000        0.0000000000000000        50.334590500369373        805.35344800590997        16.000000000000000        0.0000000000000000     
   2           1         221  -2.6796308471521261E-005  -5.5304468810592991E-005   1.5965932037086206E-005   17.400138027711169       0.50557255197951856       0.59999999999999998        0.0000000000000000        1.0000000000000000        49.203876418874991        787.26202270199985        16.000000000000000        19.312500000000000     
   2           1         222  -7.5042307314002848E-006  -3.0603036625197705E-005   1.6905145372625160E-005   2.3152441154388455       0.58734194364762560       0.51379310000000000        0.0000000000000000        0.0000000000000000        41.288319801071999        660.61311681715199        16.000000000000000        6.2500000000000000E-002
   2           1         223   1.4402413707542430E-005   9.2338976887349983E-006   1.9864178786778332E-005   1.9972680537147929       0.43876081288083474       0.51379310000000000        0.0000000000000000        0.0000000000000000        43.838276082084242        701.41241731334787        16.000000000000000        0.0000000000000000     
   2           1         224  -1.2436480190872001E-005  -5.3630274629734779E-005   1.5026049435036590E-005   16.339296070980264       0.53371073821922332       0.40000000000000002        0.0000000000000000        1.0000000000000000        55.452328193499994        887.23725109599991        16.000000000000000        20.750000000000000     
   2           1         225   1.3976362791591691E-005   8.3815865514563851E-006   1.9888573063032774E-005   2.0115130456276868       0.51639020215430664       0.51379310000000000        0.0000000000000000        0.0000000000000000        48.905314526115419        782.48503241784670        16.000000000000000        0.0000000000000000     
   2           1         226  -1.7178152197531295E-005  -5.0543736464287280E-005   1.6187432069224805E-005   20.603422623246356       0.50105026058009872       0.50000000000000000        0.0000000000000000        1.0000000000000000        50.540332130312507        808.64531408500011        16.000000000000000        33.687500000000000     
   2           1         227   1.0077145068139432E-005   5.6256254076492926E-006   1.4781233155071272E-005   1.9151439999824094       0.39853223366638324       0.51379310000000000        0.0000000000000000        0.0000000000000000        44.972385861577649        719.55817378524239        16.000000000000000        0.0000000000000000     
   2           1         228   1.3208135207821670E-005   7.0941002882245871E-006   1.9669065636509866E-005   1.9287794809074541       0.58399591415240770       0.51379310000000000        0.0000000000000000        1.0000000000000000        44.376916453919428        710.03066326271085        16.000000000000000        0.0000000000000000     
   2           1         229   1.2821178273150204E-005   7.1622634687138176E-006   1.8801166175434902E-005   1.9800856935692832       0.53722863683250899       0.51379310000000000        0.0000000000000000        1.0000000000000000        47.871412342423582        765.94259747877732        16.000000000000000        0.0000000000000000     
   2           1         230  -1.8523946059697168E-005  -5.1182906013013059E-005   1.4135013893618721E-005   14.176735052509800       0.50590074497924198       0.50000000000000000        1.0000000000000000        0.0000000000000000        59.923655135312494        958.77848216499990        16.000000000000000        22.875000000000000     
   2           1         231   1.4954363297756602E-005   1.0110660656678977E-005   2.0072885876186240E-005   2.0149580073242617       0.45898081446908395       0.51379310000000000        0.0000000000000000        0.0000000000000000        43.057580183042013        688.92128292867221        16.000000000000000        0.0000000000000000     
   2           1         232   9.7861459094521087E-006  -5.7924657416350358E-007   2.0739645616826875E-005   2.1849094386769554       0.60234839896939729       0.51379310000000000        0.0000000000000000        0.0000000000000000        46.874781664642335        749.99650663427735        16.000000000000000        0.0000000000000000     
   2           1         233   1.1682496853622717E-005   5.9218467054676792E-006   1.7769992316225117E-005   2.0475892095124917       0.50298148344211457       0.51379310000000000        0.0000000000000000        0.0000000000000000        46.343625348688484        741.49800557901574        16.000000000000000        0.0000000000000000     
   2           1         234   9.5358421301134469E-006   2.6238002806842518E-006   1.6840056465919778E-005   2.1322778304170997       0.50863019429563061       0.51379310000000000        0.0000000000000000        0.0000000000000000        48.000287759999452        768.00460415999123        16.000000000000000        0.0000000000000000     
   2           1         235   1.3240747312824538E-005   7.1712843610278968E-006   1.9654576868388285E-005   1.9785457167218778       0.56202723665099741       0.51379310000000000        0.0000000000000000        0.0000000000000000        51.104883631501941        817.67813810403106        16.000000000000000        0.0000000000000000     
   2           1         236   1.3435301871527188E-005   7.4163179826443454E-006   1.9795788304606168E-005   1.9864810332078946       0.48543968356994266       0.51379310000000000        0.0000000000000000        0.0000000000000000        40.423889295701684        646.78222873122695        16.000000000000000        0.0000000000000000     
   2           1         237   9.3239267158499563E-006   1.9118939288360366E-006   1.7156500262093594E-005   2.2340784999775591       0.45584781467541657       0.51379310000000000        0.0000000000000000        1.0000000000000000        44.879282523002388        718.06852036803821        16.000000000000000        6.2500000000000000E-002
   2           1         238   1.2174479822981580E-005   5.7406326386118786E-006   1.8973367888501936E-005   2.0142998106021097       0.50888125123122818       0.51379310000000000        0.0000000000000000        0.0000000000000000        49.174664082439335        786.79462531902936        16.000000000000000        0.0000000000000000     
   2           1         239  -1.6742545529157162E-006  -2.1587554171384368E-005   1.9368877377546739E-005   2.3674314439178810       0.53861818393941663       0.51379310000000000        0.0000000000000000        0.0000000000000000        49.460023258392347        791.36037213427755        16.000000000000000        6.2500000000000000E-002
   2           1         240   1.1389574465792380E-005   5.8737355683652326E-006   1.7218368681196832E-005   2.0005452250672615       0.51049114350801705       0.51379310000000000        0.0000000000000000        0.0000000000000000        49.486378854062160        791.78206166499456        16.000000000000000        0.0000000000000000     
   2           1         241   8.9009288748579725E-006  -3.1156904115419226E-008   1.8339799532277080E-005   2.5768755414842763       0.44555497728469784       0.51379310000000000        0.0000000000000000        1.0000000000000000        43.515715502227984        696.25144803564774        16.000000000000000        6.2500000000000000E-002
   2           1         242   1.0734183504838873E-005   3.8228807400340968E-006   1.8037616822152461E-005   2.0680530598361306       0.53327858225204139       0.51379310000000000        0.0000000000000000        0.0000000000000000        43.531452634995610        696.50324215992975        16.000000000000000        0.0000000000000000     
   2           1         243   1.1316363872561939E-005   4.7263771602197469E-006   1.8280250444087707E-005   2.0728149664104767       0.52212554118070964       0.51379310000000000        0.0000000000000000        0.0000000000000000        46.863072567272148        749.80916107635437        16.000000000000000        0.0000000000000000     
   2           1         244   1.1289920918903455E-005   4.9639151483533825E-006   1.7974848910399994E-005   2.1131994949923856       0.49219244407531521       0.51379310000000000        0.0000000000000000        0.0000000000000000        51.275251801968125        820.40402883149000        16.000000000000000        0.0000000000000000     
   2           1         245  -2.6505750089505043E-005  -5.5041189521769864E-005   1.6297409058892377E-005   18.126374284757421       0.49726992054487595       0.59999999999999998        0.0000000000000000        1.0000000000000000        61.087363830000015        977.39782128000024        16.000000000000000        43.625000000000000     
   2           1         246   1.0662363531855100E-005   3.4201604368726315E-006   1.8315471661338262E-005   2.6792977511033516       0.53075951227330453       0.51379310000000000        0.0000000000000000        1.0000000000000000        42.861373070892327        685.78196913427723        16.000000000000000        6.2500000000000000E-002
   2           1         247   1.5275286216924224E-005   9.4710563959792677E-006   2.1408833957229546E-005   2.0130364078218554       0.51336307133912196       0.51379310000000000        0.0000000000000000        0.0000000000000000        46.745286074700743        747.92457719521190        16.000000000000000        0.0000000000000000     
   2           1         248   8.7353936035141007E-006  -3.2749193883994854E-007   1.8312485285576332E-005   2.3542720576712881       0.49883189620432511       0.51379310000000000        1.0000000000000000        0.0000000000000000        45.882588657699998        734.12141852319996        16.000000000000000        6.2500000000000000E-002
   2           1         249   1.2876788508864725E-005   6.4844883413887359E-006   1.9631772280543347E-005   2.1348235176206400       0.42239306633925144       0.51379310000000000        0.0000000000000000        0.0000000000000000        50.240770831052217        803.85233329683547        16.000000000000000        0.0000000000000000     
   2           1         250   2.6449928643517169E-006  -1.1839947365944078E-005   1.7951773463800354E-005   3.8104406986661608       0.41612468419716003       0.51379310000000000        0.0000000000000000        0.0000000000000000        49.693233344794649        795.09173351671438        16.000000000000000        6.2500000000000000E-002
   2           1         251   2.4338718436703623E-006  -1.1660197082465141E-005   1.7327604049389177E-005   4.0085406409057587       0.47107526432163310       0.51379310000000000        0.0000000000000000        0.0000000000000000        42.055876472059211        672.89402355294737        16.000000000000000        6.2500000000000000E-002
   2           1         252  -2.5253242017586795E-005  -5.2285943379705983E-005   1.5295810025592400E-005   16.400881786203637       0.49815861091751229       0.59999999999999998        0.0000000000000000        1.0000000000000000        52.086098606249990        833.37757769999985        16.000000000000000        47.687500000000000     
   2           1         253   1.0126316575919914E-005   3.3055363096669286E-006   1.7334091367715572E-005   2.0476000100756435       0.50059446749220182       0.51379310000000000        0.0000000000000000        0.0000000000000000        47.499619070892344        759.99390513427750        16.000000000000000        0.0000000000000000     
   2           1         254   1.0169553272319131E-005   4.0271088292775105E-006   1.6660505111892010E-005   1.9580511973169421       0.51201555251988051       0.51379310000000000        0.0000000000000000        0.0000000000000000        47.817296043505905        765.07673669609449        16.000000000000000        0.0000000000000000     
   2           1         255   1.1931300368240974E-005   5.6274954904499501E-006   1.8592767842181575E-005   2.0245689488163650       0.57036189484032118       0.51379310000000000        0.0000000000000000        0.0000000000000000        52.290928088733132        836.65484941973011        16.000000000000000        0.0000000000000000     
   2           1         256   1.2220696489671706E-005   5.4410254985278828E-006   1.9385029565816953E-005   2.1167040627611042       0.49411157517219051       0.51379310000000000        0.0000000000000000        0.0000000000000000        41.966337916958729        671.46140667133966        16.000000000000000        0.0000000000000000     
   2           1         257   8.9103875840233062E-006  -1.8387700692129452E-006   2.0269426365754313E-005   2.0734195670021096       0.53312611679184663       0.51379310000000000        0.0000000000000000        0.0000000000000000        45.412402949880445        726.59844719808711        16.000000000000000        0.0000000000000000     
   2           1         258   5.4627848167323856E-007  -1.5204382281125770E-005   1.7190593526084596E-005   4.8370555795037111       0.57620888866289810       0.51379310000000000        0.0000000000000000        0.0000000000000000        47.537195433180401        760.59512693088641        16.000000000000000        6.2500000000000000E-002
   2           1         259   1.1566896514851845E-005   5.5192602640100768E-006   1.7957660975397998E-005   1.9029304344819693       0.52431093408090512       0.51379310000000000        0.0000000000000000        0.0000000000000000        49.974959259366194        799.59934814985911        16.000000000000000        0.0000000000000000     
   2           1         260   7.8113424553945120E-006  -1.0365904765018123E-006   1.7161285637342227E-005   2.9127795769905234       0.55846046569322350       0.51379310000000000        0.0000000000000000        1.0000000000000000        50.452280276115417        807.23648441784667        16.000000000000000        6.2500000000000000E-002
   2           1         261   1.2219575568372917E-005   5.2612268825037767E-006   1.9572724078181990E-005   2.0680756721930513       0.46761976643271524       0.51379310000000000        0.0000000000000000        0.0000000000000000        44.432274585470779        710.91639336753246        16.000000000000000        0.0000000000000000     
   2           1         262   1.3053384032425062E-005   7.6310571279257694E-006   1.8783360611276516E-005   2.0332112531847613       0.56711830297507293       0.51379310000000000        0.0000000000000000        0.0000000000000000        42.463439055826811        679.41502489322897        16.000000000000000        0.0000000000000000     
   2           1         263   1.8472746697473261E-005   7.6882670284886423E-006   1.8472746697473261E-005   2.0011849258657586       0.48224009580486515        0.0000000000000000        0.0000000000000000        1.0000000000000000        46.467422703392330        743.47876325427728        16.000000000000000        0.0000000000000000     
   2           1         264   1.3510770422033020E-005   7.2735102531006162E-006   2.0101917601767166E-005   2.1333459635939218       0.54999764487369207       0.51379310000000000        0.0000000000000000        0.0000000000000000        47.356015519910009        757.69624831856015        16.000000000000000        0.0000000000000000     
   2           1         265   3.2100000000000019E-006   4.1137000000000009E-004   3.2100000000000019E-006   10.000000000000007        1.0000000000000000        0.0000000000000000        0.0000000000000000        1.0000000000000000        46.902455011740415        750.43928018784663        16.000000000000000        1.5625000000000000     
   2           1         266   1.2542578932022287E-005   5.7133072993065051E-006   1.9759326869814325E-005   1.9254804976495099       0.58093149443681769       0.51379310000000000        0.0000000000000000        0.0000000000000000        42.449943221967310        679.19909155147695        16.000000000000000        0.0000000000000000     
   2           1         267   1.0204371839478878E-005   3.0933158386290361E-006   1.7718891906862272E-005   2.0697707315711034       0.51216364150769256       0.51379310000000000        0.0000000000000000        0.0000000000000000        43.675392994865419        698.80628791784670        16.000000000000000        0.0000000000000000     
   2           1         268   1.0448418933081782E-005   3.9782997473792663E-006   1.7285636985297057E-005   2.0425179680478607       0.49047209877115588       0.51379310000000000        0.0000000000000000        0.0000000000000000        42.608821957052456        681.74115131283929        16.000000000000000        0.0000000000000000     
   2           1         269   8.5039078694177368E-006  -8.9036764201141898E-007   1.8431191783470713E-005   1.9285616073620833       0.54585086938675309       0.51379310000000000        0.0000000000000000        1.0000000000000000        47.145503365608441        754.32805384973506        16.000000000000000        0.0000000000000000     
   2           1         270  -4.2528570847257403E-008  -1.6578249187715221E-005   1.7431388719249392E-005   5.0394289158835939       0.58516844483813224       0.51379310000000000        0.0000000000000000        0.0000000000000000        48.586466901239390        777.38347041983025        16.000000000000000        6.2500000000000000E-002
   2           1         271   4.1665231037896070E-006  -9.6633109895712198E-006   1.8781028433338687E-005   2.2544762318695173       0.57994701227207512       0.51379310000000000        0.0000000000000000        0.0000000000000000        42.017833333112534        672.28533332980055        16.000000000000000        6.2500000000000000E-002
   2           1         272   9.5876105042843366E-006   3.2908286245659162E-006   1.6241656512278896E-005   1.9852410984367497       0.54419432874750528       0.51379310000000000        0.0000000000000000        0.0000000000000000        45.663141896591469        730.61027034546350        16.000000000000000        0.0000000000000000     
   2           1         273   1.1142426324327477E-005   4.7081650089957942E-006   1.7941752017595680E-005   2.2048542514322214       0.56179923615356109       0.51379310000000000        0.0000000000000000        0.0000000000000000        45.210440700733415        723.36705121173463        16.000000000000000        0.0000000000000000     
   2           1         274   1.3752201294852448E-005   8.4239994116389151E-006   1.9382712427051955E-005   1.8948084815534727       0.47204019983769235       0.51379310000000000        1.0000000000000000        0.0000000000000000        46.847017619865426        749.55228191784681        16.000000000000000        0.0000000000000000     
   2           1         275   1.2994860998720477E-005   7.3810033726091565E-006   1.8927235287687876E-005   2.0456840413295660       0.49180170578671012       0.51379310000000000        0.0000000000000000        0.0000000000000000        48.987188468289197        783.79501549262716        16.000000000000000        0.0000000000000000     
   2           1         276   1.2105924589839344E-005   5.7917421094542046E-006   1.8778358466369678E-005   2.0618813234350273       0.49689854802959238       0.51379310000000000        0.0000000000000000        0.0000000000000000        42.109713501560314        673.75541602496503        16.000000000000000        0.0000000000000000     
   2           1         277   1.5705876655344098E-005   9.9003654824829215E-006   2.1840778448366149E-005   2.1084100225866873       0.46324394853325118       0.51379310000000000        0.0000000000000000        0.0000000000000000        44.451760352015718        711.22816563225149        16.000000000000000        0.0000000000000000     
   2           1         278   9.4805166685863196E-006   3.7722197873135635E-006   1.5512688466949269E-005   1.9267229719142482       0.49605852124303018       0.51379310000000000        0.0000000000000000        0.0000000000000000        46.191618233862087        739.06589174179339        16.000000000000000        0.0000000000000000     
   2           1         279   1.3257906715572077E-005   7.4671961177647882E-006   1.9377168184815000E-005   1.9152143754727537       0.51661196516434926       0.51379310000000000        0.0000000000000000        0.0000000000000000        44.876908156871778        718.03053050994845        16.000000000000000        0.0000000000000000     
   2           1         280   1.3023568268027617E-005   6.4167457010994294E-006   2.0005245919686378E-005   2.0576888704155638       0.45993269381535812       0.51379310000000000        0.0000000000000000        0.0000000000000000        47.321714318570180        757.14742909712288        16.000000000000000        0.0000000000000000     
   2           1         281   1.2954807710589068E-005   7.3044413494628068E-006   1.8925762151628459E-005   1.9986548230338488       0.42969786259243603       0.51379310000000000        0.0000000000000000        0.0000000000000000        39.045892901115415        624.73428641784665        16.000000000000000        0.0000000000000000     
   2           1         282   1.0190956791451247E-005   3.9109070992169333E-006   1.6827321268234689E-005   1.9467234514273475       0.49821241955406337       0.51379310000000000        0.0000000000000000        0.0000000000000000        43.462576912731294        695.40123060370070        16.000000000000000        0.0000000000000000     
   2           1         283   8.6243018841677958E-006   2.4656131039041072E-006   1.5132419725249133E-005   2.0318302727364945       0.50474946685350097       0.51379310000000000        0.0000000000000000        1.0000000000000000        45.699445005752501        731.19112009204002        16.000000000000000        0.0000000000000000     
   2           1         284   1.2315826427218129E-005   6.1396791674541310E-006   1.8842393299573773E-005   2.0285963789903398       0.46185115470051058       0.51379310000000000        0.0000000000000000        0.0000000000000000        50.342549773970333        805.48079638352533        16.000000000000000        0.0000000000000000     
   2           1         285   1.0588090182903762E-005   4.7436895139249646E-006   1.6764087967708473E-005   1.9740857614155982       0.48312105007678052       0.51379310000000000        0.0000000000000000        0.0000000000000000        48.756865732597490        780.10985172155983        16.000000000000000        0.0000000000000000     
   2           1         286   1.2860701544330631E-005   5.8546684147334611E-006   2.0264239997525160E-005   2.2774044797062283       0.46901733599326212       0.51379310000000000        0.0000000000000000        0.0000000000000000        42.059925842231351        672.95881347570162        16.000000000000000        0.0000000000000000     
   2           1         287  -2.0974278591886334E-006  -2.1212145069000835E-005   1.8101812034059408E-005   4.4558025796344758       0.55956332934314057       0.51379310000000000        0.0000000000000000        0.0000000000000000        41.440993343264545        663.05589349223271        16.000000000000000        6.2500000000000000E-002
   2           1         288   1.2272933180783181E-005   6.7762421814300209E-006   1.8081493092828547E-005   2.0278876793378493       0.51977926892787119       0.51379310000000000        0.0000000000000000        0.0000000000000000        46.845596338615429        749.52954141784687        16.000000000000000        0.0000000000000000     
   2           1         289   1.2464498027744039E-005   6.3115448297548346E-006   1.8966554863526349E-005   1.9266952423847090       0.58415683424184983       0.51379310000000000        0.0000000000000000        0.0000000000000000        51.051501199779295        816.82401919646873        16.000000000000000        0.0000000000000000     
   2           1         290   1.3525550328220279E-005   7.9619928758157680E-006   1.9404770533649475E-005   1.9320972607043281       0.59253668489657207       0.51379310000000000        0.0000000000000000        0.0000000000000000        50.258229793587439        804.13167669739903        16.000000000000000        0.0000000000000000     
   2           1         291   1.1005218716722588E-005   4.9117219842824322E-006   1.7444445671338261E-005   2.0250669275294384       0.56650098000831806       0.51379310000000000        0.0000000000000000        0.0000000000000000        40.896323692559832        654.34117908095732        16.000000000000000        0.0000000000000000     
   2           1         292   1.2098017132626322E-005   6.4998702217702626E-006   1.8013789318467536E-005   1.9594598201344686       0.55511313011378371       0.51379310000000000        0.0000000000000000        0.0000000000000000        43.905352191796538        702.48563506874461        16.000000000000000        0.0000000000000000     
   2           1         293  -9.3168328226248826E-006  -3.5091287580176957E-005   1.7920001970736492E-005   2.3495451456140901       0.61625182715744908       0.51379310000000000        0.0000000000000000        0.0000000000000000        44.807774423476758        716.92439077562813        16.000000000000000        6.2500000000000000E-002
   2           1         294  -1.4562659334442729E-005  -4.1729116186757243E-005   1.4145156375632089E-005   3.0376303050117865       0.47531007114139112       0.51379310000000000        0.0000000000000000        0.0000000000000000        48.789782908605986        780.63652653769577        16.000000000000000       0.12500000000000000     
   2           1         295  -1.0355740735567568E-005  -3.5788980045086233E-005   1.6520518873004636E-005   7.9213820825459145       0.61919683810260029       0.51379310000000000        0.0000000000000000        0.0000000000000000        53.376012633392335        854.01620213427736        16.000000000000000       0.25000000000000000     
   2           1         296   1.1771008213549017E-005   5.5180594626513491E-006   1.8378734107329842E-005   2.0670376036696507       0.55304764277212204       0.51379310000000000        0.0000000000000000        0.0000000000000000        43.421917740226711        694.75068384362737        16.000000000000000        0.0000000000000000     
   2           1         297   1.0523088138888395E-005   4.8490641724203934E-006   1.6519042460403814E-005   1.9627990670073763       0.50563169496674787       0.51379310000000000        0.0000000000000000        0.0000000000000000        43.718999736587563        699.50399578540100        16.000000000000000        0.0000000000000000     
   2           1         298   1.2080624654385435E-005   5.4192441638695148E-006   1.9119955713861140E-005   2.1414721112557107       0.50690635442372900       0.51379310000000000        0.0000000000000000        0.0000000000000000        47.551199858946717        760.81919774314747        16.000000000000000        0.0000000000000000     
   2           1         299   9.8876467924867825E-006   3.6754697993123731E-006   1.6452287637919719E-005   2.0392015127213670       0.52212519276879465       0.51379310000000000        0.0000000000000000        0.0000000000000000        47.356127958289697        757.69804733263516        16.000000000000000        0.0000000000000000     
   2           1         300   1.0949519425830703E-005   4.6132436489667137E-006   1.7645300118885101E-005   2.0528394937575740       0.53238810321310237       0.51379310000000000        0.0000000000000000        0.0000000000000000        50.829679766888681        813.27487627021890        16.000000000000000        0.0000000000000000     
   2           1         301  -6.5459052366376627E-006  -2.9002243351081539E-005   1.7184551024817331E-005   2.2896493586874502       0.58695753352891700       0.51379310000000000        0.0000000000000000        0.0000000000000000        44.976160074199079        719.61856118718526        16.000000000000000        6.2500000000000000E-002
   2           1         302   1.0682455592746277E-005   3.9816496769022048E-006   1.7763448980540391E-005   2.0319230903535388       0.51002778849932562       0.51379310000000000        0.0000000000000000        0.0000000000000000        44.777290914642336        716.43665463427737        16.000000000000000        0.0000000000000000     
   2           1         303   6.8432524982020373E-006  -3.5905440892901299E-006   1.7869037392363441E-005   3.2573424207799873       0.56397329739288460       0.51379310000000000        1.0000000000000000        0.0000000000000000        45.693893058191449        731.10228893106319        16.000000000000000        6.2500000000000000E-002
   2           1         304   1.2810096146382552E-005   6.8080282993254099E-006   1.9152706762459066E-005   2.0534660286285757       0.52588207635442497       0.51379310000000000        0.0000000000000000        0.0000000000000000        49.569342432766767        793.10947892426827        16.000000000000000        0.0000000000000000     
   2           1         305   2.1004193688824031E-006  -1.0218668256068443E-005   1.5118462140375774E-005   2.8325063336134888       0.41834755858391298       0.51379310000000000        0.0000000000000000        0.0000000000000000        49.269016709176540        788.30426734682464        16.000000000000000        6.2500000000000000E-002
   2           1         306   9.6985364761912729E-006   3.3964939168759417E-006   1.6358141641980698E-005   1.9088624081056145       0.59221451292862881       0.51379310000000000        0.0000000000000000        0.0000000000000000        42.896101092164287        686.33761747462859        16.000000000000000        0.0000000000000000     
   2           1         307   1.1528081878747725E-005   4.9928919297804434E-006   1.8434062651477624E-005   2.1640080440991980       0.49110583482501230       0.51379310000000000        0.0000000000000000        0.0000000000000000        44.554753578625011        712.87605725800017        16.000000000000000        0.0000000000000000     
   2           1         308   1.3151968331009494E-006  -1.4911139404810703E-005   1.8462176025125594E-005   4.8874998874400939       0.58353119794979003       0.51379310000000000        0.0000000000000000        0.0000000000000000        45.875739036417556        734.01182458268090        16.000000000000000        6.2500000000000000E-002
   2           1         309  -1.4097094775278330E-006  -1.9281345858959382E-005   1.7475920196769539E-005   5.2982347536098144       0.62121982716382151       0.51379310000000000        0.0000000000000000        0.0000000000000000        47.412058633392341        758.59293813427746        16.000000000000000        6.2500000000000000E-002
   2           1         310  -1.9953896150485427E-006  -1.8998840202041788E-005   1.5972795508995719E-005   4.0339760909116542       0.43006852173999172       0.51379310000000000        0.0000000000000000        0.0000000000000000        52.990188950238050        847.84302320380880        16.000000000000000       0.12500000000000000     
   2           1         311   8.8835802708351878E-006   1.5491842643354562E-006   1.6634112113980216E-005   2.0365843258952507       0.54205164162882391       0.51379310000000000        0.0000000000000000        0.0000000000000000        42.013720886120289        672.21953417792463        16.000000000000000        0.0000000000000000     
   2           1         312   9.5640295739139679E-006   3.3859313395040129E-006   1.6092658114483433E-005   1.9923392950486125       0.52299651151352300       0.51379310000000000        0.0000000000000000        0.0000000000000000        46.141039968585638        738.25663949737020        16.000000000000000        0.0000000000000000     
   2           1         313   8.2848469118336662E-006   1.5330352265522465E-006   1.5419740012686416E-005   3.5794108317797919       0.57019524721898640       0.51379310000000000        0.0000000000000000        0.0000000000000000        45.829591005050062        733.27345608080100        16.000000000000000        6.2500000000000000E-002
   2           1         314   1.0201548235441786E-005   2.8303712376528487E-006   1.7990947934093348E-005   2.0495748207902111       0.55017570985380382       0.51379310000000000        0.0000000000000000        0.0000000000000000        49.435107846000001        790.96172553600002        16.000000000000000        0.0000000000000000     
   2           1         315   1.0831446449492855E-005   3.8791231335478217E-006   1.8178227724504755E-005   2.1324416209591233       0.54066038683970163       0.51379310000000000        0.0000000000000000        0.0000000000000000        51.570099665364950        825.12159464583920        16.000000000000000        0.0000000000000000     
   2           1         316   5.3984547933809784E-006  -6.7139538074012059E-006   1.8198092074263752E-005   2.0640300347129190       0.54259704900694783       0.51379310000000000        0.0000000000000000        0.0000000000000000        43.863583820892330        701.81734113427729        16.000000000000000        0.0000000000000000     
   2           1         317   1.1950264812111376E-005   6.1395036317929173E-006   1.8090714485276446E-005   2.0782850229895424       0.46423852824403572       0.51379310000000000        0.0000000000000000        0.0000000000000000        43.724769377576500        699.59631004122400        16.000000000000000        0.0000000000000000     
   2           1         318   8.8743362801438272E-006   2.0206839251942708E-006   1.6116848243202213E-005   2.1893030050826083       0.52002830271333944       0.51379310000000000        0.0000000000000000        0.0000000000000000        47.094550526659532        753.51280842655251        16.000000000000000        0.0000000000000000     
   2           1         319   1.1719352411557436E-005   4.6151020121377150E-006   1.9226680744194954E-005   2.1453702925847700       0.50329113845831908       0.51379310000000000        0.0000000000000000        0.0000000000000000        45.526189089747078        728.41902543595324        16.000000000000000        0.0000000000000000     
   2           1         320   1.2058689212945301E-005   5.9159036655497020E-006   1.8550001510305563E-005   1.9508240354935831       0.54102593057059922       0.51379310000000000        0.0000000000000000        0.0000000000000000        50.203518769486621        803.25630031178594        16.000000000000000        0.0000000000000000     
   2           1         321   1.3890466524003074E-005   7.9324016742447074E-006   2.0186577519463227E-005   2.0165869713754558       0.47162374717707922       0.51379310000000000        0.0000000000000000        1.0000000000000000        42.240842808079066        675.85348492926505        16.000000000000000        0.0000000000000000     
   2           1         322   1.2091775341044909E-005   6.6673515382372811E-006   1.7823967791128085E-005   2.0181859477839752       0.52258780557922790       0.51379310000000000        0.0000000000000000        0.0000000000000000        45.138341506535582        722.21346410456931        16.000000000000000        0.0000000000000000     
   2           1         323   7.7870576733771165E-006  -2.4459746488048138E-006   1.8600687424855454E-005   2.8983586590434776       0.60690901153984156       0.51379310000000000        0.0000000000000000        1.0000000000000000        42.225781106338502        675.61249770141603        16.000000000000000        6.2500000000000000E-002
   2           1         324   1.4316557756692079E-005   7.3294218237905076E-006   2.1700126832094017E-005   2.0483078009321622       0.48793616301118858       0.51379310000000000        0.0000000000000000        0.0000000000000000        48.719835594332970        779.51736950932752        16.000000000000000        0.0000000000000000     
   2           1         325   1.1747153390567097E-005   5.4280664879534540E-006   1.8424769954345600E-005   2.0076103142347224       0.49380408929222297       0.51379310000000000        0.0000000000000000        0.0000000000000000        46.452283658175247        743.23653853080395        16.000000000000000        0.0000000000000000     
   2           1         326   1.0845321055819021E-005   4.5923218213664048E-006   1.7453100297469061E-005   2.0684422672664904       0.51585182490418702       0.51379310000000000        0.0000000000000000        0.0000000000000000        42.889478872552765        686.23166196084424        16.000000000000000        0.0000000000000000     
   2           1         327   2.0045099428024390E-007  -1.3255330992381284E-005   1.4419681408021954E-005   2.9379968807708829       0.40698117123761851       0.51379310000000000        0.0000000000000000        0.0000000000000000        43.186869383498014        690.98991013596822        16.000000000000000        6.2500000000000000E-002
   2           1         328   1.2185413062611788E-006  -1.3238547193291725E-005   1.6495889935331286E-005   3.9909825071372467       0.38643404880263460       0.51379310000000000        0.0000000000000000        0.0000000000000000        45.887041016204591        734.19265625927346        16.000000000000000        6.2500000000000000E-002
   2           1         329   6.9110209387558455E-006   1.1164601350634469E-006   1.3034351065225182E-005   1.8679364808333063       0.57048050740479195       0.51379310000000000        0.0000000000000000        0.0000000000000000        49.521694755852245        792.34711609363592        16.000000000000000        0.0000000000000000     
   2           1         330   6.5447568037966799E-006  -4.2127840183856710E-006   1.7912654395141906E-005   1.9980762745512466       0.55526310496011055       0.51379310000000000        0.0000000000000000        0.0000000000000000        49.015347258392346        784.24555613427754        16.000000000000000        0.0000000000000000     
   2           1         331   3.2759601548301272E-006  -1.0233015893361188E-005   1.7551402732107041E-005   3.7817601698933649       0.37699071461820455       0.51379310000000000        0.0000000000000000        0.0000000000000000        40.421849349731090        646.74958959569744        16.000000000000000        6.2500000000000000E-002
   2           1         332   7.6747641888621244E-006  -2.0351008946718537E-006   1.7935543461741399E-005   3.1624729416461497       0.49707734584891228       0.51379310000000000        1.0000000000000000        0.0000000000000000        42.321662602395079        677.14660163832127        16.000000000000000        6.2500000000000000E-002
   2           1         333   8.4361663573537994E-006  -6.0896789911631830E-007   1.7994499588634250E-005   2.0287288037277214       0.57805549379047849       0.51379310000000000        0.0000000000000000        1.0000000000000000        45.350772099256382        725.61235358810211        16.000000000000000        6.2500000000000000E-002
   2           1         334   7.0889743450427335E-006   2.5034584891428349E-007   1.4315610031977855E-005   1.9774132531137776       0.57829019788062586       0.51379310000000000        0.0000000000000000        0.0000000000000000        46.979685743773565        751.67497190037705        16.000000000000000        0.0000000000000000     
   2           1         335   1.2993582001968724E-005   6.5047395619710407E-006   1.9850585620506818E-005   2.1119433607493807       0.54278390789599240       0.51379310000000000        0.0000000000000000        0.0000000000000000        50.393348856530878        806.29358170449404        16.000000000000000        0.0000000000000000     
   2           1         336   8.2782792593170591E-006   1.6290048113653701E-007   1.6854104941995606E-005   2.5943433491423780       0.56163318526242034       0.51379310000000000        0.0000000000000000        1.0000000000000000        40.686647523800218        650.98636038080349        16.000000000000000        6.2500000000000000E-002
   2           1         337   8.5923789536823582E-006   2.2055916174239710E-006   1.5341537109472988E-005   2.0186206882178537       0.55111400413948552       0.51379310000000000        0.0000000000000000        0.0000000000000000        42.513589307365422        680.21742891784675        16.000000000000000        0.0000000000000000     
   2           1         338   1.2597952085074780E-005   5.6751734948441048E-006   1.9913512338309270E-005   2.0479655528497576       0.45112703654938618       0.51379310000000000        0.0000000000000000        1.0000000000000000        43.712398955923987        699.39838329478380        16.000000000000000        0.0000000000000000     
   2           1         339   1.2803456572465847E-005   6.0456558345010565E-006   1.9944678530321391E-005   2.0795676733190094       0.44745539059496042       0.51379310000000000        0.0000000000000000        0.0000000000000000        47.550929307590032        760.81486892144051        16.000000000000000        0.0000000000000000     
   2           1         340  -3.9223258332725715E-006  -2.1510940717177237E-005   1.4664224390319269E-005   2.9503099860734299       0.43761254570020275       0.51379310000000000        0.0000000000000000        0.0000000000000000        51.736518478489714        827.78429565583542        16.000000000000000        6.2500000000000000E-002
   2           1         341   1.1161975200208683E-005   4.7349124901025617E-006   1.7953693856854696E-005   1.9815671666072190       0.44986750623940719       0.51379310000000000        0.0000000000000000        0.0000000000000000        44.177967451748557        706.84747922797692        16.000000000000000        0.0000000000000000     
   2           1         342   7.3394006708614881E-006   1.0135910785823834E-006   1.4024121353407485E-005   1.9528613379789390       0.57479929107783412       0.51379310000000000        0.0000000000000000        0.0000000000000000        42.843405690294873        685.49449104471796        16.000000000000000        0.0000000000000000     
   2           1         343   1.2813515032570307E-005   3.9010241391264925E-006   2.2231679038191450E-005   2.8967292460058292       0.58384246595893541       0.51379310000000000        0.0000000000000000        1.0000000000000000        45.932652280768757        734.92243649230011        16.000000000000000        6.2500000000000000E-002
   2           1         344   9.2996760448045509E-006   4.3205713063569080E-006   1.4561283107130919E-005   1.8346488144551354       0.47080137728039728       0.51379310000000000        0.0000000000000000        0.0000000000000000        44.859656369865426        717.75450191784682        16.000000000000000        0.0000000000000000     
   2           1         345   1.2176658188683211E-005   6.0454339290083597E-006   1.8655753238904467E-005   2.0018224241115630       0.57128903383546747       0.51379310000000000        0.0000000000000000        0.0000000000000000        49.387337164420920        790.19739463073472        16.000000000000000        0.0000000000000000     
   2           1         346   1.0946070791746990E-005   4.1984471825297299E-006   1.8076538195259759E-005   2.0551005761737504       0.54187745234226192       0.51379310000000000        0.0000000000000000        0.0000000000000000        43.638179571639064        698.21087314622503        16.000000000000000        0.0000000000000000     
   2           1         347   9.9517235981412904E-006   2.5803085367358257E-006   1.7741374867561429E-005   2.0178964115716700       0.55868543718884012       0.51379310000000000        0.0000000000000000        0.0000000000000000        45.042858681932856        720.68573891092569        16.000000000000000        0.0000000000000000     
   2           1         348   1.3176769500739658E-005   7.2111312058617517E-006   1.9480883640222838E-005   2.0934471729165400       0.52801599039869151       0.51379310000000000        0.0000000000000000        0.0000000000000000        44.788265544497342        716.61224871195748        16.000000000000000        0.0000000000000000     
   2           1         349   8.8997785806124494E-006   2.5112108288011573E-006   1.5650818168415587E-005   2.0403983131635668       0.50017233294391805       0.51379310000000000        0.0000000000000000        0.0000000000000000        47.769475926077902        764.31161481724644        16.000000000000000        0.0000000000000000     
   2           1         350   1.2989369845292923E-005   6.9367792830458928E-006   1.9385369712854283E-005   1.9909620301074122       0.57489411726025264       0.51379310000000000        0.0000000000000000        0.0000000000000000        48.567705738906419        777.08329182250270        16.000000000000000        0.0000000000000000     
   2           1         351   1.1533732928051551E-005   5.4940838128502328E-006   1.7916057082256886E-005   2.0614574144210560       0.49451342478700472       0.51379310000000000        0.0000000000000000        0.0000000000000000        43.244692633392333        691.91508213427733        16.000000000000000        0.0000000000000000     
   2           1         352   1.0902426194049096E-005   6.5157299818271009E-006   1.5538012907515537E-005   1.9735990304412989       0.49639172432244671       0.51379310000000000        0.0000000000000000        0.0000000000000000        48.339439302193831        773.43102883510130        16.000000000000000        0.0000000000000000     
   2           1         353   1.4723881442050128E-005   9.2039718850324268E-006   2.0556977276394610E-005   2.0429819752209428       0.47560088709874992       0.51379310000000000        0.0000000000000000        1.0000000000000000        47.885246103557108        766.16393765691373        16.000000000000000        0.0000000000000000     
   2           1         354   1.0197781720164861E-005   8.8542997846609431E-007   2.0038493708533661E-005   1.9688028943416767       0.43984365756656013       0.51379310000000000        0.0000000000000000        0.0000000000000000        47.563491491196032        761.01586385913652        16.000000000000000        0.0000000000000000     
   2           1         355   1.1599873285406883E-005   4.5440910219553005E-006   1.9055983517622453E-005   2.0516823089767362       0.45403637503083494       0.51379310000000000        0.0000000000000000        0.0000000000000000        51.586639980786238        825.38623969257981        16.000000000000000        0.0000000000000000     
   2           1         356   1.3490190096426759E-005   7.7838427405086132E-006   1.9520301758095138E-005   2.0097444933803832       0.44881918577588992       0.51379310000000000        0.0000000000000000        1.0000000000000000        41.618245261531904        665.89192418451046        16.000000000000000        0.0000000000000000     
   2           1         357   6.2967131196240439E-006  -2.7175792761919341E-006   1.5822454597898051E-005   3.1272934007789828       0.44199383234313572       0.51379310000000000        0.0000000000000000        1.0000000000000000        44.877720057992562        718.04352092788099        16.000000000000000       0.12500000000000000     
   2           1         358   1.2210330575598628E-005   6.0358981734967274E-006   1.8735085293427438E-005   2.1009760591835001       0.41672372165068294       0.51379310000000000        0.0000000000000000        0.0000000000000000        49.177680945892348        786.84289513427757        16.000000000000000        0.0000000000000000     
   2           1         359   1.0074114042226660E-005   4.7263008084265170E-006   1.5725349225469038E-005   1.9382629209734810       0.52316291455810315       0.51379310000000000        0.0000000000000000        0.0000000000000000        49.459869977549978        791.35791964079965        16.000000000000000        0.0000000000000000     
   2           1         360   1.0448931713307005E-005   4.5027398489439613E-006   1.6732496078983361E-005   1.9772053273318917       0.53154022392175626       0.51379310000000000        0.0000000000000000        0.0000000000000000        49.486113447882644        791.77781516612231        16.000000000000000        0.0000000000000000     
   2           1         361   1.1293996310535970E-005   5.0192583605406146E-006   1.7924747669712065E-005   2.0633647038126548       0.48372831494093593       0.51379310000000000        0.0000000000000000        0.0000000000000000        43.515456399731157        696.24730239569851        16.000000000000000        0.0000000000000000     
   2           1         362   2.0770628454508898E-006  -9.6699154576449707E-006   1.4490536200066985E-005   2.7486681347399111       0.42242737011513881       0.51379310000000000        0.0000000000000000        0.0000000000000000        43.531109561443714        696.49775298309942        16.000000000000000        6.2500000000000000E-002
   2           1         363   1.1648840863050137E-005   5.5645502973867413E-006   1.8078339315319073E-005   2.0636177265253122       0.55680503918605129       0.51379310000000000        0.0000000000000000        0.0000000000000000        46.862717611108344        749.80348177773351        16.000000000000000        0.0000000000000000     
   2           1         364   1.3028411936840400E-005   7.0454959520523672E-006   1.9350784060444451E-005   1.9528192210117643       0.54456287415403948       0.51379310000000000        0.0000000000000000        0.0000000000000000        49.879844734978633        798.07751575965813        16.000000000000000        0.0000000000000000     
   2           1         365   1.1220077654173664E-005   4.8944063508712950E-006   1.7904652201562403E-005   1.9763062486787533       0.54762589745380730       0.51379310000000000        1.0000000000000000        0.0000000000000000        50.229282508392330        803.66852013427729        16.000000000000000        0.0000000000000000     
   2           1         366   1.1051423911180430E-005   4.5843540751036142E-006   1.7885419601069933E-005   2.1150646451567163       0.60087802610383745       0.51379310000000000        0.0000000000000000        0.0000000000000000        41.666541037794332        666.66465660470931        16.000000000000000        0.0000000000000000     
   2           1         367   7.8463259634435463E-006  -4.1151014063558038E-006   2.0486415704568669E-005   2.2242599514640502       0.52468271614223405       0.51379310000000000        0.0000000000000000        1.0000000000000000        46.745002901080305        747.92004641728488        16.000000000000000        6.2500000000000000E-002
   2           1         368   9.0299754650768278E-006   3.1383500837259807E-006   1.5255877377869239E-005   2.0335108620482196       0.50876291196034396       0.51379310000000000        0.0000000000000000        0.0000000000000000        45.882310788509628        734.11697261615404        16.000000000000000        0.0000000000000000     
   2           1         369  -1.1263189275154383E-006  -1.6128522495374890E-005   1.4727073276422852E-005   4.1979555712702066       0.37494339982342245       0.51379310000000000        0.0000000000000000        0.0000000000000000        50.240399054913929        803.84638487862287        16.000000000000000        6.2500000000000000E-002
   2           1         370   9.9989310133859919E-006   3.9922049651403226E-006   1.6346464125686183E-005   1.8630492061901811       0.54890222107918341       0.51379310000000000        0.0000000000000000        0.0000000000000000        49.692845528878472        795.08552846205555        16.000000000000000        0.0000000000000000     
   2           1         371   9.0487498383406318E-006   3.6695669105350102E-006   1.4733134555925475E-005   1.8331288632163261       0.58228754836416119       0.51379310000000000        0.0000000000000000        0.0000000000000000        42.381842850458831        678.10948560734130        16.000000000000000        0.0000000000000000     
   2           1         372   1.2862856921413446E-005   4.4051819650868856E-006   2.1800399836998290E-005   2.9684027068902346       0.46884043011395243       0.51379310000000000        0.0000000000000000        1.0000000000000000        44.310081508392337        708.96130413427738        16.000000000000000        6.2500000000000000E-002
   2           1         373   1.2763846158277614E-005   6.7750740404795210E-006   1.9092406677672325E-005   2.0422145884229446       0.48290067290186306       0.51379310000000000        0.0000000000000000        0.0000000000000000        49.138406449043131        786.21450318469010        16.000000000000000        0.0000000000000000     
   2           1         374   1.1422179558706533E-005   5.4720782283416176E-006   1.7709875204001092E-005   1.9952337785759295       0.50507118969153264       0.51379310000000000        0.0000000000000000        0.0000000000000000        47.895316391187663        766.32506225900261        16.000000000000000        0.0000000000000000     
   2           1         375   2.3436635352196014E-006  -1.2028067848197503E-005   1.7530812092455883E-005   2.2418187007853798       0.44220599645275166       0.51379310000000000        0.0000000000000000        0.0000000000000000        52.907588763067920        846.52142020908673        16.000000000000000        6.2500000000000000E-002
   2           1         376   1.0145285882364711E-005   3.2114176492288626E-006   1.7472564977939895E-005   2.3471842269694614       0.49608605976338016       0.51379310000000000        0.0000000000000000        0.0000000000000000        40.490977619088881        647.85564190542209        16.000000000000000        0.0000000000000000     
   2           1         377   1.0704114818787492E-005   4.0622696823954517E-006   1.7722802135538500E-005   2.2506207081806315       0.48296933275871534       0.51379310000000000        0.0000000000000000        0.0000000000000000        44.995637383838037        719.93019814140860        16.000000000000000        0.0000000000000000     
   2           1         378   9.4920724450158789E-007  -1.1495043874312479E-005   1.4099514982862091E-005   2.8401774689021195       0.44252235342982404       0.51379310000000000        0.0000000000000000        0.0000000000000000        46.208227806558249        739.33164490493198        16.000000000000000        6.2500000000000000E-002
   2           1         379   1.3919782710722517E-006  -1.1663647105660301E-005   1.5188348159590795E-005   2.8736798855647065       0.41174202600435827       0.51379310000000000        0.0000000000000000        0.0000000000000000        49.514881820892342        792.23810913427747        16.000000000000000        6.2500000000000000E-002
   2           1         380   1.1490720510421293E-005   4.8737342250551956E-006   1.8483138545244744E-005   2.0888766294103145       0.48418263234010839       0.51379310000000000        0.0000000000000000        0.0000000000000000        50.452144667267348        807.23431467627756        16.000000000000000        0.0000000000000000     
   2           1         381   8.9955920887572017E-006   2.1327121016451698E-006   1.6247855237441730E-005   2.0251122697030084       0.52924724882048557       0.51379310000000000        0.0000000000000000        0.0000000000000000        44.432005875773058        710.91209401236893        16.000000000000000        0.0000000000000000     
   2           1         382   8.8806943140393284E-006   2.8881954549720249E-006   1.5213193020960785E-005   2.0931408839991974       0.48978975278649600       0.51379310000000000        0.0000000000000000        0.0000000000000000        42.463187278287016        679.41099645259226        16.000000000000000        0.0000000000000000     
   2           1         383  -3.1859068532211104E-006  -2.5711876692349974E-005   2.0618131868056457E-005   2.3212736357994719       0.61118275943549838       0.51379310000000000        0.0000000000000000        0.0000000000000000        47.620938431292274        761.93501490067638        16.000000000000000        6.2500000000000000E-002
   2           1         384   1.2564587139758420E-005   6.0073802553407320E-006   1.9493834035444649E-005   2.1765520624421928       0.46905063132020075       0.51379310000000000        0.0000000000000000        0.0000000000000000        47.355628359112686        757.69005374580297        16.000000000000000        0.0000000000000000     
   2           1         385  -4.5879715068439613E-006  -4.5879715068439613E-006   1.7255637333703082E-005   2.6154265125843863       0.40537341955923861        1.0000000000000000        1.0000000000000000        0.0000000000000000        42.391263152230835        678.26021043569335        16.000000000000000        6.2500000000000000E-002
   2           1         386  -3.8112831934576602E-008  -1.7045314976631556E-005   1.7934036704096930E-005   3.8562391835548055       0.55471974220143494       0.51379310000000000        0.0000000000000000        1.0000000000000000        43.600289463615418        697.60463141784669        16.000000000000000       0.12500000000000000     
   2           1         387   1.1509955505624041E-005   4.6173168967024945E-006   1.8793665708126785E-005   2.1883120612864344       0.47458958741574148       0.51379310000000000        0.0000000000000000        0.0000000000000000        44.502551307024099        712.04082091238558        16.000000000000000        0.0000000000000000     
   2           1         388   1.2685930181838557E-005   6.2618582281945548E-006   1.9474488393755973E-005   2.0980517477896532       0.47440753114336548       0.51379310000000000        0.0000000000000000        0.0000000000000000        44.318352042683799        709.09363268294078        16.000000000000000        0.0000000000000000     
   2           1         389   1.2859562933337132E-005   7.2929759357502060E-006   1.8741984572992446E-005   2.0036797311276162       0.55596422953748137       0.51379310000000000        1.0000000000000000        0.0000000000000000        47.659969941168868        762.55951905870188        16.000000000000000        0.0000000000000000     
   2           1         390   1.1547955113919644E-005   5.6657403076646655E-006   1.7763912518414820E-005   1.9908106327790691       0.50055259808697738       0.51379310000000000        0.0000000000000000        0.0000000000000000        51.071358439409032        817.14173503054451        16.000000000000000        0.0000000000000000     
   2           1         391   1.0990215370731960E-005   4.5401609989543346E-006   1.7806230180155510E-005   2.1803215850198248       0.47148309529543198       0.51379310000000000        0.0000000000000000        0.0000000000000000        43.002239762163512        688.03583619461619        16.000000000000000        0.0000000000000000     
   2           1         392   3.0875498381864390E-006  -9.9124007454997992E-006   1.6825086080965126E-005   2.6723046706957612       0.48691191446342930       0.51379310000000000        0.0000000000000000        1.0000000000000000        40.717182979646012        651.47492767433619        16.000000000000000       0.12500000000000000     
   2           1         393   1.2359341452015577E-005   8.1095058592206311E-006   1.6850302406524158E-005   1.8620888599689978       0.50288732932899849       0.51379310000000000        0.0000000000000000        0.0000000000000000        46.507249303169267        744.11598885070828        16.000000000000000        0.0000000000000000     
   2           1         394   1.1176974293785956E-005   4.5602833026998516E-006   1.8169080280048527E-005   2.0314127745870163       0.46961820263875781       0.51379310000000000        0.0000000000000000        0.0000000000000000        47.950611073115049        767.20977716984078        16.000000000000000        0.0000000000000000     
   2           1         395   1.1626507138850503E-005   5.5124797011276768E-006   1.8087429661160994E-005   2.0502426539436667       0.53761628912171755       0.51379310000000000        1.0000000000000000        0.0000000000000000        46.581707408530605        745.30731853648967        16.000000000000000        0.0000000000000000     
   2           1         396   1.1480687316382104E-005   4.7425199144275940E-006   1.8601161990372136E-005   2.1159238206264899       0.46411704096479550       0.51379310000000000        0.0000000000000000        0.0000000000000000        43.421301583771097        694.74082534033755        16.000000000000000        0.0000000000000000     
   2           1         397   1.0875098269214953E-005   5.2584466110601217E-006   1.6810425116825060E-005   1.9612582033175290       0.53044706602525882       0.51379310000000000        0.0000000000000000        0.0000000000000000        46.007187882338883        736.11500611742213        16.000000000000000        0.0000000000000000     
   2           1         398   5.2855586510276479E-006  -7.9210289778584726E-006   1.9241456023662687E-005   2.6466309762282241       0.44901214748661528       0.51379310000000000        0.0000000000000000        1.0000000000000000        48.286968995367303        772.59150392587685        16.000000000000000       0.12500000000000000     
   2           1         399   1.2015607698508427E-005   5.9496339566146974E-006   1.8425750074863715E-005   2.0515977145190383       0.54377308510564226       0.51379310000000000        0.0000000000000000        0.0000000000000000        46.783794483670476        748.54071173872762        16.000000000000000        0.0000000000000000     
   2           1         400   1.1930399592055660E-005   5.4439083550550940E-006   1.8784918606041170E-005   2.0055466376871935       0.49520046167261772       0.51379310000000000        0.0000000000000000        0.0000000000000000        49.809490883392336        796.95185413427737        16.000000000000000        0.0000000000000000     
   2           1         401   1.1853035190205803E-005   5.1207385922370102E-006   1.8967305965033670E-005   2.0354457817586251       0.49403273062289149       0.51379310000000000        0.0000000000000000        0.0000000000000000        40.424783602620693        646.79653764193108        16.000000000000000        0.0000000000000000     
   2           1         402   1.1308399691356990E-005   5.0447199575772602E-006   1.7927465417955640E-005   2.0921145530569087       0.51906946424584455       0.51379310000000000        0.0000000000000000        0.0000000000000000        45.363402292792202        725.81443668467523        16.000000000000000        0.0000000000000000     
   2           1         403   1.1166648813395773E-005   4.0989543490176110E-006   1.8635347115920490E-005   2.0579754536680972       0.52876696928388556       0.51379310000000000        0.0000000000000000        0.0000000000000000        49.419209258186740        790.70734813098784        16.000000000000000        0.0000000000000000     
   2           1         404   1.2947258541234242E-005   5.8326045854645788E-006   2.0465580702771437E-005   2.2027495692035006       0.54515906627506161       0.51379310000000000        0.0000000000000000        1.0000000000000000        50.856861106429093        813.70977770286549        16.000000000000000        6.2500000000000000E-002
   2           1         405   1.2684956463087962E-005   6.5580095379653642E-006   1.9159531493171540E-005   2.0010317360861496       0.53822438824975594       0.51379310000000000        0.0000000000000000        0.0000000000000000        49.516176054985742        792.25881687977187        16.000000000000000        0.0000000000000000     
   2           1         406   1.0611149756731517E-005   4.1330823100656517E-006   1.7456767034954663E-005   1.9486142331517033       0.55362967427423571       0.51379310000000000        0.0000000000000000        0.0000000000000000        42.289859559968747        676.63775295949995        16.000000000000000        0.0000000000000000     
   2           1         407   1.3291104109505468E-005   7.8102211708323959E-006   1.9082959049856594E-005   2.0221292514309677       0.55450552423147392       0.51379310000000000        0.0000000000000000        0.0000000000000000        42.928527977142330        686.85644763427729        16.000000000000000        0.0000000000000000     
   2           1         408   1.3311473361725467E-005   8.5370757485040893E-006   1.8356758713146260E-005   1.8880130336278627       0.54481447139182571       0.51379310000000000        0.0000000000000000        1.0000000000000000        47.250133919279975        756.00214270847960        16.000000000000000        0.0000000000000000     
   2           1         409   1.6145642221906496E-005   1.1076854993188724E-005   2.1502020141437331E-005   2.1110785571460582       0.41253244949444706       0.51379310000000000        0.0000000000000000        0.0000000000000000        53.341728329494650        853.46765327191440        16.000000000000000        0.0000000000000000     
   2           1         410   7.5308138972807227E-006  -3.6804778466997115E-006   1.9378207136957062E-005   2.1089568563225747       0.55542757531166476       0.51379310000000000        0.0000000000000000        0.0000000000000000        52.743146990435314        843.89035184696502        16.000000000000000        0.0000000000000000     
   2           1         411   3.3758080255163374E-006  -1.0169676246136930E-005   1.7689830214288145E-005   3.8054752704516304       0.46880795777770379       0.51379310000000000        0.0000000000000000        0.0000000000000000        41.980349045764648        671.68558473223436        16.000000000000000        6.2500000000000000E-002
   2           2           1   1.2309213228317380E-005   6.4123698549707920E-006   1.8540629189312605E-005   2.0278878231722688       0.51645989444729701       0.51379310000000000        0.0000000000000000        0.0000000000000000        43.883902890251605        746.02634913427732        17.000000000000000        0.0000000000000000     
   2           2           2  -1.9307423908749500E-007  -1.9633828426845552E-005   2.0350701179291909E-005   7.8416915843730930       0.67101946934056367       0.51379310000000000        0.0000000000000000        0.0000000000000000        42.941297364806879        730.00205520171698        17.000000000000000       0.11764705882352941     
   2           2           3   1.5091585201329586E-005   9.2027130415438978E-006   2.1314577681444025E-005   2.0564574303561201       0.58004276940921218       0.51379310000000000        0.0000000000000000        0.0000000000000000        47.772430459879118        812.13131781794505        17.000000000000000        0.0000000000000000     
   2           2           4   1.1827612964740592E-005   5.1156793246879186E-006   1.8920365436819665E-005   2.2100968752679941       0.56316805500047651       0.51379310000000000        0.0000000000000000        0.0000000000000000        51.748974732531217        879.73257045303069        17.000000000000000        0.0000000000000000     
   2           2           5   1.1309159835043915E-005   4.7886155039421219E-006   1.8199664033080136E-005   1.9999965669979669       0.53653739836268355       0.51379310000000000        0.0000000000000000        0.0000000000000000        52.475607012480815        892.08531921217389        17.000000000000000        0.0000000000000000     
   2           2           6   1.2043232085210442E-005   5.5581754648884066E-006   1.8896235085848378E-005   2.0730164497194905       0.53284592780527518       0.51379310000000000        0.0000000000000000        0.0000000000000000        42.327725410975276        719.57133198657971        17.000000000000000        0.0000000000000000     
   2           2           7   1.3083466817131930E-005   7.6313400735311575E-006   1.8844934005663187E-005   2.0132583198683931       0.53101996769839732       0.51379310000000000        0.0000000000000000        0.0000000000000000        45.324361878822280        770.51415193997877        17.000000000000000        0.0000000000000000     
   2           2           8   1.2125779596501084E-005   3.3095541282585556E-006   2.1442216310226898E-005   1.8722869886483353       0.50075008640677632       0.51379310000000000        0.0000000000000000        1.0000000000000000        49.871761176470592        847.81994000000009        17.000000000000000        5.8823529411764705E-002
   2           2           9   1.1306359764480373E-005   6.5825406370643770E-006   1.6298196929511478E-005   1.9712810111373213       0.39407367629715939       0.51379310000000000        0.0000000000000000        0.0000000000000000        49.389637293614889        839.62383399145313        17.000000000000000        0.0000000000000000     
   2           2          10   1.1019907562216374E-005   4.6312941521105928E-006   1.7770995398855292E-005   2.0880035566916404       0.51065540169621826       0.51379310000000000        0.0000000000000000        0.0000000000000000        52.516801875772813        892.78563188813780        17.000000000000000        0.0000000000000000     
   2           2          11   1.4892913155216660E-005   9.7507550265213437E-006   2.0326824861596373E-005   2.0592698322667755       0.45181969443744047       0.51379310000000000        0.0000000000000000        0.0000000000000000        43.208452583044426        734.54369391175521        17.000000000000000        0.0000000000000000     
   2           2          12   1.1457348803780144E-005   5.1823838525017891E-006   1.8088340043741493E-005   1.9164123804057402       0.49158459843732533       0.51379310000000000        1.0000000000000000        0.0000000000000000        44.174017838244168        750.95830325015083        17.000000000000000        0.0000000000000000     
   2           2          13   1.0699399324541441E-005   4.5378873935316221E-006   1.7210500495093953E-005   1.9349671843513780       0.50855873515595462       0.51379310000000000        0.0000000000000000        0.0000000000000000        49.618806129087034        843.51970419447957        17.000000000000000        0.0000000000000000     
   2           2          14   9.5550729379110472E-006   4.0141947720153793E-006   1.5410327089133214E-005   1.8467556448434361       0.54921276522228868       0.51379310000000000        0.0000000000000000        0.0000000000000000        48.490962772282650        824.34636712880501        17.000000000000000        0.0000000000000000     
   2           2          15   1.0899184325805608E-005   4.3087133566718306E-006   1.7863582629678432E-005   2.1586049884638290       0.47691177984301186       0.51379310000000000        0.0000000000000000        0.0000000000000000        53.247338007898662        905.20474613427723        17.000000000000000        0.0000000000000000     
   2           2          16   1.3900198176930181E-005   7.5698754172564742E-006   2.0589688093040248E-005   1.9915497173287087       0.51431532736956065       0.51379310000000000        0.0000000000000000        0.0000000000000000        42.489037895903209        722.31364423035450        17.000000000000000        0.0000000000000000     
   2           2          17   7.4734801773878412E-006  -5.0960787324660466E-006   2.0756205366861926E-005   3.6285846188881710       0.40091180238741397       0.51379310000000000        0.0000000000000000        0.0000000000000000        44.887901917360878        763.09433259513492        17.000000000000000        5.8823529411764705E-002
   2           2          18   1.2106555608909857E-005   5.3960079185475253E-006   1.9197843495875336E-005   2.0758046258054281       0.53879778335147244       0.51379310000000000        0.0000000000000000        0.0000000000000000        46.142960637054131        784.43033082992019        17.000000000000000        0.0000000000000000     
   2           2          19   1.2062289146466960E-005   5.8048669567657636E-006   1.8674742291116131E-005   1.9993916190891599       0.45175418003384959       0.51379310000000000        0.0000000000000000        0.0000000000000000        50.449769453451218        857.64608070867075        17.000000000000000        0.0000000000000000     
   2           2          20   1.1505126624918525E-005   4.9190472617968734E-006   1.8464884153707084E-005   2.0247752276393478       0.59572510050865224       0.51379310000000000        0.0000000000000000        0.0000000000000000        50.479160247253191        858.14572420330421        17.000000000000000        0.0000000000000000     
   2           2          21   1.2925251080144444E-005   7.1564479503682419E-006   1.9021362104766835E-005   1.9984774798116010       0.44810204189784170       0.51379310000000000        0.0000000000000000        0.0000000000000000        43.836728670984265        745.22438740673249        17.000000000000000        0.0000000000000000     
   2           2          22   1.2595883902893433E-005   6.4788807888306608E-006   1.9059950934200427E-005   2.0873432406285168       0.53769455751347661       0.51379310000000000        0.0000000000000000        0.0000000000000000        43.333355154957488        736.66703763427734        17.000000000000000        0.0000000000000000     
   2           2          23   1.2260581485386641E-005   6.4325460192396773E-006   1.8419285545451082E-005   2.0386445497217003       0.51533392898092112       0.51379310000000000        0.0000000000000000        0.0000000000000000        47.888027061147270        814.09646003950354        17.000000000000000        0.0000000000000000     
   2           2          24   1.3091732500245485E-005   6.9578995085330338E-006   1.9573584295630936E-005   2.0811722674466306       0.51006111198393000       0.51379310000000000        0.0000000000000000        0.0000000000000000        48.817788415494995        829.90240306341491        17.000000000000000        0.0000000000000000     
   2           2          25   1.4830973803919228E-005   9.2071684886549671E-006   2.0773860189789402E-005   2.0648605678819325       0.50539396816767190       0.51379310000000000        0.0000000000000000        0.0000000000000000        52.012259024260807        832.19614438817291        16.000000000000000        0.0000000000000000     
   2           2          26   1.1577460117326472E-005   5.4633202286999617E-006   1.8038501470731614E-005   2.0149770168062942       0.59335044356073718       0.51379310000000000        0.0000000000000000        0.0000000000000000        42.913194280776004        686.61110849241607        16.000000000000000        0.0000000000000000     
   2           2          27   1.3041511236554993E-005   7.2981084593591139E-006   1.9110780754210878E-005   1.9876784771167275       0.48175508885737028       0.51379310000000000        0.0000000000000000        0.0000000000000000        46.399906400918972        742.39850241470356        16.000000000000000        0.0000000000000000     
   2           2          28   1.3892218783050292E-005   7.7714012598455518E-006   2.0360316643819670E-005   2.0839274286534493       0.53459093016223258       0.51379310000000000        0.0000000000000000        0.0000000000000000        44.222868203358040        707.56589125372864        16.000000000000000        0.0000000000000000     
   2           2          29   1.1578152895284249E-005   5.5911596902107003E-006   1.7904833570761119E-005   2.0302421683668492       0.48383045360175048       0.51379310000000000        0.0000000000000000        0.0000000000000000        49.643518633392347        794.29629813427755        16.000000000000000        0.0000000000000000     
   2           2          30   1.1534764696309342E-006  -9.6730477430404802E-006   1.1980000682302697E-005   2.7048028000667554       0.66187955861355852       0.50000000000000000        0.0000000000000000        1.0000000000000000        51.131026233642338        818.09641973827740        16.000000000000000       0.12500000000000000     
   2           2          31  -9.7383710079753070E-006  -3.1936976621260330E-005   1.2460234605309706E-005   11.500035763004515       0.50003576300452945       0.50000000000000000        0.0000000000000000        1.0000000000000000        51.997681870968748        831.96290993549997        16.000000000000000        3.5000000000000000     
   2           2          32   1.1811575876143686E-005   5.9074050438204854E-006   1.8050735038362287E-005   1.9771508446389132       0.54284295016324580       0.51379310000000000        0.0000000000000000        0.0000000000000000        44.310814403203381        708.97303045125409        16.000000000000000        0.0000000000000000     
   2           2          33   1.0726215398187339E-005   4.5340921129218256E-006   1.7269664736974358E-005   1.9973369534048362       0.49731447263302947       0.51379310000000000        0.0000000000000000        0.0000000000000000        45.499596312922591        727.99354100676146        16.000000000000000        0.0000000000000000     
   2           2          34   1.0768938578782046E-005   4.0414074605089011E-006   1.7878173492157202E-005   2.1406770509966369       0.49774067268633310       0.51379310000000000        0.0000000000000000        0.0000000000000000        44.288250366735774        708.61200586777238        16.000000000000000        0.0000000000000000     
   2           2          35   2.1702802109277571E-006  -1.1350577194315492E-005   1.6458278264633304E-005   3.7626255075555637       0.40393920855492343       0.51379310000000000        0.0000000000000000        0.0000000000000000        48.959641622735525        783.35426596376840        16.000000000000000        6.2500000000000000E-002
   2           2          36   8.6253069375720516E-006  -1.4984380232668117E-006   1.9323448627948069E-005   2.0627156099379835       0.54882798927307952       0.51379310000000000        0.0000000000000000        0.0000000000000000        41.388270026115414        662.21232041784663        16.000000000000000        0.0000000000000000     
   2           2          37   1.0326201870255496E-005   4.2560837708566036E-006   1.6740723744906791E-005   2.1008026133486828       0.48116343327592215       0.51379310000000000        0.0000000000000000        0.0000000000000000        43.952758005855031        703.24412809368050        16.000000000000000        0.0000000000000000     
   2           2          38   1.1365953731421738E-005   5.4402231821496695E-006   1.7627895856626670E-005   2.0272763267243081       0.48282203229025528       0.51379310000000000        0.0000000000000000        0.0000000000000000        47.594357565383241        761.50972104613186        16.000000000000000        0.0000000000000000     
   2           2          39   1.3146633914569875E-005   6.8390295841694860E-006   1.9812116412843601E-005   2.0852814980754992       0.50074552694469610       0.51379310000000000        0.0000000000000000        0.0000000000000000        47.113643728352606        753.81829965364170        16.000000000000000        0.0000000000000000     
   2           2          40   1.1542914996164867E-005   5.4092605338474055E-006   1.8024578132831778E-005   2.0664186561153750       0.45555720374915187       0.51379310000000000        0.0000000000000000        0.0000000000000000        48.648627272937325        778.37803636699721        16.000000000000000        0.0000000000000000     
   2           2          41   1.3606585698109282E-005   6.8103448318384232E-006   2.0788428783898536E-005   2.0655597719486396       0.54994068122270579       0.51379310000000000        0.0000000000000000        0.0000000000000000        41.714034885353264        667.42455816565223        16.000000000000000        0.0000000000000000     
   2           2          42   1.3664090231518231E-005   7.0812861562425941E-006   2.0620386640574197E-005   2.2248685985270558       0.41088778212947846       0.51379310000000000        0.0000000000000000        0.0000000000000000        43.947188883248053        703.15502213196885        16.000000000000000        0.0000000000000000     
   2           2          43  -8.9814415807003562E-006  -3.3169381496055856E-005   1.6578863367100139E-005   2.2836508972174001       0.57566811000900420       0.51379310000000000        0.0000000000000000        0.0000000000000000        46.412829695892341        742.60527513427746        16.000000000000000        6.2500000000000000E-002
   2           2          44   1.3075592210598371E-005   6.6500702521141184E-006   1.9865682697113018E-005   2.0839879428831751       0.44112094966159587       0.51379310000000000        0.0000000000000000        0.0000000000000000        48.052650799648305        768.84241279437288        16.000000000000000        0.0000000000000000     
   2           2          45   1.4261521243865817E-005   8.6468247895361346E-006   2.0194781954129658E-005   2.0249759786901147       0.52737166029724836       0.51379310000000000        0.0000000000000000        0.0000000000000000        46.672434840436168        746.75895744697868        16.000000000000000        0.0000000000000000     
   2           2          46   5.1786379821410494E-006  -7.5495443673728529E-006   1.8628986520431516E-005   4.8221751596087499       0.43128240185404360       0.51379310000000000        0.0000000000000000        0.0000000000000000        40.354242161729104        645.66787458766566        16.000000000000000        6.2500000000000000E-002
   2           2          47  -1.2468073104513115E-005  -3.7431846202658334E-005   1.2495699993632062E-005   14.012656868487065       0.35449970417662391       0.50000000000000000        0.0000000000000000        1.0000000000000000        48.809835912946177        780.95737460713883        16.000000000000000        4.9375000000000000     
   2           2          48   1.1577322390782438E-005   6.0452538583640061E-006   1.7423267071295359E-005   1.9471735755040056       0.56196900863362176       0.51379310000000000        0.0000000000000000        0.0000000000000000        45.275486767274124        724.40778827638599        16.000000000000000        0.0000000000000000     
   2           2          49  -2.1668420322804912E-005  -6.3066060882256494E-005   1.9729220236646740E-005   21.482173875715986       0.48217387571601272       0.50000000000000000        0.0000000000000000        1.0000000000000000        56.089293241294250        897.42869186070800        16.000000000000000        3.5000000000000000     
   2           2          50   2.6825430193299926E-006  -1.4449420700220012E-005   1.9814506738879916E-005   2.4869950358875852       0.54211719139709602       0.50000000000000000        0.0000000000000000        1.0000000000000000        58.719506695892335        939.51210713427736        16.000000000000000       0.12500000000000000     
   2           2          51   3.2860737202084787E-006  -9.6305784888750711E-006   1.6935585440685547E-005   2.8245471109703084       0.42517603803507581       0.51379310000000000        0.0000000000000000        0.0000000000000000        40.873868189593018        653.98189103348830        16.000000000000000        6.2500000000000000E-002
   2           2          52   1.1980068115501219E-005   6.3090976346694889E-006   1.7972795704012964E-005   2.1124883935085563       0.49003942131434064       0.51379310000000000        0.0000000000000000        0.0000000000000000        43.997929177294040        703.96686683670464        16.000000000000000        0.0000000000000000     
   2           2          53   1.1727244646694362E-005   5.1344942347242705E-006   1.8694051723459585E-005   2.2256612077360023       0.44026276882808907       0.51379310000000000        0.0000000000000000        0.0000000000000000        43.151021535090202        690.41634456144322        16.000000000000000        0.0000000000000000     
   2           2          54   1.0551184673913786E-005   3.9411251592849247E-006   1.7536282929832164E-005   2.0637589263030232       0.47292616184611375       0.51379310000000000        0.0000000000000000        0.0000000000000000        48.737199550417067        779.79519280667307        16.000000000000000        0.0000000000000000     
   2           2          55   4.9338559789024506E-006  -9.8583852964561844E-006   2.0565373139219230E-005   4.6051359438139512       0.57494956613069470       0.51379310000000000        0.0000000000000000        0.0000000000000000        53.138445484761874        850.21512775618999        16.000000000000000        6.2500000000000000E-002
   2           2          56   1.1528370813834856E-005   5.2349495445704392E-006   1.8178865538490904E-005   2.1120819422749992       0.52244595253376791       0.51379310000000000        0.0000000000000000        0.0000000000000000        42.425461180526348        678.80737888842157        16.000000000000000        0.0000000000000000     
   2           2          57   1.6261122966214999E-005   1.0726942133779800E-005   2.2109299793523239E-005   2.0643749491806864       0.58699976822967292       0.51379310000000000        0.0000000000000000        0.0000000000000000        42.869240303169249        685.90784485070799        16.000000000000000        0.0000000000000000     
   2           2          58   1.0639670905406155E-005   4.6538509628510066E-006   1.6965111750295745E-005   2.0470648858677056       0.49579916443890815       0.51379310000000000        0.0000000000000000        0.0000000000000000        45.838239445346218        733.41183112553949        16.000000000000000        0.0000000000000000     
   2           2          59   1.2457078261831102E-005   6.6477962524529708E-006   1.8595964839484662E-005   2.0073745211079226       0.47150457807088403       0.51379310000000000        0.0000000000000000        0.0000000000000000        46.689569207917671        747.03310732668274        16.000000000000000        0.0000000000000000     
   2           2          60   1.2350844358553067E-005   6.6158897000029824E-006   1.8411186431806178E-005   1.8940218036547809       0.57075110076694890       0.51379310000000000        0.0000000000000000        0.0000000000000000        50.772957210008258        812.36731536013212        16.000000000000000        0.0000000000000000     
   2           2          61  -1.3749614786966285E-005  -3.3150964968595033E-005   5.6517353946624728E-006   10.597019707190745       0.33755855509762406       0.50000000000000000        0.0000000000000000        1.0000000000000000        48.727964866406253        779.64743786250006        16.000000000000000        4.8125000000000000     
   2           2          62   1.3703680485234661E-005   7.7688931996369856E-006   1.9975193204012956E-005   2.0513159290464693       0.47254669329748689       0.51379310000000000        0.0000000000000000        0.0000000000000000        45.433180326736164        726.93088522777862        16.000000000000000        0.0000000000000000     
   2           2          63   1.1232692905477755E-005   5.5061265348211243E-006   1.7284170759730892E-005   2.1932216974136081       0.39323454803610908       0.51379310000000000        0.0000000000000000        0.0000000000000000        45.639091842193906        730.22546947510250        16.000000000000000        0.0000000000000000     
   2           2          64   1.5458244607652950E-005   1.0288678731436255E-005   2.0921119110658696E-005   2.1766630343887061       0.40924232275574285       0.51379310000000000        0.0000000000000000        0.0000000000000000        49.569740383392343        793.11584613427749        16.000000000000000        0.0000000000000000     
   2           2          65   1.1661933959931490E-005   5.9267702143641525E-006   1.7722496983291723E-005   1.8844536476629024       0.51882769832348574       0.51379310000000000        0.0000000000000000        0.0000000000000000        49.269573122545324        788.31316996072519        16.000000000000000        0.0000000000000000     
   2           2          66   3.9202526429934362E-006  -9.9120956249773944E-006   1.8537414795320910E-005   2.0613529120770533       0.52304197292202170       0.51379310000000000        0.0000000000000000        1.0000000000000000        42.896770073441246        686.34832117505994        16.000000000000000        6.2500000000000000E-002
   2           2          67   1.3677390107792329E-005   7.9277691382538280E-006   1.9753230622939903E-005   1.9473101575520479       0.58966851008557220       0.51379310000000000        0.0000000000000000        0.0000000000000000        47.077717806094014        753.24348489750423        16.000000000000000        0.0000000000000000     
   2           2          68   1.5808984267390101E-005   9.8898487240267322E-006   2.2063957202049376E-005   2.0881253070459600       0.56174748251641926       0.51379310000000000        0.0000000000000000        0.0000000000000000        46.754249300667752        748.06798881068403        16.000000000000000        0.0000000000000000     
   2           2          69   1.3306725011502519E-005   7.7355371306869925E-006   1.9194008577338949E-005   1.9729400699917257       0.54156382093223099       0.51379310000000000        0.0000000000000000        0.0000000000000000        47.617747287633463        761.88395660213541        16.000000000000000        0.0000000000000000     
   2           2          70   1.2071514562716585E-005   5.4066866756676385E-006   1.9114488615642162E-005   2.1019570446344318       0.47219469562887367       0.51379310000000000        0.0000000000000000        0.0000000000000000        51.584962441721842        825.35939906754948        16.000000000000000        0.0000000000000000     
   2           2          71  -1.9311448970710340E-006  -2.0173447318243628E-005   1.7346181508851961E-005   5.4666235238005818       0.60962915033841225       0.51379310000000000        0.0000000000000000        0.0000000000000000        41.619652070892329        665.91443313427726        16.000000000000000        6.2500000000000000E-002
   2           2          72   3.9931570369954286E-006  -9.8053409279678028E-006   1.8574548302240815E-005   3.7643836801548587       0.44867153524453829       0.51379310000000000        0.0000000000000000        0.0000000000000000        44.880566504978589        718.08906407965742        16.000000000000000        6.2500000000000000E-002
   2           2          73   1.2563663756859727E-005   6.4901375501289489E-006   1.8981787106584937E-005   2.1532976873873615       0.55448209401739479       0.51379310000000000        0.0000000000000000        0.0000000000000000        46.522307926337135        744.35692682139415        16.000000000000000        0.0000000000000000     
   2           2          74   2.1025349631664918E-007  -1.6926771953597542E-005   1.8319592196961687E-005   5.0786135004693200       0.58951371115795637       0.51379310000000000        0.0000000000000000        0.0000000000000000        47.812172312273638        764.99475699637821        16.000000000000000        6.2500000000000000E-002
   2           2          75   1.4792271347941378E-005   8.5657030296826432E-006   2.1372120047332614E-005   2.0752722601109683       0.54831535725508329       0.51379310000000000        0.0000000000000000        0.0000000000000000        49.326172472819160        789.21875956510655        16.000000000000000        0.0000000000000000     
   2           2          76   5.3499983648852469E-006  -6.0079778736032700E-006   1.7352398621441058E-005   2.0068293246912656       0.53019054175747282       0.51379310000000000        0.0000000000000000        0.0000000000000000        44.662355489349537        714.59768782959259        16.000000000000000        0.0000000000000000     
   2           2          77   1.0828213934787254E-005   5.4868529902091111E-006   1.6472630741570296E-005   2.0218408223729489       0.40584667361945898       0.51379310000000000        0.0000000000000000        0.0000000000000000        43.945764880745365        703.13223809192584        16.000000000000000        0.0000000000000000     
   2           2          78   1.6740900187557175E-006  -1.5137948068221788E-005   1.9440002361888256E-005   2.5830449940947093       0.48147365063344971       0.51379310000000000        0.0000000000000000        0.0000000000000000        48.191652195892345        771.06643513427753        16.000000000000000        6.2500000000000000E-002
   2           2          79   1.3085029111970969E-005   5.9819903419092628E-006   2.0591077070340625E-005   2.0603204440181835       0.50668268407842887       0.51379310000000000        0.0000000000000000        0.0000000000000000        47.762424224613369        764.19878759381390        16.000000000000000        0.0000000000000000     
   2           2          80   1.3329730516479974E-005   6.8166785662201437E-006   1.9842782466739894E-005   2.3979147465050428       0.52298238647642281       0.50000000000000000        0.0000000000000000        1.0000000000000000        50.977797840030341        815.64476544048546        16.000000000000000        6.2500000000000000E-002
   2           2          81   5.1533302494763122E-006  -8.1234892483196018E-006   1.9183444276884862E-005   3.7924821076100468       0.34053004023466071       0.51379310000000000        0.0000000000000000        0.0000000000000000        43.503531563260488        696.05650501216780        16.000000000000000        6.2500000000000000E-002
   2           2          82   1.2406383669846659E-005   6.2548166601002875E-006   1.8906975668427904E-005   1.9706212398504936       0.59925723315802704       0.51379310000000000        0.0000000000000000        0.0000000000000000        45.900705023195549        734.41128037112878        16.000000000000000        0.0000000000000000     
   2           2          83  -3.4337154976388645E-006  -2.5505746689697066E-005   1.9890629198958483E-005   2.3633158137697325       0.55898925872425986       0.51379310000000000        0.0000000000000000        0.0000000000000000        45.551607978226244        728.82572765161990        16.000000000000000        6.2500000000000000E-002
   2           2          84  -3.0251861068017460E-006  -2.3536267667173138E-005   1.8649644462768775E-005   2.2425014033743369       0.53204198050270746       0.51379310000000000        0.0000000000000000        0.0000000000000000        48.997494915159464        783.95991864255143        16.000000000000000        6.2500000000000000E-002
   2           2          85   1.4735720012738605E-005   8.5640274773078263E-006   2.0907412548169737E-005   2.0812617044726638       0.49926190320109054       0.50000000000000000        0.0000000000000000        1.0000000000000000        47.063028722007751        753.00845955212401        16.000000000000000        0.0000000000000000     
   2           2          86   1.3524193033880174E-005   8.1291456787741802E-006   1.9225342287884166E-005   1.9736815193191977       0.53009815318603237       0.51379310000000000        0.0000000000000000        0.0000000000000000        42.384494314038243        678.15190902461188        16.000000000000000        0.0000000000000000     
   2           2          87   5.1638850580784188E-006  -8.2681557471934500E-006   1.9358027273392390E-005   3.8171053731464659       0.43743450086137708       0.51379310000000000        0.0000000000000000        0.0000000000000000        44.189107817048360        707.02572507277375        16.000000000000000        6.2500000000000000E-002
   2           2          88   9.6219406022039722E-006   1.0527598437664246E-008   1.9778681863147196E-005   2.2573492127034012       0.45545294384892421       0.51379310000000000        0.0000000000000000        1.0000000000000000        47.135759328240646        754.17214925185033        16.000000000000000        6.2500000000000000E-002
   2           2          89  -6.4551216129278173E-006  -3.0417278026494490E-005   1.8866589424927200E-005   2.3618062940193059       0.51090758563564365       0.51379310000000000        0.0000000000000000        0.0000000000000000        48.488482817250656        775.81572507601049        16.000000000000000        6.2500000000000000E-002
   2           2          90   8.8410432425235626E-006   2.2637395852952498E-006   1.5791527153156411E-005   2.0055134478342760       0.55475498598527528       0.51379310000000000        0.0000000000000000        0.0000000000000000        50.610192770790910        809.76308433265456        16.000000000000000        0.0000000000000000     
   2           2          91   1.2179947040747059E-005   6.6463623033824970E-006   1.8027493951995688E-005   1.9760200266633494       0.49055089348734249       0.51379310000000000        0.0000000000000000        0.0000000000000000        39.638879489847596        634.22207183756154        16.000000000000000        0.0000000000000000     
   2           2          92  -3.8783676004245458E-006  -2.3042806837953193E-005   1.6373415427770902E-005   5.6466284883182372       0.64070053866750398       0.51379310000000000        0.0000000000000000        0.0000000000000000        44.773425557365414        716.37480891784662        16.000000000000000        6.2500000000000000E-002
   2           2          93   1.1924241486802487E-005   6.4229654937287383E-006   1.7737646533988849E-005   2.0350788319930353       0.45238531162659440       0.51379310000000000        0.0000000000000000        0.0000000000000000        44.987597415433100        719.80155864692961        16.000000000000000        0.0000000000000000     
   2           2          94  -2.7444695479042449E-005  -6.9037142409368487E-005   1.6507605989564480E-005   2.6053232786969418       0.65586094048921695       0.51379310000000000        0.0000000000000000        0.0000000000000000        47.821984654486002        765.15175447177603        16.000000000000000       0.12500000000000000     
   2           2          95   1.4398714200127827E-005   8.6049890779774445E-006   2.0521161230512816E-005   1.9884244806016758       0.53454456309210008       0.51379310000000000        0.0000000000000000        0.0000000000000000        51.454217122612128        823.26747396179405        16.000000000000000        0.0000000000000000     
   2           2          96   9.3592320571550534E-006   4.5690954439270551E-007   1.8766650752842051E-005   2.3969476832014833       0.48298161996542227       0.51379310000000000        1.0000000000000000        0.0000000000000000        41.410394320630253        662.56630913008405        16.000000000000000        6.2500000000000000E-002
   2           2          97   1.0245796157825760E-005   4.8550951294279396E-006   1.5942352485088251E-005   2.0022889116101794       0.47120793565299085       0.51379310000000000        0.0000000000000000        0.0000000000000000        42.166781074772118        674.66849719635388        16.000000000000000        0.0000000000000000     
   2           2          98   1.0915271288080077E-005   4.8838125929255407E-006   1.7288940317675535E-005   2.0521712327451391       0.54156090616213459       0.51379310000000000        0.0000000000000000        0.0000000000000000        44.073178513813183        705.17085622101092        16.000000000000000        0.0000000000000000     
   2           2          99   1.2254380088101009E-005   5.9466892413962670E-006   1.8919954011404549E-005   2.1327111415458768       0.45992326121791033       0.51379310000000000        0.0000000000000000        0.0000000000000000        47.169422088615420        754.71075341784672        16.000000000000000        0.0000000000000000     
   2           2         100   5.3724854071388278E-006  -6.4617631501260665E-006   1.7878180518433098E-005   3.5012442575345499       0.36514958125723890       0.51379310000000000        0.0000000000000000        0.0000000000000000        48.874454627276492        781.99127403642387        16.000000000000000        6.2500000000000000E-002
   2           2         101   1.2599091402839481E-005   6.4560963894032845E-006   1.9090625050835734E-005   1.9712265372163160       0.48860128892443760       0.51379310000000000        0.0000000000000000        0.0000000000000000        42.866838668990049        685.86941870384078        16.000000000000000        0.0000000000000000     
   2           2         102   1.5242126282141744E-005   9.3138142464048223E-006   2.1506796361090651E-005   2.0353908400771945       0.53502800852028376       0.51379310000000000        0.0000000000000000        0.0000000000000000        42.549765371619301        680.79624594590882        16.000000000000000        0.0000000000000000     
   2           2         103   1.2285181555979969E-005   5.8147212823210580E-006   1.9122760048654321E-005   2.0314021377987928       0.56844301180315837       0.51379310000000000        0.0000000000000000        0.0000000000000000        44.276918597251104        708.43069755601766        16.000000000000000        0.0000000000000000     
   2           2         104   1.0791944337734316E-005   4.5267469936027748E-006   1.7412613780214874E-005   1.9300316481272088       0.50138593108683749       0.51379310000000000        0.0000000000000000        0.0000000000000000        45.447001730451163        727.15202768721861        16.000000000000000        0.0000000000000000     
   2           2         105   1.2245223812879680E-005   6.5584845839719530E-006   1.8254614829979892E-005   2.0260729445251826       0.54850084852118186       0.51379310000000000        0.0000000000000000        0.0000000000000000        49.384631360946145        790.15410177513832        16.000000000000000        0.0000000000000000     
   2           2         106   1.0783180927931089E-005   5.0159510167591229E-006   1.6877629473342311E-005   2.0292823879435296       0.48854617208614970       0.51379310000000000        0.0000000000000000        0.0000000000000000        43.638660883392326        698.21857413427722        16.000000000000000        0.0000000000000000     
   2           2         107   1.2552555716056615E-005   6.6409167917767113E-006   1.8799606691652060E-005   2.1165856260188396       0.52750576934712012       0.51379310000000000        0.0000000000000000        0.0000000000000000        46.233806125839834        739.74089801343735        16.000000000000000        0.0000000000000000     
   2           2         108   1.3636848102847529E-005   7.7862452960119991E-006   1.9819399919764525E-005   2.1112987173800062       0.55971809827153429       0.51379310000000000        0.0000000000000000        0.0000000000000000        44.815567959931933        717.04908735891092        16.000000000000000        0.0000000000000000     
   2           2         109   1.3313165736873989E-005   7.2954861938312409E-006   1.9672273818693723E-005   2.0453546038919392       0.45142499294312655       0.51379310000000000        0.0000000000000000        0.0000000000000000        47.871755623361437        765.94808997378300        16.000000000000000        0.0000000000000000     
   2           2         110   1.2424996614116110E-005   6.4434840440546975E-006   1.8745885696645854E-005   2.1217388842289955       0.47256641149327738       0.51379310000000000        0.0000000000000000        0.0000000000000000        46.566543571026990        745.06469713643185        16.000000000000000        0.0000000000000000     
   2           2         111   1.2644107968605054E-005   7.3342081489671739E-006   1.8255278622540313E-005   1.9407610370670545       0.59732237116116804       0.51379310000000000        0.0000000000000000        0.0000000000000000        42.041691034170306        672.66705654672489        16.000000000000000        0.0000000000000000     
   2           2         112   1.2164100283904239E-005   5.6340105220874329E-006   1.9064691497236745E-005   2.1723879067383454       0.47198435130777622       0.51379310000000000        0.0000000000000000        0.0000000000000000        45.660135294620545        730.56216471392872        16.000000000000000        0.0000000000000000     
   2           2         113   1.0598812310153979E-005   5.1521370758218287E-006   1.6354518684005559E-005   2.0661372749794422       0.54797673195724328       0.51379310000000000        0.0000000000000000        0.0000000000000000        47.035828445892342        752.57325513427747        16.000000000000000        0.0000000000000000     
   2           2         114   1.3266013906826152E-005   7.0426130377389540E-006   1.9842515443664446E-005   1.9935256640660708       0.47852128619038836       0.51379310000000000        1.0000000000000000        0.0000000000000000        46.758821739513003        748.14114783220805        16.000000000000000        0.0000000000000000     
   2           2         115   1.2410776204343372E-005   6.8949469745328356E-006   1.8239560203613786E-005   1.9420524692692414       0.52098435079149397       0.51379310000000000        0.0000000000000000        0.0000000000000000        49.702422908698011        795.23876653916818        16.000000000000000        0.0000000000000000     
   2           2         116   1.2092539181457444E-005   5.6159320911815178E-006   1.8936613246211769E-005   2.2145302762210632       0.49973542068692012       0.51379310000000000        0.0000000000000000        0.0000000000000000        41.047017847270851        656.75228555633362        16.000000000000000        0.0000000000000000     
   2           2         117   7.7189213855749836E-006  -1.1175611340335992E-007   1.9464937634043665E-005   2.9223929769541925       0.48951611779434229       0.59999999999999998        0.0000000000000000        1.0000000000000000        47.271822928405328        756.34916685448525        16.000000000000000       0.12500000000000000     
   2           2         118   1.0496808803047527E-005  -9.0451374405014389E-007   2.2545014732608452E-005   2.2391650244318435       0.52997234308509300       0.51379310000000000        0.0000000000000000        1.0000000000000000        50.503651071407262        808.05841714251619        16.000000000000000        6.2500000000000000E-002
   2           2         119   1.1714282459158500E-005   4.9062974122152059E-006   1.8522267506102474E-005   2.2629172035019050       0.47790164746851482       0.50000000000000000        0.0000000000000000        1.0000000000000000        53.626402670713503        858.02244273141605        16.000000000000000        0.0000000000000000     
   2           2         120   1.2134643879435379E-005   5.3043409656857346E-006   1.9352481610644215E-005   2.1425311382564591       0.43611909179622360       0.51379310000000000        0.0000000000000000        0.0000000000000000        49.486513008392343        791.78420813427749        16.000000000000000        0.0000000000000000     
   2           2         121   1.4140620202652846E-005   7.7099275530732573E-006   2.0936174752731089E-005   2.0866094983398273       0.52905353084317097       0.51379310000000000        0.0000000000000000        0.0000000000000000        43.515985133878196        696.25576214205114        16.000000000000000        0.0000000000000000     
   2           2         122   1.0420209929456226E-005   3.4761067395664864E-006   1.7758304688401667E-005   2.2474799390196387       0.53328230225935092       0.51379310000000000        0.0000000000000000        0.0000000000000000        43.531746028084200        696.50793644934720        16.000000000000000        0.0000000000000000     
   2           2         123   2.4017398705789801E-007  -1.2318308017949467E-005   1.3511193794977377E-005   3.7505405017213902       0.36934320794702663       0.51379310000000000        0.0000000000000000        0.0000000000000000        46.863459403604892        749.81535045767828        16.000000000000000        6.2500000000000000E-002
   2           2         124   5.0401902394948598E-006  -6.7816484414576556E-006   1.7532771368200099E-005   2.7569225437577276       0.48030769777627053       0.51379310000000000        0.0000000000000000        0.0000000000000000        51.275661439837023        820.41058303739237        16.000000000000000        6.2500000000000000E-002
   2           2         125   1.4191333496877387E-005   8.1474211052162068E-006   2.0578162815506830E-005   2.0682666682802697       0.53490128845714369       0.51379310000000000        0.0000000000000000        0.0000000000000000        51.471140887468856        823.53825419950169        16.000000000000000        0.0000000000000000     
   2           2         126   1.1742827302775716E-005   5.9782789871207718E-006   1.7834442105445459E-005   2.0067631641933126       0.50974437631301472       0.51379310000000000        0.0000000000000000        0.0000000000000000        41.794367646661044        668.70988234657671        16.000000000000000        0.0000000000000000     
   2           2         127   9.7578457539687408E-006   4.8270108025577150E-006   1.4688680705379434E-005   1.7957435523560989       0.54348958876076936       0.50000000000000000        0.0000000000000000        1.0000000000000000        50.349026026115411        805.58441641784657        16.000000000000000        0.0000000000000000     
   2           2         128   1.2029747140498122E-005   6.2840856116443669E-006   1.8101403565901219E-005   1.9280297993281865       0.46436000848169684       0.51379310000000000        0.0000000000000000        0.0000000000000000        45.444542936299193        727.11268698078709        16.000000000000000        0.0000000000000000     
   2           2         129   1.2586379052412965E-005   5.8560619407621358E-006   1.9698558029671808E-005   2.0029652211223832       0.47037727273317242       0.51379310000000000        0.0000000000000000        0.0000000000000000        48.847253414207145        781.55605462731432        16.000000000000000        0.0000000000000000     
   2           2         130  -7.2153681378060377E-006  -3.0704435083688122E-005   1.7606411483650153E-005   2.1791685621433938       0.54053883964525318       0.51379310000000000        0.0000000000000000        0.0000000000000000        51.915027979101403        830.64044766562245        16.000000000000000        6.2500000000000000E-002
   2           2         131   1.3446905650441183E-005   7.0237080519976209E-006   2.0234539898364683E-005   2.0670897746706776       0.52667151128613243       0.51379310000000000        0.0000000000000000        0.0000000000000000        42.403662638303835        678.45860221286136        16.000000000000000        0.0000000000000000     
   2           2         132   1.4707800081892763E-005   1.0129898084877798E-005   2.1574653077413668E-005   2.3764226657984664       0.49577152389994478       0.59999999999999998        0.0000000000000000        1.0000000000000000        49.922232083115411        798.75571332984657        16.000000000000000        6.2500000000000000E-002
   2           2         133  -3.2859730788369392E-005  -6.7677115828046735E-005   1.9366346771146561E-005   16.689386467438933       0.43831982557562865       0.59999999999999998        0.0000000000000000        1.0000000000000000        56.014173320499992        896.22677312799988        16.000000000000000        11.875000000000000     
   2           2         134   1.3932978779192368E-005   7.4737952822985757E-006   2.0758640678145095E-005   2.1268010811197571       0.50426406215706887       0.51379310000000000        0.0000000000000000        0.0000000000000000        47.817438695892335        765.07901913427736        16.000000000000000        0.0000000000000000     
   2           2         135   5.7832871932312889E-006  -8.8556645055253401E-006   2.1252817498240162E-005   2.3313778738556161       0.39611483408249493       0.51379310000000000        0.0000000000000000        0.0000000000000000        52.291232002095221        836.65971203352353        16.000000000000000        6.2500000000000000E-002
   2           2         136  -3.9796270734382324E-005  -7.8935282933550682E-005   1.8912247564370270E-005   17.098136187120524       0.68937558879581629       0.59999999999999998        0.0000000000000000        1.0000000000000000        50.186871875748082        802.98995001196931        16.000000000000000        5.1250000000000000     
   2           2         137   1.0012748067333716E-005   3.9268754027464325E-006   1.6443918382982674E-005   1.9712436006386445       0.55410540515458584       0.51379310000000000        0.0000000000000000        0.0000000000000000        44.338967578283963        709.42348125254341        16.000000000000000        0.0000000000000000     
   2           2         138   1.4882317173375328E-005   9.2416607688862878E-006   2.0843010738392804E-005   2.0459028685915723       0.46788398015695359       0.51379310000000000        0.0000000000000000        0.0000000000000000        46.262440628829445        740.19905006127112        16.000000000000000        0.0000000000000000     
   2           2         139   1.0306414693964990E-005   1.8895728555069810E-006   1.9200807719631335E-005   2.1023221201889228       0.54240799855190225       0.51379310000000000        0.0000000000000000        0.0000000000000000        51.234214633650375        819.74743413840599        16.000000000000000        0.0000000000000000     
   2           2         140   1.1896478662190519E-005   5.2479747153269982E-006   1.8922202594166022E-005   2.0883818520090283       0.51097772905509253       0.51379310000000000        1.0000000000000000        0.0000000000000000        49.831051893694557        797.29683029911291        16.000000000000000        0.0000000000000000     
   2           2         141  -2.5737810853246666E-005  -4.8949604923150080E-005   9.0798802516083515E-006   9.3190456313387031       0.59448129852433862       0.59999999999999998        0.0000000000000000        1.0000000000000000        47.971277437499992        767.54043899999988        16.000000000000000        8.5000000000000000     
   2           2         142  -2.2455241894596582E-005  -6.4404316988169195E-005   1.9493833198976100E-005   20.605028302873915       0.49505860498203091       0.50000000000000000        0.0000000000000000        1.0000000000000000        50.678529034289909        810.85646454863854        16.000000000000000        17.062500000000000     
   2           2         143   1.1105252849614609E-005   4.5529504524257134E-006   1.8029316989364421E-005   2.1209904231833767       0.55785817216491229       0.51379310000000000        0.0000000000000000        0.0000000000000000        46.986280336651042        751.78048538641667        16.000000000000000        0.0000000000000000     
   2           2         144   1.3416248464015963E-005   7.5479677814823246E-006   1.9617481156413142E-005   1.9678242111610524       0.52097494047834247       0.51379310000000000        0.0000000000000000        0.0000000000000000        48.161374004808820        770.58198407694113        16.000000000000000        0.0000000000000000     
   2           2         145   8.6270570377889230E-006   2.0479339300747515E-006   1.5579463630114739E-005   2.0585147641535797       0.55786574649388909       0.51379310000000000        0.0000000000000000        0.0000000000000000        51.530091067603713        824.48145708165941        16.000000000000000        0.0000000000000000     
   2           2         146   1.2358680911153739E-005   6.1515450784698904E-006   1.8917994572879608E-005   2.0848148700411677       0.54374718529743749       0.51379310000000000        0.0000000000000000        0.0000000000000000        42.912865062634758        686.60584100215613        16.000000000000000        0.0000000000000000     
   2           2         147   1.3783602131175281E-005   7.6142138165680525E-006   2.0303026572222143E-005   2.0762895113012538       0.50786659848663329       0.51379310000000000        0.0000000000000000        0.0000000000000000        46.398569388416327        742.37711021466123        16.000000000000000        0.0000000000000000     
   2           2         148   1.4615401930617994E-005   8.4826896152567546E-006   2.1096069465194728E-005   2.0723773931035043       0.55908757648803475       0.51379310000000000        0.0000000000000000        0.0000000000000000        44.225451338615429        707.60722141784686        16.000000000000000        0.0000000000000000     
   2           2         149  -5.1127392026237719E-006  -2.8607609999854657E-005   1.9715173566628257E-005   2.2755869438772596       0.63600902322538033       0.51379310000000000        0.0000000000000000        0.0000000000000000        49.643359714778995        794.29375543646393        16.000000000000000        6.2500000000000000E-002
   2           2         150  -2.0429475275525865E-005  -5.1309591433827815E-005   1.0450640882776065E-005   10.645662513852463       0.44759503800612938       0.50000000000000000        0.0000000000000000        1.0000000000000000        60.786183784687509        972.57894055500014        16.000000000000000        11.250000000000000     
   2           2         151  -3.1773108534952092E-005  -6.5909654413019321E-005   1.9431710282148619E-005   22.555896258549428       0.45531771665637272       0.59999999999999998        0.0000000000000000        1.0000000000000000        46.263189001767330        740.21102402827728        16.000000000000000        15.312500000000000     
   2           2         152   1.0107002314735758E-005   4.2527438382978294E-006   1.6293417215080516E-005   2.0010319941850616       0.52592041863691574       0.51379310000000000        0.0000000000000000        0.0000000000000000        45.521850641419711        728.34961026271537        16.000000000000000        0.0000000000000000     
   2           2         153  -6.4488597934204548E-006  -3.0035970490515577E-005   1.8476526343847258E-005   2.3099835341958821       0.57900669434299645       0.51379310000000000        0.0000000000000000        0.0000000000000000        46.464725182210003        743.43560291536005        16.000000000000000        6.2500000000000000E-002
   2           2         154   1.2262281217468737E-005   5.9602871658635156E-006   1.8921835123338427E-005   2.0803632626783686       0.53727253124282837       0.51379310000000000        0.0000000000000000        0.0000000000000000        46.172170518252130        738.75472829203409        16.000000000000000        0.0000000000000000     
   2           2         155   1.2365340207161763E-005   6.3160110488427076E-006   1.8757893626648726E-005   2.0213863764365656       0.49244728881517003       0.51379310000000000        0.0000000000000000        0.0000000000000000        49.587801695892338        793.40482713427741        16.000000000000000        0.0000000000000000     
   2           2         156   1.2749591802383092E-005   6.3664508438289205E-006   1.9494896693844370E-005   2.1586960137408302       0.47743468088765628       0.51379310000000000        0.0000000000000000        0.0000000000000000        43.094541540861229        689.51266465377967        16.000000000000000        0.0000000000000000     
   2           2         157   1.3310365396274608E-005   7.0670318043585872E-006   1.9907930590277767E-005   2.1316636052995031       0.50471563618529591       0.51379310000000000        0.0000000000000000        0.0000000000000000        45.091846690867527        721.46954705388043        16.000000000000000        0.0000000000000000     
   2           2         158   1.3670285827270970E-005   5.5325868254135902E-006   2.2269698128970527E-005   1.9725054620559603       0.50391142126435917       0.51379310000000000        0.0000000000000000        1.0000000000000000        48.362401249190363        773.79841998704580        16.000000000000000        0.0000000000000000     
   2           2         159  -1.1850382961663999E-006  -1.6555622650977964E-005   1.5057635726910647E-005   3.2948294593889362       0.34676956996627711       0.51379310000000000        0.0000000000000000        0.0000000000000000        48.561595987269577        776.98553579631323        16.000000000000000        6.2500000000000000E-002
   2           2         160  -9.5246208813895455E-006  -3.4641899410668544E-005   1.7017751098771625E-005   5.7818909741740914       0.55252960174890853       0.51379310000000000        0.0000000000000000        0.0000000000000000        49.890182343119434        798.24291748991095        16.000000000000000       0.18750000000000000     
   2           2         161   3.0022779211667527E-006  -1.2193167152596355E-005   1.9059875685262345E-005   4.4218536129846591       0.53727747299520523       0.51379310000000000        0.0000000000000000        1.0000000000000000        41.943717630730895        671.09948209169431        16.000000000000000       0.18750000000000000     
   2           2         162   1.0325563083306233E-005   4.5254357137766464E-006   1.6454775609055560E-005   2.0040963402889993       0.49878425230176010       0.51379310000000000        0.0000000000000000        1.0000000000000000        45.434722383392334        726.95555813427734        16.000000000000000        0.0000000000000000     
   2           2         163   1.0292421840607397E-005   3.6547555515703259E-006   1.7306693212342153E-005   2.1384801407094955       0.50951161450156424       0.51379310000000000        0.0000000000000000        0.0000000000000000        48.144919872058537        770.31871795293659        16.000000000000000        0.0000000000000000     
   2           2         164   1.5165163934760067E-007  -1.2564672329719662E-005   1.3589468981453319E-005   4.0308563654188339       0.52194498372922438       0.51379310000000000        0.0000000000000000        0.0000000000000000        50.342893985734825        805.48630377175721        16.000000000000000       0.12500000000000000     
   2           2         165  -4.2207388124631354E-006  -2.7006051740933321E-005   1.9857357495896611E-005   6.7938380787877142       0.68388107295235645       0.51379310000000000        0.0000000000000000        0.0000000000000000        48.757268668607054        780.11629869771286        16.000000000000000       0.12500000000000000     
   2           2         166   1.1943144169864985E-005   5.7421414472559782E-006   1.8495976743729552E-005   2.1015534202537163       0.52271631667037100       0.51379310000000000        0.0000000000000000        0.0000000000000000        42.060259946470993        672.96415914353588        16.000000000000000        0.0000000000000000     
   2           2         167   1.4091064380291372E-005   8.0199794720642842E-006   2.0506607918157901E-005   2.0691568752124279       0.54138456073755314       0.51379310000000000        0.0000000000000000        0.0000000000000000        42.269405575675833        676.31048921081333        16.000000000000000        0.0000000000000000     
   2           2         168   1.4241959327080158E-005   8.2065009874872985E-006   2.0619854931235835E-005   2.0610048854604015       0.61506891558635246       0.51379310000000000        0.0000000000000000        0.0000000000000000        47.369648883558142        757.91438213693027        16.000000000000000        0.0000000000000000     
   2           2         169   5.2073575954590941E-007  -1.5968581647257492E-005   1.7945617034010971E-005   5.0144437155632469       0.61029650468190988       0.51379310000000000        0.0000000000000000        0.0000000000000000        51.621378615669265        825.94205785070824        16.000000000000000        6.2500000000000000E-002
   2           2         170   1.3960377965527230E-006  -1.2919169155582588E-005   1.6523454863401042E-005   2.0951373745018174       0.53914622898966114       0.51379310000000000        1.0000000000000000        0.0000000000000000        53.022957660270563        848.36732256432902        16.000000000000000        6.2500000000000000E-002
   2           2         171   1.1875659446922186E-006  -1.4992433549549224E-005   1.8285579358621552E-005   5.0413209032553725       0.56969456176918165       0.51379310000000000        0.0000000000000000        0.0000000000000000        41.168144416308039        658.69031066092862        16.000000000000000        6.2500000000000000E-002
   2           2         172   4.2193231650910506E-006  -9.1817337461829421E-006   1.8380723535426268E-005   3.8140221721033090       0.46121605971066243       0.51379310000000000        0.0000000000000000        0.0000000000000000        44.341793429869135        709.46869487790616        16.000000000000000        6.2500000000000000E-002
   2           2         173   1.5416830184013883E-005   9.5604392005066027E-006   2.1605498584705149E-005   2.1108339587501010       0.49319578815881410       0.51379310000000000        0.0000000000000000        0.0000000000000000        44.808126454210118        716.93002326736189        16.000000000000000        0.0000000000000000     
   2           2         174   1.2921506782290961E-005   6.4539728383031763E-006   1.9755992912447818E-005   2.0832911853386240       0.50522911825692662       0.51379310000000000        0.0000000000000000        0.0000000000000000        49.251572961018681        788.02516737629890        16.000000000000000        0.0000000000000000     
   2           2         175   1.1852307016774120E-005   5.8295412446793051E-006   1.8216789907944799E-005   1.9908281456685566       0.48848305028966049       0.51379310000000000        0.0000000000000000        1.0000000000000000        55.621831582838546        889.94930532541673        16.000000000000000        0.0000000000000000     
   2           2         176  -9.4596808640870821E-006  -3.9271941237036314E-005   2.0352579508862173E-005   17.491223505185445       0.49122350518544983       0.50000000000000000        0.0000000000000000        1.0000000000000000        56.460499472946161        903.36799156713857        16.000000000000000        3.5625000000000000     
   2           2         177   1.1564218995002974E-005   5.0475948490274761E-006   1.8450580586118550E-005   1.9981561599610187       0.55851139939371197       0.51379310000000000        0.0000000000000000        0.0000000000000000        44.013787143848646        704.22059430157833        16.000000000000000        0.0000000000000000     
   2           2         178   8.6415971593055459E-006  -2.8130343197226335E-006   2.0746136640270144E-005   2.0677550610890756       0.51244723681727755       0.51379310000000000        0.0000000000000000        0.0000000000000000        47.551475134849895        760.82360215759832        16.000000000000000        0.0000000000000000     
   2           2         179   1.1320013581142333E-005   4.8930100899166193E-006   1.8111669658971931E-005   2.0328662983872730       0.54128050065923539       0.51379310000000000        0.0000000000000000        0.0000000000000000        47.356496666212117        757.70394665939386        16.000000000000000        0.0000000000000000     
   2           2         180   1.0632834011429667E-005   2.7796075203129776E-006   1.8931633522241149E-005   2.2863605552348409       0.50465489575512612       0.51379310000000000        0.0000000000000000        1.0000000000000000        50.830069319961176        813.28110911937881        16.000000000000000        6.2500000000000000E-002
   2           2         181   7.0992411561721776E-006  -3.0982380318534884E-006   1.7875300574912281E-005   2.0277803163035748       0.54178989132616129       0.51379310000000000        0.0000000000000000        1.0000000000000000        44.977768791985262        719.64430067176420        16.000000000000000        0.0000000000000000     
   2           2         182   5.2049093143012825E-006  -7.8816732083051805E-006   1.9033992782051594E-005   2.0504072953056434       0.58673546169997548       0.51379310000000000        1.0000000000000000        0.0000000000000000        45.431656766545380        726.90650826472609        16.000000000000000        6.2500000000000000E-002
   2           2         183   1.2460719158852389E-005   5.6427714285414088E-006   1.9665500703486978E-005   2.1936699192271152       0.59117222157124483       0.51379310000000000        0.0000000000000000        0.0000000000000000        45.641772195892344        730.26835513427750        16.000000000000000        0.0000000000000000     
   2           2         184   1.1394516603496139E-005   6.3926884571890041E-006   1.6680136344718355E-005   2.0241834389553346       0.40355338966832727       0.51379310000000000        0.0000000000000000        0.0000000000000000        49.569608624160097        793.11373798656155        16.000000000000000        0.0000000000000000     
   2           2         185   1.3273813168303592E-005   6.5419368725278421E-006   2.0387639794012040E-005   2.0983333123759089       0.56886556098794472       0.51379310000000000        0.0000000000000000        0.0000000000000000        49.269292667112893        788.30868267380629        16.000000000000000        0.0000000000000000     
   2           2         186   1.0915241115087182E-005   2.3301351209400709E-006   1.9987445196438929E-005   1.9505854896148278       0.51991722313559197       0.51379310000000000        0.0000000000000000        0.0000000000000000        42.896478591000331        686.34365745600530        16.000000000000000        0.0000000000000000     
   2           2         187   5.3766127787580224E-006  -6.9551044791774750E-006   1.8408001757972627E-005   3.4738562299499280       0.44987383277753096       0.51379310000000000        0.0000000000000000        0.0000000000000000        45.816248745705948        733.05997993129517        16.000000000000000        6.2500000000000000E-002
   2           2         188   1.3017897218933212E-005   7.0070396981138876E-006   1.9369796213538569E-005   2.0699262385011687       0.52315985168802293       0.51379310000000000        0.0000000000000000        0.0000000000000000        46.315564869107661        741.04903790572257        16.000000000000000        0.0000000000000000     
   2           2         189   2.3712326520618850E-007  -1.5315102997320645E-005   1.6671745117189351E-005   4.6856674903153035       0.58062792272297237       0.51379310000000000        0.0000000000000000        0.0000000000000000        47.409405471432443        758.55048754291909        16.000000000000000        6.2500000000000000E-002
   2           2         190   1.1761045739752092E-005   5.5455044358752440E-006   1.8329241778715962E-005   1.9856562840655678       0.58488183067379340       0.51379310000000000        0.0000000000000000        0.0000000000000000        52.990332695892327        847.84532313427724        16.000000000000000        0.0000000000000000     
   2           2         191   1.3466996788134705E-005   7.4780468080782690E-006   1.9795745261260042E-005   2.0936004185621933       0.51897478034352751       0.51379310000000000        0.0000000000000000        0.0000000000000000        42.014003164415797        672.22405063065275        16.000000000000000        0.0000000000000000     
   2           2         192   3.6393777145154531E-006  -1.2369249708133907E-005   2.0556295821247196E-005   4.8016763556047772       0.65266363321552379       0.51379310000000000        0.0000000000000000        0.0000000000000000        46.141340770750972        738.26145233201555        16.000000000000000        6.2500000000000000E-002
   2           2         193   1.2155887558459565E-005   6.5208088545613139E-006   1.8110686957686060E-005   2.0766763328662674       0.50137172614427339       0.51379310000000000        0.0000000000000000        0.0000000000000000        45.829983112385392        733.27972979816627        16.000000000000000        0.0000000000000000     
   2           2         194   1.2922605896680331E-005   6.4193489575083182E-006   1.9794841858106888E-005   2.1187567414645883       0.52602341785693219       0.51379310000000000        0.0000000000000000        0.0000000000000000        48.248648394479780        771.97837431167648        16.000000000000000        0.0000000000000000     
   2           2         195   1.1346446343468165E-005   2.4676984509875119E-006   2.0728952852109347E-005   2.0653527973240338       0.52143915045295974       0.51379310000000000        0.0000000000000000        1.0000000000000000        50.168991689808486        802.70386703693578        16.000000000000000        0.0000000000000000     
   2           2         196   1.5517985096508476E-005   9.6086061726276147E-006   2.1762647844765107E-005   2.0564671190265189       0.56791681188440590       0.51379310000000000        0.0000000000000000        0.0000000000000000        44.941027446408398        719.05643914253437        16.000000000000000        0.0000000000000000     
   2           2         197   1.1465656545333717E-005   5.4059595922073176E-006   1.7869166003153370E-005   2.0298293542758525       0.50477338249480930       0.51379310000000000        0.0000000000000000        0.0000000000000000        44.019422477142328        704.31075963427725        16.000000000000000        0.0000000000000000     
   2           2         198   1.1649159695909669E-005   5.8469402078230786E-006   1.7780583041947315E-005   1.9637315654232517       0.42235764575590112       0.51379310000000000        0.0000000000000000        0.0000000000000000        48.752344071827459        780.03750514923934        16.000000000000000        0.0000000000000000     
   2           2         199   1.2570638834255708E-005   6.5112784017149667E-006   1.8973792678128705E-005   2.0662100006648956       0.53086985519510588       0.51379310000000000        0.0000000000000000        0.0000000000000000        46.041252146420952        736.66003434273523        16.000000000000000        0.0000000000000000     
   2           2         200   1.4588489809860303E-005   7.9026890945132708E-006   2.1653626638482333E-005   2.1359622779082161       0.55153544973475732       0.51379310000000000        0.0000000000000000        0.0000000000000000        50.965222992990185        815.44356788784296        16.000000000000000        0.0000000000000000     
   2           2         201   1.4385969740589767E-005   8.9187774410090631E-006   2.0163357268199816E-005   2.0196059182532307       0.53543052719916107       0.51379310000000000        1.0000000000000000        0.0000000000000000        42.308451221767058        676.93521954827293        16.000000000000000        0.0000000000000000     
   2           2         202   1.2532102807151636E-005   5.8451313033435836E-006   1.9598476851932111E-005   2.1020563416493876       0.46186633915892733       0.51379310000000000        0.0000000000000000        0.0000000000000000        45.484284983174156        727.74855973078650        16.000000000000000        0.0000000000000000     
   2           2         203   3.4411412455523942E-006  -8.8610047072159491E-006   1.6441281115482594E-005   2.8515018938813368       0.44200590011972674       0.51379310000000000        0.0000000000000000        0.0000000000000000        46.680538536654105        746.88861658646567        16.000000000000000        6.2500000000000000E-002
   2           2         204   1.2741538762623738E-005   6.2452078753874666E-006   1.9606455704729870E-005   2.0420916877787234       0.47259611010853664       0.51379310000000000        0.0000000000000000        0.0000000000000000        50.338986869865437        805.42378991784699        16.000000000000000        0.0000000000000000     
   2           2         205   1.1937172975205473E-005   5.2704425432937199E-006   1.8982157518773804E-005   2.0375491286746108       0.46977312461323151       0.51379310000000000        0.0000000000000000        0.0000000000000000        47.748573114049741        763.97716982479585        16.000000000000000        0.0000000000000000     
   2           2         206   1.2767139476540896E-005   7.1336744208345773E-006   1.8720233673091172E-005   2.0118762644496564       0.52963528112029801       0.51379310000000000        0.0000000000000000        0.0000000000000000        43.578876940052311        697.26203104083697        16.000000000000000        0.0000000000000000     
   2           2         207   1.3722857922265286E-005   7.8769005619331590E-006   1.9900500721314027E-005   2.0367223301316364       0.55901653130141804       0.51379310000000000        0.0000000000000000        0.0000000000000000        43.531382215002509        696.50211544004014        16.000000000000000        0.0000000000000000     
   2           2         208   1.1324668255257825E-005   6.3708233483186712E-006   1.6559582304514054E-005   1.8358820978266255       0.44314743637718806       0.51379310000000000        0.0000000000000000        0.0000000000000000        46.990854881287682        751.85367810060291        16.000000000000000        0.0000000000000000     
   2           2         209  -7.1804615248540596E-007  -2.1493319440475366E-005   2.1235965742417577E-005   5.7755389827099854       0.42037088581118426       0.51379310000000000        0.0000000000000000        0.0000000000000000        49.366753846521149        789.86806154433839        16.000000000000000       0.12500000000000000     
   2           2         210   1.2031912455685560E-005   5.4835934121570159E-006   1.8951767235951948E-005   2.0315934283670134       0.52005769785997158       0.51379310000000000        0.0000000000000000        0.0000000000000000        48.387328636162444        774.19725817859910        16.000000000000000        0.0000000000000000     
   2           2         211  -4.2954673640052402E-006  -2.5768749854603640E-005   1.8396157082336123E-005   2.2674572666676482       0.56639579575965715       0.51379310000000000        0.0000000000000000        0.0000000000000000        39.294394151115412        628.71030641784660        16.000000000000000        6.2500000000000000E-002
   2           2         212   1.3397616618721366E-005   6.9173861167203957E-006   2.0245519678791716E-005   1.9986247988840489       0.49651925977776767       0.51379310000000000        0.0000000000000000        0.0000000000000000        43.512196877519699        696.19515004031518        16.000000000000000        0.0000000000000000     
   2           2         213   9.3554251906824938E-006   7.3660987639989752E-008   1.9163814177655395E-005   2.4326611085578502       0.51314507497182216       0.51379310000000000        0.0000000000000000        1.0000000000000000        44.987291842920413        719.79666948672661        16.000000000000000       0.12500000000000000     
   2           2         214   1.1551991004625727E-005   5.3645655899574910E-006   1.8090475927033827E-005   1.9792730191148589       0.49242551347153829       0.51379310000000000        0.0000000000000000        0.0000000000000000        47.361662703513836        757.78660325622138        16.000000000000000        0.0000000000000000     
   2           2         215   1.1232826390773422E-005   2.5913109118472531E-006   2.0364640494224766E-005   2.0955488152900599       0.49654142685647068       0.51379310000000000        0.0000000000000000        0.0000000000000000        49.993639244876313        799.89822791802101        16.000000000000000        0.0000000000000000     
   2           2         216   1.3073105675826252E-005   5.9348839496013847E-006   2.0616332785940254E-005   2.1628756521249484       0.49909330669014812       0.51379310000000000        0.0000000000000000        0.0000000000000000        41.015547790558223        656.24876464893157        16.000000000000000        0.0000000000000000     
   2           2         217   1.1188479319345293E-005   2.7376135117454413E-006   2.0118826751623165E-005   2.6130077510216663       0.42438565429088482       0.51379310000000000        0.0000000000000000        1.0000000000000000        43.239310648068560        691.82897036909696        16.000000000000000        6.2500000000000000E-002
   2           2         218   1.2610392969287656E-005   6.2738315463723801E-006   1.9306475515257393E-005   2.1194532425043349       0.52721236098394841       0.51379310000000000        0.0000000000000000        0.0000000000000000        45.351495088615430        725.62392141784687        16.000000000000000        0.0000000000000000     
   2           2         219  -1.8316997825052245E-005  -3.6363430171884039E-005   8.7526506951954169E-006   11.091446157651609       0.40324711045781259       0.59999999999999998        0.0000000000000000        1.0000000000000000        58.511741033637499        936.18785653819998        16.000000000000000        8.3750000000000000     
   2           2         220   1.2224202781077395E-005   6.1943237903826254E-006   1.8596202477613841E-005   2.1134175464621321       0.51567806018179640       0.51379310000000000        0.0000000000000000        0.0000000000000000        50.334590500369373        805.35344800590997        16.000000000000000        0.0000000000000000     
   2           2         221  -2.6729333530810942E-005  -5.5152568885406417E-005   1.5905519501082276E-005   17.361126197409650       0.50363680407030431       0.59999999999999998        0.0000000000000000        1.0000000000000000        49.203876418874991        787.26202270199985        16.000000000000000        19.750000000000000     
   2           2         222   1.3222849164300887E-005   7.0439773730663835E-006   1.9752295151432927E-005   2.0415029574457613       0.58373739014683246       0.51379310000000000        0.0000000000000000        0.0000000000000000        41.288319801071999        660.61311681715199        16.000000000000000        0.0000000000000000     
   2           2         223   1.3366203034109570E-005   8.2061441491288761E-006   1.8819031142259379E-005   1.9091180172161786       0.57104013234299389       0.51379310000000000        0.0000000000000000        0.0000000000000000        43.838276082084242        701.41241731334787        16.000000000000000        0.0000000000000000     
   2           2         224  -1.2359220040479603E-005  -5.3353230827231822E-005   1.4970120484021845E-005   16.387415708336643       0.54416874938045123       0.40000000000000002        0.0000000000000000        1.0000000000000000        55.452328193499994        887.23725109599991        16.000000000000000        21.500000000000000     
   2           2         225   1.5530645573264290E-006  -1.4681122884650615E-005   1.8708340411688744E-005   5.0940064066485897       0.53555795759577585       0.51379310000000000        0.0000000000000000        0.0000000000000000        48.905314526115419        782.48503241784670        16.000000000000000        6.2500000000000000E-002
   2           2         226  -1.7124869305332072E-005  -5.0354971373825518E-005   1.6105232763161429E-005   20.491425637624200       0.49450600682120627       0.50000000000000000        0.0000000000000000        1.0000000000000000        50.540332130312507        808.64531408500011        16.000000000000000        33.375000000000000     
   2           2         227  -3.2650519416959112E-006  -2.7166799660645891E-005   2.1992822958756160E-005   2.5789415116260397       0.63510942862311803       0.51379310000000000        0.0000000000000000        0.0000000000000000        44.972385861577649        719.55817378524239        16.000000000000000        6.2500000000000000E-002
   2           2         228   6.2911689275585018E-006  -5.5699562495119510E-006   1.8825265572865094E-005   1.9909446713875361       0.58545255060859380       0.51379310000000000        0.0000000000000000        1.0000000000000000        44.376916453919428        710.03066326271085        16.000000000000000        6.2500000000000000E-002
   2           2         229   4.5446115879590940E-006  -6.3329386613081958E-006   1.6039327650147685E-005   3.2214904840435064       0.40874668377751283       0.51379310000000000        0.0000000000000000        1.0000000000000000        47.871412342423582        765.94259747877732        16.000000000000000       0.12500000000000000     
   2           2         230  -1.8660949487165735E-005  -5.1478630059757511E-005   1.4156731085426072E-005   14.148160248739755       0.50431297538643127       0.50000000000000000        1.0000000000000000        0.0000000000000000        59.923655135312494        958.77848216499990        16.000000000000000        23.812500000000000     
   2           2         231   1.1955491506304167E-005   6.3910740458752030E-006   1.7835620514526664E-005   2.0318649986819075       0.54638660279260420       0.51379310000000000        0.0000000000000000        0.0000000000000000        43.057580183042013        688.92128292867221        16.000000000000000        0.0000000000000000     
   2           2         232   1.1741552433519194E-005   5.8704509965342250E-006   1.7945765923131916E-005   2.0228564577626926       0.48003359851882288       0.51379310000000000        0.0000000000000000        0.0000000000000000        46.874781664642335        749.99650663427735        16.000000000000000        0.0000000000000000     
   2           2         233   9.1475375431504835E-006   3.0271242905996091E-006   1.5615208195930804E-005   2.1078683912255731       0.54523758132538547       0.51379310000000000        0.0000000000000000        0.0000000000000000        46.343625348688484        741.49800557901574        16.000000000000000        0.0000000000000000     
   2           2         234   1.4784870646975757E-005   8.1666538446656620E-006   2.1778589015290037E-005   2.0673475936621397       0.60667113371280001       0.51379310000000000        0.0000000000000000        0.0000000000000000        48.000287759999452        768.00460415999123        16.000000000000000        0.0000000000000000     
   2           2         235   1.0737491476604271E-005   4.6753634905670128E-006   1.7143569898244398E-005   2.1276613928839070       0.49591750147453878       0.51379310000000000        0.0000000000000000        0.0000000000000000        51.104883631501941        817.67813810403106        16.000000000000000        0.0000000000000000     
   2           2         236   5.7255825572377139E-006  -5.7656395504063454E-006   1.7868788730319096E-005   2.7094263165400534       0.42664539961939396       0.51379310000000000        0.0000000000000000        0.0000000000000000        40.423889295701684        646.78222873122695        16.000000000000000        6.2500000000000000E-002
   2           2         237   1.1578995111375632E-005   5.1257117480495435E-006   1.8398422117496240E-005   2.0852234117482920       0.54551669633777256       0.51379310000000000        0.0000000000000000        1.0000000000000000        44.879282523002388        718.06852036803821        16.000000000000000        0.0000000000000000     
   2           2         238   1.2445603112765769E-005   5.5668998086885634E-006   1.9714587355033782E-005   2.1872809595944753       0.53140432199212340       0.51379310000000000        0.0000000000000000        0.0000000000000000        49.174664082439335        786.79462531902936        16.000000000000000        0.0000000000000000     
   2           2         239   4.1086194548392559E-006  -8.4946786860164427E-006   1.7426998157433608E-005   3.6048410060219283       0.45633458904746077       0.51379310000000000        0.0000000000000000        0.0000000000000000        49.460023258392347        791.36037213427755        16.000000000000000        6.2500000000000000E-002
   2           2         240   1.4104567196046256E-006  -1.5298612532172846E-005   1.9067558025623924E-005   4.9043213694276808       0.61378824782551533       0.51379310000000000        0.0000000000000000        0.0000000000000000        49.486378854062160        791.78206166499456        16.000000000000000        6.2500000000000000E-002
   2           2         241   1.1938812473495908E-005   6.1210014373954386E-006   1.8086711994157740E-005   1.9306330638078479       0.52426277381731068       0.51379310000000000        0.0000000000000000        1.0000000000000000        43.515715502227984        696.25144803564774        16.000000000000000        0.0000000000000000     
   2           2         242   1.3191306207210619E-005   7.5659878345524431E-006   1.9135791497680320E-005   1.9896746355594279       0.46512862557631668       0.51379310000000000        0.0000000000000000        0.0000000000000000        43.531452634995610        696.50324215992975        16.000000000000000        0.0000000000000000     
   2           2         243   1.3947630669544378E-005   7.7953931190722909E-006   2.0448931253706125E-005   1.9715281635441666       0.51843076360671914       0.51379310000000000        0.0000000000000000        0.0000000000000000        46.863072567272148        749.80916107635437        16.000000000000000        0.0000000000000000     
   2           2         244   1.1977420272148340E-005   5.8626299272819741E-006   1.8439148987102685E-005   2.0937290857705180       0.50514771514154733       0.51379310000000000        0.0000000000000000        0.0000000000000000        51.275251801968125        820.40402883149000        16.000000000000000        0.0000000000000000     
   2           2         245  -2.6498336266929516E-005  -5.4996477066996022E-005   1.6248874933170508E-005   18.061443979186492       0.50300173406176185       0.59999999999999998        0.0000000000000000        1.0000000000000000        61.087363830000015        977.39782128000024        16.000000000000000        43.250000000000000     
   2           2         246   1.2552731446266597E-005   5.9802012425027217E-006   1.9498171069266000E-005   2.0436464754843002       0.55517234215745626       0.51379310000000000        0.0000000000000000        1.0000000000000000        42.861373070892327        685.78196913427723        16.000000000000000        0.0000000000000000     
   2           2         247   1.0752477445322930E-005   4.6441358223170892E-006   1.7207391553582495E-005   2.0648349510188626       0.53238717330565211       0.51379310000000000        0.0000000000000000        0.0000000000000000        46.745286074700743        747.92457719521190        16.000000000000000        0.0000000000000000     
   2           2         248  -4.1727335562936410E-006  -2.1992331051472231E-005   1.4657904671590326E-005   3.8042886544694849       0.49875612960657506       0.51379310000000000        1.0000000000000000        0.0000000000000000        45.882588657699998        734.12141852319996        16.000000000000000       0.25000000000000000     
   2           2         249   2.0417801708481099E-006  -1.0402687605288168E-005   1.5192316859140784E-005   2.8319991168448460       0.43647098029851178       0.51379310000000000        0.0000000000000000        0.0000000000000000        50.240770831052217        803.85233329683547        16.000000000000000        6.2500000000000000E-002
   2           2         250   1.5871216551571421E-006  -1.2255496379600445E-005   1.6215136255925460E-005   3.8444752691123831       0.40196995896995141       0.51379310000000000        0.0000000000000000        0.0000000000000000        49.693233344794649        795.09173351671438        16.000000000000000        6.2500000000000000E-002
   2           2         251   1.4743670885525142E-005   9.6616574828498729E-006   2.0114025400038590E-005   2.0521814146005029       0.51046436831430775       0.51379310000000000        0.0000000000000000        0.0000000000000000        42.055876472059211        672.89402355294737        16.000000000000000        0.0000000000000000     
   2           2         252  -2.5345707240513107E-005  -5.2531807347391261E-005   1.5433442919804247E-005   16.480276504879701       0.50083806247269269       0.59999999999999998        0.0000000000000000        1.0000000000000000        52.086098606249990        833.37757769999985        16.000000000000000        46.062500000000000     
   2           2         253   9.6967319762742182E-006   3.2012574946942773E-006   1.6560743922344842E-005   2.0062099246074951       0.53243187496940358       0.51379310000000000        0.0000000000000000        0.0000000000000000        47.499619070892344        759.99390513427750        16.000000000000000        0.0000000000000000     
   2           2         254   1.2204080493968648E-005   6.6985598788978440E-006   1.8021970992707191E-005   2.0325102918686810       0.45864524935659046       0.51379310000000000        0.0000000000000000        0.0000000000000000        47.817296043505905        765.07673669609449        16.000000000000000        0.0000000000000000     
   2           2         255   1.3586212413524641E-005   8.0419218615561191E-006   1.9445072561326696E-005   2.0277784424568481       0.47445573775458721       0.51379310000000000        0.0000000000000000        0.0000000000000000        52.290928088733132        836.65484941973011        16.000000000000000        0.0000000000000000     
   2           2         256   1.1611155125388466E-005   4.7865716265529213E-006   1.8822948935956604E-005   2.2888780366383976       0.54156665186821018       0.51379310000000000        0.0000000000000000        0.0000000000000000        41.966337916958729        671.46140667133966        16.000000000000000        0.0000000000000000     
   2           2         257   9.5933657147983458E-006   3.4726495921778069E-006   1.6061356421760694E-005   1.9884688770841337       0.52199547310980154       0.51379310000000000        0.0000000000000000        0.0000000000000000        45.412402949880445        726.59844719808711        16.000000000000000        0.0000000000000000     
   2           2         258   8.8084109340363626E-006   2.2371058179353924E-006   1.5752555960870295E-005   3.1683728961589006       0.44861291495567979       0.51379310000000000        0.0000000000000000        0.0000000000000000        47.537195433180401        760.59512693088641        16.000000000000000        6.2500000000000000E-002
   2           2         259   1.2163452008402259E-005   5.9504084158098325E-006   1.8729008622002065E-005   2.0048132051112595       0.46755192425009490       0.51379310000000000        0.0000000000000000        0.0000000000000000        49.974959259366194        799.59934814985911        16.000000000000000        0.0000000000000000     
   2           2         260   4.7125851986493434E-006  -7.4873049330037594E-006   1.7604667500241176E-005   2.3752325469696260       0.49971037107679894       0.51379310000000000        0.0000000000000000        1.0000000000000000        50.452280276115417        807.23648441784667        16.000000000000000        6.2500000000000000E-002
   2           2         261  -2.5390828713359834E-006  -2.3744715406519891E-005   1.9869705810422758E-005   2.2839495816763060       0.51026210522655568       0.51379310000000000        0.0000000000000000        0.0000000000000000        44.432274585470779        710.91639336753246        16.000000000000000        6.2500000000000000E-002
   2           2         262   1.4862581335844015E-005   8.9927585282542251E-006   2.1065443649731199E-005   2.0818788791633369       0.48358903794086799       0.51379310000000000        0.0000000000000000        0.0000000000000000        42.463439055826811        679.41502489322897        16.000000000000000        0.0000000000000000     
   2           2         263   1.7448577266741878E-005  -3.2189567724417458E-006   1.7448577266741878E-005   2.4984952802818072       0.47764332372347285        0.0000000000000000        0.0000000000000000        1.0000000000000000        46.467422703392330        743.47876325427728        16.000000000000000       0.12500000000000000     
   2           2         264   1.2681888029257098E-006  -1.1009186855674055E-005   1.4242152972287495E-005   2.8856713928073496       0.40344178122755114       0.51379310000000000        0.0000000000000000        0.0000000000000000        47.356015519910009        757.69624831856015        16.000000000000000        6.2500000000000000E-002
   2           2         265   3.2100000000000019E-006   4.1137000000000015E-004   3.2100000000000019E-006   10.000000000000004        1.0000000000000000        0.0000000000000000        0.0000000000000000        1.0000000000000000        46.902455011740415        750.43928018784663        16.000000000000000        1.6250000000000000     
   2           2         266   1.1824422339836688E-005   6.2756518431249914E-006   1.7688016613578508E-005   2.0067098002249222       0.42404137824502713       0.51379310000000000        0.0000000000000000        0.0000000000000000        42.449943221967310        679.19909155147695        16.000000000000000        0.0000000000000000     
   2           2         267   1.0924092300080643E-005   3.9562909356921229E-006   1.8287229810455245E-005   2.2040478604595557       0.48110984062185641       0.51379310000000000        0.0000000000000000        0.0000000000000000        43.675392994865419        698.80628791784670        16.000000000000000        0.0000000000000000     
   2           2         268   1.2340373752058677E-005   5.4534376057668817E-006   1.9618057948035612E-005   2.1251654084704539       0.54973152629615718       0.51379310000000000        0.0000000000000000        0.0000000000000000        42.608821957052456        681.74115131283929        16.000000000000000        0.0000000000000000     
   2           2         269   3.0943302483551658E-006  -1.1095970468825482E-005   1.8089754203490862E-005   2.7444285137010573       0.47679426108741868       0.51379310000000000        0.0000000000000000        1.0000000000000000        47.145503365608441        754.32805384973506        16.000000000000000       0.12500000000000000     
   2           2         270   1.3141542479593175E-005   7.1501061037643788E-006   1.9472918420555501E-005   2.1355126753177482       0.54267557124060528       0.51379310000000000        0.0000000000000000        0.0000000000000000        48.586466901239390        777.38347041983025        16.000000000000000        0.0000000000000000     
   2           2         271   1.4171314424644470E-005   8.3873748217127075E-006   2.0283420729188670E-005   2.1000617345750494       0.55261701260110230       0.51379310000000000        0.0000000000000000        0.0000000000000000        42.017833333112534        672.28533332980055        16.000000000000000        0.0000000000000000     
   2           2         272   1.2818196393329159E-005   6.9024853263000630E-006   1.9069550555175068E-005   2.0190141135178070       0.51873946834682216       0.51379310000000000        0.0000000000000000        0.0000000000000000        45.663141896591469        730.61027034546350        16.000000000000000        0.0000000000000000     
   2           2         273   4.7100021632219058E-006  -7.6423342489287270E-006   1.7763180177441102E-005   5.9512699130264304       0.41465313671597426       0.51379310000000000        0.0000000000000000        0.0000000000000000        45.210440700733415        723.36705121173463        16.000000000000000        6.2500000000000000E-002
   2           2         274   7.5163285299610156E-006  -2.9143317124020663E-006   1.8538799130379360E-005   3.3756095368261314       0.52342329271892418       0.51379310000000000        1.0000000000000000        0.0000000000000000        46.847017619865426        749.55228191784681        16.000000000000000        6.2500000000000000E-002
   2           2         275   1.4263979403630165E-005   8.0703446179014836E-006   2.0809026001749819E-005   2.0881367070243320       0.56866945174875350       0.51379310000000000        0.0000000000000000        0.0000000000000000        48.987188468289197        783.79501549262716        16.000000000000000        0.0000000000000000     
   2           2         276   1.4428097633823184E-005   8.5270172885881059E-006   2.0663990962213694E-005   2.0254974646694563       0.54692040550870824       0.51379310000000000        0.0000000000000000        0.0000000000000000        42.109713501560314        673.75541602496503        16.000000000000000        0.0000000000000000     
   2           2         277   1.3445142970970518E-005   8.0274171150702749E-006   1.9170257448887486E-005   2.0806616346972677       0.55850675554404650       0.51379310000000000        0.0000000000000000        0.0000000000000000        44.451760352015718        711.22816563225149        16.000000000000000        0.0000000000000000     
   2           2         278   9.9981299462874745E-006   3.3863581470655593E-006   1.6985037637673178E-005   2.1612419354086296       0.49647467694739800       0.51379310000000000        0.0000000000000000        0.0000000000000000        46.191618233862087        739.06589174179339        16.000000000000000        0.0000000000000000     
   2           2         279   1.4806638795918860E-005   8.6627847442188810E-006   2.1299080221925816E-005   2.0785203813646032       0.53581186774298850       0.51379310000000000        0.0000000000000000        0.0000000000000000        44.876908156871778        718.03053050994845        16.000000000000000        0.0000000000000000     
   2           2         280   1.1254758381902910E-005   4.9005854496108219E-006   1.7969451671567328E-005   2.0509422592527762       0.52359932882840932       0.51379310000000000        0.0000000000000000        0.0000000000000000        47.321714318570180        757.14742909712288        16.000000000000000        0.0000000000000000     
   2           2         281   1.1299995310063734E-005   4.8307925737567372E-006   1.8136244915768093E-005   2.0262953674838404       0.58198336657904326       0.51379310000000000        0.0000000000000000        0.0000000000000000        39.045892901115415        624.73428641784665        16.000000000000000        0.0000000000000000     
   2           2         282   1.1603157394946918E-005   6.1121328862698939E-006   1.7405729313381775E-005   2.1253511479178435       0.45026801010945533       0.51379310000000000        0.0000000000000000        0.0000000000000000        43.462576912731294        695.40123060370070        16.000000000000000        0.0000000000000000     
   2           2         283   8.8706335317092622E-006  -3.3413038374735131E-007   1.8597653421576177E-005   2.8043746497384965       0.49889745190213075       0.51379310000000000        0.0000000000000000        1.0000000000000000        45.699445005752501        731.19112009204002        16.000000000000000       0.12500000000000000     
   2           2         284   1.3670691106269787E-005   8.1653549699393496E-006   1.9488386659392134E-005   2.0700117969590592       0.45820096019649209       0.51379310000000000        0.0000000000000000        0.0000000000000000        50.342549773970333        805.48079638352533        16.000000000000000        0.0000000000000000     
   2           2         285   1.1882615126642117E-005   5.3627418797111963E-006   1.8772410164819517E-005   1.9868769753119837       0.56166979131910744       0.51379310000000000        0.0000000000000000        0.0000000000000000        48.756865732597490        780.10985172155983        16.000000000000000        0.0000000000000000     
   2           2         286   1.3228092264825387E-005   6.6417756638332483E-006   2.0188100491785917E-005   2.1833772886336824       0.55278676561564000       0.51379310000000000        0.0000000000000000        0.0000000000000000        42.059925842231351        672.95881347570162        16.000000000000000        0.0000000000000000     
   2           2         287   1.1654136282121434E-005   4.9535048745125614E-006   1.8734945260506601E-005   2.1694960258467777       0.44263555795882498       0.51379310000000000        0.0000000000000000        0.0000000000000000        41.440993343264545        663.05589349223271        16.000000000000000        0.0000000000000000     
   2           2         288   7.4915163938154749E-006  -2.7623956449758648E-006   1.8327210526370587E-005   1.9331809755857481       0.63709206049753297       0.51379310000000000        0.0000000000000000        0.0000000000000000        46.845596338615429        749.52954141784687        16.000000000000000        0.0000000000000000     
   2           2         289   1.3646804609020340E-005   8.1265873043890964E-006   1.9480225651831960E-005   2.0106090669823060       0.52931876120450327       0.51379310000000000        0.0000000000000000        0.0000000000000000        51.051501199779295        816.82401919646873        16.000000000000000        0.0000000000000000     
   2           2         290   1.3856565589901916E-005   7.6404800422336195E-006   2.0425336751729392E-005   2.0574768217250270       0.51465763467126324       0.51379310000000000        0.0000000000000000        0.0000000000000000        50.258229793587439        804.13167669739903        16.000000000000000        0.0000000000000000     
   2           2         291   1.1653756893582613E-005   5.6773910786136390E-006   1.7969207206621995E-005   1.9986154682674342       0.49672184973589223       0.51379310000000000        0.0000000000000000        0.0000000000000000        40.896323692559832        654.34117908095732        16.000000000000000        0.0000000000000000     
   2           2         292   9.1607884056256615E-006   1.8951175762575633E-006   1.6838695771811785E-005   2.4443584570948418       0.49242746989828451       0.51379310000000000        0.0000000000000000        0.0000000000000000        43.905352191796538        702.48563506874461        16.000000000000000        0.0000000000000000     
   2           2         293  -1.0706933242064635E-005  -3.6637174862188058E-005   1.6694527382520639E-005   2.2931337133520451       0.62815455750481886       0.51379310000000000        0.0000000000000000        0.0000000000000000        44.807774423476758        716.92439077562813        16.000000000000000        6.2500000000000000E-002
   2           2         294   1.2362159074684236E-005   5.3685478914743830E-006   1.9752570790388343E-005   2.0720082043283106       0.54500717756920003       0.51379310000000000        0.0000000000000000        0.0000000000000000        48.789782908605986        780.63652653769577        16.000000000000000        0.0000000000000000     
   2           2         295   1.3090708993133727E-005   6.2767438513421195E-006   2.0291281986838711E-005   2.0905989533950482       0.50678080929164937       0.51379310000000000        0.0000000000000000        0.0000000000000000        53.376012633392335        854.01620213427736        16.000000000000000        0.0000000000000000     
   2           2         296   1.2433053882043559E-005   6.6663250961522258E-006   1.8526972869540385E-005   1.9548288941090408       0.46434427589898802       0.51379310000000000        0.0000000000000000        0.0000000000000000        43.421917740226711        694.75068384362737        16.000000000000000        0.0000000000000000     
   2           2         297   1.6872798901847034E-006  -1.3949544307357221E-005   1.8211299558787388E-005   4.7894073697400614       0.61370677513909366       0.51379310000000000        0.0000000000000000        0.0000000000000000        43.718999736587563        699.50399578540100        16.000000000000000        6.2500000000000000E-002
   2           2         298   1.4226909230007889E-005   8.2976922126358070E-006   2.0492535637054601E-005   2.0887729416527496       0.53412010523493014       0.51379310000000000        0.0000000000000000        0.0000000000000000        47.551199858946717        760.81919774314747        16.000000000000000        0.0000000000000000     
   2           2         299   1.4258791839433730E-005   8.9760575737106188E-006   1.9841255631827750E-005   2.0004195153332467       0.45502457907477067       0.51379310000000000        0.0000000000000000        0.0000000000000000        47.356127958289697        757.69804733263516        16.000000000000000        0.0000000000000000     
   2           2         300   1.2786882233156387E-005   7.2757244639370903E-006   1.8610729724494125E-005   1.9966247960505989       0.48453702420685629       0.51379310000000000        0.0000000000000000        0.0000000000000000        50.829679766888681        813.27487627021890        16.000000000000000        0.0000000000000000     
   2           2         301   1.3477979049264396E-005   7.8583752895754628E-006   1.9416425493488599E-005   2.0570272233198641       0.55734473705298182       0.51379310000000000        0.0000000000000000        0.0000000000000000        44.976160074199079        719.61856118718526        16.000000000000000        0.0000000000000000     
   2           2         302   1.0081576071384050E-005   1.0752389524982106E-007   2.0621531771596092E-005   2.0180868746293186       0.53012202718967238       0.51379310000000000        0.0000000000000000        0.0000000000000000        44.777290914642336        716.43665463427737        16.000000000000000        0.0000000000000000     
   2           2         303   1.2913473440904515E-005   7.2593040268978669E-006   1.8888446710818987E-005   1.9790061644441983       0.50456702528946218       0.51379310000000000        1.0000000000000000        0.0000000000000000        45.693893058191449        731.10228893106319        16.000000000000000        0.0000000000000000     
   2           2         304   7.5386193626169803E-006  -4.8260925507568287E-006   2.0604875033976367E-005   2.0905386504827339       0.54202123072982356       0.51379310000000000        0.0000000000000000        0.0000000000000000        49.569342432766767        793.10947892426827        16.000000000000000        0.0000000000000000     
   2           2         305   1.3681015723063793E-005   8.0427804619962069E-006   1.9639150774855823E-005   2.0038085172328133       0.52593175707599915       0.51379310000000000        0.0000000000000000        0.0000000000000000        49.269016709176540        788.30426734682464        16.000000000000000        0.0000000000000000     
   2           2         306   1.3420121730082401E-005   6.6389900799202992E-006   2.0585998339493879E-005   2.0556217768090841       0.49653239826304435       0.51379310000000000        0.0000000000000000        0.0000000000000000        42.896101092164287        686.33761747462859        16.000000000000000        0.0000000000000000     
   2           2         307   1.3451058746678453E-005   7.3364920877303293E-006   1.9912551084318199E-005   2.0351782547576005       0.49344072927720090       0.51379310000000000        0.0000000000000000        0.0000000000000000        44.554753578625011        712.87605725800017        16.000000000000000        0.0000000000000000     
   2           2         308   1.1757125992836509E-005   5.3545929651820546E-006   1.8522923212354715E-005   2.1603487057241773       0.52560116082928454       0.51379310000000000        0.0000000000000000        0.0000000000000000        45.875739036417556        734.01182458268090        16.000000000000000        0.0000000000000000     
   2           2         309   1.2605782490789424E-005   6.4835779215532844E-006   1.9075346095217887E-005   1.9551817970627436       0.43820236415717800       0.51379310000000000        0.0000000000000000        0.0000000000000000        47.412058633392341        758.59293813427746        16.000000000000000        0.0000000000000000     
   2           2         310   1.2621394453589698E-005   6.4343186318855279E-006   1.9159509947977397E-005   2.0128284709570257       0.48747498328526323       0.51379310000000000        0.0000000000000000        0.0000000000000000        52.990188950238050        847.84302320380880        16.000000000000000        0.0000000000000000     
   2           2         311   1.2760193502425200E-005   6.5961083128785560E-006   1.9274013931960896E-005   2.0884144764391435       0.46230762717860230       0.51379310000000000        0.0000000000000000        0.0000000000000000        42.013720886120289        672.21953417792463        16.000000000000000        0.0000000000000000     
   2           2         312   1.1151616563957081E-005   5.1763420815120183E-006   1.7465913624911839E-005   1.9762194722712458       0.50544245268182197       0.51379310000000000        0.0000000000000000        0.0000000000000000        46.141039968585638        738.25663949737020        16.000000000000000        0.0000000000000000     
   2           2         313   1.0714140524724079E-005   4.9122201063142493E-006   1.6845247832596830E-005   2.0386623889539117       0.50896637390904487       0.51379310000000000        0.0000000000000000        0.0000000000000000        45.829591005050062        733.27345608080100        16.000000000000000        0.0000000000000000     
   2           2         314   1.1121121825224143E-005   5.1655623642159049E-006   1.7414585282254153E-005   2.0182115151661422       0.48581605622189872       0.51379310000000000        0.0000000000000000        0.0000000000000000        49.435107846000001        790.96172553600002        16.000000000000000        0.0000000000000000     
   2           2         315   1.7551902996038284E-007  -1.2989647036018950E-005   1.4087644680694993E-005   2.9722098747984567       0.40045185578548020       0.51379310000000000        0.0000000000000000        0.0000000000000000        51.570099665364950        825.12159464583920        16.000000000000000        6.2500000000000000E-002
   2           2         316   1.0274168788275156E-005   3.7616392185039324E-006   1.7156203486865961E-005   2.0523501352469977       0.52702443217145190       0.51379310000000000        0.0000000000000000        0.0000000000000000        43.863583820892330        701.81734113427729        16.000000000000000        0.0000000000000000     
   2           2         317   1.2815116720881450E-005   6.3934549074048774E-006   1.9601128047124672E-005   2.2080125705473215       0.51022627810300136       0.51379310000000000        0.0000000000000000        0.0000000000000000        43.724769377576500        699.59631004122400        16.000000000000000        0.0000000000000000     
   2           2         318   9.8526048508628665E-006   3.1764924346337677E-006   1.6907503689778718E-005   2.2486563755633986       0.48617035803843445       0.51379310000000000        0.0000000000000000        0.0000000000000000        47.094550526659532        753.51280842655251        16.000000000000000        0.0000000000000000     
   2           2         319   1.2899090253752332E-005   6.4496198069933699E-006   1.9714488007668656E-005   2.0875544182446473       0.53495573383356310       0.51379310000000000        0.0000000000000000        0.0000000000000000        45.526189089747078        728.41902543595324        16.000000000000000        0.0000000000000000     
   2           2         320   1.1498755051389473E-005   5.6738858994262784E-006   1.7654113148285179E-005   2.0256316579348748       0.52276757088211978       0.51379310000000000        0.0000000000000000        0.0000000000000000        50.203518769486621        803.25630031178594        16.000000000000000        0.0000000000000000     
   2           2         321   1.4422489640326226E-005   9.3859127540830335E-006   1.9744829680689612E-005   1.9200590347452275       0.49574038722762054       0.51379310000000000        0.0000000000000000        1.0000000000000000        42.240842808079066        675.85348492926505        16.000000000000000        0.0000000000000000     
   2           2         322   1.2478022950331825E-005   6.4511646940266885E-006   1.8846830523336975E-005   2.1321151053337997       0.51453014816080411       0.51379310000000000        0.0000000000000000        0.0000000000000000        45.138341506535582        722.21346410456931        16.000000000000000        0.0000000000000000     
   2           2         323   1.1295837595253141E-005   4.6305523984546886E-006   1.8339294904574897E-005   2.0451809318738423       0.54790313798391033       0.51379310000000000        0.0000000000000000        1.0000000000000000        42.225781106338502        675.61249770141603        16.000000000000000        0.0000000000000000     
   2           2         324   8.5962556560906192E-006  -1.7324884436710738E-006   1.9511027639217500E-005   2.0658420496726553       0.55267358297076907       0.51379310000000000        0.0000000000000000        0.0000000000000000        48.719835594332970        779.51736950932752        16.000000000000000        0.0000000000000000     
   2           2         325   1.2349825472121862E-005   6.3738090477122634E-006   1.8664906571028144E-005   1.9952288378162586       0.54953466995112910       0.51379310000000000        0.0000000000000000        0.0000000000000000        46.452283658175247        743.23653853080395        16.000000000000000        0.0000000000000000     
   2           2         326   1.1708605568941824E-005   5.0862333670637953E-006   1.8706715104114853E-005   2.1016257815316659       0.54111913505294962       0.51379310000000000        0.0000000000000000        0.0000000000000000        42.889478872552765        686.23166196084424        16.000000000000000        0.0000000000000000     
   2           2         327   3.7774616387892011E-006  -9.9409530508321869E-006   1.8274225897926749E-005   2.2344574568716742       0.52434451875263799       0.51379310000000000        0.0000000000000000        0.0000000000000000        43.186869383498014        690.98991013596822        16.000000000000000        6.2500000000000000E-002
   2           2         328   1.3901498179446900E-005   8.2917513647135797E-006   1.9829528419570019E-005   2.0202374831082310       0.55766659576008470       0.51379310000000000        0.0000000000000000        0.0000000000000000        45.887041016204591        734.19265625927346        16.000000000000000        0.0000000000000000     
   2           2         329   1.2610391846171693E-005   7.2342602949483954E-006   1.8291552059468924E-005   2.0765423815355684       0.42826480382292997       0.51379310000000000        0.0000000000000000        0.0000000000000000        49.521694755852245        792.34711609363592        16.000000000000000        0.0000000000000000     
   2           2         330   1.4161885612516117E-005   8.5550553127089489E-006   2.0086833861732292E-005   2.0626480032968186       0.44096332485034007       0.51379310000000000        0.0000000000000000        0.0000000000000000        49.015347258392346        784.24555613427754        16.000000000000000        0.0000000000000000     
   2           2         331   1.3863452420447618E-005   7.3947567449162894E-006   2.0699166195977769E-005   2.1536877266076320       0.53072094405070713       0.51379310000000000        0.0000000000000000        0.0000000000000000        40.421849349731090        646.74958959569744        16.000000000000000        0.0000000000000000     
   2           2         332   1.3163092206772746E-005   7.9065476093308297E-006   1.8717880392641897E-005   1.9080633265996885       0.52180915899470992       0.51379310000000000        1.0000000000000000        0.0000000000000000        42.321662602395079        677.14660163832127        16.000000000000000        0.0000000000000000     
   2           2         333   1.2576165459389152E-005   6.9789219723684414E-006   1.8490982963319421E-005   2.0296684110933527       0.50274464799967034       0.51379310000000000        0.0000000000000000        1.0000000000000000        45.350772099256382        725.61235358810211        16.000000000000000        0.0000000000000000     
   2           2         334   1.2463638586220994E-005   6.3969872531179503E-006   1.8874496998666999E-005   2.1433702135101500       0.44453031096741724       0.51379310000000000        0.0000000000000000        0.0000000000000000        46.979685743773565        751.67497190037705        16.000000000000000        0.0000000000000000     
   2           2         335   8.8327863245906855E-006   1.6100799826289004E-006   1.6465291502584050E-005   3.0792288435720616       0.44019640132302962       0.51379310000000000        0.0000000000000000        0.0000000000000000        50.393348856530878        806.29358170449404        16.000000000000000        6.2500000000000000E-002
   2           2         336   7.2162422732266228E-006  -6.5562254322743463E-006   2.1770126385235556E-005   2.5071657172881898       0.55300196768817556       0.51379310000000000        0.0000000000000000        1.0000000000000000        40.686647523800218        650.98636038080349        16.000000000000000        6.2500000000000000E-002
   2           2         337   1.2002695836719505E-005   6.4254015766986422E-006   1.7896432242904571E-005   2.0481788922567006       0.52300595729969712       0.51379310000000000        0.0000000000000000        0.0000000000000000        42.513589307365422        680.21742891784675        16.000000000000000        0.0000000000000000     
   2           2         338   1.0184704387745170E-005   1.7403059924771680E-006   1.9108217462404967E-005   2.7894665336276487       0.54616189037727902       0.51379310000000000        0.0000000000000000        1.0000000000000000        43.712398955923987        699.39838329478380        16.000000000000000       0.12500000000000000     
   2           2         339   1.7709300777009055E-005   1.1783814832276316E-005   2.3970984419406701E-005   2.0327193394017020       0.56707534325141862       0.51379310000000000        0.0000000000000000        0.0000000000000000        47.550929307590032        760.81486892144051        16.000000000000000        0.0000000000000000     
   2           2         340   1.3718786471375810E-005   8.3390904413697823E-006   1.9403713403334820E-005   1.9885192832070961       0.48962920399207382       0.51379310000000000        0.0000000000000000        0.0000000000000000        51.736518478489714        827.78429565583542        16.000000000000000        0.0000000000000000     
   2           2         341   1.2738318853480817E-005   6.3357722442972341E-006   1.9504130425111705E-005   2.0159002512326989       0.53571956527431042       0.51379310000000000        0.0000000000000000        0.0000000000000000        44.177967451748557        706.84747922797692        16.000000000000000        0.0000000000000000     
   2           2         342   1.2402087503129263E-005   6.7179555553443042E-006   1.8408723308300869E-005   2.0823569438149203       0.51205272399817003       0.51379310000000000        0.0000000000000000        0.0000000000000000        42.843405690294873        685.49449104471796        16.000000000000000        0.0000000000000000     
   2           2         343   1.2176287368037796E-005   6.4029893028143628E-006   1.8277148359840317E-005   2.0804895367458291       0.51100146946469471       0.51379310000000000        0.0000000000000000        1.0000000000000000        45.932652280768757        734.92243649230011        16.000000000000000        0.0000000000000000     
   2           2         344  -8.9330023279294246E-007  -1.5438123277032724E-005   1.4476760786192010E-005   4.1053977005861118       0.41277037610788081       0.51379310000000000        0.0000000000000000        0.0000000000000000        44.859656369865426        717.75450191784682        16.000000000000000        6.2500000000000000E-002
   2           2         345   7.0439838104714477E-006  -3.8144338431244955E-006   1.8518481739923981E-005   2.0014635238478631       0.50003239359935958       0.51379310000000000        0.0000000000000000        0.0000000000000000        49.387337164420920        790.19739463073472        16.000000000000000        0.0000000000000000     
   2           2         346   1.0630699329782749E-005   4.3847817170244881E-006   1.7230995155702665E-005   2.1172383569511051       0.49384024722489966       0.51379310000000000        0.0000000000000000        0.0000000000000000        43.638179571639064        698.21087314622503        16.000000000000000        0.0000000000000000     
   2           2         347   4.9567304845211097E-007  -1.5580333376186943E-005   1.7483793078290220E-005   4.7708890475635828       0.57437590138744499       0.51379310000000000        0.0000000000000000        0.0000000000000000        45.042858681932856        720.68573891092569        16.000000000000000        6.2500000000000000E-002
   2           2         348   2.5573478204250050E-006  -1.2191413817762115E-005   1.8142918414435750E-005   2.3545991043882428       0.40833754330018746       0.51379310000000000        0.0000000000000000        0.0000000000000000        44.788265544497342        716.61224871195748        16.000000000000000        6.2500000000000000E-002
   2           2         349   1.4513364932465014E-005   8.5264018953692801E-006   2.0840013728306253E-005   1.9088001443914087       0.44403125364698709       0.51379310000000000        0.0000000000000000        0.0000000000000000        47.769475926077902        764.31161481724644        16.000000000000000        0.0000000000000000     
   2           2         350   1.5113528690739666E-005   8.8317303060081680E-006   2.1751741076590379E-005   2.1125657842010148       0.58634366189983056       0.51379310000000000        0.0000000000000000        0.0000000000000000        48.567705738906419        777.08329182250270        16.000000000000000        0.0000000000000000     
   2           2         351   1.1181010605523604E-005   4.6630674087630223E-006   1.8068766087165920E-005   1.9862764941158026       0.51710865292417574       0.51379310000000000        0.0000000000000000        0.0000000000000000        43.244692633392333        691.91508213427733        16.000000000000000        0.0000000000000000     
   2           2         352  -9.4906278846234950E-007  -1.9789136679519837E-005   1.8959951190392695E-005   5.7266872962882918       0.66233701896271435       0.51379310000000000        0.0000000000000000        0.0000000000000000        48.339439302193831        773.43102883510130        16.000000000000000        6.2500000000000000E-002
   2           2         353   7.7705521553291138E-006  -4.1551449838567201E-006   2.0372884419234464E-005   2.6856165770875280       0.44143258323099921       0.51379310000000000        0.0000000000000000        1.0000000000000000        47.885246103557108        766.16393765691373        16.000000000000000        6.2500000000000000E-002
   2           2         354   1.2581974363537130E-005   5.5511873564095775E-006   2.0011671169221710E-005   2.0902442892646151       0.44510359073257205       0.51379310000000000        0.0000000000000000        0.0000000000000000        47.563491491196032        761.01586385913652        16.000000000000000        0.0000000000000000     
   2           2         355   8.3108407701419013E-006   1.2257521100250145E-006   1.5797920172874571E-005   2.1659532219118449       0.52692850079615172       0.51379310000000000        0.0000000000000000        0.0000000000000000        51.586639980786238        825.38623969257981        16.000000000000000        0.0000000000000000     
   2           2         356   1.3758802325594737E-005   8.3659605878492847E-006   1.9457620820860422E-005   2.0375985383602369       0.54892279560807700       0.51379310000000000        0.0000000000000000        1.0000000000000000        41.618245261531904        665.89192418451046        16.000000000000000        0.0000000000000000     
   2           2         357   6.6704906664234984E-006  -6.2850153215666125E-006   2.0361060634965318E-005   3.9413208135829816       0.59108019250214117       0.51379310000000000        0.0000000000000000        1.0000000000000000        44.877720057992562        718.04352092788099        16.000000000000000       0.12500000000000000     
   2           2         358  -7.0576987841421686E-006  -3.0915751016273169E-005   1.8154001453573758E-005   2.2700771822250054       0.57744832472842467       0.51379310000000000        0.0000000000000000        0.0000000000000000        49.177680945892348        786.84289513427757        16.000000000000000        6.2500000000000000E-002
   2           2         359  -1.6530409093265641E-005  -4.9928447433458631E-005   1.8762552920903332E-005   2.3596638241204664       0.62253109082256763       0.51379310000000000        0.0000000000000000        0.0000000000000000        49.459869977549978        791.35791964079965        16.000000000000000        6.2500000000000000E-002
   2           2         360   1.2179249845473213E-005   6.1278338078433165E-006   1.8574008548739555E-005   2.1775146422467668       0.52675371777391611       0.51379310000000000        0.0000000000000000        0.0000000000000000        49.486113447882644        791.77781516612231        16.000000000000000        0.0000000000000000     
   2           2         361   1.1964705600167246E-005   5.7633296070829202E-006   1.8517932622968448E-005   2.2372148923450732       0.38262715652546531       0.51379310000000000        0.0000000000000000        0.0000000000000000        43.515456399731157        696.24730239569851        16.000000000000000        0.0000000000000000     
   2           2         362   1.1714981801270998E-005   6.0056267158877542E-006   1.7748271843678363E-005   1.9949236771347265       0.52590769693478878       0.51379310000000000        0.0000000000000000        0.0000000000000000        43.531109561443714        696.49775298309942        16.000000000000000        0.0000000000000000     
   2           2         363   1.5610542403365123E-005   9.7276307649526529E-006   2.1827236176583471E-005   2.1422210269262254       0.40264105044773979       0.51379310000000000        0.0000000000000000        0.0000000000000000        46.862717611108344        749.80348177773351        16.000000000000000        0.0000000000000000     
   2           2         364   1.3922233761929471E-005   9.0540928613452664E-006   1.9066581167422733E-005   1.8747056373805546       0.51395743742149869       0.51379310000000000        0.0000000000000000        0.0000000000000000        49.879844734978633        798.07751575965813        16.000000000000000        0.0000000000000000     
   2           2         365   3.5285593033216331E-006  -1.0595113811593919E-005   1.8453575367674384E-005   2.1461299026555269       0.50112324017586962       0.51379310000000000        1.0000000000000000        0.0000000000000000        50.229282508392330        803.66852013427729        16.000000000000000        6.2500000000000000E-002
   2           2         366   1.1484437652367257E-005   5.0318422343728482E-006   1.8303137680805840E-005   2.1246045595795269       0.50247518154268589       0.51379310000000000        0.0000000000000000        0.0000000000000000        41.666541037794332        666.66465660470931        16.000000000000000        0.0000000000000000     
   2           2         367   1.1073143196059111E-005   3.4380074256536177E-006   1.9141478047739647E-005   2.2832295406743555       0.41425110227456979       0.51379310000000000        0.0000000000000000        1.0000000000000000        46.745002901080305        747.92004641728488        16.000000000000000        6.2500000000000000E-002
   2           2         368   1.1392451548251498E-005   5.2735899221353511E-006   1.7858482539077144E-005   3.4127661468945329       0.56104125761042611       0.51379310000000000        0.0000000000000000        0.0000000000000000        45.882310788509628        734.11697261615404        16.000000000000000        6.2500000000000000E-002
   2           2         369   1.2365735839512696E-005   6.0510257568738127E-006   1.9038727253168697E-005   2.0158705967895081       0.44789008595585117       0.51379310000000000        0.0000000000000000        0.0000000000000000        50.240399054913929        803.84638487862287        16.000000000000000        0.0000000000000000     
   2           2         370   1.3634697120209766E-005   8.1082376840154876E-006   1.9474714457986195E-005   1.8912568066643960       0.56305359394153365       0.51379310000000000        0.0000000000000000        0.0000000000000000        49.692845528878472        795.08552846205555        16.000000000000000        0.0000000000000000     
   2           2         371   9.3383505423768024E-006   3.6190294677831424E-006   1.5382172020045766E-005   2.1779600977183877       0.46057990384599762       0.51379310000000000        0.0000000000000000        0.0000000000000000        42.381842850458831        678.10948560734130        16.000000000000000        0.0000000000000000     
   2           2         372   8.8244888791157464E-007  -1.6133683018435013E-005   1.8864034838606502E-005   3.8265392546684875       0.42253452053931262       0.51379310000000000        0.0000000000000000        1.0000000000000000        44.310081508392337        708.96130413427738        16.000000000000000       0.18750000000000000     
   2           2         373   1.2280978683206243E-005   6.5820842386217042E-006   1.8303214573433227E-005   2.0046707838276596       0.49757373303589353       0.51379310000000000        0.0000000000000000        0.0000000000000000        49.138406449043131        786.21450318469010        16.000000000000000        0.0000000000000000     
   2           2         374   3.2824208973865312E-006  -7.2228319171387348E-006   1.4383716271554407E-005   2.6446708968939139       0.39054934448753409       0.51379310000000000        0.0000000000000000        0.0000000000000000        47.895316391187663        766.32506225900261        16.000000000000000        6.2500000000000000E-002
   2           2         375   1.1309411279085129E-005   4.5488917860272171E-006   1.8453506247602555E-005   2.2139202549462089       0.54752848405051624       0.51379310000000000        0.0000000000000000        0.0000000000000000        52.907588763067920        846.52142020908673        16.000000000000000        0.0000000000000000     
   2           2         376   1.3104891125177025E-005   6.9172505738626260E-006   1.9643603390562637E-005   2.0949322807408368       0.48641098822129203       0.51379310000000000        0.0000000000000000        0.0000000000000000        40.490977619088881        647.85564190542209        16.000000000000000        0.0000000000000000     
   2           2         377   1.3291944004399793E-005   6.7083380458189958E-006   2.0249087793674866E-005   2.2624782638980543       0.52462213553972448       0.51379310000000000        0.0000000000000000        0.0000000000000000        44.995637383838037        719.93019814140860        16.000000000000000        0.0000000000000000     
   2           2         378   1.0911252929229525E-005   4.6713584934301013E-006   1.7505183837742100E-005   2.1144510755752561       0.50299888865834308       0.51379310000000000        0.0000000000000000        0.0000000000000000        46.208227806558249        739.33164490493198        16.000000000000000        0.0000000000000000     
   2           2         379   1.2307783641096245E-005   5.6230726952430088E-006   1.9371768869346935E-005   2.2066695821062217       0.50783611256881978       0.51379310000000000        0.0000000000000000        0.0000000000000000        49.514881820892342        792.23810913427747        16.000000000000000        0.0000000000000000     
   2           2         380   1.3854930553438465E-005   8.0003377377980976E-006   2.0041698762581021E-005   2.0659000399352765       0.50691444557219101       0.51379310000000000        0.0000000000000000        0.0000000000000000        50.452144667267348        807.23431467627756        16.000000000000000        0.0000000000000000     
   2           2         381   5.0950332302812450E-007  -1.6877013174404264E-005   1.8882488587978371E-005   5.1541974177320826       0.57566504749811165       0.51379310000000000        0.0000000000000000        0.0000000000000000        44.432005875773058        710.91209401236893        16.000000000000000        6.2500000000000000E-002
   2           2         382   1.3132847178217209E-005   9.3120811864210943E-006   1.7170394163460385E-005   1.8838303948162543       0.47974512744716463       0.51379310000000000        0.0000000000000000        0.0000000000000000        42.463187278287016        679.41099645259226        16.000000000000000        0.0000000000000000     
   2           2         383   6.9594706916741913E-006  -3.8742535229504363E-006   1.8407874136333005E-005   2.0182649013543124       0.58659104036102494       0.51379310000000000        0.0000000000000000        0.0000000000000000        47.620938431292274        761.93501490067638        16.000000000000000        0.0000000000000000     
   2           2         384   1.2672446991553019E-005   6.3250535591015809E-006   1.9379976129001781E-005   2.1191220596427600       0.53570836905487262       0.51379310000000000        0.0000000000000000        0.0000000000000000        47.355628359112686        757.69005374580297        16.000000000000000        0.0000000000000000     
   2           2         385   8.9637868211340108E-006   8.9637868211340108E-006   2.2413104765792979E-005   2.0126324522929528       0.47507870455065271        1.0000000000000000        1.0000000000000000        0.0000000000000000        42.391263152230835        678.26021043569335        16.000000000000000        0.0000000000000000     
   2           2         386   1.0418036625702819E-005   2.1862715746246819E-006   1.9116852056058238E-005   2.5886121321422562       0.43808178358696115       0.51379310000000000        0.0000000000000000        1.0000000000000000        43.600289463615418        697.60463141784669        16.000000000000000        6.2500000000000000E-002
   2           2         387   1.2046306837072212E-005   6.0074584874613377E-006   1.8427784792190193E-005   2.0554843957702729       0.50938192515205483       0.51379310000000000        0.0000000000000000        0.0000000000000000        44.502551307024099        712.04082091238558        16.000000000000000        0.0000000000000000     
   2           2         388   1.2619658254561541E-005   6.0475552341066054E-006   1.9564646456905992E-005   2.1544629599998211       0.56047636689611480       0.51379310000000000        0.0000000000000000        0.0000000000000000        44.318352042683799        709.09363268294078        16.000000000000000        0.0000000000000000     
   2           2         389   1.1914993973661653E-005   3.2923269229520937E-006   2.1026890234804959E-005   2.0477850908906117       0.50731191710997903       0.51379310000000000        1.0000000000000000        0.0000000000000000        47.659969941168868        762.55951905870188        16.000000000000000        0.0000000000000000     
   2           2         390   1.2195182672810851E-005   5.4452133253966468E-006   1.9328128906014927E-005   2.3032698686898714       0.52336210472706413       0.51379310000000000        0.0000000000000000        0.0000000000000000        51.071358439409032        817.14173503054451        16.000000000000000        0.0000000000000000     
   2           2         391   1.1671928598317092E-005   4.9342359102617206E-006   1.8791901624292049E-005   2.1611361957091564       0.47630397060793983       0.51379310000000000        0.0000000000000000        0.0000000000000000        43.002239762163512        688.03583619461619        16.000000000000000        0.0000000000000000     
   2           2         392   4.7384085752182507E-007  -1.5990193944448037E-005   1.7872005053489021E-005   2.3670749199923384       0.56260002977430745       0.51379310000000000        0.0000000000000000        1.0000000000000000        40.717182979646012        651.47492767433619        16.000000000000000       0.12500000000000000     
   2           2         393  -6.0368314049149095E-006  -3.0344344771971643E-005   1.9649831302159984E-005   2.3776695054943415       0.63133671521367363       0.51379310000000000        0.0000000000000000        0.0000000000000000        46.507249303169267        744.11598885070828        16.000000000000000        6.2500000000000000E-002
   2           2         394   1.3050840917213088E-005   6.5836060338265993E-006   1.9885011018795956E-005   2.0348109216923347       0.50022205385686325       0.51379310000000000        0.0000000000000000        0.0000000000000000        47.950611073115049        767.20977716984078        16.000000000000000        0.0000000000000000     
   2           2         395   1.3956458913012209E-005   7.8319840444111657E-006   2.0428421628084891E-005   2.1438899073434379       0.51791249892463131       0.51379310000000000        1.0000000000000000        0.0000000000000000        46.581707408530605        745.30731853648967        16.000000000000000        0.0000000000000000     
   2           2         396   1.3554000259783742E-005   7.0163634714048915E-006   2.0462566699657553E-005   2.1503204306377595       0.51929054134288821       0.51379310000000000        0.0000000000000000        0.0000000000000000        43.421301583771097        694.74082534033755        16.000000000000000        0.0000000000000000     
   2           2         397   1.3674192031534811E-005   7.1719478234564451E-006   2.0545357801961918E-005   2.1152690433468671       0.47271215034634056       0.51379310000000000        0.0000000000000000        0.0000000000000000        46.007187882338883        736.11500611742213        16.000000000000000        0.0000000000000000     
   2           2         398   1.2891128569693065E-005   7.2312760896300922E-006   1.8872107349045219E-005   2.0771685426803592       0.44804302111332406       0.51379310000000000        0.0000000000000000        1.0000000000000000        48.286968995367303        772.59150392587685        16.000000000000000        0.0000000000000000     
   2           2         399   1.2037368422178421E-005   6.2579333007944643E-006   1.8144714671819514E-005   2.0025199526068258       0.52572156047713425       0.51379310000000000        0.0000000000000000        0.0000000000000000        46.783794483670476        748.54071173872762        16.000000000000000        0.0000000000000000     
   2           2         400   3.0073074576641270E-006  -8.8871405511581887E-006   1.5576617591357478E-005   2.7190696974131963       0.47031857385652931       0.51379310000000000        0.0000000000000000        0.0000000000000000        49.809490883392336        796.95185413427737        16.000000000000000        6.2500000000000000E-002
   2           2         401   1.0237684862985744E-005   3.3116382830165305E-006   1.7556698523768602E-005   2.0140856123116770       0.51809179312826281       0.51379310000000000        0.0000000000000000        0.0000000000000000        40.424783602620693        646.79653764193108        16.000000000000000        0.0000000000000000     
   2           2         402   1.4312449398579450E-005   8.3994905705062404E-006   2.0560895166107533E-005   2.0734414008621838       0.50542312020029267       0.51379310000000000        0.0000000000000000        0.0000000000000000        45.363402292792202        725.81443668467523        16.000000000000000        0.0000000000000000     
   2           2         403   1.2660638103110347E-005   6.3537808973477702E-006   1.9325331086706867E-005   1.9971779052698981       0.54894266214407750       0.51379310000000000        0.0000000000000000        0.0000000000000000        49.419209258186740        790.70734813098784        16.000000000000000        0.0000000000000000     
   2           2         404   9.2833955810636629E-006  -1.6413222906382168E-008   1.9110852975845654E-005   2.0232879614495647       0.41309971376910787       0.51379310000000000        0.0000000000000000        1.0000000000000000        50.856861106429093        813.70977770286549        16.000000000000000        0.0000000000000000     
   2           2         405   1.4374269528093012E-005   8.6839204887207697E-006   2.0387475167546196E-005   1.9638194738542376       0.46168474760659328       0.51379310000000000        0.0000000000000000        0.0000000000000000        49.516176054985742        792.25881687977187        16.000000000000000        0.0000000000000000     
   2           2         406   8.0515195995255674E-006  -2.8601715516305207E-006   1.9582313635551862E-005   2.1330888447045973       0.56252950757378517       0.51379310000000000        0.0000000000000000        0.0000000000000000        42.289859559968747        676.63775295949995        16.000000000000000        0.0000000000000000     
   2           2         407   1.0905537977970054E-005   4.3350511027505924E-006   1.7848818338919421E-005   2.0563644801139467       0.56218199949137571       0.51379310000000000        0.0000000000000000        0.0000000000000000        42.928527977142330        686.85644763427729        16.000000000000000        0.0000000000000000     
   2           2         408   1.3033209587445557E-005   7.0162963217752162E-006   1.9391507915173873E-005   1.9912960967227664       0.50015084211420358       0.51379310000000000        0.0000000000000000        1.0000000000000000        47.250133919279975        756.00214270847960        16.000000000000000        0.0000000000000000     
   2           2         409   1.0277425427304611E-005   3.4116871171904563E-006   1.7532709073304420E-005   2.2680635976414947       0.48192699989752613       0.51379310000000000        0.0000000000000000        0.0000000000000000        53.341728329494650        853.46765327191440        16.000000000000000        0.0000000000000000     
   2           2         410   1.3382809132720782E-005   7.0132796250387047E-006   2.0113730292607480E-005   2.0739481684480525       0.50452282936042836       0.51379310000000000        0.0000000000000000        0.0000000000000000        52.743146990435314        843.89035184696502        16.000000000000000        0.0000000000000000     
   2           2         411   3.3385614077580441E-006  -9.8869450726598854E-006   1.7314451041664467E-005   3.7377494774500648       0.40091803586612124       0.51379310000000000        0.0000000000000000        0.0000000000000000        41.980349045764648        671.68558473223436        16.000000000000000        6.2500000000000000E-002
