     time_period  economy_id district_id expected_wage_bill budget belief_expected_Wage_bill
   1           1           1   100.29001179256717        746.02634913427732        138.04624616650071     
   1           1           2   97.177773644556623        730.00205520171698        137.97237360612689     
   1           1           3   106.90830996980294        812.13131781794505        138.15907732358176     
   1           1           4   99.673085992347808        879.73257045303069        138.02269527070843     
   1           1           5   99.384899351680971        892.08531921217389        138.02270195740473     
   1           1           6   99.688743867081143        719.57133198657971        138.02270195740473     
   1           1           7   100.08885410026306        770.51415193997877        138.04620269385262     
   1           1           8   996.97624606021236        847.81994000000009        560.51646206719579     
   1           1           9   96.698292696381714        839.62383399145313        137.97356155199469     
   1           1          10   97.137576843748377        892.78563188813780        137.97235945802584     
   1           1          11   96.746862743154409        734.54369391175521        137.94885537584727     
   1           1          12   262.03957763409056        750.95830325015083        148.45991208583561     
   1           1          13   97.901572042643352        843.51970419447957        137.98421066799540     
   1           1          14   101.74504000126269        824.34636712880501        138.06442177933741     
   1           1          15   99.219044783604147        905.20474613427723        138.02270195740473     
   1           1          16   98.290011528222422        722.31364423035450        137.98423835468634     
   1           1          17   100.04746807467619        763.09433259513492        138.04625285495311     
   1           1          18   98.547890643921363        784.43033082992019        138.00778321693295     
   1           1          19   99.689563336422509        857.64608070867075        138.02268189760053     
   1           1          20   99.330258330773944        858.14572420330421        138.02269527070843     
   1           1          21   98.145027598027198        745.22438740673249        138.01199854329661     
   1           1          22   98.007191063966488        736.66703763427734        137.98425681346149     
   1           1          23   100.65860477220801        814.09646003950354        138.10949653368814     
   1           1          24   100.89263433015353        829.90240306341491        138.10949653368814     
   1           1          25   96.876068145232864        832.19614438817291        137.97039645892602     
   1           1          26   99.143294840215745        686.61110849241607        138.02270195740473     
   1           1          27   102.97541463479882        742.39850241470356        138.13660336443135     
   1           1          28   99.154950849001139        707.56589125372864        138.06190645523594     
   1           1          29   103.92808862197103        794.29629813427755        138.10980172405382     
   1           1          30   476.51707474620622        818.09641973827740        315.10419169580069     
   1           1          31   3428.4407448914731        831.96290993549997        3084.7570430416081     
   1           1          32   99.640633385453796        708.97303045125409        138.02270195740473     
   1           1          33   99.583567980145077        727.99354100676146        138.05645478677687     
   1           1          34   99.738036357865298        708.61200586777238        138.04932132114786     
   1           1          35   100.89404317948178        783.35426596376840        138.10949653368814     
   1           1          36   99.653141690763405        662.21232041784663        138.02265180947373     
   1           1          37   97.990977089442907        703.24412809368050        137.98425066044786     
   1           1          38   101.82185431873735        761.50972104613186        138.06446898126640     
   1           1          39   99.779579940809711        753.81829965364170        138.02269527070843     
   1           1          40   101.65870376349748        778.37803636699721        138.06446898126640     
   1           1          41   96.861819378876504        667.42455816565223        137.94889215249063     
   1           1          42   99.685212842353934        703.15502213196885        138.04724314921404     
   1           1          43   98.126897508122923        742.60527513427746        137.98422604927310     
   1           1          44   101.28219764296816        768.84241279437288        138.06443993342012     
   1           1          45   100.69109322195560        746.75895744697868        138.03480232661420     
   1           1          46   106.33055865093519        645.66787458766566        138.20111637350206     
   1           1          47   4093.4891710538345        780.95737460713883        3583.5327033072122     
   1           1          48   99.992907452897299        724.40778827638599        138.02270195740473     
   1           1          49   3521.8848067682916        897.42869186070800        3409.8465983425881     
   1           1          50   375.27527060370511        939.51210713427736        204.06212654159350     
   1           1          51   96.916411682293187        653.98189103348830        137.97036742790186     
   1           1          52   100.75052695882411        703.96686683670464        138.03478355401535     
   1           1          53   99.371314059090182        690.41634456144322        138.02270195740473     
   1           1          54   103.77752134171058        779.79519280667307        138.10978201886948     
   1           1          55   100.88843016741637        850.21512775618999        138.10949653368814     
   1           1          56   102.86837239958939        678.80737888842157        138.13661058974611     
   1           1          57   100.05646613339215        685.90784485070799        138.04930417061775     
   1           1          58   108.43807534983947        733.41183112553949        138.25793271139116     
   1           1          59   98.048554506135559        747.03310732668274        137.98425066044786     
   1           1          60   99.536154313748042        812.36731536013212        138.02270195740473     
   1           1          61   4350.0759931189868        779.64743786250006        3808.1764160870343     
   1           1          62   97.726630860350340        726.93088522777862        137.94904369254542     
   1           1          63   101.24551476588091        730.22546947510250        138.06440362588884     
   1           1          64   100.62977079437974        793.11584613427749        138.04943796049685     
   1           1          65   99.778411501880584        788.31316996072519        138.05645478677687     
   1           1          66   308.85214045898783        686.34832117505994        201.26285329242987     
   1           1          67   99.637334936410241        753.24348489750423        138.05386702730368     
   1           1          68   99.603230974500505        748.06798881068403        138.05386702730368     
   1           1          69   100.25601999552802        761.88395660213541        138.03475539721632     
   1           1          70   100.29198017490820        825.35939906754948        138.10070553941040     
   1           1          71   97.860392674775852        665.91443313427726        137.98421066799540     
   1           1          72   100.37554990659392        718.08906407965742        138.04618597466094     
   1           1          73   100.22655767850581        744.35692682139415        138.09781864857089     
   1           1          74   99.535950964596523        764.99475699637821        138.02270195740473     
   1           1          75   101.17205094432342        789.21875956510655        138.10949653368814     
   1           1          76   99.676974951029820        714.59768782959259        138.02266852486574     
   1           1          77   103.97911049905349        703.13223809192584        138.14023225221788     
   1           1          78   102.39193012496769        771.06643513427753        138.14819290815714     
   1           1          79   99.642228270376521        764.19878759381390        138.02270195740473     
   1           1          80   343.69260306498836        815.64476544048546        203.87030566606316     
   1           1          81   99.660933353745008        696.05650501216780        138.04943796049685     
   1           1          82   99.795752391972570        734.41128037112878        138.02270195740473     
   1           1          83   101.98683930123090        728.82572765161990        138.10949653368814     
   1           1          84   101.26429707570966        783.95991864255143        138.10948853026360     
   1           1          85   323.44443650036897        753.00845955212401        203.78927703968890     
   1           1          86   100.38455961295817        678.15190902461188        138.03480232661420     
   1           1          87   101.79049105554802        707.02572507277375        138.06431286813483     
   1           1          88   300.76978277784082        754.17214925185033        201.15479842074973     
   1           1          89   99.527827629503378        775.81572507601049        138.02269527070843     
   1           1          90   108.94055197444391        809.76308433265456        138.27849583244031     
   1           1          91   100.96429342834267        634.22207183756154        138.03479606895570     
   1           1          92   101.07934250715904        716.37480891784662        138.06447624348215     
   1           1          93   103.44340859563545        719.80155864692961        138.10981748868804     
   1           1          94   99.732854056563738        765.15175447177603        138.04735902558471     
   1           1          95   100.87011480229587        823.26747396179405        138.03475539721632     
   1           1          96   240.83612041907040        662.56630913008405        148.20722181021682     
   1           1          97   100.08628524328216        674.66849719635388        138.04625285495311     
   1           1          98   97.423339240144912        705.17085622101092        137.95872907328956     
   1           1          99   99.612439696848128        754.71075341784672        138.02265180947373     
   1           1         100   99.520461632407645        781.99127403642387        138.02270195740473     
   1           1         101   100.36295991941303        685.86941870384078        138.02293816357528     
   1           1         102   100.58054482130649        680.79624594590882        138.03475539721632     
   1           1         103   99.492545625827290        708.43069755601766        138.02268189760053     
   1           1         104   99.287025348830440        727.15202768721861        138.02270195740473     
   1           1         105   99.358855249387190        790.15410177513832        138.02270195740473     
   1           1         106   99.740288972888905        698.21857413427722        138.02270195740473     
   1           1         107   107.79303392071554        739.74089801343735        138.13657446414481     
   1           1         108   100.30324036264670        717.04908735891092        138.03480232661420     
   1           1         109   103.70045950752387        765.94808997378300        138.10976231436874     
   1           1         110   105.52119013372635        745.06469713643185        138.21742877059597     
   1           1         111   99.861838839834732        672.66705654672489        138.02270195740473     
   1           1         112   100.03124908313841        730.56216471392872        138.04737947719084     
   1           1         113   105.38747176300950        752.57325513427747        138.20293025029463     
   1           1         114   244.75523181474875        748.14114783220805        148.29103824672922     
   1           1         115   100.32673617038799        795.23876653916818        138.03479606895570     
   1           1         116   103.18685098005464        656.75228555633362        138.13658891409580     
   1           1         117   358.60315939858015        756.34916685448525        186.44486383845532     
   1           1         118   355.05204546742192        808.05841714251619        201.50537576019525     
   1           1         119   368.31978473808579        858.02244273141605        204.15318910288366     
   1           1         120   99.959267817034828        791.78420813427749        138.05385932379815     
   1           1         121   107.40327354138451        696.25576214205114        138.18839148233798     
   1           1         122   105.11486500636930        696.50793644934720        138.20111637350206     
   1           1         123   97.931015917208697        749.81535045767828        137.98425681346149     
   1           1         124   99.665186486062893        820.41058303739237        138.02268189760053     
   1           1         125   102.31569797739472        823.53825419950169        138.07780188268089     
   1           1         126   102.26943481318477        668.70988234657671        138.07783251305835     
   1           1         127   629.45372442978805        805.58441641784657        512.62146459431290     
   1           1         128   101.33350238693104        727.11268698078709        138.06433101841964     
   1           1         129   98.131274688416923        781.55605462731432        137.98419528726180     
   1           1         130   101.95348678603284        830.64044766562245        138.08805401132005     
   1           1         131   116.91739476417224        678.45860221286136        138.13661058974611     
   1           1         132   884.91963577836827        798.75571332984657        437.57743859125048     
   1           1         133   12148.990434024900        896.22677312799988        10736.974943861836     
   1           1         134   107.50075849452499        765.07901913427736        138.13661058974611     
   1           1         135   100.48939888373756        836.65971203352353        138.04621941363428     
   1           1         136   5282.8545322598557        802.98995001196931        4146.2770070472607     
   1           1         137   98.180118251260325        709.42348125254341        137.98425681346149     
   1           1         138   99.830687736234395        740.19905006127112        138.02270195740473     
   1           1         139   110.73255769492621        819.74743413840599        138.13658891409580     
   1           1         140   264.01106200820703        797.29683029911291        148.23118742144786     
   1           1         141   6736.6135734711861        767.54043899999988        4982.2492419109740     
   1           1         142   17118.387580760682        810.85646454863854        16012.301204546635     
   1           1         143   101.59425106516554        751.78048538641667        138.06443993342012     
   1           1         144   107.53040963351957        770.58198407694113        138.08892777201319     
   1           1         145   97.747654236470083        824.48145708165941        137.98413376977194     
   1           1         146   105.88550964102045        686.60584100215613        138.13646610186342     
   1           1         147   108.21480598286703        742.37711021466123        138.13661058974611     
   1           1         148   99.514367702788746        707.60722141784686        138.04940708270266     
   1           1         149   101.45242411384120        794.29375543646393        138.06443993342012     
   1           1         150   10766.084189665538        972.57894055500014        8732.3354992897275     
   1           1         151   15353.330807490282        740.21102402827728        13851.872362977469     
   1           1         152   101.62707447626406        728.34961026271537        138.06447624348215     
   1           1         153   97.942468948959771        743.43560291536005        137.98425681346149     
   1           1         154   103.53109392972884        738.75472829203409        138.13661058974611     
   1           1         155   100.69380020305827        793.40482713427741        138.10070553941040     
   1           1         156   99.794620228119882        689.51266465377967        138.02268189760053     
   1           1         157   100.26502846909204        721.46954705388043        138.02290472649642     
   1           1         158   307.70997792085956        773.79841998704580        201.26285329242987     
   1           1         159   99.292495071982600        776.98553579631323        138.02265180947373     
   1           1         160   104.32589159341113        798.24291748991095        138.13661058974611     
   1           1         161   308.41773542765537        671.09948209169431        201.26285329242987     
   1           1         162   310.80307621654447        726.95555813427734        201.37700745196935     
   1           1         163   101.53753855780312        770.31871795293659        138.10945651778397     
   1           1         164   99.055988833919301        805.48630377175721        138.06192116509956     
   1           1         165   97.352338395799904        780.11629869771286        137.95861036645954     
   1           1         166   103.81492336952925        672.96415914353588        138.13660336443135     
   1           1         167   102.20106828659310        676.31048921081333        138.08889785825045     
   1           1         168   99.900935294000220        757.91438213693027        138.02270195740473     
   1           1         169   111.17457538499359        825.94205785070824        138.30569026700184     
   1           1         170   237.29189660988470        848.36732256432902        148.19973119376479     
   1           1         171   100.54446699274588        658.69031066092862        138.03480232661420     
   1           1         172   104.28535285471914        709.46869487790616        138.13661058974611     
   1           1         173   99.780230599052629        716.93002326736189        138.02270195740473     
   1           1         174   97.296572163739754        788.02516737629890        137.94908047412451     
   1           1         175   313.82186010616437        889.94930532541673        201.37701889682583     
   1           1         176   4451.6986213377731        903.36799156713857        4344.7699869947000     
   1           1         177   101.36021666224249        704.22059430157833        138.06440362588884     
   1           1         178   99.873284109091060        760.82360215759832        138.04943796049685     
   1           1         179   99.678324531533647        757.70394665939386        138.02270195740473     
   1           1         180   311.49065047386222        813.28110911937881        201.28056348487519     
   1           1         181   308.89841720922493        719.64430067176420        201.26282393469202     
   1           1         182   241.96698081343916        726.90650826472609        148.23129905535632     
   1           1         183   98.090751877663521        730.26835513427750        137.98419528726180     
   1           1         184   99.864819830779524        793.11373798656155        138.04735902558471     
   1           1         185   99.674713445296263        788.30868267380629        138.02268189760053     
   1           1         186   100.34617177533481        686.34365745600530        138.03477103957150     
   1           1         187   98.711428306706054        733.05997993129517        137.99517195255552     
   1           1         188   114.33556177286609        741.04903790572257        138.24467996302599     
   1           1         189   99.311579687730060        758.55048754291909        138.05641885386621     
   1           1         190   102.97933024785948        847.84532313427724        138.16121448620365     
   1           1         191   101.70435579312442        672.22405063065275        138.08894771553349     
   1           1         192   102.94151024045391        738.26145233201555        138.08804674717911     
   1           1         193   99.872063524889853        733.27972979816627        138.05382851098494     
   1           1         194   99.747314773875729        771.97837431167648        138.02270195740473     
   1           1         195   315.00189543632456        802.70386703693578        201.38988582090431     
   1           1         196   97.339065670184681        719.05643914253437        138.01578229713834     
   1           1         197   100.03016150483906        704.31075963427725        138.02287129176318     
   1           1         198   100.99369274143493        780.03750514923934        138.06445445714124     
   1           1         199   100.01934628825781        736.66003434273523        138.04625285495311     
   1           1         200   100.15270665933349        815.44356788784296        138.09781864857089     
   1           1         201   242.45973141482702        676.93521954827293        148.29101304095872     
   1           1         202   101.62478364763687        727.74855973078650        138.10070553941040     
   1           1         203   106.37101991493908        746.88861658646567        138.21742877059597     
   1           1         204   100.27879362153249        805.42378991784699        138.04625285495311     
   1           1         205   99.832467612420572        763.97716982479585        138.02270195740473     
   1           1         206   111.11392762935334        697.26203104083697        138.30573648155541     
   1           1         207   102.31673833927022        696.50211544004014        138.10943651096608     
   1           1         208   98.520193771629138        751.85367810060291        138.00776475335709     
   1           1         209   99.274335220106366        789.86806154433839        138.02268189760053     
   1           1         210   101.41402651275595        774.19725817859910        138.06446898126640     
   1           1         211   101.06386326163411        628.71030641784660        138.10070553941040     
   1           1         212   98.113114024417200        696.19515004031518        137.98425681346149     
   1           1         213   344.07101573667853        719.79666948672661        201.42957017310286     
   1           1         214   99.424023198298514        757.78660325622138        138.02270195740473     
   1           1         215   109.72672509846876        799.89822791802101        138.13661058974611     
   1           1         216   99.382820481782332        656.24876464893157        138.02270195740473     
   1           1         217   309.66758915035581        691.82897036909696        201.29729279028069     
   1           1         218   109.46604286287258        725.62392141784687        138.13661058974611     
   1           1         219   7552.7546623191338        936.18785653819998        6600.9646454234753     
   1           1         220   118.89117560250757        805.35344800590997        138.30571337390100     
   1           1         221   18767.394303612291        787.26202270199985        17561.292296494328     
   1           1         222   101.03908438865322        660.61311681715199        138.10945651778397     
   1           1         223   100.41577590734272        701.41241731334787        138.03479606895570     
   1           1         224   21170.509498610809        887.23725109599991        20532.198471665259     
   1           1         225   100.90441503803589        782.48503241784670        138.10949653368814     
   1           1         226   35398.380690915845        808.64531408500011        33453.478404756046     
   1           1         227   99.409181253817295        719.55817378524239        138.04945854675756     
   1           1         228   309.71137766962391        710.03066326271085        201.26319900606128     
   1           1         229   308.30347952366151        765.94259747877732        201.26285329242987     
   1           1         230   22547.573339607363        958.77848216499990        20157.508068179879     
   1           1         231   99.848580257428551        688.92128292867221        138.02269527070843     
   1           1         232   105.05724102885218        749.99650663427735        138.21738147858818     
   1           1         233   99.959391163239644        741.49800557901574        138.02266852486574     
   1           1         234   101.89318924811452        768.00460415999123        138.08801769163156     
   1           1         235   99.135705166800889        817.67813810403106        138.06194323073916     
   1           1         236   102.36628926714121        646.78222873122695        138.04512224460160     
   1           1         237   305.19877615983182        718.06852036803821        201.20657935155563     
   1           1         238   105.34822170339582        786.79462531902936        138.08894771553349     
   1           1         239   108.10321307709800        791.36037213427755        138.13661058974611     
   1           1         240   99.753510066584624        791.78206166499456        138.02270195740473     
   1           1         241   313.05595142181085        696.25144803564774        201.37701889682583     
   1           1         242   100.58162850377917        696.50324215992975        138.04625285495311     
   1           1         243   101.95608126531077        749.80916107635437        138.08801769163156     
   1           1         244   105.20291564867138        820.40402883149000        138.13661058974611     
   1           1         245   44019.163930384391        977.39782128000024        41168.353055407788     
   1           1         246   365.72413563201189        685.78196913427723        201.67708914624620     
   1           1         247   99.982425285704863        747.92457719521190        138.02270195740473     
   1           1         248   244.73221396335191        734.12141852319996        148.29095423205544     
   1           1         249   101.64037938019817        803.85233329683547        138.06447624348215     
   1           1         250   100.55079567355263        795.09173351671438        138.10070553941040     
   1           1         251   101.15230107611676        672.89402355294737        138.06446898126640     
   1           1         252   50823.728136478945        833.37757769999985        47567.233009302290     
   1           1         253   101.17832152198477        759.99390513427750        138.10070553941040     
   1           1         254   99.674333026157697        765.07673669609449        138.02266852486574     
   1           1         255   101.54604051016808        836.65484941973011        138.03480232661420     
   1           1         256   107.88012564949304        671.46140667133966        138.13661058974611     
   1           1         257   101.21628342927369        726.59844719808711        138.10070553941040     
   1           1         258   106.48144964830713        760.59512693088641        138.13658891409580     
   1           1         259   98.099436503087389        799.59934814985911        137.98421066799540     
   1           1         260   314.91950210455678        807.23648441784667        201.32397958841503     
   1           1         261   101.13746587028081        710.91639336753246        138.10070553941040     
   1           1         262   99.507842059332191        679.41502489322897        138.02270195740473     
   1           1         263   394.89995582453435        743.47876325427728        285.67791902309699     
   1           1         264   103.29931339080143        757.69624831856015        138.16118837690485     
   1           1         265   1403.6743385950267        750.43928018784663        1269.0266569982325     
   1           1         266   96.658381746916874        679.19909155147695        137.97356155199469     
   1           1         267   101.14541929732934        698.80628791784670        138.10070553941040     
   1           1         268   99.683474352077326        681.74115131283929        138.02270195740473     
   1           1         269   306.98013046180671        754.32805384973506        201.24102137012076     
   1           1         270   104.30889066341973        777.38347041983025        138.13661058974611     
   1           1         271   100.80173294938771        672.28533332980055        138.10949653368814     
   1           1         272   102.61124975659357        730.61027034546350        138.07785293481194     
   1           1         273   101.60781324810486        723.36705121173463        138.09763985616823     
   1           1         274   236.62429892800168        749.55228191784681        148.16587323872994     
   1           1         275   100.11904785892921        783.79501549262716        138.09781864857089     
   1           1         276   106.85786215764620        673.75541602496503        138.08888124027862     
   1           1         277   99.648859746755264        711.22816563225149        138.04737265989374     
   1           1         278   99.495368498878932        739.06589174179339        138.02266852486574     
   1           1         279   97.256945804783200        718.03053050994845        137.97238492497101     
   1           1         280   102.30147205114922        757.14742909712288        138.14876289058739     
   1           1         281   99.725462196335172        624.73428641784665        138.02270195740473     
   1           1         282   97.784326922778902        695.40123060370070        137.98422604927310     
   1           1         283   317.12347565272069        731.19112009204002        201.23157818854358     
   1           1         284   100.68382319685121        805.48079638352533        138.10949653368814     
   1           1         285   100.08637535828413        780.10985172155983        138.04625285495311     
   1           1         286   110.41909877217053        672.95881347570162        138.24462458774684     
   1           1         287   97.621399983248665        663.05589349223271        137.98425066044786     
   1           1         288   101.47450855479643        749.52954141784687        138.06431286813483     
   1           1         289   97.745666808495386        816.82401919646873        138.01823987560678     
   1           1         290   97.981660865700505        804.13167669739903        137.98425681346149     
   1           1         291   99.807703556893941        654.34117908095732        138.04945854675756     
   1           1         292   96.673997954191691        702.48563506874461        137.94886952030598     
   1           1         293   99.245827562552819        716.92439077562813        138.02270195740473     
   1           1         294   101.78249686947174        780.63652653769577        138.10066644019469     
   1           1         295   99.777606465898856        854.01620213427736        138.02268189760053     
   1           1         296   101.09195035945115        694.75068384362737        138.03480232661420     
   1           1         297   100.40739720063348        699.50399578540100        138.03479606895570     
   1           1         298   104.58286195335991        760.81919774314747        138.18825808418305     
   1           1         299   100.76145601454530        757.69804733263516        138.02293147597098     
   1           1         300   101.42750877099780        813.27487627021890        138.03475539721632     
   1           1         301   101.24946673180644        719.61856118718526        138.03480232661420     
   1           1         302   100.56258758219758        716.43665463427737        138.10949653368814     
   1           1         303   242.23106475988632        731.10228893106319        148.20748278153476     
   1           1         304   99.897132856902573        793.10947892426827        138.04735902558471     
   1           1         305   99.937997884748270        788.30426734682464        138.04625285495311     
   1           1         306   98.165330548837773        686.33761747462859        138.00820924928911     
   1           1         307   108.32214667526766        712.87605725800017        138.13655640224866     
   1           1         308   105.47162880107101        734.01182458268090        138.08894106760158     
   1           1         309   98.959649136156727        758.59293813427746        138.06193587541151     
   1           1         310   103.00509134653252        847.84302320380880        138.16121448620365     
   1           1         311   101.76060755456614        672.21953417792463        138.10069771932436     
   1           1         312   97.730529079481073        738.25663949737020        137.98425681346149     
   1           1         313   101.44682930385268        733.27345608080100        138.06443993342012     
   1           1         314   101.33597991980818        790.96172553600002        138.10069771932436     
   1           1         315   101.87600659889056        825.12159464583920        138.08801769163156     
   1           1         316   99.941804286905679        701.81734113427729        138.04625285495311     
   1           1         317   105.24004345780315        699.59631004122400        138.13661058974611     
   1           1         318   101.73093516023162        753.51280842655251        138.09933095933357     
   1           1         319   113.80237324201279        728.41902543595324        138.18840717822178     
   1           1         320   98.917702519548783        803.25630031178594        137.99513459020406     
   1           1         321   312.46856163152052        675.85348492926505        201.38988582090431     
   1           1         322   99.586759886562660        722.21346410456931        138.02266852486574     
   1           1         323   305.21224424739910        675.61249770141603        201.15239846033182     
   1           1         324   100.44769631349213        779.51736950932752        138.10068207951849     
   1           1         325   100.22176290395473        743.23653853080395        138.03466155946739     
   1           1         326   99.750084714147278        686.23166196084424        138.02270195740473     
   1           1         327   100.28652851551225        690.98991013596822        138.02290472649642     
   1           1         328   100.42901264480120        734.19265625927346        138.02293816357528     
   1           1         329   99.604736604741831        792.34711609363592        138.04945854675756     
   1           1         330   100.47193572365151        784.24555613427754        138.10070553941040     
   1           1         331   118.21816717167593        646.74958959569744        138.13658891409580     
   1           1         332   241.20686085630643        677.14660163832127        148.20720744190166     
   1           1         333   311.50505465145767        725.61235358810211        201.28049480351541     
   1           1         334   99.870722728610772        751.67497190037705        138.05380925395474     
   1           1         335   105.62780240688974        806.29358170449404        138.13661058974611     
   1           1         336   307.50770944373164        650.98636038080349        201.26280436355427     
   1           1         337   99.270180186553631        680.21742891784675        138.02266852486574     
   1           1         338   336.44269948667358        699.39838329478380        201.42957017310286     
   1           1         339   99.633869203071683        760.81486892144051        138.02269527070843     
   1           1         340   99.612611499764611        827.78429565583542        138.02268189760053     
   1           1         341   100.44457045246686        706.84747922797692        138.04625285495311     
   1           1         342   99.532677983612345        685.49449104471796        138.04945854675756     
   1           1         343   313.28682201089606        734.92243649230011        201.38985068185960     
   1           1         344   96.496119183789332        717.75450191784682        137.94884123189269     
   1           1         345   99.733644737624132        790.19739463073472        138.02265180947373     
   1           1         346   100.03446870231494        698.21087314622503        138.04618597466094     
   1           1         347   101.80276764317719        720.68573891092569        138.10069771932436     
   1           1         348   101.49138637249584        716.61224871195748        138.10949653368814     
   1           1         349   102.05799731439053        764.31161481724644        138.08801769163156     
   1           1         350   99.584394912561578        777.08329182250270        138.02268189760053     
   1           1         351   101.70201710835019        691.91508213427733        138.10948853026360     
   1           1         352   99.149849587195263        773.43102883510130        138.02270195740473     
   1           1         353   309.04171560376369        766.16393765691373        201.26285329242987     
   1           1         354   100.82468391717548        761.01586385913652        138.04623278988066     
   1           1         355   99.789341747160393        825.38623969257981        138.04737947719084     
   1           1         356   315.03433230674398        665.89192418451046        201.32397958841503     
   1           1         357   309.04926056749417        718.04352092788099        201.26285329242987     
   1           1         358   101.73270404259650        786.84289513427757        138.08804674717911     
   1           1         359   99.802675797522696        791.35791964079965        138.04945854675756     
   1           1         360   100.42050346382773        791.77781516612231        138.03480232661420     
   1           1         361   99.660686420898941        696.24730239569851        138.04940708270266     
   1           1         362   100.39647955100841        696.49775298309942        138.03480232661420     
   1           1         363   99.899544028230892        749.80348177773351        138.02293147597098     
   1           1         364   99.283089547607531        798.07751575965813        137.99517195255552     
   1           1         365   242.35830012657900        803.66852013427729        148.20748278153476     
   1           1         366   105.60103504322146        666.66465660470931        138.21742877059597     
   1           1         367   309.08895407681018        747.92004641728488        201.26282393469202     
   1           1         368   101.45474732389278        734.11697261615404        138.06447624348215     
   1           1         369   99.872571630278486        803.84638487862287        138.04737947719084     
   1           1         370   97.329258508520041        795.08552846205555        137.95868949824046     
   1           1         371   97.638335604584611        678.10948560734130        137.98411839175793     
   1           1         372   308.14543639552278        708.96130413427738        201.26285329242987     
   1           1         373   101.30114228574914        786.21450318469010        138.03480232661420     
   1           1         374   101.08540241162270        766.32506225900261        138.03479606895570     
   1           1         375   99.838974213142052        846.52142020908673        138.04511613183152     
   1           1         376   112.01222929507068        647.85564190542209        138.30569026700184     
   1           1         377   112.80176496499945        719.93019814140860        138.24468848272207     
   1           1         378   101.19223971509545        739.33164490493198        138.10945651778397     
   1           1         379   100.43587634881652        792.23810913427747        138.10070553941040     
   1           1         380   102.77518971842139        807.23431467627756        138.13655640224866     
   1           1         381   99.935931109385180        710.91209401236893        138.04625285495311     
   1           1         382   100.71476716117226        679.41099645259226        138.09781864857089     
   1           1         383   100.73556175750036        761.93501490067638        138.10062734400535     
   1           1         384   122.57007304657168        757.69005374580297        138.13661058974611     
   1           1         385   170.98750846754379        678.26021043569335        85.393148048934179     
   1           1         386   308.77533160809645        697.60463141784669        201.30846616506929     
   1           1         387   118.93791372051757        712.04082091238558        138.18839148233798     
   1           1         388   105.88126218330146        709.09363268294078        138.13661058974611     
   1           1         389   240.95382033780314        762.55951905870188        148.20720744190166     
   1           1         390   99.926175574838808        817.14173503054451        138.02269527070843     
   1           1         391   104.81440522061997        688.03583619461619        138.21740039496416     
   1           1         392   310.60701815589294        651.47492767433619        201.22782305802204     
   1           1         393   97.978020631996372        744.11598885070828        137.98425681346149     
   1           1         394   100.62662071856799        767.20977716984078        138.10070553941040     
   1           1         395   242.79561823764718        745.30731853648967        148.10140248478851     
   1           1         396   117.39554375998409        694.74082534033755        138.13644804360416     
   1           1         397   99.554278343248725        736.11500611742213        138.02269527070843     
   1           1         398   314.80012954670792        772.59150392587685        201.32377767918527     
   1           1         399   100.57473598995014        748.54071173872762        138.03480232661420     
   1           1         400   109.06791102459175        796.95185413427737        138.08894106760158     
   1           1         401   100.62288999825105        646.79653764193108        138.10064689172032     
   1           1         402   104.56597346047296        725.81443668467523        138.12445052971938     
   1           1         403   100.90316535229601        790.70734813098784        138.10070553941040     
   1           1         404   308.85675461508930        813.70977770286549        201.30198426050018     
   1           1         405   100.51373451879641        792.25881687977187        138.10948853026360     
   1           1         406   100.07138768513215        676.63775295949995        138.04623278988066     
   1           1         407   99.696553572845161        686.85644763427729        138.02263509467184     
   1           1         408   309.39629462968492        756.00214270847960        201.26280436355427     
   1           1         409   102.06042667550967        853.46765327191440        138.09186504491259     
   1           1         410   102.00480699797987        843.89035184696502        138.06447624348215     
   1           1         411   101.01355698387610        671.68558473223436        138.03477103957150     
   1           2           1   100.57328151036683        746.02634913427732        139.11733532389636     
   1           2           2   107.19175692436725        730.00205520171698        139.25968788760477     
   1           2           3   100.29041459090305        812.13131781794505        139.11650779087731     
   1           2           4   104.04710589255876        879.73257045303069        139.20753010256587     
   1           2           5   99.668498358403582        892.08531921217389        139.11650779087731     
   1           2           6   99.968624919887375        719.57133198657971        139.11650779087731     
   1           2           7   100.36241067079288        770.51415193997877        139.11735632888866     
   1           2           8   721.87402609930086        847.81994000000009        424.25020074093499     
   1           2           9   99.954777132826237        839.62383399145313        139.11760710413355     
   1           2          10   100.32571249890194        892.78563188813780        139.11733532389636     
   1           2          11   99.935647912295138        734.54369391175521        139.11647278337296     
   1           2          12   237.08613208794787        750.95830325015083        149.32995756324956     
   1           2          13   98.185298024442986        843.51970419447957        139.07618123128958     
   1           2          14   97.210552656340823        824.34636712880501        139.03907729103113     
   1           2          15   101.35013151781892        905.20474613427723        139.16020172540962     
   1           2          16   98.557445975043692        722.31364423035450        139.07619414430692     
   1           2          17   100.33156113861310        763.09433259513492        139.11730381801667     
   1           2          18   100.40603998347382        784.43033082992019        139.11735632888866     
   1           2          19   99.968523750080323        857.64608070867075        139.11650078918606     
   1           2          20   99.611941456636416        858.14572420330421        139.11635027590293     
   1           2          21   97.133558345636160        745.22438740673249        139.03996032150499     
   1           2          22   99.845309694357837        736.66703763427734        139.11647278337296     
   1           2          23   100.91942296168891        814.09646003950354        139.11956561316245     
   1           2          24   101.15797311938152        829.90240306341491        139.11961140936336     
   1           2          25   100.09844088045678        832.19614438817291        139.11747861298045     
   1           2          26   99.440613471112613        686.61110849241607        139.11650779087731     
   1           2          27   101.32999922236569        742.39850241470356        139.07997393067691     
   1           2          28   101.14291596628846        707.56589125372864        139.11961140936336     
   1           2          29   100.05446234393098        794.29629813427755        139.11645528051645     
   1           2          30   477.91740488333630        818.09641973827740        313.96597299883672     
   1           2          31   3428.4207898816639        831.96290993549997        3069.8007137854665     
   1           2          32   98.346019766104490        708.97303045125409        139.07618123128958     
   1           2          33   99.814344292138884        727.99354100676146        139.07875574389803     
   1           2          34   99.982656951331478        708.61200586777238        139.11742605571737     
   1           2          35   101.15639454104451        783.35426596376840        139.11961845529331     
   1           2          36   101.79720772446763        662.21232041784663        139.16019413742035     
   1           2          37   101.68410157328690        703.24412809368050        139.16020172540962     
   1           2          38   100.18589685127922        761.50972104613186        139.11650779087731     
   1           2          39   100.02235909613455        753.81829965364170        139.11650779087731     
   1           2          40   100.05222362244044        778.37803636699721        139.11647278337296     
   1           2          41   100.06608137050441        667.42455816565223        139.11650779087731     
   1           2          42   101.90553356682962        703.15502213196885        139.16118455741383     
   1           2          43   99.990972475543870        742.60527513427746        139.11648678608927     
   1           2          44   99.704883752730993        768.84241279437288        139.11647278337296     
   1           2          45   100.90673601216226        746.75895744697868        139.11691208973326     
   1           2          46   101.68539066307180        645.66787458766566        139.11915545266851     
   1           2          47   4776.9940982328362        780.95737460713883        4246.8509241770662     
   1           2          48   100.25236410123651        724.40778827638599        139.11650779087731     
   1           2          49   3708.0346306784859        897.42869186070800        3595.6320890710163     
   1           2          50   373.50314668843760        939.51210713427736        206.11869664879686     
   1           2          51   100.14230670140810        653.98189103348830        139.11747861298045     
   1           2          52   105.14600918877049        703.96686683670464        139.20802729493499     
   1           2          53   99.664759143825933        690.41634456144322        139.11650078918606     
   1           2          54   101.81192108722354        779.79519280667307        139.16012585014229     
   1           2          55   101.13353840400528        850.21512775618999        139.11961140936336     
   1           2          56   102.97841026991500        678.80737888842157        139.12064237454186     
   1           2          57   100.26250482989953        685.90784485070799        139.11747861298045     
   1           2          58   101.34035942578952        733.41183112553949        139.11922583222633     
   1           2          59   99.892193988265120        747.03310732668274        139.11650779087731     
   1           2          60   96.946247327005167        812.36731536013212        139.03904753900187     
   1           2          61   5305.4798469416501        779.64743786250006        4733.3728337238908     
   1           2          62   100.89264204325589        726.93088522777862        139.11635945504494     
   1           2          63   106.39175898533857        730.22546947510250        139.25883591577895     
   1           2          64   105.24737771269618        793.11584613427749        139.20872120752887     
   1           2          65   98.418277870453565        788.31316996072519        139.04146849537702     
   1           2          66   300.72811493022999        686.34832117505994        203.38452879338317     
   1           2          67   97.026102993654561        753.24348489750423        139.03994238503671     
   1           2          68   99.923489091114178        748.06798881068403        139.11760710413355     
   1           2          69   98.901346069423127        761.88395660213541        139.07660409540799     
   1           2          70   102.48155613415140        825.35939906754948        139.16316651471774     
   1           2          71   99.692463626715735        665.91443313427726        139.11650779087731     
   1           2          72   104.78931005763911        718.08906407965742        139.20836438743601     
   1           2          73   100.63598956646739        744.35692682139415        139.11920138790978     
   1           2          74   98.236516435005740        764.99475699637821        139.07616509051169     
   1           2          75   101.40826937143150        789.21875956510655        139.11961140936336     
   1           2          76   99.943349094920421        714.59768782959259        139.11650779087731     
   1           2          77   100.09393795886170        703.13223809192584        139.11738017772626     
   1           2          78   105.30273568418818        771.06643513427753        139.21085450184296     
   1           2          79   99.915642181864456        764.19878759381390        139.11647278337296     
   1           2          80   344.25817971374852        815.64476544048546        206.01780278694378     
   1           2          81   99.918626451180273        696.05650501216780        139.11747861298045     
   1           2          82   98.483549470228340        734.41128037112878        139.07620705768107     
   1           2          83   102.22585837132416        728.82572765161990        139.11961140936336     
   1           2          84   101.51382004333574        783.95991864255143        139.11961140936336     
   1           2          85   345.20707733344216        753.00845955212401        206.15735051969671     
   1           2          86   100.62041418371038        678.15190902461188        139.11694702041123     
   1           2          87   100.16297131221936        707.02572507277375        139.11650779087731     
   1           2          88   310.64364552682770        754.17214925185033        203.49816279078306     
   1           2          89   99.807205366357081        775.81572507601049        139.11650078918606     
   1           2          90   101.53574984108486        809.76308433265456        139.11961845529331     
   1           2          91   101.17994745091630        634.22207183756154        139.11694003408286     
   1           2          92   97.997065955509143        716.37480891784662        139.07618123128958     
   1           2          93   99.674303487201286        719.80155864692961        139.11643777825216     
   1           2          94   100.03868443007853        765.15175447177603        139.11740119643096     
   1           2          95   99.471175095339461        823.26747396179405        139.07657832712320     
   1           2          96   241.50822231654288        662.56630913008405        149.41062607601145     
   1           2          97   102.25052919119416        674.66849719635388        139.16105130558910     
   1           2          98   100.67070250332452        705.17085622101092        139.11691208973326     
   1           2          99   99.917123361690969        754.71075341784672        139.11650779087731     
   1           2         100   99.797912404720677        781.99127403642387        139.11643777825216     
   1           2         101   97.637673094082828        685.86941870384078        139.03905486739470     
   1           2         102   100.80845763840098        680.79624594590882        139.11694702041123     
   1           2         103   99.768125755379316        708.43069755601766        139.11645528051645     
   1           2         104   96.744118120393679        727.15202768721861        139.03901778903182     
   1           2         105   98.096292802742411        790.15410177513832        139.07619414430692     
   1           2         106   100.01404972980733        698.21857413427722        139.11650779087731     
   1           2         107   107.48659691635110        739.74089801343735        139.12058972126158     
   1           2         108   102.48573944501062        717.04908735891092        139.16064868556521     
   1           2         109   99.890964779945762        765.94808997378300        139.11650779087731     
   1           2         110   103.31227519888462        745.06469713643185        139.16359692716699     
   1           2         111   100.13496656936334        672.66705654672489        139.11645528051645     
   1           2         112   102.30347426533146        730.56216471392872        139.16118455741383     
   1           2         113   101.30552873924614        752.57325513427747        139.11914856102536     
   1           2         114   245.18855871624302        748.14114783220805        149.41358482307140     
   1           2         115   98.971740522586472        795.23876653916818        139.07659121108540     
   1           2         116   105.32085041581648        656.75228555633362        139.16453730364753     
   1           2         117   325.50328940824875        756.34916685448525        188.09178506788351     
   1           2         118   354.33585847177909        808.05841714251619        203.56892529798790     
   1           2         119   367.90323148774638        858.02244273141605        206.21912663020962     
   1           2         120   102.31235694405912        791.78420813427749        139.16134729912250     
   1           2         121   105.04876060308972        696.25576214205114        139.12062131258492     
   1           2         122   108.08676220929918        696.50793644934720        139.26215420276901     
   1           2         123   101.61610215334696        749.81535045767828        139.16019413742035     
   1           2         124   99.942687865566612        820.41058303739237        139.11650078918606     
   1           2         125   102.54123923370231        823.53825419950169        139.16068654325281     
   1           2         126   100.60058660558835        668.70988234657671        139.11691208973326     
   1           2         127   562.85121654118052        805.58441641784657        443.59178195278224     
   1           2         128   98.226838303227879        727.11268698078709        139.07614895029536     
   1           2         129   98.423604120914277        781.55605462731432        139.07618123128958     
   1           2         130   97.459360134461448        830.64044766562245        139.03987938443291     
   1           2         131   114.90704456947725        678.45860221286136        139.08002248637149     
   1           2         132   887.28879808843931        798.75571332984657        421.59588272948872     
   1           2         133   12149.143476132658        896.22677312799988        10712.278983544318     
   1           2         134   105.19841872903882        765.07901913427736        139.07997393067691     
   1           2         135   100.77039373279754        836.65971203352353        139.11733532389636     
   1           2         136   5026.2313320005014        802.98995001196931        3905.2062579682452     
   1           2         137   98.450861171824343        709.42348125254341        139.07618123128958     
   1           2         138   100.09872059832082        740.19905006127112        139.11650779087731     
   1           2         139   112.89954349158754        819.74743413840599        139.16453730364753     
   1           2         140   272.42923532322169        797.29683029911291        149.41506928080602     
   1           2         141   6736.5671944697970        767.54043899999988        4946.3645073912176     
   1           2         142   17118.569826419025        810.85646454863854        16008.652404097247     
   1           2         143   101.88058006557796        751.78048538641667        139.16012585014229     
   1           2         144   105.76737823637195        770.58198407694113        139.04258023014259     
   1           2         145   101.42598654271762        824.48145708165941        139.16017896175217     
   1           2         146   105.72919973263967        686.60584100215613        139.12048443082685     
   1           2         147   107.94258524220183        742.37711021466123        139.12064237454186     
   1           2         148   99.781761487854041        707.60722141784686        139.11747160503484     
   1           2         149   98.298640255237515        794.29375543646393        139.07616509051169     
   1           2         150   10766.314893339977        972.57894055500014        8670.8636702107051     
   1           2         151   16131.194040063923        740.21102402827728        14567.869464797155     
   1           2         152   101.89841717493248        728.34961026271537        139.16020172540962     
   1           2         153   99.777498670355612        743.43560291536005        139.11650779087731     
   1           2         154   103.56540957234554        738.75472829203409        139.12064237454186     
   1           2         155   100.90030558315276        793.40482713427741        139.11929622141781     
   1           2         156   101.95020804953107        689.51266465377967        139.16012585014229     
   1           2         157   100.49671877727472        721.46954705388043        139.11650996908222     
   1           2         158   303.84243277366642        773.79841998704580        203.43907920674067     
   1           2         159   101.43653840630064        776.98553579631323        139.16020172540962     
   1           2         160   106.43774997456156        798.24291748991095        139.16468945726808     
   1           2         161   309.27058118973156        671.09948209169431        203.49800862158321     
   1           2         162   311.57542491737428        726.95555813427734        203.50228252378290     
   1           2         163   101.81243209871616        770.31871795293659        139.11961845529331     
   1           2         164   101.05742451756034        805.48630377175721        139.11961140936336     
   1           2         165   100.59020240172785        780.11629869771286        139.11694702041123     
   1           2         166   103.85112075815732        672.96415914353588        139.12064237454186     
   1           2         167   104.03751265888296        676.31048921081333        139.12064237454186     
   1           2         168   100.16116967315253        757.91438213693027        139.11645528051645     
   1           2         169   108.11308858356142        825.94205785070824        139.21242531629281     
   1           2         170   245.49476213005937        848.36732256432902        149.41359995176563     
   1           2         171   100.76441623125380        658.69031066092862        139.11694702041123     
   1           2         172   104.23544987807874        709.46869487790616        139.12063535379474     
   1           2         173   101.92256150935935        716.93002326736189        139.16017896175217     
   1           2         174   100.48386358425100        788.02516737629890        139.11651697080850     
   1           2         175   320.64004415322046        889.94930532541673        203.56676738684345     
   1           2         176   4451.6674686346032        903.36799156713857        4343.6303245534773     
   1           2         177   98.231128048608880        704.22059430157833        139.07616509051169     
   1           2         178   100.10314818567325        760.82360215759832        139.11745758943078     
   1           2         179   99.954286114877860        757.70394665939386        139.11650779087731     
   1           2         180   312.20257952654373        813.28110911937881        203.49887456001505     
   1           2         181   309.72476318660500        719.64430067176420        203.49818848871539     
   1           2         182   242.29504079529912        726.90650826472609        149.33118762224390     
   1           2         183   104.06110495864164        730.26835513427750        139.20747257620749     
   1           2         184   100.18972360452334        793.11373798656155        139.11740119643096     
   1           2         185   99.972186063435231        788.30868267380629        139.11647278337296     
   1           2         186   100.58283069584323        686.34365745600530        139.11694702041123     
   1           2         187   100.54509707410834        733.05997993129517        139.11694702041123     
   1           2         188   108.62799333898802        741.04903790572257        139.12060727175708     
   1           2         189   101.20300676292185        758.55048754291909        139.11927510365098     
   1           2         190   101.17796205414160        847.84532313427724        139.11961845529331     
   1           2         191   103.51273600090674        672.22405063065275        139.12064237454186     
   1           2         192   101.32435140483980        738.26145233201555        139.11734932712940     
   1           2         193   100.24477858589484        733.27972979816627        139.11753675622992     
   1           2         194   101.89594762352945        771.97837431167648        139.16016378649246     
   1           2         195   315.78549163944149        802.70386703693578        203.50280734219564     
   1           2         196   100.60602848599247        719.05643914253437        139.11929622141781     
   1           2         197   98.691953839798387        704.31075963427725        139.07617330356172     
   1           2         198   96.649018296076321        780.03750514923934        139.03907729103113     
   1           2         199   100.30471958750189        736.66003434273523        139.11735632888866     
   1           2         200   100.56773731863511        815.44356788784296        139.11920138790978     
   1           2         201   243.07393464011398        676.93521954827293        149.41361508087300     
   1           2         202   101.84587205233223        727.74855973078650        139.11929622141781     
   1           2         203   101.88458105350934        746.88861658646567        139.11959731779206     
   1           2         204   100.55964397316903        805.42378991784699        139.11735632888866     
   1           2         205   100.10249469882901        763.97716982479585        139.11650779087731     
   1           2         206   101.77474173807472        697.26203104083697        139.07987683429033     
   1           2         207   100.63850851253632        696.50211544004014        139.07900296079990     
   1           2         208   97.484573338438125        751.85367810060291        139.03980501525223     
   1           2         209   99.570705048455423        789.86806154433839        139.11650779087731     
   1           2         210   99.834252200833461        774.19725817859910        139.11647278337296     
   1           2         211   101.22366051937387        628.71030641784660        139.11924342862434     
   1           2         212   98.406528435307564        696.19515004031518        139.07620705768107     
   1           2         213   343.47345316652968        719.79666948672661        203.50431078493236     
   1           2         214   98.151356726626545        757.78660325622138        139.07620705768107     
   1           2         215   109.38641024631984        799.89822791802101        139.12064237454186     
   1           2         216   99.680081045520694        656.24876464893157        139.11650779087731     
   1           2         217   316.39148741323720        691.82897036909696        203.56352777385203     
   1           2         218   109.00894166062086        725.62392141784687        139.12064237454186     
   1           2         219   7553.6214615388162        936.18785653819998        6561.6391050217781     
   1           2         220   109.01161713620394        805.35344800590997        139.12057217135933     
   1           2         221   20773.388023281303        787.26202270199985        19524.982316236375     
   1           2         222   101.29719046033293        660.61311681715199        139.11958322660371     
   1           2         223   97.682749609310420        701.41241731334787        139.03942931398478     
   1           2         224   21170.849902925671        887.23725109599991        20509.512086465667     
   1           2         225   108.63457712501962        782.48503241784670        139.26304394051658     
   1           2         226   35397.972829747698        808.64531408500011        33395.103999033265     
   1           2         227   106.41885321852484        719.55817378524239        139.26009343418019     
   1           2         228   301.51131531867577        710.03066326271085        203.38456576402029     
   1           2         229   304.36696841156476        765.94259747877732        203.43907920674067     
   1           2         230   22548.462601831299        958.77848216499990        20069.070374527524     
   1           2         231   100.11371545394415        688.92128292867221        139.11650779087731     
   1           2         232   100.92626835097849        749.99650663427735        139.11956561316245     
   1           2         233   104.37495049793692        741.49800557901574        139.20751366590963     
   1           2         234   100.29484201415121        768.00460415999123        139.11732132104348     
   1           2         235   103.17531333737246        817.67813810403106        139.16348240896500     
   1           2         236   105.73371798705459        646.78222873122695        139.12063535379474     
   1           2         237   311.09762265000563        718.06852036803821        203.49818848871539     
   1           2         238   111.81686407887786        786.79462531902936        139.21242531629281     
   1           2         239   107.73907608329901        791.36037213427755        139.12058972126158     
   1           2         240   98.455111025681816        791.78206166499456        139.07620705768107     
   1           2         241   313.61286551113056        696.25144803564774        203.50233419875815     
   1           2         242   100.86191863159152        696.50324215992975        139.11735632888866     
   1           2         243   97.443029630826615        749.80916107635437        139.03989425981777     
   1           2         244   105.09421604074191        820.40402883149000        139.12064237454186     
   1           2         245   46225.378639031966        977.39782128000024        43302.401233600365     
   1           2         246   340.54035961636197        685.78196913427723        203.50427986147105     
   1           2         247   100.24390895624502        747.92457719521190        139.11648678608927     
   1           2         248   250.02183029419470        734.12141852319996        149.46079980515287     
   1           2         249   101.91054127966581        803.85233329683547        139.16019413742035     
   1           2         250   99.120355145106799        795.09173351671438        139.07880442766449     
   1           2         251   101.44190756880496        672.89402355294737        139.16012585014229     
   1           2         252   46188.364623107074        833.37757769999985        42795.514945698320     
   1           2         253   101.36445757457371        759.99390513427750        139.11929622141781     
   1           2         254   99.951665950005875        765.07673669609449        139.11650779087731     
   1           2         255   101.75147505092460        836.65484941973011        139.11689462529961     
   1           2         256   115.46562218092419        671.46140667133966        139.26413017302207     
   1           2         257   101.40294793589771        726.59844719808711        139.11922583222633     
   1           2         258   106.20968496556929        760.59512693088641        139.12062131258492     
   1           2         259   98.393424687684302        799.59934814985911        139.07620705768107     
   1           2         260   309.99433703167040        807.23648441784667        203.49823988721528     
   1           2         261   101.34497753499581        710.91639336753246        139.11929622141781     
   1           2         262   99.787946700402728        679.41502489322897        139.11650078918606     
   1           2         263   395.42937291173246        743.47876325427728        288.93635775860099     
   1           2         264   101.45074362100561        757.69624831856015        139.11961845529331     
   1           2         265   1403.6576073224326        750.43928018784663        1264.3006812173173     
   1           2         266   98.312506305894502        679.19909155147695        139.07713526427753     
   1           2         267   105.77183961054112        698.80628791784670        139.21078223651264     
   1           2         268   101.82534145358161        681.74115131283929        139.16019413742035     
   1           2         269   325.59733592602009        754.32805384973506        203.63315261939178     
   1           2         270   106.43277374578983        777.38347041983025        139.16468945726808     
   1           2         271   103.06416954459350        672.28533332980055        139.16350149371158     
   1           2         272   100.90910709568290        730.61027034546350        139.11694702041123     
   1           2         273   102.41923343702533        723.36705121173463        139.11918025650593     
   1           2         274   241.05231316269757        749.55228191784681        149.41062607601145     
   1           2         275   100.51616112846821        783.79501549262716        139.11920138790978     
   1           2         276   106.75817333365077        673.75541602496503        139.07997393067691     
   1           2         277   99.959961324363306        711.22816563225149        139.11740119643096     
   1           2         278   99.787346930142775        739.06589174179339        139.11650779087731     
   1           2         279   100.43370338994895        718.03053050994845        139.11735632888866     
   1           2         280   100.60153151096171        757.14742909712288        139.11929622141781     
   1           2         281   100.00009639824786        624.73428641784665        139.11650779087731     
   1           2         282   101.45486171547152        695.40123060370070        139.16017896175217     
   1           2         283   332.97853004124659        731.19112009204002        203.58799611103726     
   1           2         284   102.94939919355140        805.48079638352533        139.16359692716699     
   1           2         285   98.784928289052573        780.10985172155983        139.07704173156293     
   1           2         286   107.54053446941711        672.95881347570162        139.16466663160304     
   1           2         287   99.447711972748294        663.05589349223271        139.11650779087731     
   1           2         288   99.886817413443168        749.52954141784687        139.11650779087731     
   1           2         289   101.16856505271775        816.82401919646873        139.11961845529331     
   1           2         290   101.68553401523923        804.13167669739903        139.16017896175217     
   1           2         291   97.078235093673783        654.34117908095732        139.03985509841212     
   1           2         292   106.60837648404868        702.48563506874461        139.25884481285667     
   1           2         293   97.997312185826203        716.92439077562813        139.07616509051169     
   1           2         294   102.01160098927768        780.63652653769577        139.11929622141781     
   1           2         295   100.05683672559928        854.01620213427736        139.11650779087731     
   1           2         296   99.716816190954148        694.75068384362737        139.07660409540799     
   1           2         297   100.63662530555989        699.50399578540100        139.11694702041123     
   1           2         298   102.64680987650280        760.81919774314747        139.12064237454186     
   1           2         299   100.94985249984005        757.69804733263516        139.11649596591525     
   1           2         300   101.63894505480967        813.27487627021890        139.11687716146545     
   1           2         301   103.37636395996086        719.61856118718526        139.16064868556521     
   1           2         302   99.137593665863577        716.43665463427737        139.07887952502929     
   1           2         303   242.80645526937164        731.10228893106319        149.41063594116827     
   1           2         304   100.19859593669771        793.10947892426827        139.11740119643096     
   1           2         305   100.22558910218604        788.30426734682464        139.11735632888866     
   1           2         306   98.407898775298861        686.33761747462859        139.07695772503513     
   1           2         307   106.01874573896507        712.87605725800017        139.07997393067691     
   1           2         308   109.61723804808770        734.01182458268090        139.16468184860906     
   1           2         309   97.794921577392586        758.59293813427746        139.04158362393090     
   1           2         310   99.486144539172983        847.84302320380880        139.07887952502929     
   1           2         311   101.96864629100725        672.21953417792463        139.11926102561992     
   1           2         312   98.020183087712070        738.25663949737020        139.07620705768107     
   1           2         313   99.857420700809811        733.27345608080100        139.11650779087731     
   1           2         314   101.53528063246610        790.96172553600002        139.11929622141781     
   1           2         315   100.27124322413839        825.12159464583920        139.11733532389636     
   1           2         316   100.22803836000435        701.81734113427729        139.11734932712940     
   1           2         317   109.95311729395785        699.59631004122400        139.21242531629281     
   1           2         318   102.11444089803047        753.51280842655251        139.16136635805353     
   1           2         319   111.62117433353485        728.41902543595324        139.12064237454186     
   1           2         320   100.73138528649682        803.25630031178594        139.11694702041123     
   1           2         321   307.95971219348235        675.85348492926505        203.44311300562205     
   1           2         322   103.95490272585660        722.21346410456931        139.20747257620749     
   1           2         323   311.15292958881605        675.61249770141603        203.43201640930889     
   1           2         324   100.67144925833786        779.51736950932752        139.11928918206618     
   1           2         325   100.47069259668682        743.23653853080395        139.11694003408286     
   1           2         326   100.03351376569542        686.23166196084424        139.11650779087731     
   1           2         327   98.925658491142741        690.98991013596822        139.07622172779364     
   1           2         328   99.048520144359898        734.19265625927346        139.07621527093994     
   1           2         329   99.868233300532722        792.34711609363592        139.11747160503484     
   1           2         330   102.66157896768249        784.24555613427754        139.16314744394219     
   1           2         331   118.17569166547351        646.74958959569744        139.12064237454186     
   1           2         332   234.88242677683655        677.14660163832127        149.32736884031632     
   1           2         333   312.19011959528478        725.61235358810211        203.49885404559771     
   1           2         334   100.25014640335351        751.67497190037705        139.11760710413355     
   1           2         335   103.63883026374613        806.29358170449404        139.08002248637149     
   1           2         336   308.43507488552763        650.98636038080349        203.49823988721528     
   1           2         337   99.565925368425923        680.21742891784675        139.11650779087731     
   1           2         338   350.83510648973908        699.39838329478380        203.63900660134817     
   1           2         339   98.355368139762319        760.81486892144051        139.07621351450268     
   1           2         340   98.328658191006710        827.78429565583542        139.07618123128958     
   1           2         341   99.145865812941892        706.84747922797692        139.07704173156293     
   1           2         342   99.800157414053714        685.49449104471796        139.11747861298045     
   1           2         343   320.61543895334637        734.92243649230011        203.56744984259583     
   1           2         344   103.66346717200481        717.75450191784682        139.20747257620749     
   1           2         345   100.01241075208269        790.19739463073472        139.11650779087731     
   1           2         346   102.19825840504440        698.21087314622503        139.16104371752547     
   1           2         347   101.87024757793273        720.68573891092569        139.11924342862434     
   1           2         348   101.73845503241448        716.61224871195748        139.11959731779206     
   1           2         349   97.563916283445835        764.31161481724644        139.03990616049398     
   1           2         350   101.74021374339735        777.08329182250270        139.16020172540962     
   1           2         351   100.11782515489473        691.91508213427733        139.07896072913383     
   1           2         352   99.448516023170484        773.43102883510130        139.11650779087731     
   1           2         353   309.98921814921187        766.16393765691373        203.49823988721528     
   1           2         354   101.10534790171701        761.01586385913652        139.11735632888866     
   1           2         355   102.02071823580546        825.38623969257981        139.16118455741383     
   1           2         356   310.07679417586525        665.89192418451046        203.49823988721528     
   1           2         357   309.90640055454344        718.04352092788099        203.49823988721528     
   1           2         358   98.560298723630666        786.84289513427757        139.07702881842150     
   1           2         359   97.101683056790279        791.35791964079965        139.03986105428731     
   1           2         360   104.77653900299633        791.77781516612231        139.20790429602278     
   1           2         361   106.78210447359098        696.24730239569851        139.26011569509919     
   1           2         362   100.62535130322524        696.49775298309942        139.11692606171587     
   1           2         363   102.03622407250688        749.80348177773351        139.16020437270325     
   1           2         364   98.173597600257111        798.07751575965813        139.03943525083028     
   1           2         365   242.92642825133095        803.66852013427729        149.41063594116827     
   1           2         366   103.37861068366465        666.66465660470931        139.16365419500943     
   1           2         367   309.94620562490883        747.92004641728488        203.49823988721528     
   1           2         368   99.865972357991780        734.11697261615404        139.11650779087731     
   1           2         369   98.572751506999879        803.84638487862287        139.07699811195766     
   1           2         370   97.584265755588859        795.08552846205555        139.03940556743430     
   1           2         371   101.29902116075307        678.10948560734130        139.16014481799692     
   1           2         372   304.28655958875095        708.96130413427738        203.43906972670965     
   1           2         373   101.50585434285858        786.21450318469010        139.11694702041123     
   1           2         374   101.29748627320528        766.32506225900261        139.11694702041123     
   1           2         375   107.70712873539406        846.52142020908673        139.21240059325945     
   1           2         376   104.13018914058223        647.85564190542209        139.12063535379474     
   1           2         377   115.69361205961384        719.93019814140860        139.26406326572956     
   1           2         378   103.54454540351061        739.33164490493198        139.16363128717441     
   1           2         379   104.95851649998343        792.23810913427747        139.21072852881412     
   1           2         380   102.87359773595870        807.23431467627756        139.12060727175708     
   1           2         381   100.22207272304591        710.91209401236893        139.11730381801667     
   1           2         382   99.459831446259983        679.41099645259226        139.07858685383843     
   1           2         383   100.97466431378507        761.93501490067638        139.11926102561992     
   1           2         384   122.49116920262209        757.69005374580297        139.12048443082685     
   1           2         385   166.52679958121502        678.26021043569335        86.016862063298078     
   1           2         386   309.85494436257153        697.60463141784669        203.49985403193892     
   1           2         387   116.57718338847417        712.04082091238558        139.12058972126158     
   1           2         388   107.81898209918739        709.09363268294078        139.16468184860906     
   1           2         389   241.62952583386163        762.55951905870188        149.41062607601145     
   1           2         390   107.02337511307745        817.14173503054451        139.25884481285667     
   1           2         391   102.71566713333465        688.03583619461619        139.16364655896112     
   1           2         392   311.36431781546918        651.47492767433619        203.32149529429898     
   1           2         393   99.815774970008491        744.11598885070828        139.11650779087731     
   1           2         394   100.85547025370569        767.20977716984078        139.11929622141781     
   1           2         395   247.84117823850497        745.30731853648967        149.31005020800205     
   1           2         396   117.33665370616690        694.74082534033755        139.12064237454186     
   1           2         397   101.68946055284161        736.11500611742213        139.16016378649246     
   1           2         398   315.76988134436937        772.59150392587685        203.56235829737437     
   1           2         399   99.184713916385959        748.54071173872762        139.07659121108540     
   1           2         400   110.94191621533832        796.95185413427737        139.12064237454186     
   1           2         401   100.86227954501801        646.79653764193108        139.11929622141781     
   1           2         402   102.52342546387474        725.81443668467523        139.16067897150728     
   1           2         403   99.422466400071130        790.70734813098784        139.07880442766449     
   1           2         404   309.65940048486272        813.70977770286549        203.49966536623609     
   1           2         405   99.104903702635525        792.25881687977187        139.07900296079990     
   1           2         406   104.47481489322068        676.63775295949995        139.20839726151561     
   1           2         407   99.984287196059753        686.85644763427729        139.11650078918606     
   1           2         408   310.23818872751724        756.00214270847960        203.49818848871539     
   1           2         409   104.72281913438879        853.46765327191440        139.20858871249442     
   1           2         410   100.32494812193382        843.89035184696502        139.11650078918606     
   1           2         411   99.632418821948789        671.68558473223436        139.07657832712320     
   2           1           1   136.30800486954709        746.02634913427732        144.98678840368527     
   2           1           2   117.43841800782782        730.00205520171698        143.96063195654961     
   2           1           3   135.14910197157346        812.13131781794505        141.82874994699506     
   2           1           4   127.87419261365763        879.73257045303069        147.47236828393164     
   2           1           5   140.36082347334988        892.08531921217389        150.89830976814406     
   2           1           6   136.97576426627123        719.57133198657971        144.90988980272158     
   2           1           7   141.96958851475253        770.51415193997877        162.22505971266537     
   2           1           8   1409.9505255634911        847.81994000000009        795.02304714381273     
   2           1           9   123.50335360056972        839.62383399145313        145.22084873508391     
   2           1          10   125.64914329420871        892.78563188813780        147.56586383209054     
   2           1          11   127.95524953393354        734.54369391175521        147.55561389136994     
   2           1          12   413.11799859562564        750.95830325015083        200.11448645946831     
   2           1          13   132.22352052807298        843.51970419447957        147.30471814203909     
   2           1          14   136.97646690480497        824.34636712880501        144.58162596879723     
   2           1          15   164.87463446576069        905.20474613427723        154.66512136580249     
   2           1          16   126.38335408727181        722.31364423035450        143.86411784979956     
   2           1          17   115.62728615513366        763.09433259513492        141.05836214722925     
   2           1          18   119.51734084647836        784.43033082992019        141.38074632406554     
   2           1          19   160.53974858145915        857.64608070867075        168.12274578997136     
   2           1          20   150.13123524924796        858.14572420330421        149.38431909179761     
   2           1          21   122.67532914136424        745.22438740673249        147.21777193385930     
   2           1          22   121.33966355399428        736.66703763427734        144.17895818019431     
   2           1          23   170.38879953115676        814.09646003950354        181.98684081098176     
   2           1          24   122.79296696859359        829.90240306341491        141.18864231491787     
   2           1          25   135.39700234548351        832.19614438817291        149.98800141584593     
   2           1          26   134.72603917617764        686.61110849241607        147.52849003022911     
   2           1          27   149.54831708884228        742.39850241470356        148.74873520192875     
   2           1          28   144.48753472903817        707.56589125372864        150.72809723269495     
   2           1          29   153.96434008826540        794.29629813427755        151.05299533315869     
   2           1          30   933.03270542293569        818.09641973827740        415.32138725169887     
   2           1          31   3248.3595159131360        831.96290993549997        3064.2455188493195     
   2           1          32   147.28404322240476        708.97303045125409        153.31057988548076     
   2           1          33   177.86310019131594        727.99354100676146        185.90406081550273     
   2           1          34   120.69399009946792        708.61200586777238        144.22672516886195     
   2           1          35   201.06152877744819        783.35426596376840        203.00203598920115     
   2           1          36   128.21694227078342        662.21232041784663        142.15501416285406     
   2           1          37   137.55781405547526        703.24412809368050        148.30805966695257     
   2           1          38   142.98542745398211        761.50972104613186        150.41135043605632     
   2           1          39   131.36897654318949        753.81829965364170        146.82253403424713     
   2           1          40   146.11176015911363        778.37803636699721        151.16997995753394     
   2           1          41   125.94753861828723        667.42455816565223        144.68086458333252     
   2           1          42   138.35581074102021        703.15502213196885        150.17724491130303     
   2           1          43   168.33330101061779        742.60527513427746        160.72700950570518     
   2           1          44   201.24416533202401        768.84241279437288        207.59397880000520     
   2           1          45   151.97164365703904        746.75895744697868        151.39706378281875     
   2           1          46   148.15082131382474        645.66787458766566        148.92294065155355     
   2           1          47   4043.2817261070682        780.95737460713883        3730.3895260257596     
   2           1          48   199.13020418892589        724.40778827638599        200.97752419492889     
   2           1          49   3402.6858878466433        897.42869186070800        3333.8103440417594     
   2           1          50   703.53052455052546        939.51210713427736        396.23529483123434     
   2           1          51   146.02996319197962        653.98189103348830        150.66960284826624     
   2           1          52   143.65105695214507        703.96686683670464        148.01048082629615     
   2           1          53   119.74144482969291        690.41634456144322        144.47731856890087     
   2           1          54   139.78346600656761        779.79519280667307        145.10852832483192     
   2           1          55   142.67365535686017        850.21512775618999        145.59389762471099     
   2           1          56   147.76292498524577        678.80737888842157        151.38761431545689     
   2           1          57   150.04024157804602        685.90784485070799        150.39909735254949     
   2           1          58   137.01893207472841        733.41183112553949        144.75718499243754     
   2           1          59   128.83805002517900        747.03310732668274        147.09570055182218     
   2           1          60   149.14291473978219        812.36731536013212        153.78802648414984     
   2           1          61   3987.1001595740195        779.64743786250006        3719.9467574624050     
   2           1          62   140.32856680621779        726.93088522777862        153.58863307212457     
   2           1          63   130.89928215669426        730.22546947510250        147.08713298399735     
   2           1          64   139.90155954346253        793.11584613427749        150.02056813381054     
   2           1          65   134.64500039046897        788.31316996072519        147.48437686130549     
   2           1          66   448.71133673174216        686.34832117505994        216.81730968931365     
   2           1          67   108.06900566913386        753.24348489750423        141.07708869732531     
   2           1          68   142.99662728016213        748.06798881068403        150.83238427187231     
   2           1          69   138.00983895603116        761.88395660213541        147.67855660109393     
   2           1          70   153.45509086065303        825.35939906754948        156.60899286773446     
   2           1          71   132.78195127866263        665.91443313427726        150.42562178562903     
   2           1          72   174.30640593875174        718.08906407965742        174.38047020070550     
   2           1          73   122.22133184045795        744.35692682139415        142.35683088969583     
   2           1          74   134.51379583080140        764.99475699637821        147.49725979166649     
   2           1          75   132.75550431951118        789.21875956510655        141.85811253712814     
   2           1          76   145.78162073167562        714.59768782959259        153.00465410836080     
   2           1          77   158.71879326812092        703.13223809192584        154.58624749603186     
   2           1          78   120.64895259426987        771.06643513427753        144.84464871586476     
   2           1          79   138.33719419140351        764.19878759381390        147.61679662077290     
   2           1          80   559.32702186645611        815.64476544048546        268.25203129619092     
   2           1          81   157.50952276526064        696.05650501216780        154.77548773113503     
   2           1          82   126.18724412569411        734.41128037112878        144.22327285597703     
   2           1          83   130.55926143067279        728.82572765161990        144.44543753813466     
   2           1          84   157.10774000280225        783.95991864255143        157.13301021990665     
   2           1          85   467.77955867279331        753.00845955212401        231.21062284199817     
   2           1          86   134.56305405977534        678.15190902461188        144.40462286423258     
   2           1          87   123.26094850708917        707.02572507277375        141.49421326952734     
   2           1          88   529.83354801653934        754.17214925185033        275.05849097347516     
   2           1          89   126.56751117596994        775.81572507601049        144.86308014781503     
   2           1          90   136.29174716466616        809.76308433265456        142.14693009621183     
   2           1          91   141.35107975844633        634.22207183756154        147.18487564649985     
   2           1          92   119.99941665965454        716.37480891784662        144.63548992527953     
   2           1          93   146.11903652440745        719.80155864692961        150.59391862165685     
   2           1          94   102.65281449783554        765.15175447177603        140.91001451124984     
   2           1          95   131.00871594248767        823.26747396179405        144.28423915399333     
   2           1          96   339.64185107224841        662.56630913008405        158.03780418322049     
   2           1          97   128.05776049890414        674.66849719635388        144.45174647521981     
   2           1          98   137.15708746760299        705.17085622101092        150.07287292653112     
   2           1          99   137.66169834091761        754.71075341784672        150.69237942803684     
   2           1         100   147.74867827778021        781.99127403642387        150.40410022050747     
   2           1         101   122.37255353669435        685.86941870384078        143.82907637968970     
   2           1         102   127.36836685380325        680.79624594590882        141.02662669380328     
   2           1         103   136.15867071388121        708.43069755601766        147.50411156277787     
   2           1         104   208.93932283118059        727.15202768721861        233.55794391956130     
   2           1         105   134.52898477933823        790.15410177513832        147.74851825215492     
   2           1         106   130.71342128119454        698.21857413427722        144.52608800814951     
   2           1         107   150.87285409984270        739.74089801343735        150.24393869388240     
   2           1         108   151.80695550659024        717.04908735891092        156.95283804929301     
   2           1         109   148.52523354582880        765.94808997378300        147.68810973691069     
   2           1         110   143.90827692290003        745.06469713643185        145.49357626696039     
   2           1         111   141.53699103505494        672.66705654672489        147.95147979363108     
   2           1         112   201.10963055371226        730.56216471392872        201.05140857092701     
   2           1         113   147.01725778360125        752.57325513427747        151.74703799433053     
   2           1         114   375.78677469787795        748.14114783220805        188.22174484080438     
   2           1         115   142.02314989025302        795.23876653916818        144.74153659475488     
   2           1         116   163.66433001754078        656.75228555633362        173.18147609540358     
   2           1         117   582.64743999025302        756.34916685448525        304.89827227937417     
   2           1         118   556.85162422840870        808.05841714251619        266.18253805835445     
   2           1         119   543.72253577555819        858.02244273141605        228.23452651208731     
   2           1         120   133.32018173846683        791.78420813427749        150.50770070985683     
   2           1         121   141.24425958398984        696.25576214205114        145.38858603823260     
   2           1         122   143.14638552375789        696.50793644934720        147.28077334047993     
   2           1         123   115.51661308150719        749.81535045767828        141.31322950179950     
   2           1         124   136.69553859195619        820.41058303739237        150.40193548543763     
   2           1         125   154.86116889737269        823.53825419950169        150.60878356150403     
   2           1         126   145.63435824571241        668.70988234657671        147.53885642766500     
   2           1         127   1123.3163145533640        805.58441641784657        701.77920161972804     
   2           1         128   205.03707539074179        727.11268698078709        206.55845431821012     
   2           1         129   160.57561876198088        781.55605462731432        175.08739064792798     
   2           1         130   129.74556457049661        830.64044766562245        147.24379937801140     
   2           1         131   207.63055922098894        678.45860221286136        198.24385378089528     
   2           1         132   1386.8807057262447        798.75571332984657        724.22086973002945     
   2           1         133   11820.940356770907        896.22677312799988        11476.175577211528     
   2           1         134   155.35090186345209        765.07901913427736        154.78864017678879     
   2           1         135   179.08128077979862        836.65971203352353        194.22996231625640     
   2           1         136   5116.7333379765460        802.98995001196931        4922.9576650065319     
   2           1         137   121.76507833117861        709.42348125254341        144.21075700813222     
   2           1         138   125.89512147431665        740.19905006127112        143.86960781566967     
   2           1         139   262.91078095352242        819.74743413840599        245.51837073562143     
   2           1         140   373.65806834499341        797.29683029911291        163.53172754811436     
   2           1         141   6170.1553566434732        767.54043899999988        5628.0137118047896     
   2           1         142   16329.580052215764        810.85646454863854        15933.430443122485     
   2           1         143   149.43613153894279        751.78048538641667        151.03575489376189     
   2           1         144   148.40051798495969        770.58198407694113        146.96386314947969     
   2           1         145   128.93992370165984        824.48145708165941        147.44718609551106     
   2           1         146   199.48357416020579        686.60584100215613        197.60258454637710     
   2           1         147   150.79013261385035        742.37711021466123        146.97584697451808     
   2           1         148   130.73255434224600        707.60722141784686        147.93660434895958     
   2           1         149   201.31997761908875        794.29375543646393        205.33089343561022     
   2           1         150   9877.4605522263300        972.57894055500014        9217.4227084862723     
   2           1         151   14518.307766973972        740.21102402827728        14137.479703160187     
   2           1         152   136.31801922501018        728.34961026271537        145.01913388481935     
   2           1         153   116.63840002187440        743.43560291536005        144.17895818019431     
   2           1         154   192.62735794045909        738.75472829203409        194.64325026123879     
   2           1         155   142.02027833879700        793.40482713427741        147.65976146223008     
   2           1         156   138.91530496679854        689.51266465377967        150.39056626796761     
   2           1         157   121.20150165647578        721.46954705388043        143.84024925798701     
   2           1         158   462.22510271812052        773.79841998704580        229.20546917272370     
   2           1         159   138.62410862920325        776.98553579631323        153.22639421116813     
   2           1         160   143.42292943302226        798.24291748991095        147.45389061339358     
   2           1         161   476.93590663124479        671.09948209169431        255.18139967354983     
   2           1         162   474.38386083901179        726.95555813427734        225.23981244034010     
   2           1         163   189.74880945957040        770.31871795293659        198.09642460342511     
   2           1         164   124.08016021933288        805.48630377175721        144.41452919772385     
   2           1         165   144.63522143342848        780.11629869771286        151.42801403437826     
   2           1         166   129.38347528371278        672.96415914353588        141.14799561657901     
   2           1         167   143.15282987879601        676.31048921081333        148.12948268589329     
   2           1         168   162.77646929816456        757.91438213693027        157.23532618035625     
   2           1         169   215.15639001392168        825.94205785070824        211.47860343226134     
   2           1         170   386.57714588210030        848.36732256432902        169.38395861849176     
   2           1         171   129.24608079547573        658.69031066092862        147.52473320452859     
   2           1         172   137.82451725889712        709.46869487790616        144.87403352248384     
   2           1         173   120.02636874014230        716.93002326736189        143.86958831674866     
   2           1         174   132.29377229250309        788.02516737629890        148.22111086808121     
   2           1         175   568.75443623778779        889.94930532541673        295.40598240953204     
   2           1         176   4451.6986213377731        903.36799156713857        4393.4521750976446     
   2           1         177   126.69663621013954        704.22059430157833        144.36409482257079     
   2           1         178   135.92901070649040        760.82360215759832        147.78236592911782     
   2           1         179   179.45102385390175        757.70394665939386        195.89954332924989     
   2           1         180   549.19659576883430        813.28110911937881        244.52703925687373     
   2           1         181   485.88741007938631        719.64430067176420        232.42116434442116     
   2           1         182   387.39392769348103        726.90650826472609        170.10770674658019     
   2           1         183   136.80343522915774        730.26835513427750        145.23694532951137     
   2           1         184   153.55702763266808        793.11373798656155        167.89121947443090     
   2           1         185   153.94597055827862        788.30868267380629        156.22043223967495     
   2           1         186   183.41274418936089        686.34365745600530        182.43465590650095     
   2           1         187   161.11215959182312        733.05997993129517        165.88738665642182     
   2           1         188   171.98796636147415        741.04903790572257        164.92521894013785     
   2           1         189   155.59859386186920        758.55048754291909        154.14620626321252     
   2           1         190   135.38203351845669        847.84532313427724        144.14637112485983     
   2           1         191   192.71715023232571        672.22405063065275        197.85154188066670     
   2           1         192   134.82803305404494        738.26145233201555        146.90383841323541     
   2           1         193   140.85383978408214        733.27972979816627        148.40849853242497     
   2           1         194   145.05231337853550        771.97837431167648        150.71051396382791     
   2           1         195   583.70992127183717        802.70386703693578        297.34263553037050     
   2           1         196   142.26406474355159        719.05643914253437        150.69912892705787     
   2           1         197   126.89687373484186        704.31075963427725        147.10862092059887     
   2           1         198   95.177788693231562        780.03750514923934        140.88589934724985     
   2           1         199   126.62560673501379        736.66003434273523        144.45172697629889     
   2           1         200   136.72541611851599        815.44356788784296        150.82725841069166     
   2           1         201   395.02260588808730        676.93521954827293        199.26846507690004     
   2           1         202   144.11234342732027        727.74855973078650        150.91657618436776     
   2           1         203   130.27056797812546        746.88861658646567        141.27902454241917     
   2           1         204   129.15355029221345        805.42378991784699        144.65000409525510     
   2           1         205   132.80488786866928        763.97716982479585        144.66274373868890     
   2           1         206   156.29125412861399        697.26203104083697        153.23308207517186     
   2           1         207   133.75599467800541        696.50211544004014        144.46168764136684     
   2           1         208   120.62317409164000        751.85367810060291        143.96722465502378     
   2           1         209   108.92393120987184        789.86806154433839        141.22674077406867     
   2           1         210   166.41732698173746        774.19725817859910        184.20493092952685     
   2           1         211   144.06787673650462        628.71030641784660        145.08008143209580     
   2           1         212   126.65251913650619        696.19515004031518        147.41266010700434     
   2           1         213   531.66548225492772        719.79666948672661        236.36622432412005     
   2           1         214   122.90290141229785        757.78660325622138        144.24801860323291     
   2           1         215   148.83596757631452        799.89822791802101        147.65194084157798     
   2           1         216   117.76664877387951        656.24876464893157        147.03573852911344     
   2           1         217   473.48166410273501        691.82897036909696        229.23093902591657     
   2           1         218   157.54121820750854        725.62392141784687        151.05299585529141     
   2           1         219   7083.1145055594461        936.18785653819998        6585.8405752236504     
   2           1         220   166.41372636675803        805.35344800590997        151.00085103055889     
   2           1         221   17232.977902433890        787.26202270199985        16573.968225049914     
   2           1         222   153.20169542808429        660.61311681715199        162.35014964638614     
   2           1         223   154.09194890244001        701.41241731334787        153.48557328440381     
   2           1         224   19201.350145711429        887.23725109599991        18869.057834528943     
   2           1         225   153.56016851372993        782.48503241784670        154.34489712503125     
   2           1         226   34098.207421607680        808.64531408500011        33026.260105038207     
   2           1         227   131.22650843751012        719.55817378524239        144.84596967696314     
   2           1         228   531.17046591139183        710.03066326271085        236.57388451290359     
   2           1         229   453.69747041168102        765.94259747877732        217.28803077162706     
   2           1         230   21125.278983380013        958.77848216499990        19861.866747449345     
   2           1         231   151.32521946218171        688.92128292867221        153.30421892623309     
   2           1         232   151.96839622156705        749.99650663427735        154.31950556067511     
   2           1         233   121.77890865662761        741.49800557901574        140.97677234375897     
   2           1         234   116.67782787329490        768.00460415999123        141.08269989513241     
   2           1         235   144.68122881223945        817.67813810403106        151.05830812918589     
   2           1         236   143.74057386539428        646.78222873122695        150.67484557182553     
   2           1         237   513.25861374248893        718.06852036803821        258.14613083212760     
   2           1         238   144.53775174274469        786.79462531902936        147.77712819980482     
   2           1         239   171.87409912307652        791.36037213427755        171.04828167466093     
   2           1         240   127.38783193428699        791.78206166499456        144.52608800814957     
   2           1         241   534.33017099077369        696.25144803564774        269.00968673390491     
   2           1         242   121.96833223751479        696.50324215992975        144.31524486900443     
   2           1         243   136.63284238782890        749.80916107635437        147.73430382267972     
   2           1         244   134.93331850131241        820.40402883149000        141.14593358230908     
   2           1         245   42303.189084749560        977.39782128000024        40690.279789311629     
   2           1         246   563.06577409927047        685.78196913427723        258.55814305784708     
   2           1         247   158.86235421697893        747.92457719521190        156.90087126896429     
   2           1         248   407.02300246180738        734.12141852319996        206.34572433061555     
   2           1         249   140.89082623700077        803.85233329683547        149.69317392175378     
   2           1         250   192.24291094804121        795.09173351671438        197.77146508526423     
   2           1         251   184.11715258482127        672.89402355294737        200.64548052172029     
   2           1         252   49553.263226832445        833.37757769999985        47780.935567938599     
   2           1         253   127.26278641620247        759.99390513427750        141.68664516585827     
   2           1         254   133.30252815475936        765.07673669609449        144.81799520217194     
   2           1         255   139.75751234894281        836.65484941973011        148.00369895374919     
   2           1         256   149.21101640831560        671.46140667133966        150.57483556547612     
   2           1         257   139.53168814695320        726.59844719808711        150.78149016875466     
   2           1         258   198.79293722989658        760.59512693088641        196.92931993292316     
   2           1         259   143.45991826487997        799.59934814985911        148.42416624188320     
   2           1         260   560.94665965083891        807.23648441784667        277.56640589219671     
   2           1         261   136.03246840396596        710.91639336753246        147.18092220940986     
   2           1         262   128.52862461530984        679.41502489322897        147.44808981549841     
   2           1         263   603.29218020832423        743.47876325427728        319.98289594557531     
   2           1         264   146.01618964031039        757.69624831856015        150.66649813439071     
   2           1         265   1303.3835594552572        750.43928018784663        1231.9840937583365     
   2           1         266   133.22523921646624        679.19909155147695        150.91351340784877     
   2           1         267   124.76814619852877        698.80628791784670        141.35191005475312     
   2           1         268   131.33888744633057        681.74115131283929        144.38533070608946     
   2           1         269   449.92802199125936        754.32805384973506        217.56900054629656     
   2           1         270   183.67012834829600        777.38347041983025        195.77618412662579     
   2           1         271   173.67454325632946        672.28533332980055        172.10277601932111     
   2           1         272   148.37070689420955        730.61027034546350        146.19064758013997     
   2           1         273   109.48575356755043        723.36705121173463        144.36984862288404     
   2           1         274   383.69864729141813        749.55228191784681        171.48463852441901     
   2           1         275   128.87226060129970        783.79501549262716        147.57037568891656     
   2           1         276   145.41646231560526        673.75541602496503        144.74021214820826     
   2           1         277   130.26439380231534        711.22816563225149        149.99216878098974     
   2           1         278   131.53618285824328        739.06589174179339        145.10401764038912     
   2           1         279   138.33662801471456        718.03053050994845        150.80541313379996     
   2           1         280   155.42539612026584        757.14742909712288        154.23114317310063     
   2           1         281   133.91437330483180        624.73428641784665        146.79555641318257     
   2           1         282   118.80082947380151        695.40123060370070        144.29854260788443     
   2           1         283   423.76543267168313        731.19112009204002        204.67355968746710     
   2           1         284   140.76013109858258        805.48079638352533        147.35245620644534     
   2           1         285   132.99325466549826        780.10985172155983        144.78646208740400     
   2           1         286   153.11449806452387        672.95881347570162        153.21260474534753     
   2           1         287   206.19371395431767        663.05589349223271        203.07371632757960     
   2           1         288   142.71906257077313        749.52954141784687        148.21409278423201     
   2           1         289   139.75644320651617        816.82401919646873        148.11307541743614     
   2           1         290   143.52057861894127        804.13167669739903        151.53810158241836     
   2           1         291   125.45923628675519        654.34117908095732        144.66286511443278     
   2           1         292   110.56021814200332        702.48563506874461        144.13052246121839     
   2           1         293   149.60562935108251        716.92439077562813        168.37295906386606     
   2           1         294   192.48115375568904        780.63652653769577        200.38816254033492     
   2           1         295   333.49320052457603        854.01620213427736        336.35356869096790     
   2           1         296   124.39518139162600        694.75068384362737        144.26796713369330     
   2           1         297   142.74146589865848        699.50399578540100        141.01323240727945     
   2           1         298   138.20297855627854        760.81919774314747        147.38473390203652     
   2           1         299   119.27361500715698        757.69804733263516        141.39550533177319     
   2           1         300   125.65536333828489        813.27487627021890        141.02662669380328     
   2           1         301   152.75850985197366        719.61856118718526        162.16238111029446     
   2           1         302   131.25764578203123        716.43665463427737        144.58209326867399     
   2           1         303   395.76283504102770        731.10228893106319        216.35371743813829     
   2           1         304   129.79555875255011        793.10947892426827        147.56107842506717     
   2           1         305   178.06015131224595        788.30426734682464        185.58573785887299     
   2           1         306   131.31239086688842        686.33761747462859        145.14977936801247     
   2           1         307   141.48150190145515        712.87605725800017        141.16139989509585     
   2           1         308   190.51862592934540        734.01182458268090        192.89290926107446     
   2           1         309   167.92514297068212        758.59293813427746        192.91724491408252     
   2           1         310   261.33415346521633        847.84302320380880        248.02452003247535     
   2           1         311   130.73421782684733        672.21953417792463        142.31171873134659     
   2           1         312   105.67817556812025        738.25663949737020        140.89398755537050     
   2           1         313   159.10393864237955        733.27345608080100        175.40610915054907     
   2           1         314   132.52100068041523        790.96172553600002        145.08982142631444     
   2           1         315   123.22301953894102        825.12159464583920        144.33999073922578     
   2           1         316   120.10215423060374        701.81734113427729        144.31658902243905     
   2           1         317   143.05510619087917        699.59631004122400        144.72989038292678     
   2           1         318   103.17681957945037        753.51280842655251        141.12998699618319     
   2           1         319   156.39455952914267        728.41902543595324        148.35293889091324     
   2           1         320   139.32735534785508        803.25630031178594        147.18681460547688     
   2           1         321   482.02567914423679        675.85348492926505        224.36025956215175     
   2           1         322   125.32513731714837        722.21346410456931        144.56888276721688     
   2           1         323   521.18564722931796        675.61249770141603        269.75422717747654     
   2           1         324   140.75721520321531        779.51736950932752        150.44517047152033     
   2           1         325   137.97736616193683        743.23653853080395        147.37222229358377     
   2           1         326   114.63543313505114        686.23166196084424        140.91157775919780     
   2           1         327   123.01840940131089        690.98991013596822        144.31891011574817     
   2           1         328   177.93002283133325        734.19265625927346        194.07720380843270     
   2           1         329   138.62920533525335        792.34711609363592        143.03329661475061     
   2           1         330   137.55248423091354        784.24555613427754        145.56789343128736     
   2           1         331   203.83928027476759        646.74958959569744        197.56445942643506     
   2           1         332   413.16892474689644        677.14660163832127        216.41243614111727     
   2           1         333   526.71371681610572        725.61235358810211        245.92299535881264     
   2           1         334   114.98026414332767        751.67497190037705        142.05020619495136     
   2           1         335   142.30841975977981        806.29358170449404        147.65960649006516     
   2           1         336   480.48292108595496        650.98636038080349        269.86975068031273     
   2           1         337   110.58665934356877        680.21742891784675        141.39549437020315     
   2           1         338   508.29774032191074        699.39838329478380        224.95859247771293     
   2           1         339   141.05412264875119        760.81486892144051        150.18088508569627     
   2           1         340   163.31695492627128        827.78429565583542        181.73993425082983     
   2           1         341   141.20019778446380        706.84747922797692        147.70105428941895     
   2           1         342   119.01427785684650        685.49449104471796        141.88494814187817     
   2           1         343   586.53183756899080        734.92243649230011        297.77098975832592     
   2           1         344   117.68493871349382        717.75450191784682        141.57332116136786     
   2           1         345   137.07967993614415        790.19739463073472        148.00070119451485     
   2           1         346   122.36525782485002        698.21087314622503        144.33664227965915     
   2           1         347   139.23790689521863        720.68573891092569        145.56862290916021     
   2           1         348   135.81199054175289        716.61224871195748        147.35992411654209     
   2           1         349   128.50469972145865        764.31161481724644        141.89634854125887     
   2           1         350   145.01515393938553        777.08329182250270        151.34831347899461     
   2           1         351   136.68616273025469        691.91508213427733        144.44012812602972     
   2           1         352   117.92581731355428        773.43102883510130        144.79210936491853     
   2           1         353   431.02706395826726        766.16393765691373        219.60445894867277     
   2           1         354   166.26825616372906        761.01586385913652        157.32921639233820     
   2           1         355   129.94229586973967        825.38623969257981        147.21186937187468     
   2           1         356   497.37540351497870        665.89192418451046        224.89367779799093     
   2           1         357   647.36821248178694        718.04352092788099        331.24916763633217     
   2           1         358   139.98677740310998        786.84289513427757        150.49681232870850     
   2           1         359   135.66978473275387        791.35791964079965        145.33244695034693     
   2           1         360   136.09174268281737        791.77781516612231        141.34590702158164     
   2           1         361   119.39242415967580        696.24730239569851        143.85817545077688     
   2           1         362   181.13082005030935        696.49775298309942        182.61650700892940     
   2           1         363   119.16609264335756        749.80348177773351        144.17351108366418     
   2           1         364   146.18122866232534        798.07751575965813        150.76363209634715     
   2           1         365   330.92652170624456        803.66852013427729        161.40514596084432     
   2           1         366   154.20909230127680        666.66465660470931        149.22922058845776     
   2           1         367   576.46108253362002        747.92004641728488        282.00228058970276     
   2           1         368   124.53176598623271        734.11697261615404        141.76236781398407     
   2           1         369   164.17867543116259        803.84638487862287        191.48665631662595     
   2           1         370   130.71487005352787        795.08552846205555        141.96013847602848     
   2           1         371   132.80480870825340        678.10948560734130        145.47194509438910     
   2           1         372   528.77863429542003        708.96130413427738        287.54428724224067     
   2           1         373   137.94029522790117        786.21450318469010        146.84016456621231     
   2           1         374   144.62506732233314        766.32506225900261        147.65623019624212     
   2           1         375   146.78735826807636        846.52142020908673        165.37581801670837     
   2           1         376   139.07161226145365        647.85564190542209        141.24030239259162     
   2           1         377   145.23416319740278        719.93019814140860        141.52672493625619     
   2           1         378   176.00731331231358        739.33164490493198        179.55253010355236     
   2           1         379   172.93368055508955        792.23810913427747        182.28775543207530     
   2           1         380   129.96221166386405        807.23431467627756        144.07695662974484     
   2           1         381   117.53394875024173        710.91209401236893        141.53724039789145     
   2           1         382   107.32535661185996        679.41099645259226        141.39907438837145     
   2           1         383   168.98356986238312        761.93501490067638        174.87845229616747     
   2           1         384   155.02181393811512        757.69005374580297        150.56814529486073     
   2           1         385   332.66815686932102        678.26021043569335        159.03838273854882     
   2           1         386   499.08413717284128        697.60463141784669        322.81579753665568     
   2           1         387   149.58174163768572        712.04082091238558        144.08864507136590     
   2           1         388   143.65467892552778        709.09363268294078        147.30978472456482     
   2           1         389   324.82763110419569        762.55951905870188        161.12973639813799     
   2           1         390   134.49368606167485        817.14173503054451        144.88354897627127     
   2           1         391   133.91426469992928        688.03583619461619        144.53497093452177     
   2           1         392   546.44441565467434        651.47492767433619        311.37730619418983     
   2           1         393   144.13737089664971        744.11598885070828        148.77460634927328     
   2           1         394   133.57657788188271        767.20977716984078        144.60120318143353     
   2           1         395   372.57552625351838        745.30731853648967        164.46211671921944     
   2           1         396   148.32590224692572        694.74082534033755        144.44574021872796     
   2           1         397   134.38562833223304        736.11500611742213        145.06367578946552     
   2           1         398   557.34304791196155        772.59150392587685        311.46883354941582     
   2           1         399   128.79410628329967        748.54071173872762        144.26796713369325     
   2           1         400   152.70583865285121        796.95185413427737        148.11425152422589     
   2           1         401   138.78465425960141        646.79653764193108        147.87514212373461     
   2           1         402   153.26899477093670        725.81443668467523        148.07366785330862     
   2           1         403   131.73539114620658        790.70734813098784        144.60879277652828     
   2           1         404   586.06734740092668        813.70977770286549        282.19039444269964     
   2           1         405   148.16935886462724        792.25881687977187        151.43288410868536     
   2           1         406   143.45085912957512        676.63775295949995        148.67333206200198     
   2           1         407   133.69217940845175        686.85644763427729        147.78278337843832     
   2           1         408   525.26257340646146        756.00214270847960        232.03596795673579     
   2           1         409   145.38557119397828        853.46765327191440        152.93271775422500     
   2           1         410   135.28492551043968        843.89035184696502        147.48411598534321     
   2           1         411   192.87790972584381        671.68558473223436        197.78208613658589     
   2           2           1   132.17136838781798        746.02634913427732        204.61722337343619     
   2           2           2   274.40486439284666        730.00205520171698        338.81808050684805     
   2           2           3   145.20592753247496        812.13131781794505        218.29286095242000     
   2           2           4   134.36245718205680        879.73257045303069        205.82844322064835     
   2           2           5   134.17785839597195        892.08531921217389        210.08254004088434     
   2           2           6   122.86533999611918        719.57133198657971        204.60857803396507     
   2           2           7   135.05763747982056        770.51415193997877        209.80404227291547     
   2           2           8   1383.9052403421911        847.81994000000009        667.04784161821067     
   2           2           9   125.81082655988821        839.62383399145313        205.28620969315378     
   2           2          10   120.98680309951905        892.78563188813780        200.51133548472603     
   2           2          11   136.81077453193262        734.54369391175521        213.78567112071676     
   2           2          12   324.83777470829142        750.95830325015083        217.10970178062686     
   2           2          13   127.42166934394608        843.51970419447957        205.40686247717866     
   2           2          14   125.34295276990032        824.34636712880501        201.57625853212483     
   2           2          15   116.26036501735744        905.20474613427723        204.88750538856115     
   2           2          16   143.24160029387917        722.31364423035450        214.12794675254978     
   2           2          17   211.02627777178273        763.09433259513492        273.36262612554742     
   2           2          18   127.53369533238654        784.43033082992019        204.61166839786256     
   2           2          19   137.26835259547607        857.64608070867075        205.91958029592598     
   2           2          20   129.87519763038679        858.14572420330421        209.95450519212650     
   2           2          21   115.49188937867983        745.22438740673249        204.81793642335759     
   2           2          22   124.78481482006498        736.66703763427734        204.61715051863325     
   2           2          23   136.20719741263326        814.09646003950354        205.14356246773028     
   2           2          24   133.31737305602209        829.90240306341491        208.94537869873886     
   2           2          25   140.61940306323928        832.19614438817291        214.12698427632509     
   2           2          26   130.02675088828164        686.61110849241607        210.37014946481906     
   2           2          27   144.89000801712248        742.39850241470356        209.74367285915599     
   2           2          28   134.44365562720694        707.56589125372864        208.94536842999503     
   2           2          29   127.76225448540848        794.29629813427755        204.78513015739020     
   2           2          30   925.78893383339152        818.09641973827740        476.25250613467387     
   2           2          31   3186.4810472836907        831.96290993549997        3002.6986138110615     
   2           2          32   124.65573937790920        708.97303045125409        205.12435982499747     
   2           2          33   126.14545423453505        727.99354100676146        200.45816799586410     
   2           2          34   107.84272287848667        708.61200586777238        199.94147774742723     
   2           2          35   194.71610851517502        783.35426596376840        256.42539600418314     
   2           2          36   146.43459970042031        662.21232041784663        215.00433914178970     
   2           2          37   121.87331697706988        703.24412809368050        200.45102701460596     
   2           2          38   127.64522021463715        761.50972104613186        204.77079628988790     
   2           2          39   127.62732992500504        753.81829965364170        208.93634370246454     
   2           2          40   126.57868546119616        778.37803636699721        205.35081833274756     
   2           2          41   132.44403018922083        667.42455816565223        208.93572954377908     
   2           2          42   121.31185259025638        703.15502213196885        208.59165256152781     
   2           2          43   156.34869913369468        742.60527513427746        225.03572203812553     
   2           2          44   117.06317745951719        768.84241279437288        204.26745781822098     
   2           2          45   146.62608718512078        746.75895744697868        213.62683834116683     
   2           2          46   192.64127871125379        645.66787458766566        264.48049692955470     
   2           2          47   4430.6044874711597        780.95737460713883        4163.3862960356473     
   2           2          48   142.14220313195102        724.40778827638599        210.65458050455726     
   2           2          49   3515.0568788712244        897.42869186070800        3408.1567873498634     
   2           2          50   608.85801052428860        939.51210713427736        300.37911560808584     
   2           2          51   187.58791270649712        653.98189103348830        253.31603200619071     
   2           2          52   149.10380875458887        703.96686683670464        205.37572286696351     
   2           2          53   111.52798808228242        690.41634456144322        204.25563353129994     
   2           2          54   134.32695396386558        779.79519280667307        205.37136349618189     
   2           2          55   210.89950373718867        850.21512775618999        272.58147678425934     
   2           2          56   129.80402702370989        678.80737888842157        200.45249326810710     
   2           2          57   150.48677167732643        685.90784485070799        219.15642290388399     
   2           2          58   125.89959094984634        733.41183112553949        200.46978501267787     
   2           2          59   141.00920012511642        747.03310732668274        209.96333568683528     
   2           2          60   134.06880769850795        812.36731536013212        210.13269968590291     
   2           2          61   4881.9769592315151        779.64743786250006        4614.4336473453723     
   2           2          62   137.82805936106394        726.93088522777862        213.31056756353942     
   2           2          63   145.24524194124103        730.22546947510250        210.20808476272850     
   2           2          64   151.99498557345754        793.11584613427749        214.31185064522327     
   2           2          65   143.42673843950661        788.31316996072519        210.59679754553807     
   2           2          66   431.95162299423112        686.34832117505994        276.32221165534190     
   2           2          67   133.02089466255188        753.24348489750423        210.47997302426415     
   2           2          68   150.38753084293782        748.06798881068403        222.97315044701915     
   2           2          69   137.68640047348106        761.88395660213541        209.50591347691244     
   2           2          70   139.50919203589626        825.35939906754948        209.18468206839552     
   2           2          71   166.57552193878215        665.91443313427726        254.04597286912295     
   2           2          72   219.49288943848475        718.08906407965742        275.32085103869923     
   2           2          73   114.42215237805270        744.35692682139415        204.60914262392799     
   2           2          74   171.18585657022319        764.99475699637821        255.56592282353128     
   2           2          75   151.57705522059138        789.21875956510655        218.30293485504367     
   2           2          76   129.47925744417290        714.59768782959259        205.75054759408857     
   2           2          77   124.32641164152565        703.13223809192584        205.28793014243882     
   2           2          78   169.54878877531257        771.06643513427753        239.09502419508155     
   2           2          79   131.14103039104521        764.19878759381390        208.59484219698149     
   2           2          80   553.15682751743839        815.64476544048546        305.46297670009761     
   2           2          81   188.93687722952984        696.05650501216780        263.98517178068920     
   2           2          82   132.48823315738235        734.41128037112878        209.85480728831848     
   2           2          83   166.83533569983618        728.82572765161990        232.38909295096227     
   2           2          84   180.07523204527470        783.95991864255143        233.75172184870442     
   2           2          85   567.43245314072124        753.00845955212401        292.31260457282235     
   2           2          86   155.99786156431304        678.15190902461188        215.21695340532776     
   2           2          87   194.80392284916149        707.02572507277375        264.68817903264159     
   2           2          88   561.27379993454804        754.17214925185033        319.26692432579495     
   2           2          89   154.97359765167047        775.81572507601049        228.21626558494222     
   2           2          90   122.01821786539377        809.76308433265456        200.50992654313055     
   2           2          91   145.12980704384583        634.22207183756154        205.34773317135500     
   2           2          92   155.07859825538486        716.37480891784662        251.80260323329773     
   2           2          93   123.55706649394675        719.80155864692961        204.79117960272245     
   2           2          94   172.61884871651066        765.15175447177603        243.68554782184839     
   2           2          95   139.42806555594922        823.26747396179405        208.94089900851156     
   2           2          96   390.63253329646568        662.56630913008405        271.56801537735254     
   2           2          97   137.11048852808690        674.66849719635388        201.48169542341816     
   2           2          98   124.32714034207163        705.17085622101092        200.51309276040359     
   2           2          99   112.31893869592844        754.71075341784672        204.25437757024000     
   2           2         100   215.44326268433946        781.99127403642387        270.85307412046546     
   2           2         101   129.18865906822126        685.86941870384078        208.58140771968760     
   2           2         102   157.96800104858772        680.79624594590882        222.62281605920055     
   2           2         103   133.12815005376271        708.43069755601766        209.87499824661558     
   2           2         104   114.63565877609014        727.15202768721861        204.83431626054167     
   2           2         105   112.76515523998319        790.15410177513832        204.60472246506575     
   2           2         106   124.44222881649021        698.21857413427722        200.44290177769875     
   2           2         107   153.47992772458682        739.74089801343735        205.14535425686597     
   2           2         108   143.50910894919011        717.04908735891092        214.20700108600252     
   2           2         109   135.03339053039460        765.94808997378300        208.58548601888103     
   2           2         110   139.57882649415791        745.06469713643185        204.80105770823317     
   2           2         111   156.58780706089354        672.66705654672489        216.15432543947870     
   2           2         112   129.25994461295073        730.56216471392872        209.45636141666324     
   2           2         113   121.74610834292727        752.57325513427747        205.71024065437436     
   2           2         114   381.38008900201078        748.14114783220805        241.56897369163292     
   2           2         115   139.03884583742405        795.23876653916818        200.44366319854890     
   2           2         116   135.12961643008416        656.75228555633362        204.31214687148974     
   2           2         117   577.68184913561333        756.34916685448525        328.67692662134067     
   2           2         118   614.38657818353795        808.05841714251619        328.20452242136565     
   2           2         119   522.93207895095520        858.02244273141605        258.79211079366053     
   2           2         120   128.90841344677369        791.78420813427749        209.18760667707255     
   2           2         121   154.47289692076578        696.25576214205114        218.53146042243478     
   2           2         122   148.44336630746687        696.50793644934720        209.98674638007935     
   2           2         123   194.98014586156617        749.81535045767828        256.46089469317923     
   2           2         124   203.94175380526914        820.41058303739237        262.96791611460850     
   2           2         125   151.70370767138485        823.53825419950169        208.94483679839811     
   2           2         126   134.74806972378374        668.70988234657671        200.45393024422319     
   2           2         127   964.62507050451904        805.58441641784657        551.72296142996709     
   2           2         128   135.25626341364966        727.11268698078709        210.25915128549411     
   2           2         129   130.20976130014591        781.55605462731432        209.16158181497693     
   2           2         130   163.94740369937946        830.64044766562245        229.36660895839853     
   2           2         131   153.71396313181387        678.45860221286136        204.61049597559600     
   2           2         132   1369.7289982723382        798.75571332984657        670.03507092031555     
   2           2         133   11699.173612550743        896.22677312799988        11099.023157746651     
   2           2         134   148.66369224251332        765.07901913427736        213.28213687078033     
   2           2         135   178.44391827361855        836.65971203352353        243.30190323411506     
   2           2         136   4868.3740898142632        802.98995001196931        4494.2412561869496     
   2           2         137   115.89234336475616        709.42348125254341        200.50444061848032     
   2           2         138   148.10522884607425        740.19905006127112        214.40394843267867     
   2           2         139   171.40335819890896        819.74743413840599        219.49954969482008     
   2           2         140   398.44129913612937        797.29683029911291        227.75311581607843     
   2           2         141   6151.5034942230886        767.54043899999988        5532.4734282477139     
   2           2         142   16053.592888518820        810.85646454863854        15431.678627452273     
   2           2         143   126.36635375005601        751.78048538641667        205.20435589846522     
   2           2         144   168.14588389193295        770.58198407694113        214.92205224246837     
   2           2         145   121.83852252857002        824.48145708165941        201.13934607161909     
   2           2         146   149.66839882600360        686.60584100215613        205.23276254393176     
   2           2         147   172.91772070243670        742.37711021466123        218.74682284941218     
   2           2         148   136.60107843883921        707.60722141784686        214.18825590208687     
   2           2         149   161.99571148026001        794.29375543646393        233.36576076354598     
   2           2         150   10017.483887172093        972.57894055500014        9224.3086570550713     
   2           2         151   15405.253787837921        740.21102402827728        14723.008291270356     
   2           2         152   151.62227245207188        728.34961026271537        211.17027064423942     
   2           2         153   165.99596799182450        743.43560291536005        229.76466669339183     
   2           2         154   148.25407942604369        738.75472829203409        210.14484265345985     
   2           2         155   145.50242078122409        793.40482713427741        210.08494224902375     
   2           2         156   127.42185011954271        689.51266465377967        204.28390803924836     
   2           2         157   131.95282351846396        721.46954705388043        208.93690018343995     
   2           2         158   488.83261387243948        773.79841998704580        288.14982671388503     
   2           2         159   150.04726436739219        776.98553579631323        245.35568419650977     
   2           2         160   276.05082396785508        798.24291748991095        329.89015746481954     
   2           2         161   596.37907027885387        671.09948209169431        422.02110517159156     
   2           2         162   411.98693522086779        726.95555813427734        246.50931701935116     
   2           2         163   120.84785543013966        770.31871795293659        204.26467774401283     
   2           2         164   167.16441971574594        805.48630377175721        243.47102920976113     
   2           2         165   252.94473027310354        780.11629869771286        321.84843511199546     
   2           2         166   133.37002004011080        672.96415914353588        199.93866724294944     
   2           2         167   156.52271526395455        676.31048921081333        218.81642400588910     
   2           2         168   136.86807675825460        757.91438213693027        213.98047132967710     
   2           2         169   202.69762002472791        825.94205785070824        260.33930168517679     
   2           2         170   367.73550589593913        848.36732256432902        234.49353425313882     
   2           2         171   183.69680960987944        658.69031066092862        258.88876547038831     
   2           2         172   196.71571859451939        709.46869487790616        260.37126137323565     
   2           2         173   149.80991832399630        716.93002326736189        218.47005466177771     
   2           2         174   131.59205428054602        788.02516737629890        208.93495689284350     
   2           2         175   506.87528641490047        889.94930532541673        264.42848455831961     
   2           2         176   4451.6674686346032        903.36799156713857        4343.1159702527593     
   2           2         177   134.27448424121116        704.22059430157833        206.27505372018490     
   2           2         178   140.30167847420816        760.82360215759832        214.13461277886358     
   2           2         179   131.15239218538244        757.70394665939386        205.18085818381709     
   2           2         180   515.00373811625877        813.28110911937881        301.18245734065584     
   2           2         181   382.11895137590255        719.64430067176420        246.28149038571243     
   2           2         182   396.91948545669362        726.90650826472609        254.05732881799045     
   2           2         183   128.79062578097552        730.26835513427750        204.64165127087031     
   2           2         184   124.07159532361806        793.11373798656155        205.28210926977727     
   2           2         185   134.38441784949677        788.30868267380629        213.62504015163722     
   2           2         186   166.65696612821918        686.34365745600530        220.17857401957900     
   2           2         187   220.13543759870035        733.05997993129517        270.73133403951630     
   2           2         188   165.78685308207017        741.04903790572257        209.46899538403051     
   2           2         189   198.71891697801851        758.55048754291909        255.71227404294720     
   2           2         190   149.00013359519451        847.84532313427724        210.44023113796439     
   2           2         191   140.42278464928751        672.22405063065275        208.94508231736214     
   2           2         192   210.47581180792483        738.26145233201555        273.33824712939486     
   2           2         193   118.78397689204381        733.27972979816627        205.14207247320707     
   2           2         194   129.89533115799316        771.97837431167648        204.84714475688321     
   2           2         195   525.06749033894016        802.70386703693578        296.99530974246892     
   2           2         196   152.72684462247307        719.05643914253437        222.98035504932918     
   2           2         197   114.29847814949522        704.31075963427725        199.93515305367617     
   2           2         198   108.48767581587782        780.03750514923934        204.75462322978251     
   2           2         199   127.70316004561710        736.66003434273523        204.61154405023464     
   2           2         200   130.45379849735173        815.44356788784296        213.61579063386321     
   2           2         201   351.60837851923975        676.93521954827293        232.98475850857520     
   2           2         202   134.74708242600036        727.74855973078650        208.59363653641552     
   2           2         203   184.37978306105745        746.88861658646567        248.42872602764623     
   2           2         204   139.68829870617662        805.42378991784699        209.21518390420604     
   2           2         205   147.34268794158470        763.97716982479585        214.40949432423278     
   2           2         206   138.03088864781267        697.26203104083697        205.16705105871608     
   2           2         207   142.05260522295259        696.50211544004014        209.80281940891720     
   2           2         208   140.57102554652795        751.85367810060291        206.45539800216508     
   2           2         209   271.36197831402086        789.86806154433839        331.78441799376742     
   2           2         210   125.31066468039091        774.19725817859910        204.84048097044823     
   2           2         211   164.30498849248781        628.71030641784660        228.07497887635569     
   2           2         212   131.25635520245010        696.19515004031518        213.25646039926261     
   2           2         213   689.82423751405099        719.79666948672661        377.49893967380922     
   2           2         214   121.56906548159186        757.78660325622138        204.82606040907234     
   2           2         215   156.73933302502451        799.89822791802101        209.46053432436489     
   2           2         216   115.24461727653504        656.24876464893157        208.93160856988152     
   2           2         217   558.04047145343384        691.82897036909696        332.47731107362722     
   2           2         218   164.82721626821748        725.62392141784687        209.57190126794356     
   2           2         219   7091.2807306889254        936.18785653819998        6606.9072982205289     
   2           2         220   161.00676034803632        805.35344800590997        204.79980856212325     
   2           2         221   19165.872564398505        787.26202270199985        18358.461507221848     
   2           2         222   149.63494417308314        660.61311681715199        214.55618801846072     
   2           2         223   138.59404895948785        701.41241731334787        210.36443753277968     
   2           2         224   19803.652327732048        887.23725109599991        19410.348322249756     
   2           2         225   198.50300332709460        782.48503241784670        267.39646219429386     
   2           2         226   33946.992987859259        808.64531408500011        32585.164211133233     
   2           2         227   161.20010986178920        719.55817378524239        233.11923874079676     
   2           2         228   492.39911730521294        710.03066326271085        289.87171158703103     
   2           2         229   502.31766277318047        765.94259747877732        344.34359362152020     
   2           2         230   21607.734243602637        958.77848216499990        20389.092569093078     
   2           2         231   126.16803340933696        688.92128292867221        205.12156271992370     
   2           2         232   136.82086837907917        749.99650663427735        205.36618608351532     
   2           2         233   134.06756942951455        741.49800557901574        201.66676008104298     
   2           2         234   146.56290677034832        768.00460415999123        218.65825907316312     
   2           2         235   128.79409331832122        817.67813810403106        200.49911306768843     
   2           2         236   199.37366428902715        646.78222873122695        257.02976113760207     
   2           2         237   385.70268724669700        718.06852036803821        245.59350016484939     
   2           2         238   166.58451293765290        786.79462531902936        218.54052396291155     
   2           2         239   215.73284290867139        791.36037213427755        256.78903699226748     
   2           2         240   186.38100179408389        791.78206166499456        260.86091692653912     
   2           2         241   504.65958306336199        696.25144803564774        265.49980845493724     
   2           2         242   141.47474091076180        696.50324215992975        209.61613556168572     
   2           2         243   133.10496736837169        749.80916107635437        209.45067751476344     
   2           2         244   149.91582689998501        820.40402883149000        205.35341046603565     
   2           2         245   43641.893407793897        977.39782128000024        41734.891436094054     
   2           2         246   521.29610662589880        685.78196913427723        263.26691867939525     
   2           2         247   117.57083575336505        747.92457719521190        199.93447339448983     
   2           2         248   518.95383195260752        734.12141852319996        379.07778820299779     
   2           2         249   186.09505823503417        803.85233329683547        251.12677931605933     
   2           2         250   176.33892904575836        795.09173351671438        248.19574012237319     
   2           2         251   154.35474111376612        672.89402355294737        223.16351017995589     
   2           2         252   44104.184310198878        833.37757769999985        41936.831234074787     
   2           2         253   133.39899731238182        759.99390513427750        201.08401140488343     
   2           2         254   130.45530703196425        765.07673669609449        204.77067613080823     
   2           2         255   143.53501109444412        836.65484941973011        208.60249894583387     
   2           2         256   156.08394608266801        671.46140667133966        205.21481108264146     
   2           2         257   138.19841111281937        726.59844719808711        202.12972656635731     
   2           2         258   186.36624726914724        760.59512693088641        239.99605997583274     
   2           2         259   123.24871402697444        799.59934814985911        204.76624937804536     
   2           2         260   432.79557054487725        807.23648441784667        285.60475317716509     
   2           2         261   173.71742763894781        710.91639336753246        236.87870342896639     
   2           2         262   138.95308163021915        679.41502489322897        213.26546634232702     
   2           2         263   693.03468560154386        743.47876325427728        460.53847613399017     
   2           2         264   172.73915968721758        757.69624831856015        239.81862344470963     
   2           2         265   1403.6304656036593        750.43928018784663        1324.4518644666500     
   2           2         266   114.68311728545262        679.19909155147695        204.78441210593326     
   2           2         267   131.77924490456675        698.80628791784670        199.95604206814622     
   2           2         268   133.64528537834829        681.74115131283929        209.29659985757522     
   2           2         269   561.75666543676255        754.32805384973506        340.14096774957972     
   2           2         270   148.37254490033175        777.38347041983025        209.81722370440619     
   2           2         271   154.40409476078801        672.28533332980055        218.35298934553390     
   2           2         272   140.01997308328941        730.61027034546350        209.51064490884949     
   2           2         273   180.71809733488462        723.36705121173463        264.95874298873503     
   2           2         274   385.09057036297088        749.55228191784681        282.54319362156019     
   2           2         275   118.77995129907612        783.79501549262716        205.18216577615527     
   2           2         276   165.33672563559364        673.75541602496503        214.55625903019535     
   2           2         277   129.46102625353356        711.22816563225149        213.96407680611972     
   2           2         278   109.93871202866552        739.06589174179339        204.60447382331446     
   2           2         279   132.37978394977711        718.03053050994845        208.93934987956396     
   2           2         280   127.87072900811916        757.14742909712288        205.13055040463553     
   2           2         281   128.61608313919518        624.73428641784665        205.18075984699323     
   2           2         282   119.67956205829692        695.40123060370070        204.78182056284734     
   2           2         283   622.12045549667903        731.19112009204002        379.43658842891301     
   2           2         284   154.82702607476071        805.48079638352533        214.32320086173709     
   2           2         285   128.79057131030237        780.10985172155983        205.23719028965598     
   2           2         286   144.96262900960554        672.95881347570162        209.30935606873044     
   2           2         287   103.93160493911716        663.05589349223271        204.25369035667774     
   2           2         288   156.01594905773467        749.52954141784687        216.25300252573027     
   2           2         289   154.82566421169585        816.82401919646873        214.70876820317426     
   2           2         290   156.57304304269053        804.13167669739903        219.04296515263476     
   2           2         291   106.18160356063026        654.34117908095732        199.91704168028588     
   2           2         292   108.47482649369236        702.48563506874461        199.94968666774915     
   2           2         293   120.48502243156628        716.92439077562813        205.70011689039345     
   2           2         294   144.95101351964422        780.63652653769577        214.24989829452446     
   2           2         295   129.92291271036700        854.01620213427736        208.93588354448815     
   2           2         296   138.11599411121736        694.75068384362737        209.66903635573789     
   2           2         297   196.07650172756573        699.50399578540100        259.29889904545149     
   2           2         298   147.22756312997981        760.81919774314747        214.19680758608081     
   2           2         299   189.42029100699236        757.69804733263516        253.77609057968871     
   2           2         300   143.08511464916603        813.27487627021890        209.47126768481544     
   2           2         301   154.49367229582973        719.61856118718526        214.55769094046460     
   2           2         302   133.42899387787844        716.43665463427737        208.97699612760167     
   2           2         303   371.93679527454009        731.10228893106319        234.42715560349984     
   2           2         304   152.99793073594441        793.10947892426827        219.14085950490951     
   2           2         305   142.58831755490010        788.30426734682464        214.13180794141473     
   2           2         306   124.65160849809847        686.33761747462859        208.96717613618588     
   2           2         307   162.34736750411864        712.87605725800017        213.50485125357616     
   2           2         308   153.76271458179920        734.01182458268090        200.52093197166877     
   2           2         309   131.07223180234965        758.59293813427746        209.09265313696770     
   2           2         310   133.88779220043031        847.84302320380880        204.29547882994456     
   2           2         311   137.22207163562280        672.21953417792463        208.60412252700192     
   2           2         312   118.43479759373777        738.25663949737020        204.82318860068901     
   2           2         313   118.47455110742715        733.27345608080100        200.44292199862051     
   2           2         314   138.17144743887266        790.96172553600002        205.35258863092341     
   2           2         315   157.21866024602602        825.12159464583920        238.79097570093438     
   2           2         316   120.36007552220723        701.81734113427729        200.50775044275736     
   2           2         317   161.43940495617542        699.59631004122400        213.86158488132321     
   2           2         318   101.64536170444330        753.51280842655251        199.95187433240804     
   2           2         319   156.88296096287951        728.41902543595324        209.51824681894453     
   2           2         320   130.38543607151581        803.25630031178594        200.55772423533008     
   2           2         321   530.06298600158493        675.85348492926505        280.29364673286670     
   2           2         322   144.71478858454566        722.21346410456931        210.11162301765907     
   2           2         323   420.47005340768698        675.61249770141603        256.88693903435575     
   2           2         324   134.19971052699029        779.51736950932752        209.29863406685214     
   2           2         325   148.31632647938736        743.23653853080395        210.65313436690698     
   2           2         326   118.67273334266312        686.23166196084424        204.60533970456976     
   2           2         327   212.58844869051632        690.98991013596822        276.78322043308106     
   2           2         328   131.80206075591070        734.19265625927346        209.28092105948426     
   2           2         329   119.73705349494745        792.34711609363592        204.77159837540819     
   2           2         330   156.88037367168801        784.24555613427754        218.65316991625735     
   2           2         331   155.96346003830331        646.74958959569744        213.62384273125707     
   2           2         332   332.63666762303438        677.14660163832127        228.65802810159155     
   2           2         333   447.69682977279729        725.61235358810211        256.30177286729895     
   2           2         334   110.88574440814757        751.67497190037705        204.25845770468041     
   2           2         335   181.14346800753526        806.29358170449404        241.45994548331439     
   2           2         336   592.92929831591266        650.98636038080349        347.03519060680588     
   2           2         337   110.74150292247407        680.21742891784675        200.44089648368487     
   2           2         338   628.85359940425758        699.39838329478380        362.95258839089257     
   2           2         339   156.77487487809046        760.81486892144051        227.29296044847717     
   2           2         340   137.64294763340797        827.78429565583542        209.96681649038203     
   2           2         341   129.05652664647297        706.84747922797692        204.61057279837729     
   2           2         342   118.04609577256166        685.49449104471796        205.12050073997423     
   2           2         343   450.27303386087362        734.92243649230011        257.39483011701412     
   2           2         344   243.40576718402079        717.75450191784682        314.48679920648834     
   2           2         345   138.11776333840808        790.19739463073472        210.02475039975636     
   2           2         346   131.30021265596491        698.21087314622503        205.13457639436655     
   2           2         347   193.55741980470904        720.68573891092569        258.90649707109566     
   2           2         348   162.83650829505777        716.61224871195748        230.48435140498640     
   2           2         349   155.03944892898053        764.31161481724644        218.43822317661602     
   2           2         350   148.65790990183606        777.08329182250270        218.87333263386969     
   2           2         351   194.28862977693294        691.91508213427733        253.67964510360025     
   2           2         352   159.56721758489084        773.43102883510130        258.72028522487403     
   2           2         353   508.88753307534859        766.16393765691373        324.03445882410438     
   2           2         354   132.30381844753808        761.01586385913652        208.58858920453673     
   2           2         355   111.95407236304102        825.38623969257981        200.50877715355347     
   2           2         356   469.31032310282865        665.89192418451046        273.36785203372835     
   2           2         357   570.45334002067716        718.04352092788099        381.14157025751575     
   2           2         358   158.66197407713739        786.84289513427757        229.14534818042634     
   2           2         359   136.55370485728747        791.35791964079965        223.71110234565774     
   2           2         360   138.07732574365971        791.77781516612231        204.66743621414884     
   2           2         361   143.30879801796223        696.24730239569851        209.64551099264992     
   2           2         362   137.55328162062554        696.49775298309942        200.50950754352510     
   2           2         363   143.33014287014245        749.80348177773351        217.24922567281229     
   2           2         364   144.32522851666951        798.07751575965813        210.06520391691615     
   2           2         365   365.89318359848454        803.66852013427729        243.53685625636487     
   2           2         366   143.56788490731864        666.66465660470931        209.22708754065931     
   2           2         367   524.14315999810503        747.92004641728488        312.50228780913659     
   2           2         368   171.39286747346108        734.11697261615404        244.50171095799038     
   2           2         369   125.45283668304485        803.84638487862287        209.15483705763222     
   2           2         370   150.86451647472956        795.08552846205555        214.76014655627486     
   2           2         371   114.59021108153638        678.10948560734130        205.13974962435051     
   2           2         372   516.70761330111281        708.96130413427738        367.06940988999139     
   2           2         373   142.22115228304219        786.21450318469010        204.83192704099761     
   2           2         374   200.53818636488703        766.32506225900261        250.93384303812689     
   2           2         375   143.71625767929751        846.52142020908673        205.21160638538018     
   2           2         376   147.68898340654692        647.85564190542209        209.16939983961910     
   2           2         377   174.94379152935261        719.93019814140860        218.61960615079278     
   2           2         378   140.88783808620872        739.33164490493198        200.97786919002073     
   2           2         379   138.67613011186879        792.23810913427747        208.97595740923256     
   2           2         380   141.64562234535325        807.23431467627756        209.52835691466404     
   2           2         381   187.46686905148152        710.91209401236893        263.06676158423022     
   2           2         382   150.51257616417791        679.41099645259226        211.57363984450004     
   2           2         383   134.77633569228172        761.93501490067638        205.87924384045189     
   2           2         384   151.20393161258394        757.69005374580297        199.97900717181361     
   2           2         385   269.45414411760504        678.26021043569335        146.80111464934467     
   2           2         386   534.50724910174665        697.60463141784669        326.01455263975146     
   2           2         387   200.06581986198449        712.04082091238558        245.30548058253063     
   2           2         388   156.01824655425364        709.09363268294078        214.26003174712562     
   2           2         389   356.73258690722207        762.55951905870188        236.98932712902669     
   2           2         390   136.61759136395295        817.14173503054451        204.63179228623892     
   2           2         391   135.05712082566953        688.03583619461619        208.60251800360268     
   2           2         392   494.91993965738106        651.47492767433619        292.45531690083340     
   2           2         393   154.95327466874767        744.11598885070828        228.40201212509268     
   2           2         394   145.49775931876081        767.20977716984078        213.89891047385728     
   2           2         395   397.06021084730429        745.30731853648967        241.62510666725706     
   2           2         396   152.67393928700946        694.74082534033755        204.26656128865071     
   2           2         397   139.56061651604142        736.11500611742213        213.28235449655520     
   2           2         398   451.19205035113265        772.59150392587685        267.48176483251802     
   2           2         399   123.67056886506757        748.54071173872762        199.92981640713248     
   2           2         400   195.86191129217883        796.95185413427737        240.56539904217229     
   2           2         401   135.54003102266523        646.79653764193108        205.46548003520232     
   2           2         402   157.01372319013282        725.81443668467523        213.78865658091837     
   2           2         403   137.27666968506489        790.70734813098784        209.28821490257121     
   2           2         404   428.85724715071933        813.70977770286549        261.95431537142412     
   2           2         405   154.70123998003899        792.25881687977187        218.68092925699295     
   2           2         406   145.74578997521783        676.63775295949995        210.50857951566189     
   2           2         407   123.09449665213505        686.85644763427729        205.18019919746357     
   2           2         408   470.21986740410915        756.00214270847960        267.55222644903415     
   2           2         409   123.37987355015585        853.46765327191440        204.91101119636951     
   2           2         410   134.48280585514465        843.89035184696502        208.93784667694840     
   2           2         411   186.96885786656563        671.68558473223436        252.52464042178087     
