     time_period  economy_id district_id avg_expect_cont avg_C1 avg_C2 avg_expect_exp avg_expect_MA lambda urban suburban budg_per_teach budget capacity share_tenured
   1           1           1   1.0826014061811778E-005   8.0264732969010601E-007   2.1418082306284740E-005   2.2214754724940926       0.52572848143322537       0.51379310000000000        0.0000000000000000        0.0000000000000000        43.883902890251605        746.02634913427732        17.000000000000000        0.0000000000000000     
   1           1           2   1.1812366681711831E-005   2.5645882075871218E-006   2.1584841671955146E-005   2.0831192177096329       0.52499420893411874       0.51379310000000000        0.0000000000000000        0.0000000000000000        42.941297364806879        730.00205520171698        17.000000000000000        0.0000000000000000     
   1           1           3   1.0000742546102743E-005  -5.6944593738302701E-007   2.1170657881558389E-005   2.4916041739417203       0.51632676881324058       0.51379310000000000        0.0000000000000000        0.0000000000000000        47.772430459879118        812.13131781794505        17.000000000000000        0.0000000000000000     
   1           1           4   1.1329907299206752E-005   1.7337548698785158E-006   2.1470522137739670E-005   2.2021830031432037       0.52135302648070037       0.51379310000000000        0.0000000000000000        0.0000000000000000        51.748974732531217        879.73257045303069        17.000000000000000        0.0000000000000000     
   1           1           5   1.1301175479064977E-005   1.6955719500537383E-006   2.1451777649749115E-005   2.1953448999921750       0.52294139250430272       0.51379310000000000        0.0000000000000000        0.0000000000000000        52.475607012480815        892.08531921217389        17.000000000000000        0.0000000000000000     
   1           1           6   1.1186138999980863E-005   1.4797462024611977E-006   2.1443248977760244E-005   2.2046390565138010       0.52330063528229886       0.51379310000000000        0.0000000000000000        0.0000000000000000        42.327725410975276        719.57133198657971        17.000000000000000        0.0000000000000000     
   1           1           7   1.1111115543718340E-005   1.3337525823850510E-006   2.1443222360237690E-005   2.2155517115273913       0.52276980779788884       0.51379310000000000        0.0000000000000000        0.0000000000000000        45.324361878822280        770.51415193997877        17.000000000000000        0.0000000000000000     
   1           1           8   1.1156644161826454E-005   1.8061833121641387E-006   2.1037627476495305E-005   1.9722380419633341       0.51714409561257302       0.51379310000000000        0.0000000000000000        1.0000000000000000        49.871761176470592        847.81994000000009        17.000000000000000        0.0000000000000000     
   1           1           9   1.1861609012597160E-005   2.6675535154998487E-006   2.1577312914424841E-005   2.0674309923282523       0.52410149197529898       0.51379310000000000        0.0000000000000000        0.0000000000000000        49.389637293614889        839.62383399145313        17.000000000000000        0.0000000000000000     
   1           1          10   1.1810175374619871E-005   2.5596170407574821E-006   2.1585587947098587E-005   2.0819155410509835       0.52507405788607520       0.51379310000000000        0.0000000000000000        0.0000000000000000        52.516801875772813        892.78563188813780        17.000000000000000        0.0000000000000000     
   1           1          11   1.1969237085189360E-005   2.8660958198429114E-006   2.1588868502308757E-005   2.0722316713770166       0.52437470694723021       0.51379310000000000        0.0000000000000000        0.0000000000000000        43.208452583044426        734.54369391175521        17.000000000000000        0.0000000000000000     
   1           1          12   9.3515891941791203E-006  -1.7846154882211337E-006   2.1119635114557421E-005   2.5271496692428106       0.51358559414162430       0.51379310000000000        1.0000000000000000        0.0000000000000000        44.174017838244168        750.95830325015083        17.000000000000000        0.0000000000000000     
   1           1          13   1.1654936266229905E-005   2.3152636974028218E-006   2.1524519199179983E-005   2.1275309925611721       0.52403177584205773       0.51379310000000000        0.0000000000000000        0.0000000000000000        49.618806129087034        843.51970419447957        17.000000000000000        0.0000000000000000     
   1           1          14   1.0928262833661954E-005   1.0440036257455813E-006   2.1373330930472204E-005   2.2887741116185989       0.51971446699287416       0.51379310000000000        0.0000000000000000        0.0000000000000000        48.490962772282650        824.34636712880501        17.000000000000000        0.0000000000000000     
   1           1          15   1.1337823133084371E-005   1.7659693757314512E-006   2.1452760651940785E-005   2.1908509819329778       0.52307085171941903       0.51379310000000000        0.0000000000000000        0.0000000000000000        53.247338007898662        905.20474613427723        17.000000000000000        0.0000000000000000     
   1           1          16   1.1651214633183079E-005   2.2917350074714607E-006   2.1541728427374757E-005   2.1379826826278636       0.52206502466527394       0.51379310000000000        0.0000000000000000        0.0000000000000000        42.489037895903209        722.31364423035450        17.000000000000000        0.0000000000000000     
   1           1          17   1.0984747276695220E-005   1.1018235241610294E-006   2.1428404147624247E-005   2.2152469966704631       0.52453621575499987       0.51379310000000000        0.0000000000000000        0.0000000000000000        44.887901917360878        763.09433259513492        17.000000000000000        0.0000000000000000     
   1           1          18   1.1346303517403332E-005   1.7322933598119013E-006   2.1505789288379665E-005   2.1459224239507733       0.52552679024532845       0.51379310000000000        0.0000000000000000        0.0000000000000000        46.142960637054131        784.43033082992019        17.000000000000000        0.0000000000000000     
   1           1          19   1.1170396874556573E-005   1.4533351886600571E-006   2.1438781067557573E-005   2.2057828834824389       0.52350564766136420       0.51379310000000000        0.0000000000000000        0.0000000000000000        50.449769453451218        857.64608070867075        17.000000000000000        0.0000000000000000     
   1           1          20   1.1302073365273213E-005   1.6995872455095536E-006   2.1449381252471814E-005   2.1941856748875415       0.52295701276010909       0.51379310000000000        0.0000000000000000        0.0000000000000000        50.479160247253191        858.14572420330421        17.000000000000000        0.0000000000000000     
   1           1          21   1.1453294728748922E-005   1.9385202108677382E-006   2.1507914470556099E-005   2.1301710248996444       0.52237287258461773       0.51379310000000000        0.0000000000000000        0.0000000000000000        43.836728670984265        745.22438740673249        17.000000000000000        0.0000000000000000     
   1           1          22   1.1652480525007395E-005   2.3090735425972535E-006   2.1526009753107451E-005   2.1303790591673546       0.52361053372663102       0.51379310000000000        0.0000000000000000        0.0000000000000000        43.333355154957488        736.66703763427734        17.000000000000000        0.0000000000000000     
   1           1          23   1.1104371514877258E-005   1.3698589342789111E-006   2.1391196724010575E-005   2.2401063307867983       0.51955268002440369       0.51379310000000000        0.0000000000000000        0.0000000000000000        47.888027061147270        814.09646003950354        17.000000000000000        0.0000000000000000     
   1           1          24   1.1031932808045153E-005   1.2493913745117531E-006   2.1369511910714493E-005   2.2471572011808161       0.51864687590099368       0.51379310000000000        0.0000000000000000        0.0000000000000000        48.817788415494995        829.90240306341491        17.000000000000000        0.0000000000000000     
   1           1          25   1.1913520443651169E-005   2.7999145436816887E-006   2.1544210233375815E-005   2.0903048822023655       0.52481537896191810       0.51379310000000000        0.0000000000000000        0.0000000000000000        52.012259024260807        832.19614438817291        16.000000000000000        0.0000000000000000     
   1           1          26   1.1355685247867508E-005   1.7978408337600312E-006   2.1455818567328771E-005   2.1879069037948975       0.52317564712884035       0.51379310000000000        0.0000000000000000        0.0000000000000000        42.913194280776004        686.61110849241607        16.000000000000000        0.0000000000000000     
   1           1          27   1.1450908194270255E-005   1.8310150985848611E-006   2.1616610686975982E-005   2.2864663508530882       0.50989970046265687       0.51379310000000000        0.0000000000000000        0.0000000000000000        46.399906400918972        742.39850241470356        16.000000000000000        0.0000000000000000     
   1           1          28   1.1547344445905668E-005   2.1651535934863080E-006   2.1461858046712356E-005   2.1776143549958538       0.52034875054371865       0.51379310000000000        0.0000000000000000        0.0000000000000000        44.222868203358040        707.56589125372864        16.000000000000000        0.0000000000000000     
   1           1          29   1.0400461445500090E-005   1.1341533970655682E-007   2.1271169591638269E-005   2.3766602740251113       0.51838694859060097       0.51379310000000000        0.0000000000000000        0.0000000000000000        49.643518633392347        794.29629813427755        16.000000000000000        0.0000000000000000     
   1           1          30   7.4297155417647934E-006  -1.9326364481626015E-006   1.6792067531691964E-005   2.0008864022462904       0.61636881901200247       0.50000000000000000        0.0000000000000000        1.0000000000000000        51.131026233642338        818.09641973827740        16.000000000000000        0.0000000000000000     
   1           1          31  -9.7383740940550284E-006  -3.1936983624652866E-005   1.2460235436542845E-005   11.500035889716887       0.50003588971689716       0.50000000000000000        0.0000000000000000        1.0000000000000000        51.997681870968748        831.96290993549997        16.000000000000000        3.6250000000000000     
   1           1          32   1.1336141678021141E-005   1.7573484500197410E-006   2.1458412396256501E-005   2.2013580910124961       0.52156960445887190       0.51379310000000000        0.0000000000000000        0.0000000000000000        44.310814403203381        708.97303045125409        16.000000000000000        0.0000000000000000     
   1           1          33   1.1208085094285032E-005   1.5264170662214445E-006   2.1439067479170275E-005   2.1870848609969316       0.52261375419344747       0.51379310000000000        0.0000000000000000        0.0000000000000000        45.499596312922591        727.99354100676146        16.000000000000000        0.0000000000000000     
   1           1          34   1.1231486013306921E-005   1.5996015106103845E-006   2.1409860276367630E-005   2.2197601202658745       0.52262511592798011       0.51379310000000000        0.0000000000000000        0.0000000000000000        44.288250366735774        708.61200586777238        16.000000000000000        0.0000000000000000     
   1           1          35   1.1068399741471117E-005   1.3183015525996458E-006   2.1371694848481364E-005   2.2495021899184642       0.51886843697453655       0.51379310000000000        0.0000000000000000        0.0000000000000000        48.959641622735525        783.35426596376840        16.000000000000000        0.0000000000000000     
   1           1          36   1.1230588233459911E-005   1.5619781800289697E-006   2.1447771765909731E-005   2.2032454860301494       0.52285121395728495       0.51379310000000000        0.0000000000000000        0.0000000000000000        41.388270026115414        662.21232041784663        16.000000000000000        0.0000000000000000     
   1           1          37   1.1626137763527979E-005   2.2610643909212479E-006   2.1522562680243306E-005   2.1303438207394905       0.52405232317338113       0.51379310000000000        0.0000000000000000        0.0000000000000000        43.952758005855031        703.24412809368050        16.000000000000000        0.0000000000000000     
   1           1          38   1.0899196262896638E-005   9.9263732526358629E-007   2.1367829321989968E-005   2.2912496058042220       0.51955560948769175       0.51379310000000000        0.0000000000000000        0.0000000000000000        47.594357565383241        761.50972104613186        16.000000000000000        0.0000000000000000     
   1           1          39   1.1211209191308214E-005   1.5567306128890345E-006   2.1413459463136059E-005   2.2192808560562627       0.52279547325538300       0.51379310000000000        0.0000000000000000        0.0000000000000000        47.113643728352606        753.81829965364170        16.000000000000000        0.0000000000000000     
   1           1          40   1.0860543098789695E-005   9.1040941636320027E-007   2.1375223227986515E-005   2.2866874792220209       0.52008006541798601       0.51379310000000000        0.0000000000000000        0.0000000000000000        48.648627272937325        778.37803636699721        16.000000000000000        0.0000000000000000     
   1           1          41   1.1955633830687268E-005   2.8432843931137984E-006   2.1584995869387154E-005   2.0741158905919246       0.52365528571052156       0.51379310000000000        0.0000000000000000        0.0000000000000000        41.714034885353264        667.42455816565223        16.000000000000000        0.0000000000000000     
   1           1          42   1.1270342981531418E-005   1.6711294203786900E-006   2.1414192633082580E-005   2.2180162840387254       0.52247987442577448       0.51379310000000000        0.0000000000000000        0.0000000000000000        43.947188883248053        703.15502213196885        16.000000000000000        0.0000000000000000     
   1           1          43   1.1645829532882531E-005   2.2945621367665482E-006   2.1527665155493966E-005   2.1349311272834783       0.52304668852056102       0.51379310000000000        0.0000000000000000        0.0000000000000000        46.412829695892341        742.60527513427746        16.000000000000000        0.0000000000000000     
   1           1          44   1.0862229199442241E-005   9.2750080087923857E-007   2.1360629986341376E-005   2.2786629594567280       0.52161809596446629       0.51379310000000000        0.0000000000000000        0.0000000000000000        48.052650799648305        768.84241279437288        16.000000000000000        0.0000000000000000     
   1           1          45   1.1541454576775832E-005   2.0628018637617957E-006   2.1557903050137443E-005   2.2248241806211841       0.51717417243911623       0.51379310000000000        0.0000000000000000        0.0000000000000000        46.672434840436168        746.75895744697868        16.000000000000000        0.0000000000000000     
   1           1          46   9.5825808806027322E-006  -1.4311997789568345E-006   2.1221256736077573E-005   2.4423857815445267       0.51219233014165688       0.51379310000000000        0.0000000000000000        0.0000000000000000        40.354242161729104        645.66787458766566        16.000000000000000        0.0000000000000000     
   1           1          47  -1.2435588563520619E-005  -3.7366982884381565E-005   1.2495805757340331E-005   14.000000000028670       0.33344237392170023       0.50000000000000000        0.0000000000000000        1.0000000000000000        48.809835912946177        780.95737460713883        16.000000000000000        5.2500000000000000     
   1           1          48   1.1474331437264329E-005   2.0207668718377711E-006   2.1464268322406523E-005   2.2141984348288752       0.52083190119477041       0.51379310000000000        0.0000000000000000        0.0000000000000000        45.275486767274124        724.40778827638599        16.000000000000000        0.0000000000000000     
   1           1          49  -2.1665829551901767E-005  -6.3059987227791507E-005   1.9728328123987973E-005   21.500037565319165       0.50003756531917620       0.50000000000000000        0.0000000000000000        1.0000000000000000        56.089293241294250        897.42869186070800        16.000000000000000        3.6250000000000000     
   1           1          50   1.1607163843092416E-005   9.9647507076326806E-007   2.2217852615420704E-005   2.6580135156608371       0.46825999907289118       0.50000000000000000        0.0000000000000000        1.0000000000000000        58.719506695892335        939.51210713427736        16.000000000000000        0.0000000000000000     
   1           1          51   1.1907215440578944E-005   2.7890566850536722E-006   2.1542716403838394E-005   2.0923168357442066       0.52487899843568597       0.51379310000000000        0.0000000000000000        0.0000000000000000        40.873868189593018        653.98189103348830        16.000000000000000        0.0000000000000000     
   1           1          52   1.1545860354650386E-005   2.0740943911710543E-006   2.1555031341015693E-005   2.2266370129301838       0.51708510607274616       0.51379310000000000        0.0000000000000000        0.0000000000000000        43.997929177294040        703.96686683670464        16.000000000000000        0.0000000000000000     
   1           1          53   1.1306222835584100E-005   1.7109161652086038E-006   2.1445943928853025E-005   2.1973033341862971       0.52290354803498784       0.51379310000000000        0.0000000000000000        0.0000000000000000        43.151021535090202        690.41634456144322        16.000000000000000        0.0000000000000000     
   1           1          54   1.0305236573823992E-005  -5.9505202629968493E-008   2.1258048654491174E-005   2.3792878803658515       0.52053358884062328       0.51379310000000000        0.0000000000000000        0.0000000000000000        48.737199550417067        779.79519280667307        16.000000000000000        0.0000000000000000     
   1           1          55   1.1133961352396218E-005   1.4182526742462669E-006   2.1400915771273055E-005   2.2481712371900686       0.51922190788568545       0.51379310000000000        0.0000000000000000        0.0000000000000000        53.138445484761874        850.21512775618999        16.000000000000000        0.0000000000000000     
   1           1          56   1.1505456158679583E-005   1.9449336945339131E-006   2.1608419474241364E-005   2.2861707766077402       0.51012468872877148       0.51379310000000000        0.0000000000000000        0.0000000000000000        42.425461180526348        678.80737888842157        16.000000000000000        0.0000000000000000     
   1           1          57   1.1177098666787216E-005   1.5221578982801224E-006   2.1379837352247280E-005   2.2393432659324790       0.52237803890780754       0.51379310000000000        0.0000000000000000        0.0000000000000000        42.869240303169249        685.90784485070799        16.000000000000000        0.0000000000000000     
   1           1          58   9.6127250826805652E-006  -1.3075843527089678E-006   2.1152626383480674E-005   2.5304931102630208       0.51309860096731330       0.51379310000000000        0.0000000000000000        0.0000000000000000        45.838239445346218        733.41183112553949        16.000000000000000        0.0000000000000000     
   1           1          59   1.1654535558482448E-005   2.3128616748572469E-006   2.1526233355977354E-005   2.1315650069903311       0.52337457526315567       0.51379310000000000        0.0000000000000000        0.0000000000000000        46.689569207917671        747.03310732668274        16.000000000000000        0.0000000000000000     
   1           1          60   1.1324999758464102E-005   1.7380519730604818E-006   2.1455887703906280E-005   2.1982032745383040       0.52192591810249311       0.51379310000000000        0.0000000000000000        0.0000000000000000        50.772957210008258        812.36731536013212        16.000000000000000        0.0000000000000000     
   1           1          61  -1.4093039314688078E-005  -3.4097420671038011E-005   5.9113420416618859E-006   10.688862148918544       0.33279985572416798       0.50000000000000000        0.0000000000000000        1.0000000000000000        48.727964866406253        779.64743786250006        16.000000000000000        5.4375000000000000     
   1           1          62   1.2099841793690135E-005   3.0310605446731664E-006   2.1683163690508467E-005   2.0924512938665814       0.51961588837568418       0.51379310000000000        0.0000000000000000        0.0000000000000000        45.433180326736164        726.93088522777862        16.000000000000000        0.0000000000000000     
   1           1          63   1.0887567301659124E-005   9.7520566133156966E-007   2.1362332294720768E-005   2.2781355208212100       0.52157799038198382       0.51379310000000000        0.0000000000000000        0.0000000000000000        45.639091842193906        730.22546947510250        16.000000000000000        0.0000000000000000     
   1           1          64   1.1086240807215948E-005   1.3973219647251680E-006   2.1324885400149086E-005   2.2752490154231304       0.52195330570260456       0.51379310000000000        0.0000000000000000        0.0000000000000000        49.569740383392343        793.11584613427749        16.000000000000000        0.0000000000000000     
   1           1          65   1.1101542278231929E-005   1.2628398296911905E-006   2.1498468835657183E-005   2.1843994880095625       0.51795362628295905       0.51379310000000000        0.0000000000000000        0.0000000000000000        49.269573122545324        788.31316996072519        16.000000000000000        0.0000000000000000     
   1           1          66   1.1225473213736464E-005   1.5663731268453822E-006   2.1432607207215522E-005   2.2077851029570739       0.52305301714501107       0.51379310000000000        0.0000000000000000        1.0000000000000000        42.896770073441246        686.34832117505994        16.000000000000000        0.0000000000000000     
   1           1          67   1.1151402459308364E-005   1.4186264390379277E-006   2.1436392579893797E-005   2.2007744228759680       0.52181522160584171       0.51379310000000000        0.0000000000000000        0.0000000000000000        47.077717806094014        753.24348489750423        16.000000000000000        0.0000000000000000     
   1           1          68   1.1166533589551947E-005   1.4463277877255535E-006   2.1438240287993377E-005   2.1997827983039482       0.52192469296546329       0.51379310000000000        0.0000000000000000        0.0000000000000000        46.754249300667752        748.06798881068403        16.000000000000000        0.0000000000000000     
   1           1          69   1.1597095712752752E-005   2.2467281350875143E-006   2.1477980463397338E-005   2.2222987956553810       0.52010371236186981       0.51379310000000000        0.0000000000000000        0.0000000000000000        47.617747287633463        761.88395660213541        16.000000000000000        0.0000000000000000     
   1           1          70   1.1081387553206072E-005   1.2917675211894759E-006   2.1426446876864395E-005   2.2242776959388375       0.52090606672329032       0.51379310000000000        0.0000000000000000        0.0000000000000000        51.584962441721842        825.35939906754948        16.000000000000000        0.0000000000000000     
   1           1          71   1.1668627837814997E-005   2.3406789091218528E-006   2.1525821959730885E-005   2.1261063740191966       0.52402008787486143       0.51379310000000000        0.0000000000000000        0.0000000000000000        41.619652070892329        665.91443313427726        16.000000000000000        0.0000000000000000     
   1           1          72   1.0774102679710373E-005   7.0438335064364206E-007   2.1415153455030693E-005   2.2235544620540701       0.52609223030857499       0.51379310000000000        0.0000000000000000        0.0000000000000000        44.880566504978589        718.08906407965742        16.000000000000000        0.0000000000000000     
   1           1          73   1.1121719339497328E-005   1.3869329688559115E-006   2.1408833872856550E-005   2.2278633992388945       0.52044948055799889       0.51379310000000000        0.0000000000000000        0.0000000000000000        46.522307926337135        744.35692682139415        16.000000000000000        0.0000000000000000     
   1           1          74   1.1257345072195150E-005   1.6261432243103455E-006   2.1434997948266035E-005   2.2048459826689180       0.52290698438449246       0.51379310000000000        0.0000000000000000        0.0000000000000000        47.812172312273638        764.99475699637821        16.000000000000000        0.0000000000000000     
   1           1          75   1.1153403077005534E-005   1.4680627240691427E-006   2.1388266145568355E-005   2.2613545906977230       0.51831931195536540       0.51379310000000000        0.0000000000000000        0.0000000000000000        49.326172472819160        789.21875956510655        16.000000000000000        0.0000000000000000     
   1           1          76   1.1212070298634639E-005   1.5440276822693927E-006   2.1428654199016081E-005   2.2104584855006233       0.52306373192429068       0.51379310000000000        0.0000000000000000        0.0000000000000000        44.662355489349537        714.59768782959259        16.000000000000000        0.0000000000000000     
   1           1          77   1.0327153616353056E-005  -1.8954604111238199E-009   2.1242247880138654E-005   2.3900808050844682       0.51902713404345346       0.51379310000000000        0.0000000000000000        0.0000000000000000        43.945764880745365        703.13223809192584        16.000000000000000        0.0000000000000000     
   1           1          78   1.0626947213197722E-005   5.2475221386110070E-007   2.1302316249535264E-005   2.3185652201852105       0.51866924891354549       0.51379310000000000        0.0000000000000000        0.0000000000000000        48.191652195892345        771.06643513427753        16.000000000000000        0.0000000000000000     
   1           1          79   1.1324535415756226E-005   1.7369591208469900E-006   2.1456087530808278E-005   2.2014158434179190       0.52158102922802019       0.51379310000000000        0.0000000000000000        0.0000000000000000        47.762424224613369        764.19878759381390        16.000000000000000        0.0000000000000000     
   1           1          80   1.2761882850206808E-005   2.8293363083535805E-006   2.2694429392059557E-005   2.4037004474929629       0.48172731385752465       0.50000000000000000        0.0000000000000000        1.0000000000000000        50.977797840030341        815.64476544048546        16.000000000000000        0.0000000000000000     
   1           1          81   1.1230921469315220E-005   1.5915941304886385E-006   2.1417160856971845E-005   2.2139472266986346       0.52252673597784782       0.51379310000000000        0.0000000000000000        0.0000000000000000        43.503531563260488        696.05650501216780        16.000000000000000        0.0000000000000000     
   1           1          82   1.1322572793401698E-005   1.7339165345020964E-006   2.1455266146981051E-005   2.2064604110611032       0.52116989771303845       0.51379310000000000        0.0000000000000000        0.0000000000000000        45.900705023195549        734.41128037112878        16.000000000000000        0.0000000000000000     
   1           1          83   1.1071618912110143E-005   1.3988433781087081E-006   2.1293204264392721E-005   2.3060759126468837       0.51740422087319382       0.51379310000000000        0.0000000000000000        0.0000000000000000        45.551607978226244        728.82572765161990        16.000000000000000        0.0000000000000000     
   1           1          84   1.1101620117090067E-005   1.4023163661847929E-006   2.1351238832947918E-005   2.2698613815626816       0.51852024423201615       0.51379310000000000        0.0000000000000000        0.0000000000000000        48.997494915159464        783.95991864255143        16.000000000000000        0.0000000000000000     
   1           1          85   1.2459387403452631E-005   2.8224109236319465E-006   2.2096363883272394E-005   2.2929904955474059       0.50374921498912262       0.50000000000000000        0.0000000000000000        1.0000000000000000        47.063028722007751        753.00845955212401        16.000000000000000        0.0000000000000000     
   1           1          86   1.1546880128064175E-005   2.1295011007895117E-006   2.1498578395403573E-005   2.2231589556847360       0.51922858394012161       0.51379310000000000        0.0000000000000000        0.0000000000000000        42.384494314038243        678.15190902461188        16.000000000000000        0.0000000000000000     
   1           1          87   1.0870444111034805E-005   9.1625255481634861E-007   2.1389412347938124E-005   2.2884262127341550       0.51929956469889249       0.51379310000000000        0.0000000000000000        0.0000000000000000        44.189107817048360        707.02572507277375        16.000000000000000        0.0000000000000000     
   1           1          88   1.1973276291422174E-005   2.8524042959319281E-006   2.1611644437300395E-005   2.0775637600865857       0.52286752890387078       0.51379310000000000        0.0000000000000000        1.0000000000000000        47.135759328240646        754.17214925185033        16.000000000000000        0.0000000000000000     
   1           1          89   1.1306184706939009E-005   1.7034694668036255E-006   2.1453734714243640E-005   2.1985449481119095       0.52222482510344881       0.51379310000000000        0.0000000000000000        0.0000000000000000        48.488482817250656        775.81572507601049        16.000000000000000        0.0000000000000000     
   1           1          90   9.2896406343157991E-006  -1.8077227581342948E-006   2.1016641504179011E-005   2.5431552719658179       0.51171668163707729       0.51379310000000000        0.0000000000000000        0.0000000000000000        50.610192770790910        809.76308433265456        16.000000000000000        0.0000000000000000     
   1           1          91   1.1566837681672531E-005   2.0849942978926413E-006   2.1586657856719216E-005   2.2287781391850157       0.51591975232129228       0.51379310000000000        0.0000000000000000        0.0000000000000000        39.638879489847596        634.22207183756154        16.000000000000000        0.0000000000000000     
   1           1          92   1.0911394880587821E-005   1.0139541724193064E-006   2.1370392363996654E-005   2.2706392291468585       0.52176754868666042       0.51379310000000000        0.0000000000000000        0.0000000000000000        44.773425557365414        716.37480891784662        16.000000000000000        0.0000000000000000     
   1           1          93   1.0406706106191229E-005   1.2136670846526411E-007   2.1275610709786594E-005   2.3658881734614687       0.52027631042433420       0.51379310000000000        0.0000000000000000        0.0000000000000000        44.987597415433100        719.80155864692961        16.000000000000000        0.0000000000000000     
   1           1          94   1.1259744057193877E-005   1.6499881722516306E-006   2.1414734178411007E-005   2.2188612599324058       0.52230343310982830       0.51379310000000000        0.0000000000000000        0.0000000000000000        47.821984654486002        765.15175447177603        16.000000000000000        0.0000000000000000     
   1           1          95   1.1539661740099917E-005   2.0719134646371426E-006   2.1544587084577048E-005   2.2319657451381194       0.51696272058070203       0.51379310000000000        0.0000000000000000        0.0000000000000000        51.454217122612128        823.26747396179405        16.000000000000000        0.0000000000000000     
   1           1          96   1.1249335348483031E-005   1.6036930371642012E-006   2.1442248004851314E-005   2.2018289129742743       0.52306786465781852       0.51379310000000000        1.0000000000000000        0.0000000000000000        41.410394320630253        662.56630913008405        16.000000000000000        0.0000000000000000     
   1           1          97   1.0973630076577313E-005   1.0794638750805966E-006   2.1429167265749802E-005   2.2158974364493802       0.52453748306441383       0.51379310000000000        0.0000000000000000        0.0000000000000000        42.166781074772118        674.66849719635388        16.000000000000000        0.0000000000000000     
   1           1          98   1.2212852744198785E-005   3.3250859144929991E-006   2.1604889902683751E-005   2.0959097946045566       0.52222287968272219       0.51379310000000000        0.0000000000000000        0.0000000000000000        44.073178513813183        705.17085622101092        16.000000000000000        0.0000000000000000     
   1           1          99   1.1268523391926821E-005   1.6387937785162953E-006   2.1444620502510776E-005   2.2043333164197421       0.52216863839452876       0.51379310000000000        0.0000000000000000        0.0000000000000000        47.169422088615420        754.71075341784672        16.000000000000000        0.0000000000000000     
   1           1         100   1.1252979381530807E-005   1.6071867627666655E-006   2.1446050873424293E-005   2.2002994638095292       0.52305748819725539       0.51379310000000000        0.0000000000000000        0.0000000000000000        48.874454627276492        781.99127403642387        16.000000000000000        0.0000000000000000     
   1           1         101   1.1310658961910319E-005   1.6729476138555557E-006   2.1495190671398873E-005   2.2203524759455138       0.51903084471612493       0.51379310000000000        0.0000000000000000        0.0000000000000000        42.866838668990049        685.86941870384078        16.000000000000000        0.0000000000000000     
   1           1         102   1.1535181290183758E-005   2.0863329275228573E-006   2.1520134386656399E-005   2.2262590403650151       0.51823083342023002       0.51379310000000000        0.0000000000000000        0.0000000000000000        42.549765371619301        680.79624594590882        16.000000000000000        0.0000000000000000     
   1           1         103   1.1263826392671652E-005   1.6324051866518336E-006   2.1441711072726014E-005   2.2012609475952671       0.52299459154727101       0.51379310000000000        0.0000000000000000        0.0000000000000000        44.276918597251104        708.43069755601766        16.000000000000000        0.0000000000000000     
   1           1         104   1.1318606895735023E-005   1.7284322917659177E-006   2.1452904741600229E-005   2.1922017386403692       0.52300914047530045       0.51379310000000000        0.0000000000000000        0.0000000000000000        45.447001730451163        727.15202768721861        16.000000000000000        0.0000000000000000     
   1           1         105   1.1299817664913152E-005   1.6952438884182997E-006   2.1449331657421047E-005   2.1952310109687185       0.52297922187714918       0.51379310000000000        0.0000000000000000        0.0000000000000000        49.384631360946145        790.15410177513832        16.000000000000000        0.0000000000000000     
   1           1         106   1.1275590977828124E-005   1.6460566781289186E-006   2.1451481693074298E-005   2.2055124074887158       0.52186927390765925       0.51379310000000000        0.0000000000000000        0.0000000000000000        43.638660883392326        698.21857413427722        16.000000000000000        0.0000000000000000     
   1           1         107   1.1440059818157559E-005   1.8275868045974171E-006   2.1597921231279022E-005   2.4422823584623377       0.49681014999192535       0.51379310000000000        0.0000000000000000        0.0000000000000000        46.233806125839834        739.74089801343735        16.000000000000000        0.0000000000000000     
   1           1         108   1.1635450094475499E-005   2.3544917319690572E-006   2.1442987519474711E-005   2.2290614779715430       0.52078197798665160       0.51379310000000000        0.0000000000000000        0.0000000000000000        44.815567959931933        717.04908735891092        16.000000000000000        0.0000000000000000     
   1           1         109   1.0324672811189428E-005  -2.7735973440636021E-008   2.1264452155995976E-005   2.3751965129040045       0.52051271665482812       0.51379310000000000        0.0000000000000000        0.0000000000000000        47.871755623361437        765.94808997378300        16.000000000000000        0.0000000000000000     
   1           1         110   1.0232769713115790E-005  -1.4501501139888914E-007   2.1199364767075545E-005   2.4341671525509718       0.51553040131034589       0.51379310000000000        0.0000000000000000        0.0000000000000000        46.566543571026990        745.06469713643185        16.000000000000000        0.0000000000000000     
   1           1         111   1.1233901193979759E-005   1.5773136203043669E-006   2.1438380120338337E-005   2.2081977874688823       0.52104106863279920       0.51379310000000000        0.0000000000000000        0.0000000000000000        42.041691034170306        672.66705654672489        16.000000000000000        0.0000000000000000     
   1           1         112   1.1216756338722703E-005   1.5981721520327448E-006   2.1381075658111887E-005   2.2396729287163697       0.52218229389702819       0.51379310000000000        0.0000000000000000        0.0000000000000000        45.660135294620545        730.56216471392872        16.000000000000000        0.0000000000000000     
   1           1         113   9.8913252397894909E-006  -7.7611286241406691E-007   2.1164007901407975E-005   2.4306605777833878       0.51552445587847873       0.51379310000000000        0.0000000000000000        0.0000000000000000        47.035828445892342        752.57325513427747        16.000000000000000        0.0000000000000000     
   1           1         114   1.1011453991739245E-005   1.1470254649701257E-006   2.1435566262661853E-005   2.2482507695469343       0.51856152866456051       0.51379310000000000        1.0000000000000000        0.0000000000000000        46.758821739513003        748.14114783220805        16.000000000000000        0.0000000000000000     
   1           1         115   1.1538187369407347E-005   2.1063486891316098E-006   2.1505165695381144E-005   2.2202490881694423       0.51922508139543999       0.51379310000000000        0.0000000000000000        0.0000000000000000        49.702422908698011        795.23876653916818        16.000000000000000        0.0000000000000000     
   1           1         116   1.1565123452530102E-005   2.0147574208629316E-006   2.1657354084273427E-005   2.2886950357461302       0.50842277663883917       0.51379310000000000        0.0000000000000000        0.0000000000000000        41.047017847270851        656.75228555633362        16.000000000000000        0.0000000000000000     
   1           1         117   9.0415914198421823E-006  -2.1571861720184537E-008   2.2636336342185773E-005   2.8211976876402334       0.47769054247580922       0.59999999999999998        0.0000000000000000        1.0000000000000000        47.271822928405328        756.34916685448525        16.000000000000000        0.0000000000000000     
   1           1         118   1.2105611319327613E-005   2.2946115094686673E-006   2.2473263457556721E-005   2.4840822712972650       0.46912292147007301       0.51379310000000000        0.0000000000000000        1.0000000000000000        50.503651071407262        808.05841714251619        16.000000000000000        0.0000000000000000     
   1           1         119   1.0817085507348098E-005  -2.5096838592736115E-007   2.1885139400622943E-005   2.6920475921867824       0.48114137435597837       0.50000000000000000        0.0000000000000000        1.0000000000000000        53.626402670713503        858.02244273141605        16.000000000000000        0.0000000000000000     
   1           1         120   1.0955576593057929E-005   1.0458530166276112E-006   2.1427553844876333E-005   2.2031206936385841       0.52017693299338275       0.51379310000000000        0.0000000000000000        0.0000000000000000        49.486513008392343        791.78420813427749        16.000000000000000        0.0000000000000000     
   1           1         121   1.1229541338942267E-005   1.3390570234726932E-006   2.1681187740806426E-005   2.4140341855808609       0.49912719315941123       0.51379310000000000        0.0000000000000000        0.0000000000000000        43.515985133878196        696.25576214205114        16.000000000000000        0.0000000000000000     
   1           1         122   1.0003706322418746E-005  -6.2877879832530235E-007   2.1239452855203320E-005   2.4119687841985407       0.51608501955856734       0.51379310000000000        0.0000000000000000        0.0000000000000000        43.531746028084200        696.50793644934720        16.000000000000000        0.0000000000000000     
   1           1         123   1.1655267125520203E-005   2.3151010461896078E-006   2.1525371569562697E-005   2.1282218195830174       0.52390788173730918       0.51379310000000000        0.0000000000000000        0.0000000000000000        46.863459403604892        749.81535045767828        16.000000000000000        0.0000000000000000     
   1           1         124   1.1282114627736530E-005   1.6609711339572237E-006   2.1449138463090725E-005   2.2026224049912333       0.52177476289266322       0.51379310000000000        0.0000000000000000        0.0000000000000000        51.275661439837023        820.41058303739237        16.000000000000000        0.0000000000000000     
   1           1         125   1.1126885684586228E-005   1.3770718674444308E-006   2.1429880285304815E-005   2.3018879925900322       0.51749901408699150       0.51379310000000000        0.0000000000000000        0.0000000000000000        51.471140887468856        823.53825419950169        16.000000000000000        0.0000000000000000     
   1           1         126   1.1119197534199609E-005   1.3552060181875043E-006   2.1437174242028302E-005   2.2995451379580909       0.51744966795411518       0.51379310000000000        0.0000000000000000        0.0000000000000000        41.794367646661044        668.70988234657671        16.000000000000000        0.0000000000000000     
   1           1         127   7.0584187040529261E-006  -1.4389572714113709E-006   1.5555794679517540E-005   2.2865886771876518       0.51352596239852988       0.50000000000000000        0.0000000000000000        1.0000000000000000        50.349026026115411        805.58441641784657        16.000000000000000        0.0000000000000000     
   1           1         128   1.0925972421578586E-005   1.0336784031049241E-006   2.1379531204605009E-005   2.2771259913306179       0.52072500318373571       0.51379310000000000        0.0000000000000000        0.0000000000000000        45.444542936299193        727.11268698078709        16.000000000000000        0.0000000000000000     
   1           1         129   1.1658471863238339E-005   2.3157641234854239E-006   2.1531262175349546E-005   2.1346823186214561       0.52277176299438477       0.51379310000000000        0.0000000000000000        0.0000000000000000        48.847253414207145        781.55605462731432        16.000000000000000        0.0000000000000000     
   1           1         130   1.0519124555127414E-005   2.8168103750992799E-007   2.1337415782568882E-005   2.2977446551530982       0.52382749870967893       0.51379310000000000        0.0000000000000000        0.0000000000000000        51.915027979101403        830.64044766562245        16.000000000000000        0.0000000000000000     
   1           1         131   1.3085605626258352E-005   3.5982426849160051E-006   2.3111258525172494E-005   2.4354351511874990       0.45135005958171148       0.51379310000000000        0.0000000000000000        0.0000000000000000        42.403662638303835        678.45860221286136        16.000000000000000        0.0000000000000000     
   1           1         132   1.5402239016325093E-005   9.2828405736492330E-006   2.4581336680338743E-005   2.1473570410177358       0.44920114758667823       0.59999999999999998        0.0000000000000000        1.0000000000000000        49.922232083115411        798.75571332984657        16.000000000000000        0.0000000000000000     
   1           1         133  -3.3311324344268247E-005  -6.8410129134824216E-005   1.9336882841565673E-005   16.535781339848747       0.43229465846851256       0.59999999999999998        0.0000000000000000        1.0000000000000000        56.014173320499992        896.22677312799988        16.000000000000000        12.625000000000000     
   1           1         134   1.1770252345035979E-005   2.1950584917992237E-006   2.1888719468713858E-005   2.3786643029108054       0.49257331349417111       0.51379310000000000        0.0000000000000000        0.0000000000000000        47.817438695892335        765.07901913427736        16.000000000000000        0.0000000000000000     
   1           1         135   1.0719915764628351E-005   6.0019394796850960E-007   2.1413806047385196E-005   2.2258192683752731       0.52639460263920501       0.51379310000000000        0.0000000000000000        0.0000000000000000        52.291232002095221        836.65971203352353        16.000000000000000        0.0000000000000000     
   1           1         136  -4.0141677266738494E-005  -7.9495939595635451E-005   1.8889716226607070E-005   16.923017387521337       0.68015880986954480       0.59999999999999998        0.0000000000000000        1.0000000000000000        50.186871875748082        802.98995001196931        16.000000000000000        5.3750000000000000     
   1           1         137   1.1725825042868374E-005   2.4413583923675948E-006   2.1537069807612660E-005   2.1350449918655423       0.52242397158651199       0.51379310000000000        0.0000000000000000        0.0000000000000000        44.338967578283963        709.42348125254341        16.000000000000000        0.0000000000000000     
   1           1         138   1.1292094797674852E-005   1.6624428260004778E-006   2.1468109861318927E-005   2.2070073750151482       0.52096336159862933       0.51379310000000000        0.0000000000000000        0.0000000000000000        46.262440628829445        740.19905006127112        16.000000000000000        0.0000000000000000     
   1           1         139   1.2482317880988144E-005   2.9710626069516520E-006   2.2533218705592562E-005   2.3697464485889710       0.47478156491418017       0.51379310000000000        0.0000000000000000        0.0000000000000000        51.234214633650375        819.74743413840599        16.000000000000000        0.0000000000000000     
   1           1         140   1.3381758697796013E-005   4.3581300039585350E-006   2.2917366192990865E-005   2.2508954390890636       0.46893787236579348       0.51379310000000000        1.0000000000000000        0.0000000000000000        49.831051893694557        797.29683029911291        16.000000000000000        0.0000000000000000     
   1           1         141  -2.6440172547287213E-005  -5.0263877137398348E-005   9.2953843378795542E-006   9.2697640644775188       0.59599471510659374       0.59999999999999998        0.0000000000000000        1.0000000000000000        47.971277437499992        767.54043899999988        16.000000000000000        9.0000000000000000     
   1           1         142  -2.2936350292744374E-005  -6.5329354654987613E-005   1.9456654069498986E-005   20.278106098293531       0.49449576010860136       0.50000000000000000        0.0000000000000000        1.0000000000000000        50.678529034289909        810.85646454863854        16.000000000000000        18.062500000000000     
   1           1         143   1.0856942402116933E-005   9.0791667033036427E-007   2.1370451718242357E-005   2.2855568808492963       0.52042818751474618       0.51379310000000000        0.0000000000000000        0.0000000000000000        46.986280336651042        751.78048538641667        16.000000000000000        0.0000000000000000     
   1           1         144   1.2381848218208161E-005   3.0809917807983024E-006   2.2210412686610138E-005   2.3299282556244565       0.48556847165411726       0.51379310000000000        0.0000000000000000        0.0000000000000000        48.161374004808820        770.58198407694113        16.000000000000000        0.0000000000000000     
   1           1         145   1.1678104292985713E-005   2.3610273224477778E-006   2.1523809608215172E-005   2.1229333879671293       0.52412836461691070       0.51379310000000000        0.0000000000000000        0.0000000000000000        51.530091067603713        824.48145708165941        16.000000000000000        0.0000000000000000     
   1           1         146   1.1552671419297204E-005   1.9524129635175598E-006   2.1697625250261206E-005   2.3665328499767972       0.50031250100223335       0.51379310000000000        0.0000000000000000        0.0000000000000000        42.912865062634758        686.60584100215613        16.000000000000000        0.0000000000000000     
   1           1         147   1.1633239487466681E-005   2.0366461071942134E-006   2.1774320295430307E-005   2.4276386835954424       0.49305673642289649       0.51379310000000000        0.0000000000000000        0.0000000000000000        46.398569388416327        742.37711021466123        16.000000000000000        0.0000000000000000     
   1           1         148   1.1276891426019857E-005   1.6704737754688986E-006   2.1428353909524671E-005   2.2072713818560001       0.52279916448518582       0.51379310000000000        0.0000000000000000        0.0000000000000000        44.225451338615429        707.60722141784686        16.000000000000000        0.0000000000000000     
   1           1         149   1.0920574409984972E-005   1.0271410856883044E-006   2.1375337140282913E-005   2.2790996155197503       0.52041850122031441       0.51379310000000000        0.0000000000000000        0.0000000000000000        49.643359714778995        794.29375543646393        16.000000000000000        0.0000000000000000     
   1           1         150  -2.0241308637771571E-005  -5.0688600784726255E-005   1.0205983509183093E-005   10.506913179369038       0.43388796691732351       0.50000000000000000        0.0000000000000000        1.0000000000000000        60.786183784687509        972.57894055500014        16.000000000000000        12.625000000000000     
   1           1         151  -3.1806364075828682E-005  -6.5963634203792027E-005   1.9429541116116592E-005   22.396209003965328       0.44872809972291239       0.59999999999999998        0.0000000000000000        1.0000000000000000        46.263189001767330        740.21102402827728        16.000000000000000        16.250000000000000     
   1           1         152   1.0856620710866140E-005   9.1123367800711724E-007   2.1366284877114213E-005   2.2854399294556229       0.52042459100937055       0.51379310000000000        0.0000000000000000        0.0000000000000000        45.521850641419711        728.34961026271537        16.000000000000000        0.0000000000000000     
   1           1         153   1.1659642747131245E-005   2.3228649917439355E-006   2.1526166621949389E-005   2.1284263806577894       0.52379697747038989       0.51379310000000000        0.0000000000000000        0.0000000000000000        46.464725182210003        743.43560291536005        16.000000000000000        0.0000000000000000     
   1           1         154   1.1484154574574224E-005   1.8696741354124036E-006   2.1644137309755791E-005   2.3002128789564757       0.50780691180405102       0.51379310000000000        0.0000000000000000        0.0000000000000000        46.172170518252130        738.75472829203409        16.000000000000000        0.0000000000000000     
   1           1         155   1.0970939496646571E-005   1.0837727018997439E-006   2.1419080149710232E-005   2.2360279021768306       0.51984159692649790       0.51379310000000000        0.0000000000000000        0.0000000000000000        49.587801695892338        793.40482713427741        16.000000000000000        0.0000000000000000     
   1           1         156   1.1290659154422959E-005   1.6629503199950593E-006   2.1464620831927293E-005   2.2064260579223394       0.52115725456291517       0.51379310000000000        0.0000000000000000        0.0000000000000000        43.094541540861229        689.51266465377967        16.000000000000000        0.0000000000000000     
   1           1         157   1.1332490352105323E-005   1.7116086966456710E-006   2.1499237493068680E-005   2.2171341045911799       0.51922390795025275       0.51379310000000000        0.0000000000000000        0.0000000000000000        45.091846690867527        721.46954705388043        16.000000000000000        0.0000000000000000     
   1           1         158   1.1316735304166425E-005   1.7249441508211303E-006   2.1452741418497679E-005   2.1910196056871927       0.52298713594055923       0.51379310000000000        0.0000000000000000        1.0000000000000000        48.362401249190363        773.79841998704580        16.000000000000000        0.0000000000000000     
   1           1         159   1.1327142258787854E-005   1.7482440421023116E-006   2.1449523922510347E-005   2.1941421036781215       0.52295165399161569       0.51379310000000000        0.0000000000000000        0.0000000000000000        48.561595987269577        776.98553579631323        16.000000000000000        0.0000000000000000     
   1           1         160   1.1506322091380319E-005   1.9023793655933061E-006   2.1655169228894009E-005   2.3248550548288875       0.50535000601206870       0.51379310000000000        0.0000000000000000        0.0000000000000000        49.890182343119434        798.24291748991095        16.000000000000000        0.0000000000000000     
   1           1         161   1.1271170984825597E-005   1.6396788772462154E-006   2.1449130589222024E-005   2.1986632092060687       0.52295067359478864       0.51379310000000000        0.0000000000000000        1.0000000000000000        41.943717630730895        671.09948209169431        16.000000000000000        0.0000000000000000     
   1           1         162   1.1089598659665494E-005   1.3112838768842596E-006   2.1422711301672425E-005   2.2237689959527756       0.52134383715935317       0.51379310000000000        0.0000000000000000        1.0000000000000000        45.434722383392334        726.95555813427734        16.000000000000000        0.0000000000000000     
   1           1         163   1.0700338440964528E-005   6.5729230286315417E-007   2.1313202653171883E-005   2.2617052087527312       0.51643189752138285       0.51379310000000000        0.0000000000000000        0.0000000000000000        48.144919872058537        770.31871795293659        16.000000000000000        0.0000000000000000     
   1           1         164   1.1375119998952259E-005   1.8381756970482752E-006   2.1453167384545572E-005   2.1678046164270892       0.52032862695702853       0.51379310000000000        0.0000000000000000        0.0000000000000000        50.342893985734825        805.48630377175721        16.000000000000000        0.0000000000000000     
   1           1         165   1.2344813947812454E-005   3.5808454339221631E-006   2.1606028774368501E-005   2.0938266102059164       0.52267085672103397       0.51379310000000000        0.0000000000000000        0.0000000000000000        48.757268668607054        780.11629869771286        16.000000000000000        0.0000000000000000     
   1           1         166   1.1563835742664988E-005   1.9968732588903249E-006   2.1673604468946442E-005   2.3064272748285504       0.50642043886724930       0.51379310000000000        0.0000000000000000        0.0000000000000000        42.060259946470993        672.96415914353588        16.000000000000000        0.0000000000000000     
   1           1         167   1.1921529397490667E-005   2.6146463676749159E-006   2.1756462392531226E-005   2.2383958523162080       0.50725614435644995       0.51379310000000000        0.0000000000000000        0.0000000000000000        42.269405575675833        676.31048921081333        16.000000000000000        0.0000000000000000     
   1           1         168   1.1422213707680751E-005   1.9174695128653172E-006   2.1466234030224617E-005   2.2104174368230756       0.52092559057216059       0.51379310000000000        0.0000000000000000        0.0000000000000000        47.369648883558142        757.91438213693027        16.000000000000000        0.0000000000000000     
   1           1         169   1.0028193371557534E-005  -6.3137751915162618E-007   2.1292562455186584E-005   2.5939356963733493       0.50347861353298773       0.51379310000000000        0.0000000000000000        0.0000000000000000        51.621378615669265        825.94205785070824        16.000000000000000        0.0000000000000000     
   1           1         170   1.1488119399570054E-005   1.9538749254620159E-006   2.1563313775687806E-005   2.1130893998937901       0.52011830714349772       0.51379310000000000        1.0000000000000000        0.0000000000000000        53.022957660270563        848.36732256432902        16.000000000000000        0.0000000000000000     
   1           1         171   1.1530845949259978E-005   2.0441895131696703E-006   2.1555752257528340E-005   2.2205917321690012       0.51758128898423805       0.51379310000000000        0.0000000000000000        0.0000000000000000        41.168144416308039        658.69031066092862        16.000000000000000        0.0000000000000000     
   1           1         172   1.1569887537485875E-005   1.9669950050221994E-006   2.1717624896254895E-005   2.3114595343319855       0.50429369840722049       0.51379310000000000        0.0000000000000000        0.0000000000000000        44.341793429869135        709.46869487790616        16.000000000000000        0.0000000000000000     
   1           1         173   1.1322382407559773E-005   1.7150257132050212E-006   2.1474837213935966E-005   2.2047552450702868       0.52097009995953558       0.51379310000000000        0.0000000000000000        0.0000000000000000        44.808126454210118        716.93002326736189        16.000000000000000        0.0000000000000000     
   1           1         174   1.2001261839773356E-005   2.8853852752600188E-006   2.1634351126039160E-005   2.0840742784046911       0.52167848237859960       0.51379310000000000        0.0000000000000000        0.0000000000000000        49.251572961018681        788.02516737629890        16.000000000000000        0.0000000000000000     
   1           1         175   1.0756229682944247E-005   6.7208018403285101E-007   2.1412529360939673E-005   2.2505317481684943       0.51769366827705465       0.51379310000000000        0.0000000000000000        1.0000000000000000        55.621831582838546        889.94930532541673        16.000000000000000        0.0000000000000000     
   1           1         176  -9.4492554838510300E-006  -3.9250011535235669E-005   2.0351500567533599E-005   17.499995385905748       0.49999538590574150       0.50000000000000000        0.0000000000000000        1.0000000000000000        56.460499472946161        903.36799156713857        16.000000000000000        3.6250000000000000     
   1           1         177   1.0883852396700176E-005   9.5963053432737368E-007   2.1371150532033699E-005   2.2775199964540214       0.52117383439839238       0.51379310000000000        0.0000000000000000        0.0000000000000000        44.013787143848646        704.22059430157833        16.000000000000000        0.0000000000000000     
   1           1         178   1.1205340866047404E-005   1.5563879109471129E-006   2.1401752004093847E-005   2.2265201427840329       0.52262860331879302       0.51379310000000000        0.0000000000000000        0.0000000000000000        47.551475134849895        760.82360215759832        16.000000000000000        0.0000000000000000     
   1           1         179   1.1281485765145155E-005   1.6582293662991838E-006   2.1450742386673819E-005   2.2033591526598331       0.52190675351534754       0.51379310000000000        0.0000000000000000        0.0000000000000000        47.356496666212117        757.70394665939386        16.000000000000000        0.0000000000000000     
   1           1         180   1.1532653338346457E-005   2.0754935865170002E-006   2.1526389392046765E-005   2.2220678986413129       0.51837024473759052       0.51379310000000000        0.0000000000000000        1.0000000000000000        50.830069319961176        813.28110911937881        16.000000000000000        0.0000000000000000     
   1           1         181   1.1226152519962579E-005   1.5702240513346160E-006   2.1429934945252343E-005   2.2093091199841131       0.52299406544779159       0.51379310000000000        0.0000000000000000        1.0000000000000000        44.977768791985262        719.64430067176420        16.000000000000000        0.0000000000000000     
   1           1         182   1.2222956393321017E-005   3.1583977702644224E-006   2.1801816082626020E-005   2.1536150621643944       0.51097656429985805       0.51379310000000000        1.0000000000000000        0.0000000000000000        45.431656766545380        726.90650826472609        16.000000000000000        0.0000000000000000     
   1           1         183   1.1665331954015880E-005   2.3351909300607840E-006   2.1524842545361004E-005   2.1322245655414735       0.52276312944648584       0.51379310000000000        0.0000000000000000        0.0000000000000000        45.641772195892344        730.26835513427750        16.000000000000000        0.0000000000000000     
   1           1         184   1.1195080558994737E-005   1.5171029437938054E-006   2.1422163145944256E-005   2.2168735347726694       0.52150910027742992       0.51379310000000000        0.0000000000000000        0.0000000000000000        49.569608624160097        793.11373798656155        16.000000000000000        0.0000000000000000     
   1           1         185   1.1296782177619012E-005   1.6818967223660407E-006   2.1457192908522586E-005   2.2040805319125814       0.52160639636885120       0.51379310000000000        0.0000000000000000        0.0000000000000000        49.269292667112893        788.30868267380629        16.000000000000000        0.0000000000000000     
   1           1         186   1.1529930783502942E-005   2.0794763070460111E-006   2.1516581120772605E-005   2.2192119794044438       0.51891580627185407       0.51379310000000000        0.0000000000000000        0.0000000000000000        42.896478591000331        686.34365745600530        16.000000000000000        0.0000000000000000     
   1           1         187   1.1889896260437979E-005   2.7126279667402205E-006   2.1587860493670061E-005   2.1479315017060969       0.52027906597664131       0.51379310000000000        0.0000000000000000        0.0000000000000000        45.816248745705948        733.05997993129517        16.000000000000000        0.0000000000000000     
   1           1         188   1.0798343995783265E-005   5.7272651760563807E-007   2.1604138202996097E-005   2.6283499293640604       0.48682712481889395       0.51379310000000000        0.0000000000000000        0.0000000000000000        46.315564869107661        741.04903790572257        16.000000000000000        0.0000000000000000     
   1           1         189   1.1229277334529015E-005   1.5130343520852819E-006   2.1496796372829181E-005   2.1714689479366838       0.51970851046460975       0.51379310000000000        0.0000000000000000        0.0000000000000000        47.409405471432443        758.55048754291909        16.000000000000000        0.0000000000000000     
   1           1         190   1.0669039623044763E-005   6.2682469618885043E-007   2.1281025463096670E-005   2.3368636584060605       0.51752785558736436       0.51379310000000000        0.0000000000000000        0.0000000000000000        52.990332695892327        847.84532313427724        16.000000000000000        0.0000000000000000     
   1           1         191   1.1875655349879221E-005   2.5297132524183630E-006   2.1751863529307981E-005   2.2201560920091126       0.50882479350032728       0.51379310000000000        0.0000000000000000        0.0000000000000000        42.014003164415797        672.22405063065275        16.000000000000000        0.0000000000000000     
   1           1         192   9.9579931696882493E-006  -7.8254345679773331E-007   2.1307921788524943E-005   2.3213317468004586       0.52761803460570889       0.51379310000000000        0.0000000000000000        0.0000000000000000        46.141340770750972        738.26145233201555        16.000000000000000        0.0000000000000000     
   1           1         193   1.1002173579831492E-005   1.1338301405062920E-006   2.1430422885950826E-005   2.2018517943644520       0.52054877344297168       0.51379310000000000        0.0000000000000000        0.0000000000000000        45.829983112385392        733.27972979816627        16.000000000000000        0.0000000000000000     
   1           1         194   1.1314575356181225E-005   1.7044254549455877E-006   2.1469981849220594E-005   2.2044055951756327       0.52115950944674516       0.51379310000000000        0.0000000000000000        0.0000000000000000        48.248648394479780        771.97837431167648        16.000000000000000        0.0000000000000000     
   1           1         195   1.1060270049691987E-005   1.3649671986416760E-006   2.1305660864342986E-005   2.2893932507694346       0.51815951629524237       0.51379310000000000        0.0000000000000000        1.0000000000000000        50.168991689808486        802.70386703693578        16.000000000000000        0.0000000000000000     
   1           1         196   1.1784637220640289E-005   2.5258878067672681E-006   2.1568705615138375E-005   2.0917700067941420       0.52345495760279892       0.51379310000000000        0.0000000000000000        0.0000000000000000        44.941027446408398        719.05643914253437        16.000000000000000        0.0000000000000000     
   1           1         197   1.1313631031342182E-005   1.6876318674370546E-006   2.1485786035765643E-005   2.2110561703316729       0.52006068233264990       0.51379310000000000        0.0000000000000000        0.0000000000000000        44.019422477142328        704.31075963427725        16.000000000000000        0.0000000000000000     
   1           1         198   1.0926378932073477E-005   1.0397740593316414E-006   2.1373925781040665E-005   2.2671231197621724       0.52186213668453985       0.51379310000000000        0.0000000000000000        0.0000000000000000        48.752344071827459        780.03750514923934        16.000000000000000        0.0000000000000000     
   1           1         199   1.1023154875091426E-005   1.1724531013949450E-006   2.1432761570271785E-005   2.2141239184493267       0.52412319378050443       0.51379310000000000        0.0000000000000000        0.0000000000000000        46.041252146420952        736.66003434273523        16.000000000000000        0.0000000000000000     
   1           1         200   1.1152848821973703E-005   1.4456259076803680E-006   2.1410836015338693E-005   2.2260707506336272       0.52063965518813315       0.51379310000000000        0.0000000000000000        0.0000000000000000        50.965222992990185        815.44356788784296        16.000000000000000        0.0000000000000000     
   1           1         201   1.1102428182283634E-005   1.3326295904171323E-006   2.1426541445362600E-005   2.2217657622224927       0.52123765792227728       0.51379310000000000        1.0000000000000000        0.0000000000000000        42.308451221767058        676.93521954827293        16.000000000000000        0.0000000000000000     
   1           1         202   1.0786513539922133E-005   8.0287744259462230E-007   2.1336596929766623E-005   2.2727113304929332       0.52129172303153393       0.51379310000000000        0.0000000000000000        0.0000000000000000        45.484284983174156        727.74855973078650        16.000000000000000        0.0000000000000000     
   1           1         203   1.0169931563238306E-005  -1.9098873894310201E-007   2.1118705348453104E-005   2.4741033054803272       0.51448875318127840       0.51379310000000000        0.0000000000000000        0.0000000000000000        46.680538536654105        746.88861658646567        16.000000000000000        0.0000000000000000     
   1           1         204   1.0863903741809725E-005   8.7130074411862154E-007   2.1423462792191364E-005   2.2204411541819353       0.52528593630856424       0.51379310000000000        0.0000000000000000        0.0000000000000000        50.338986869865437        805.42378991784699        16.000000000000000        0.0000000000000000     
   1           1         205   1.1275088988977795E-005   1.6445970201848815E-006   2.1451991709139229E-005   2.2084816151225697       0.52160429628272897       0.51379310000000000        0.0000000000000000        0.0000000000000000        47.748573114049741        763.97716982479585        16.000000000000000        0.0000000000000000     
   1           1         206   1.0029441978800482E-005  -6.4588032802437203E-007   2.1310456175683956E-005   2.5884077607391678       0.50331227190986139       0.51379310000000000        0.0000000000000000        0.0000000000000000        43.578876940052311        697.26203104083697        16.000000000000000        0.0000000000000000     
   1           1         207   1.0996645578228848E-005   1.3103924853133574E-006   2.1232473173422837E-005   2.3269039706280061       0.51738633148426416       0.51379310000000000        0.0000000000000000        0.0000000000000000        43.531382215002509        696.50211544004014        16.000000000000000        0.0000000000000000     
   1           1         208   1.1298605583214672E-005   1.6483274863832688E-006   2.1496417048319689E-005   2.1463847818513688       0.52625238532418717       0.51379310000000000        0.0000000000000000        0.0000000000000000        46.990854881287682        751.85367810060291        16.000000000000000        0.0000000000000000     
   1           1         209   1.1326562273506787E-005   1.7462836415463949E-006   2.1450402673917833E-005   2.1931534875546643       0.52300157487590071       0.51379310000000000        0.0000000000000000        0.0000000000000000        49.366753846521149        789.86806154433839        16.000000000000000        0.0000000000000000     
   1           1         210   1.0855809963169587E-005   9.0766810689579996E-007   2.1368385254829875E-005   2.2796629901092826       0.52137232957498036       0.51379310000000000        0.0000000000000000        0.0000000000000000        48.387328636162444        774.19725817859910        16.000000000000000        0.0000000000000000     
   1           1         211   1.0839124427792123E-005   8.3190732424913941E-007   2.1414126752938686E-005   2.2462905857961988       0.51851441132383491       0.51379310000000000        0.0000000000000000        0.0000000000000000        39.294394151115412        628.71030641784660        16.000000000000000        0.0000000000000000     
   1           1         212   1.1647852570070830E-005   2.2991798766344325E-006   2.1526946272866841E-005   2.1346861390996636       0.52297503558877123       0.51379310000000000        0.0000000000000000        0.0000000000000000        43.512196877519699        696.19515004031518        16.000000000000000        0.0000000000000000     
   1           1         213   1.2259799711421832E-005   2.7143220663344101E-006   2.2346864601389709E-005   2.4079152899585199       0.47700409229379281       0.51379310000000000        0.0000000000000000        1.0000000000000000        44.987291842920413        719.79666948672661        16.000000000000000        0.0000000000000000     
   1           1         214   1.1282301932367547E-005   1.6651519323719564E-006   2.1445105692788725E-005   2.1983268432818415       0.52296734291221647       0.51379310000000000        0.0000000000000000        0.0000000000000000        47.361662703513836        757.78660325622138        16.000000000000000        0.0000000000000000     
   1           1         215   1.2088882522212036E-005   2.5352528082825351E-006   2.2184562009631727E-005   2.3959227170226729       0.48240886566719343       0.51379310000000000        0.0000000000000000        0.0000000000000000        49.993639244876313        799.89822791802101        16.000000000000000        0.0000000000000000     
   1           1         216   1.1310832730105515E-005   1.7212291009373534E-006   2.1444527205444109E-005   2.1983887889242357       0.52282936322425400       0.51379310000000000        0.0000000000000000        0.0000000000000000        41.015547790558223        656.24876464893157        16.000000000000000        0.0000000000000000     
   1           1         217   1.1085949534714131E-005   1.2943285749491901E-006   2.1433123313906523E-005   2.2117838750392407       0.52375563779251377       0.51379310000000000        0.0000000000000000        1.0000000000000000        43.239310648068560        691.82897036909696        16.000000000000000        0.0000000000000000     
   1           1         218   1.1399978125644264E-005   1.7725506781967560E-006   2.1573642450953044E-005   2.4992274421788423       0.49299040947700173       0.51379310000000000        0.0000000000000000        0.0000000000000000        45.351495088615430        725.62392141784687        16.000000000000000        0.0000000000000000     
   1           1         219  -1.7772392131055652E-005  -3.5253261445327481E-005   8.4489118403519662E-006   11.003527408156261       0.40305513081547112       0.59999999999999998        0.0000000000000000        1.0000000000000000        58.511741033637499        936.18785653819998        16.000000000000000        9.0000000000000000     
   1           1         220   1.0002142984225783E-005  -6.1936044129232623E-007   2.1226284747038272E-005   2.8053282639410742       0.48630643558557679       0.51379310000000000        0.0000000000000000        0.0000000000000000        50.334590500369373        805.35344800590997        16.000000000000000        0.0000000000000000     
   1           1         221  -2.6673611749995909E-005  -5.4982958750478141E-005   1.5790408750727384E-005   17.205705297372884       0.50063180619102532       0.59999999999999998        0.0000000000000000        1.0000000000000000        49.203876418874991        787.26202270199985        16.000000000000000        21.000000000000000     
   1           1         222   1.1095061093588835E-005   1.3801161307165445E-006   2.1361208465835771E-005   2.2585757751262809       0.51878219578838691       0.51379310000000000        0.0000000000000000        0.0000000000000000        41.288319801071999        660.61311681715199        16.000000000000000        0.0000000000000000     
   1           1         223   1.1573133582642443E-005   2.2057898628184371E-006   2.1471957660568455E-005   2.2283437885220709       0.51975505288808410       0.51379310000000000        0.0000000000000000        0.0000000000000000        43.838276082084242        701.41241731334787        16.000000000000000        0.0000000000000000     
   1           1         224  -1.2326150717980887E-005  -5.3364267611091279E-005   1.5032593877426107E-005   16.485922493821967       0.53904122984268155       0.40000000000000002        0.0000000000000000        1.0000000000000000        55.452328193499994        887.23725109599991        16.000000000000000        22.750000000000000     
   1           1         225   1.0965458741036834E-005   1.1257357793103806E-006   2.1363463713090149E-005   2.2446371588417375       0.51835783878337649       0.51379310000000000        0.0000000000000000        0.0000000000000000        48.905314526115419        782.48503241784670        16.000000000000000        0.0000000000000000     
   1           1         226  -1.7129952571478377E-005  -5.0345706755593394E-005   1.6085801612636769E-005   20.508130492137671       0.50010567175854659       0.50000000000000000        0.0000000000000000        1.0000000000000000        50.540332130312507        808.64531408500011        16.000000000000000        35.000000000000000     
   1           1         227   1.1291161787239521E-005   1.6920856434853405E-006   2.1434866224661704E-005   2.2016636894844437       0.52284590762089278       0.51379310000000000        0.0000000000000000        0.0000000000000000        44.972385861577649        719.55817378524239        16.000000000000000        0.0000000000000000     
   1           1         228   1.1312991492141515E-005   1.6926008426161608E-006   2.1479219768685142E-005   2.2080250829405177       0.52053690730259516       0.51379310000000000        0.0000000000000000        1.0000000000000000        44.376916453919428        710.03066326271085        16.000000000000000        0.0000000000000000     
   1           1         229   1.1277286321376263E-005   1.6528443319877199E-006   2.1447795800978934E-005   2.1981412595823602       0.52299440157798172       0.51379310000000000        0.0000000000000000        1.0000000000000000        47.871412342423582        765.94259747877732        16.000000000000000        0.0000000000000000     
   1           1         230  -1.8549646252052416E-005  -5.1106968259478612E-005   1.4007675755373811E-005   14.086951629966626       0.50048538883012716       0.50000000000000000        1.0000000000000000        0.0000000000000000        59.923655135312494        958.77848216499990        16.000000000000000        24.500000000000000     
   1           1         231   1.1384178471823401E-005   1.8455889259405192E-006   2.1463964448547722E-005   2.2084956395477531       0.52102721518815676       0.51379310000000000        0.0000000000000000        0.0000000000000000        43.057580183042013        688.92128292867221        16.000000000000000        0.0000000000000000     
   1           1         232   1.0197688440690076E-005  -2.2037018828911363E-007   2.1206842442751674E-005   2.4170798130983520       0.51696191192529706       0.51379310000000000        0.0000000000000000        0.0000000000000000        46.874781664642335        749.99650663427735        16.000000000000000        0.0000000000000000     
   1           1         233   1.1374516143216654E-005   1.8303191554985786E-006   2.1460227714422786E-005   2.2126559376494122       0.52079058140910328       0.51379310000000000        0.0000000000000000        0.0000000000000000        46.343625348688484        741.49800557901574        16.000000000000000        0.0000000000000000     
   1           1         234   1.0638019543973458E-005   4.9768560101439277E-007   2.1353691435072470E-005   2.2937810559798510       0.52242233573168617       0.51379310000000000        0.0000000000000000        0.0000000000000000        48.000287759999452        768.00460415999123        16.000000000000000        0.0000000000000000     
   1           1         235   1.1482854690893844E-005   2.0431756671528608E-006   2.1458118202400589E-005   2.1748712089894275       0.52027847131736882       0.51379310000000000        0.0000000000000000        0.0000000000000000        51.104883631501941        817.67813810403106        16.000000000000000        0.0000000000000000     
   1           1         236   1.2526549431494072E-005   3.4801738271268518E-006   2.2086194441739956E-005   2.1861288749058962       0.49960476652125962       0.51379310000000000        0.0000000000000000        0.0000000000000000        40.423889295701684        646.78222873122695        16.000000000000000        0.0000000000000000     
   1           1         237   1.1549991322846879E-005   2.1309619242179593E-006   2.1503433599607256E-005   2.1438932880173001       0.52178480770305724       0.51379310000000000        0.0000000000000000        1.0000000000000000        44.879282523002388        718.06852036803821        16.000000000000000        0.0000000000000000     
   1           1         238   1.2423212490634254E-005   3.1539061925209054E-006   2.2218436741373887E-005   2.2611481087440004       0.49125846573363008       0.51379310000000000        0.0000000000000000        0.0000000000000000        49.174664082439335        786.79462531902936        16.000000000000000        0.0000000000000000     
   1           1         239   1.1494524967683990E-005   1.8763266769794082E-006   2.1658436496285671E-005   2.4457209425783262       0.49524286408440121       0.51379310000000000        0.0000000000000000        0.0000000000000000        49.460023258392347        791.36037213427755        16.000000000000000        0.0000000000000000     
   1           1         240   1.1262093600259457E-005   1.6198114195149483E-006   2.1451455480396206E-005   2.2061788689743276       0.52207677754689530       0.51379310000000000        0.0000000000000000        0.0000000000000000        49.486378854062160        791.78206166499456        16.000000000000000        0.0000000000000000     
   1           1         241   1.0886895588277230E-005   9.2592878390467006E-007   2.1413023484478756E-005   2.2445611423377319       0.51907569865218051       0.51379310000000000        0.0000000000000000        1.0000000000000000        43.515715502227984        696.25144803564774        16.000000000000000        0.0000000000000000     
   1           1         242   1.0649626200710689E-005   4.6813887675626363E-007   2.1408786415807070E-005   2.2281836971282321       0.52697481820709036       0.51379310000000000        0.0000000000000000        0.0000000000000000        43.531452634995610        696.50324215992975        16.000000000000000        0.0000000000000000     
   1           1         243   1.0655981783527437E-005   5.3057331217056598E-007   2.1355881367973208E-005   2.2949610702613339       0.52205446222486085       0.51379310000000000        0.0000000000000000        0.0000000000000000        46.863072567272148        749.80916107635437        16.000000000000000        0.0000000000000000     
   1           1         244   1.1510854095566165E-005   1.9059542304506561E-006   2.1660712678171773E-005   2.3520955879767489       0.50282184333117852       0.51379310000000000        0.0000000000000000        0.0000000000000000        51.275251801968125        820.40402883149000        16.000000000000000        0.0000000000000000     
   1           1         245  -2.6503966488676976E-005  -5.5004422634496319E-005   1.6246717730052237E-005   18.122732426174409       0.50012155839632833       0.59999999999999998        0.0000000000000000        1.0000000000000000        61.087363830000015        977.39782128000024        16.000000000000000        45.500000000000000     
   1           1         246   1.0866467688385465E-005   3.3349413855157640E-007   2.1997056605134591E-005   2.6635985008320491       0.47583142145231594       0.51379310000000000        0.0000000000000000        1.0000000000000000        42.861373070892327        685.78196913427723        16.000000000000000        0.0000000000000000     
   1           1         247   1.1348019049265311E-005   1.7822800416476505E-006   2.1456494882320716E-005   2.2135387611087984       0.52075180230858498       0.51379310000000000        0.0000000000000000        0.0000000000000000        46.745286074700743        747.92457719521190        16.000000000000000        0.0000000000000000     
   1           1         248   1.0945590900243965E-005   1.0157155763938977E-006   2.1438863260743915E-005   2.2465464963869777       0.51796534372133840       0.51379310000000000        1.0000000000000000        0.0000000000000000        45.882588657699998        734.12141852319996        16.000000000000000        0.0000000000000000     
   1           1         249   1.0852933847218333E-005   9.0262105470563401E-007   2.1367803248772750E-005   2.2862561550259035       0.52059369863052629       0.51379310000000000        0.0000000000000000        0.0000000000000000        50.240770831052217        803.85233329683547        16.000000000000000        0.0000000000000000     
   1           1         250   1.1018178414704059E-005   1.1763311309766270E-006   2.1418428237635169E-005   2.2323508467707307       0.52048053892027002       0.51379310000000000        0.0000000000000000        0.0000000000000000        49.693233344794649        795.09173351671438        16.000000000000000        0.0000000000000000     
   1           1         251   1.0883517463295148E-005   9.6147933321766070E-007   2.1368507966660484E-005   2.2721561579353531       0.52162347902800843       0.51379310000000000        0.0000000000000000        0.0000000000000000        42.055876472059211        672.89402355294737        16.000000000000000        0.0000000000000000     
   1           1         252  -2.5235216478107983E-005  -5.2234978592510535E-005   1.5264426693496222E-005   16.363555916043904       0.50012725491863907       0.59999999999999998        0.0000000000000000        1.0000000000000000        52.086098606249990        833.37757769999985        16.000000000000000        49.000000000000000     
   1           1         253   1.0956905129508272E-005   1.0578041982648372E-006   2.1417657033022178E-005   2.2507887740065513       0.51904774310884305       0.51379310000000000        0.0000000000000000        0.0000000000000000        47.499619070892344        759.99390513427750        16.000000000000000        0.0000000000000000     
   1           1         254   1.1279103826979229E-005   1.6527774245737663E-006   2.1451604636621063E-005   2.2034115685898619       0.52205279087418754       0.51379310000000000        0.0000000000000000        0.0000000000000000        47.817296043505905        765.07673669609449        16.000000000000000        0.0000000000000000     
   1           1         255   1.1621633990417041E-005   2.1360513868639971E-006   2.1645405539495503E-005   2.2380115985819042       0.51331363437079225       0.51379310000000000        0.0000000000000000        0.0000000000000000        52.290928088733132        836.65484941973011        16.000000000000000        0.0000000000000000     
   1           1         256   1.2198306164818833E-005   2.6777104310492326E-006   2.2259077404182834E-005   2.3333221770885091       0.48619566984185858       0.51379310000000000        0.0000000000000000        0.0000000000000000        41.966337916958729        671.46140667133966        16.000000000000000        0.0000000000000000     
   1           1         257   1.1014349976131308E-005   1.1626964591592158E-006   2.1424962414192465E-005   2.2519006695569641       0.51894855752662306       0.51379310000000000        0.0000000000000000        0.0000000000000000        45.412402949880445        726.59844719808711        16.000000000000000        0.0000000000000000     
   1           1         258   1.1441836787107189E-005   1.8237184058920502E-006   2.1605663872348930E-005   2.4048446913668582       0.50035065144492807       0.51379310000000000        0.0000000000000000        0.0000000000000000        47.537195433180401        760.59512693088641        16.000000000000000        0.0000000000000000     
   1           1         259   1.1675716820872702E-005   2.3460575048595299E-006   2.1534718373335845E-005   2.1333436422900820       0.52273829583286302       0.51379310000000000        0.0000000000000000        0.0000000000000000        49.974959259366194        799.59934814985911        16.000000000000000        0.0000000000000000     
   1           1         260   1.0873246401417181E-005   9.3534572950251441E-007   2.1374999448761859E-005   2.2847326189578809       0.52020722542839837       0.51379310000000000        0.0000000000000000        1.0000000000000000        50.452280276115417        807.23648441784667        16.000000000000000        0.0000000000000000     
   1           1         261   1.0886593148303776E-005   9.5091929277079953E-007   2.1385993035107858E-005   2.2527120615375660       0.52030841076238066       0.51379310000000000        0.0000000000000000        0.0000000000000000        44.432274585470779        710.91639336753246        16.000000000000000        0.0000000000000000     
   1           1         262   1.1294898277834795E-005   1.6820972659059336E-006   2.1453106299156309E-005   2.1983820509984695       0.52254016117232016       0.51379310000000000        0.0000000000000000        0.0000000000000000        42.463439055826811        679.41502489322897        16.000000000000000        0.0000000000000000     
   1           1         263   2.1347318536632812E-005   1.4075640524700312E-006   2.1347318536632812E-005   2.2108585990963863       0.51169953236659182        0.0000000000000000        0.0000000000000000        1.0000000000000000        46.467422703392330        743.47876325427728        16.000000000000000        0.0000000000000000     
   1           1         264   1.0704874695680865E-005   7.2267688927052369E-007   2.1253438189470817E-005   2.3537246414074926       0.51708288474017272       0.51379310000000000        0.0000000000000000        0.0000000000000000        47.356015519910009        757.69624831856015        16.000000000000000        0.0000000000000000     
   1           1         265   3.2099999999999985E-006   4.1136999999999988E-004   3.2099999999999985E-006   9.9999999999999964        1.0000000000000000        0.0000000000000000        0.0000000000000000        1.0000000000000000        46.902455011740415        750.43928018784663        16.000000000000000        1.7500000000000000     
   1           1         266   1.1872574334393808E-005   2.6868114992647229E-006   2.1579515068731204E-005   2.0655772927498943       0.52413805710536010       0.51379310000000000        0.0000000000000000        0.0000000000000000        42.449943221967310        679.19909155147695        16.000000000000000        0.0000000000000000     
   1           1         267   1.0899564604938576E-005   9.5911942745581925E-007   2.1404006526924607E-005   2.2507980007257977       0.51941199112878611       0.51379310000000000        0.0000000000000000        0.0000000000000000        43.675392994865419        698.80628791784670        16.000000000000000        0.0000000000000000     
   1           1         268   1.1176491380953848E-005   1.4632080449205865E-006   2.1440882849686252E-005   2.2050155635102588       0.52344722824443446       0.51379310000000000        0.0000000000000000        0.0000000000000000        42.608821957052456        681.74115131283929        16.000000000000000        0.0000000000000000     
   1           1         269   1.0980054349037955E-005   1.0475543750169493E-006   2.1476100275992929E-005   2.1592672499800103       0.52850083215618593       0.51379310000000000        0.0000000000000000        1.0000000000000000        47.145503365608441        754.32805384973506        16.000000000000000        0.0000000000000000     
   1           1         270   1.1649142631056410E-005   2.0941491540669145E-006   2.1746263258143622E-005   2.3103857813887174       0.50386458373104692       0.51379310000000000        0.0000000000000000        0.0000000000000000        48.586466901239390        777.38347041983025        16.000000000000000        0.0000000000000000     
   1           1         271   1.1130619305709930E-005   1.4149943549866018E-006   2.1397485246669434E-005   2.2456675791864065       0.51941618365551412       0.51379310000000000        0.0000000000000000        0.0000000000000000        42.017833333112534        672.28533332980055        16.000000000000000        0.0000000000000000     
   1           1         272   1.1128966285519997E-005   1.3380394867662639E-006   2.1475406518689744E-005   2.3057425050520939       0.51579520125286060       0.51379310000000000        0.0000000000000000        0.0000000000000000        45.663141896591469        730.61027034546350        16.000000000000000        0.0000000000000000     
   1           1         273   1.0802127821424609E-005   9.0558713937259412E-007   2.1260174213418441E-005   2.2990328363951389       0.51847194520454531       0.51379310000000000        0.0000000000000000        0.0000000000000000        45.210440700733415        723.36705121173463        16.000000000000000        0.0000000000000000     
   1           1         274   1.1678890736495826E-005   2.3612895236695537E-006   2.1525150038249577E-005   2.1241643607487259       0.52413505240308245       0.51379310000000000        1.0000000000000000        0.0000000000000000        46.847017619865426        749.55228191784681        16.000000000000000        0.0000000000000000     
   1           1         275   1.1166073654243823E-005   1.4649014626580963E-006   2.1417666821573624E-005   2.2237921889592154       0.52065780013465601       0.51379310000000000        0.0000000000000000        0.0000000000000000        48.987188468289197        783.79501549262716        16.000000000000000        0.0000000000000000     
   1           1         276   1.2302482093927448E-005   2.9992815981884366E-006   2.2133523616841468E-005   2.3238275558056496       0.48856174284988113       0.51379310000000000        0.0000000000000000        0.0000000000000000        42.109713501560314        673.75541602496503        16.000000000000000        0.0000000000000000     
   1           1         277   1.1269785413916996E-005   1.6600452081248673E-006   2.1424758966387547E-005   2.2125573713151865       0.52228719529782786       0.51379310000000000        0.0000000000000000        0.0000000000000000        44.451760352015718        711.22816563225149        16.000000000000000        0.0000000000000000     
   1           1         278   1.1277191971642812E-005   1.6589324065491987E-006   2.1441168251193997E-005   2.2022016475600137       0.52282945683652193       0.51379310000000000        0.0000000000000000        0.0000000000000000        46.191618233862087        739.06589174179339        16.000000000000000        0.0000000000000000     
   1           1         279   1.1647402070840222E-005   2.2572985985454005E-006   2.1570277234378715E-005   2.0846521654873684       0.52679096621974730       0.51379310000000000        0.0000000000000000        0.0000000000000000        44.876908156871778        718.03053050994845        16.000000000000000        0.0000000000000000     
   1           1         280   1.0648018955160802E-005   5.4197080003825457E-007   2.1327459765996014E-005   2.3088911187448691       0.52015599079310182       0.51379310000000000        0.0000000000000000        0.0000000000000000        47.321714318570180        757.14742909712288        16.000000000000000        0.0000000000000000     
   1           1         281   1.1294330279775020E-005   1.6837950615644808E-006   2.1450143951739878E-005   2.2040184855708693       0.52137300775651052       0.51379310000000000        0.0000000000000000        0.0000000000000000        39.045892901115415        624.73428641784665        16.000000000000000        0.0000000000000000     
   1           1         282   1.1677094911979379E-005   2.3586050971957590E-006   2.1524293232809446E-005   2.1242302295447466       0.52414516930220645       0.51379310000000000        0.0000000000000000        0.0000000000000000        43.462576912731294        695.40123060370070        16.000000000000000        0.0000000000000000     
   1           1         283   1.0978245472389342E-005   1.2344917242960364E-006   2.1274836170442829E-005   2.2078620136478690       0.51175510459195184       0.51379310000000000        0.0000000000000000        1.0000000000000000        45.699445005752501        731.19112009204002        16.000000000000000        0.0000000000000000     
   1           1         284   1.1126244552638836E-005   1.4070508670088818E-006   2.1396881709865993E-005   2.2413737773644749       0.51963296728424191       0.51379310000000000        0.0000000000000000        0.0000000000000000        50.342549773970333        805.48079638352533        16.000000000000000        0.0000000000000000     
   1           1         285   1.1035770806805121E-005   1.1933359005614675E-006   2.1436641592528667E-005   2.2151369828128056       0.52377638274322702       0.51379310000000000        0.0000000000000000        0.0000000000000000        48.756865732597490        780.10985172155983        16.000000000000000        0.0000000000000000     
   1           1         286   1.0793344312458720E-005   5.6657418832722065E-007   2.1600356563960832E-005   2.5166918939526775       0.49595407080061060       0.51379310000000000        0.0000000000000000        0.0000000000000000        42.059925842231351        672.95881347570162        16.000000000000000        0.0000000000000000     
   1           1         287   1.1715641919249196E-005   2.4308071262616670E-006   2.1527275713991164E-005   2.1188646850474133       0.52430710361630672       0.51379310000000000        0.0000000000000000        0.0000000000000000        41.440993343264545        663.05589349223271        16.000000000000000        0.0000000000000000     
   1           1         288   1.0899422397494398E-005   9.8988870865904833E-007   2.1371198987956815E-005   2.2797034863496894       0.52038690404450949       0.51379310000000000        0.0000000000000000        0.0000000000000000        46.845596338615429        749.52954141784687        16.000000000000000        0.0000000000000000     
   1           1         289   1.1851156502858620E-005   2.6796370285307231E-006   2.1543045742655913E-005   2.1124595490843525       0.52162744892303625       0.51379310000000000        0.0000000000000000        0.0000000000000000        51.051501199779295        816.82401919646873        16.000000000000000        0.0000000000000000     
   1           1         290   1.1680065828095968E-005   2.3613309173485828E-006   2.1527523151040350E-005   2.1289426849558937       0.52318844798992237       0.51379310000000000        0.0000000000000000        0.0000000000000000        50.258229793587439        804.13167669739903        16.000000000000000        0.0000000000000000     
   1           1         291   1.1216591826234723E-005   1.5761900782082514E-006   2.1403966582462410E-005   2.2235714647586415       0.52254908971006520       0.51379310000000000        0.0000000000000000        0.0000000000000000        40.896323692559832        654.34117908095732        16.000000000000000        0.0000000000000000     
   1           1         292   1.1960756982411613E-005   2.8581261563916979E-006   2.1579848999115413E-005   2.0720809769019528       0.52498823547359574       0.51379310000000000        0.0000000000000000        0.0000000000000000        43.905352191796538        702.48563506874461        16.000000000000000        0.0000000000000000     
   1           1         293   1.1326558763801123E-005   1.7426875485711113E-006   2.1454195581941398E-005   2.1905998155943216       0.52303525656927730       0.51379310000000000        0.0000000000000000        0.0000000000000000        44.807774423476758        716.92439077562813        16.000000000000000        0.0000000000000000     
   1           1         294   1.0685336005485969E-005   6.3419140478743100E-007   2.1306758167411335E-005   2.2798358410232575       0.52204292713140488       0.51379310000000000        0.0000000000000000        0.0000000000000000        48.789782908605986        780.63652653769577        16.000000000000000        0.0000000000000000     
   1           1         295   1.1287192817067989E-005   1.6588728176456965E-006   2.1461800335585734E-005   2.2063094922824984       0.52128815732528033       0.51379310000000000        0.0000000000000000        0.0000000000000000        53.376012633392335        854.01620213427736        16.000000000000000        0.0000000000000000     
   1           1         296   1.1588118734845134E-005   2.0993083875633857E-006   2.1615301162000986E-005   2.2280843654171876       0.51504796775865391       0.51379310000000000        0.0000000000000000        0.0000000000000000        43.421917740226711        694.75068384362737        16.000000000000000        0.0000000000000000     
   1           1         297   1.1525711147418729E-005   2.0580622714752404E-006   2.1530531452688923E-005   2.2194667929680882       0.51845482360401085       0.51379310000000000        0.0000000000000000        0.0000000000000000        43.718999736587563        699.50399578540100        16.000000000000000        0.0000000000000000     
   1           1         298   1.0986873619456275E-005   1.0430557785402468E-006   2.1494879561616633E-005   2.3591275167801973       0.51035298110733895       0.51379310000000000        0.0000000000000000        0.0000000000000000        47.551199858946717        760.81919774314747        16.000000000000000        0.0000000000000000     
   1           1         299   1.1384628163274683E-005   1.7862670871396004E-006   2.1527576961875827E-005   2.2291505488356620       0.51734575192700882       0.51379310000000000        0.0000000000000000        0.0000000000000000        47.356127958289697        757.69804733263516        16.000000000000000        0.0000000000000000     
   1           1         300   1.1617568711176900E-005   2.1314130056294625E-006   2.1641945878666236E-005   2.2347270936666481       0.51368509158371023       0.51379310000000000        0.0000000000000000        0.0000000000000000        50.829679766888681        813.27487627021890        16.000000000000000        0.0000000000000000     
   1           1         301   1.1590679346860913E-005   2.1075217254231379E-006   2.1611888326221220E-005   2.2338227861407676       0.51470548299757668       0.51379310000000000        0.0000000000000000        0.0000000000000000        44.976160074199079        719.61856118718526        16.000000000000000        0.0000000000000000     
   1           1         302   1.1083786660921495E-005   1.3294382721119590E-006   2.1391573113903417E-005   2.2354839439064791       0.51970681653928785       0.51379310000000000        0.0000000000000000        0.0000000000000000        44.777290914642336        716.43665463427737        16.000000000000000        0.0000000000000000     
   1           1         303   1.1252944946421665E-005   1.5792230586595226E-006   2.1475530346281174E-005   2.2140836333260649       0.51994849378327956       0.51379310000000000        1.0000000000000000        0.0000000000000000        45.693893058191449        731.10228893106319        16.000000000000000        0.0000000000000000     
   1           1         304   1.1230067725099589E-005   1.6003301485803093E-006   2.1406173250600021E-005   2.2264762871824164       0.52211356772832629       0.51379310000000000        0.0000000000000000        0.0000000000000000        49.569342432766767        793.10947892426827        16.000000000000000        0.0000000000000000     
   1           1         305   1.1025746278705659E-005   1.1825397401592024E-006   2.1427432477276610E-005   2.2133075893196144       0.52443184793776443       0.51379310000000000        0.0000000000000000        0.0000000000000000        49.269016709176540        788.30426734682464        16.000000000000000        0.0000000000000000     
   1           1         306   1.1595547901776261E-005   2.2396317666450401E-006   2.1482296021576818E-005   2.1496986675204117       0.52376602150007912       0.51379310000000000        0.0000000000000000        0.0000000000000000        42.896101092164287        686.33761747462859        16.000000000000000        0.0000000000000000     
   1           1         307   1.1628036501140949E-005   2.0369571449359724E-006   2.1763290432688449E-005   2.4290360924315264       0.49277541708462635       0.51379310000000000        0.0000000000000000        0.0000000000000000        44.554753578625011        712.87605725800017        16.000000000000000        0.0000000000000000     
   1           1         308   1.2032767670336310E-005   2.7094495118790715E-006   2.1885068283347002E-005   2.3211953073166738       0.49597127226500570       0.51379310000000000        0.0000000000000000        0.0000000000000000        45.875739036417556        734.01182458268090        16.000000000000000        0.0000000000000000     
   1           1         309   1.1384901976082899E-005   1.8540326517089792E-006   2.1456529704658960E-005   2.1641674373971607       0.52057985723137001       0.51379310000000000        0.0000000000000000        0.0000000000000000        47.412058633392341        758.59293813427746        16.000000000000000        0.0000000000000000     
   1           1         310   1.0703518169107598E-005   6.7902028329688078E-007   2.1296781746185801E-005   2.3368273957633630       0.51747282606268741       0.51379310000000000        0.0000000000000000        0.0000000000000000        52.990188950238050        847.84302320380880        16.000000000000000        0.0000000000000000     
   1           1         311   1.0728230371020618E-005   6.9332984628280445E-007   2.1332486807522904E-005   2.2764700495287387       0.52102109849507072       0.51379310000000000        0.0000000000000000        0.0000000000000000        42.013720886120289        672.21953417792463        16.000000000000000        0.0000000000000000     
   1           1         312   1.1685426240137601E-005   2.3740626359808099E-006   2.1525094026437818E-005   2.1222128694391929       0.52415786033968714       0.51379310000000000        0.0000000000000000        0.0000000000000000        46.141039968585638        738.25663949737020        16.000000000000000        0.0000000000000000     
   1           1         313   1.0889388864018717E-005   9.7192535094598822E-007   2.1369545197707877E-005   2.2790793034075532       0.52054026301274425       0.51379310000000000        0.0000000000000000        0.0000000000000000        45.829591005050062        733.27345608080100        16.000000000000000        0.0000000000000000     
   1           1         314   1.0906842678060066E-005   9.8560757570536329E-007   2.1390984591857379E-005   2.2584412332948998       0.51982121449379559       0.51379310000000000        0.0000000000000000        0.0000000000000000        49.435107846000001        790.96172553600002        16.000000000000000        0.0000000000000000     
   1           1         315   1.0692887688993621E-005   5.9924312969481941E-007   2.1359221154068159E-005   2.2930726824394196       0.52172903993406594       0.51379310000000000        0.0000000000000000        0.0000000000000000        51.570099665364950        825.12159464583920        16.000000000000000        0.0000000000000000     
   1           1         316   1.1093942383403511E-005   1.3045424016581519E-006   2.1438769171671888E-005   2.2119256599752464       0.52343179474862289       0.51379310000000000        0.0000000000000000        0.0000000000000000        43.863583820892330        701.81734113427729        16.000000000000000        0.0000000000000000     
   1           1         317   1.1530381717276257E-005   1.9268708990519063E-006   2.1678772441839883E-005   2.3497413335442427       0.50240781122738198       0.51379310000000000        0.0000000000000000        0.0000000000000000        43.724769377576500        699.59631004122400        16.000000000000000        0.0000000000000000     
   1           1         318   1.0584586651870238E-005   3.9624104751525082E-007   2.1350994269558897E-005   2.2792404641989439       0.51922228903404088       0.51379310000000000        0.0000000000000000        0.0000000000000000        47.094550526659532        753.51280842655251        16.000000000000000        0.0000000000000000     
   1           1         319   1.2197067425225166E-005   2.4057268470333737E-006   2.2543944914674386E-005   2.4549915172375072       0.46980299944607257       0.51379310000000000        0.0000000000000000        0.0000000000000000        45.526189089747078        728.41902543595324        16.000000000000000        0.0000000000000000     
   1           1         320   1.1884352163335818E-005   2.6736087626552396E-006   2.1617690799912488E-005   2.1519073603326087       0.51908373948743480       0.51379310000000000        0.0000000000000000        0.0000000000000000        50.203518769486621        803.25630031178594        16.000000000000000        0.0000000000000000     
   1           1         321   1.1073802783184813E-005   1.3213941533839579E-006   2.1379539419937916E-005   2.2450574431371653       0.51912640886487826       0.51379310000000000        0.0000000000000000        1.0000000000000000        42.240842808079066        675.85348492926505        16.000000000000000        0.0000000000000000     
   1           1         322   1.1298691113279994E-005   1.6907011196860259E-006   2.1451815150757886E-005   2.2001382104176441       0.52195903723911186       0.51379310000000000        0.0000000000000000        0.0000000000000000        45.138341506535582        722.21346410456931        16.000000000000000        0.0000000000000000     
   1           1         323   1.1616291171628626E-005   2.3505747114507082E-006   2.1407721905736843E-005   2.0858463133526350       0.51998908584536407       0.51379310000000000        0.0000000000000000        1.0000000000000000        42.225781106338502        675.61249770141603        16.000000000000000        0.0000000000000000     
   1           1         324   1.1036709022782974E-005   1.2021956097949874E-006   2.1429208868940695E-005   2.2280301256112041       0.52013931811918035       0.51379310000000000        0.0000000000000000        0.0000000000000000        48.719835594332970        779.51736950932752        16.000000000000000        0.0000000000000000     
   1           1         325   1.1556133002480171E-005   2.1539858440471017E-006   2.1491735181691530E-005   2.2188598298816316       0.51981390052617349       0.51379310000000000        0.0000000000000000        0.0000000000000000        46.452283658175247        743.23653853080395        16.000000000000000        0.0000000000000000     
   1           1         326   1.1279280817241625E-005   1.6482428689571485E-006   2.1456760494446347E-005   2.2061690226130137       0.52155975263637666       0.51379310000000000        0.0000000000000000        0.0000000000000000        42.889478872552765        686.23166196084424        16.000000000000000        0.0000000000000000     
   1           1         327   1.1353843437789318E-005   1.7465720218993933E-006   2.1506208127207529E-005   2.2175120337924890       0.51907585191163974       0.51379310000000000        0.0000000000000000        0.0000000000000000        43.186869383498014        690.98991013596822        16.000000000000000        0.0000000000000000     
   1           1         328   1.1355646135954454E-005   1.7457644278325060E-006   2.1510769219253309E-005   2.2215416862770669       0.51861956684017030       0.51379310000000000        0.0000000000000000        0.0000000000000000        45.887041016204591        734.19265625927346        16.000000000000000        0.0000000000000000     
   1           1         329   1.1240675286363791E-005   1.6062341178862150E-006   2.1421751274219298E-005   2.2107326394087163       0.52256408087868622       0.51379310000000000        0.0000000000000000        0.0000000000000000        49.521694755852245        792.34711609363592        16.000000000000000        0.0000000000000000     
   1           1         330   1.1032712874204404E-005   1.1984827862591089E-006   2.1424913320143466E-005   2.2293022142828738       0.52033035815725781       0.51379310000000000        0.0000000000000000        0.0000000000000000        49.015347258392346        784.24555613427754        16.000000000000000        0.0000000000000000     
   1           1         331   1.3269110045514260E-005   3.7961212896526385E-006   2.3279573202534996E-005   2.4395505403556430       0.44593356745415330       0.51379310000000000        0.0000000000000000        0.0000000000000000        40.421849349731090        646.74958959569744        16.000000000000000        0.0000000000000000     
   1           1         332   1.1341333159537812E-005   1.7665654264083333E-006   2.1459349986087409E-005   2.2026971671528042       0.52144935658314617       0.51379310000000000        1.0000000000000000        0.0000000000000000        42.321662602395079        677.14660163832127        16.000000000000000        0.0000000000000000     
   1           1         333   1.1526060580532310E-005   2.0509764349402525E-006   2.1538738014613380E-005   2.2212643513993702       0.51808165119908245       0.51379310000000000        0.0000000000000000        1.0000000000000000        45.350772099256382        725.61235358810211        16.000000000000000        0.0000000000000000     
   1           1         334   1.0998783720709776E-005   1.1271839091253284E-006   2.1430474157751080E-005   2.2015442490411092       0.52051148636469013       0.51379310000000000        0.0000000000000000        0.0000000000000000        46.979685743773565        751.67497190037705        16.000000000000000        0.0000000000000000     
   1           1         335   1.1602224657064602E-005   2.0060412207987067E-006   2.1742872261793623E-005   2.3498448664795384       0.50023224044136416       0.51379310000000000        0.0000000000000000        0.0000000000000000        50.393348856530878        806.29358170449404        16.000000000000000        0.0000000000000000     
   1           1         336   1.1330798825290622E-005   1.7514675131353172E-006   2.1453638157268805E-005   2.1890853475468552       0.52306599878608862       0.51379310000000000        0.0000000000000000        1.0000000000000000        40.686647523800218        650.98636038080349        16.000000000000000        0.0000000000000000     
   1           1         337   1.1309102787891545E-005   1.7108958264824669E-006   2.1451888727671701E-005   2.1912791118191617       0.52293646791253956       0.51379310000000000        0.0000000000000000        0.0000000000000000        42.513589307365422        680.21742891784675        16.000000000000000        0.0000000000000000     
   1           1         338   1.2276595173672803E-005   2.7595334102108298E-006   2.2333631933827004E-005   2.3396538043570434       0.48336588420019416       0.51379310000000000        0.0000000000000000        1.0000000000000000        43.712398955923987        699.39838329478380        16.000000000000000        0.0000000000000000     
   1           1         339   1.1328034715374795E-005   1.7334350266651510E-006   2.1467008714552957E-005   2.2015226766930680       0.52152475261020614       0.51379310000000000        0.0000000000000000        0.0000000000000000        47.550929307590032        760.81486892144051        16.000000000000000        0.0000000000000000     
   1           1         340   1.1272506864603232E-005   1.6401732915263714E-006   2.1451355677207672E-005   2.2017157545124939       0.52242991245335968       0.51379310000000000        0.0000000000000000        0.0000000000000000        51.736518478489714        827.78429565583542        16.000000000000000        0.0000000000000000     
   1           1         341   1.0744994738242848E-005   6.4825895232435090E-007   2.1414594818636564E-005   2.2250123443197634       0.52622081437714474       0.51379310000000000        0.0000000000000000        0.0000000000000000        44.177967451748557        706.84747922797692        16.000000000000000        0.0000000000000000     
   1           1         342   1.1260726464681690E-005   1.6405730403846021E-006   2.1426704056412808E-005   2.2074610029024515       0.52268248544830309       0.51379310000000000        0.0000000000000000        0.0000000000000000        42.843405690294873        685.49449104471796        16.000000000000000        0.0000000000000000     
   1           1         343   1.0922932368191643E-005   1.0516089274695571E-006   2.1354330753758091E-005   2.2502076942608804       0.51810997312807594       0.51379310000000000        0.0000000000000000        1.0000000000000000        45.932652280768757        734.92243649230011        16.000000000000000        0.0000000000000000     
   1           1         344   1.1995546808081120E-005   2.9188345632477390E-006   2.1587249686178581E-005   2.0637686228412617       0.52517941282775205       0.51379310000000000        0.0000000000000000        0.0000000000000000        44.859656369865426        717.75450191784682        16.000000000000000        0.0000000000000000     
   1           1         345   1.1151192270909794E-005   1.4201645840082052E-006   2.1434334861932127E-005   2.2082394606851352       0.52359628378334266       0.51379310000000000        0.0000000000000000        0.0000000000000000        49.387337164420920        790.19739463073472        16.000000000000000        0.0000000000000000     
   1           1         346   1.1077490215215742E-005   1.2713602604647927E-006   2.1439996194572335E-005   2.2139284283738117       0.52337831389443490       0.51379310000000000        0.0000000000000000        0.0000000000000000        43.638179571639064        698.21087314622503        16.000000000000000        0.0000000000000000     
   1           1         347   1.0559896183708076E-005   2.9858421509810950E-007   2.1403410100147985E-005   2.2665679994861296       0.51579908563178556       0.51379310000000000        0.0000000000000000        0.0000000000000000        45.042858681932856        720.68573891092569        16.000000000000000        0.0000000000000000     
   1           1         348   1.1137171400451939E-005   1.4887423696002883E-006   2.1333028888059507E-005   2.2821913816047874       0.51813141380732430       0.51379310000000000        0.0000000000000000        0.0000000000000000        44.788265544497342        716.61224871195748        16.000000000000000        0.0000000000000000     
   1           1         349   1.0505994390675230E-005   2.5013964984472403E-007   2.1343741449470606E-005   2.2983215476899637       0.52358978039147985       0.51379310000000000        0.0000000000000000        0.0000000000000000        47.769475926077902        764.31161481724644        16.000000000000000        0.0000000000000000     
   1           1         350   1.1335615363035124E-005   1.7485564371540699E-006   2.1466620754795244E-005   2.2001231620957080       0.52166200015908037       0.51379310000000000        0.0000000000000000        0.0000000000000000        48.567705738906419        777.08329182250270        16.000000000000000        0.0000000000000000     
   1           1         351   1.1070662045528055E-005   1.3788542708053841E-006   2.1312359481699479E-005   2.2922322446218120       0.51791444724639768       0.51379310000000000        0.0000000000000000        0.0000000000000000        43.244692633392333        691.91508213427733        16.000000000000000        0.0000000000000000     
   1           1         352   1.1339837798863141E-005   1.7674857146019184E-006   2.1455301918487909E-005   2.1873466374206489       0.52312463112697638       0.51379310000000000        0.0000000000000000        0.0000000000000000        48.339439302193831        773.43102883510130        16.000000000000000        0.0000000000000000     
   1           1         353   1.1272608617862223E-005   1.6414941736023645E-006   2.1450169131238084E-005   2.2053125773898974       0.52171245335699956       0.51379310000000000        0.0000000000000000        1.0000000000000000        47.885246103557108        766.16393765691373        16.000000000000000        0.0000000000000000     
   1           1         354   1.0477834632601777E-005   1.4858169253243283E-007   2.1393144326401555E-005   2.2359188815955839       0.52832234941127931       0.51379310000000000        0.0000000000000000        0.0000000000000000        47.563491491196032        761.01586385913652        16.000000000000000        0.0000000000000000     
   1           1         355   1.1243767204911346E-005   1.6167431378880999E-006   2.1417005262969116E-005   2.2191811415842646       0.52209854037432746       0.51379310000000000        0.0000000000000000        0.0000000000000000        51.586639980786238        825.38623969257981        16.000000000000000        0.0000000000000000     
   1           1         356   1.0852750218077208E-005   8.9986943271116995E-007   2.1370333314170003E-005   2.2862880469691476       0.52047674116945020       0.51379310000000000        0.0000000000000000        1.0000000000000000        41.618245261531904        665.89192418451046        16.000000000000000        0.0000000000000000     
   1           1         357   1.1260884708194368E-005   1.6180387727517221E-006   2.1450842329103714E-005   2.2042004428145132       0.52230465788244673       0.51379310000000000        0.0000000000000000        1.0000000000000000        44.877720057992562        718.04352092788099        16.000000000000000        0.0000000000000000     
   1           1         358   1.0695852429869782E-005   6.1842501744275936E-007   2.1345048626500907E-005   2.2935845318292367       0.52227451500038813       0.51379310000000000        0.0000000000000000        0.0000000000000000        49.177680945892348        786.84289513427757        16.000000000000000        0.0000000000000000     
   1           1         359   1.1214756325165399E-005   1.5656105289415656E-006   2.1411371245673135E-005   2.2210746519034923       0.52271722018133027       0.51379310000000000        0.0000000000000000        0.0000000000000000        49.459869977549978        791.35791964079965        16.000000000000000        0.0000000000000000     
   1           1         360   1.1522062348314595E-005   2.0477999777797302E-006   2.1533871381815474E-005   2.2199013977155695       0.51834141512669063       0.51379310000000000        0.0000000000000000        0.0000000000000000        49.486113447882644        791.77781516612231        16.000000000000000        0.0000000000000000     
   1           1         361   1.1232530099262644E-005   1.5946852050298702E-006   2.1417202932015642E-005   2.2140231045920262       0.52254226775945711       0.51379310000000000        0.0000000000000000        0.0000000000000000        43.515456399731157        696.24730239569851        16.000000000000000        0.0000000000000000     
   1           1         362   1.1525330088803741E-005   2.0583700858961383E-006   2.1529422436053098E-005   2.2192485850332111       0.51850633936369261       0.51379310000000000        0.0000000000000000        0.0000000000000000        43.531109561443714        696.49775298309942        16.000000000000000        0.0000000000000000     
   1           1         363   1.1328031842794764E-005   1.7181676122897515E-006   2.1483136456838976E-005   2.2074866520911445       0.52048918734963945       0.51379310000000000        0.0000000000000000        0.0000000000000000        46.862717611108344        749.80348177773351        16.000000000000000        0.0000000000000000     
   1           1         364   1.1923151747690020E-005   2.7089086286821076E-006   2.1660188668121998E-005   2.1563031580629470       0.51732190760074848       0.51379310000000000        0.0000000000000000        0.0000000000000000        49.879844734978633        798.07751575965813        16.000000000000000        0.0000000000000000     
   1           1         365   1.1277328066436329E-005   1.6196138831608689E-006   2.1482997523490630E-005   2.2150324087640043       0.51971061947944086       0.51379310000000000        1.0000000000000000        0.0000000000000000        50.229282508392330        803.66852013427729        16.000000000000000        0.0000000000000000     
   1           1         366   1.0186950115060101E-005  -1.9476793389558396E-007   2.1157701660747626E-005   2.4407600618856526       0.51557815410952146       0.51379310000000000        0.0000000000000000        0.0000000000000000        41.666541037794332        666.66465660470931        16.000000000000000        0.0000000000000000     
   1           1         367   1.1277371648023444E-005   1.6515971936551591E-006   2.1449289193435889E-005   2.2039979464556025       0.52175908454341668       0.51379310000000000        0.0000000000000000        1.0000000000000000        46.745002901080305        747.92004641728488        16.000000000000000        0.0000000000000000     
   1           1         368   1.0876784335357108E-005   9.4782555329532301E-007   2.1369088151711165E-005   2.2800390976595648       0.52079301949178070       0.51379310000000000        0.0000000000000000        0.0000000000000000        45.882310788509628        734.11697261615404        16.000000000000000        0.0000000000000000     
   1           1         369   1.1206861632839787E-005   1.5352242298266851E-006   2.1427244279342898E-005   2.2160543466012181       0.52143779997891981       0.51379310000000000        0.0000000000000000        0.0000000000000000        50.240399054913929        803.84638487862287        16.000000000000000        0.0000000000000000     
   1           1         370   1.2211837137425151E-005   3.2832066563031092E-006   2.1647056451774676E-005   2.0856616611527730       0.52163025273603647       0.51379310000000000        0.0000000000000000        0.0000000000000000        49.692845528878472        795.08552846205555        16.000000000000000        0.0000000000000000     
   1           1         371   1.1713592593129413E-005   2.4272668861422058E-006   2.1526801892715102E-005   2.1195911375835466       0.52427837672660571       0.51379310000000000        0.0000000000000000        0.0000000000000000        42.381842850458831        678.10948560734130        16.000000000000000        0.0000000000000000     
   1           1         372   1.1351963809634318E-005   1.7858019362122361E-006   2.1460886500873951E-005   2.1954608994652989       0.52225258528524454       0.51379310000000000        0.0000000000000000        1.0000000000000000        44.310081508392337        708.96130413427738        16.000000000000000        0.0000000000000000     
   1           1         373   1.1579477215260534E-005   2.0976191335883757E-006   2.1599312922121698E-005   2.2374377298326786       0.51479368418094840       0.51379310000000000        0.0000000000000000        0.0000000000000000        49.138406449043131        786.21450318469010        16.000000000000000        0.0000000000000000     
   1           1         374   1.1568496604983467E-005   2.0897495878190449E-006   2.1585044733084395E-005   2.2327260021347071       0.51563366061328508       0.51379310000000000        0.0000000000000000        0.0000000000000000        47.895316391187663        766.32506225900261        16.000000000000000        0.0000000000000000     
   1           1         375   1.2194650631206310E-005   3.1172042573182719E-006   2.1787129291059971E-005   2.1501515093593406       0.51172442091104176       0.51379310000000000        0.0000000000000000        0.0000000000000000        52.907588763067920        846.52142020908673        16.000000000000000        0.0000000000000000     
   1           1         376   1.0046396263760615E-005  -5.9575910209201452E-007   2.1292361707901873E-005   2.6184260033278841       0.50139663860986394       0.51379310000000000        0.0000000000000000        0.0000000000000000        40.490977619088881        647.85564190542209        16.000000000000000        0.0000000000000000     
   1           1         377   1.1040902243450374E-005   8.4707353397524560E-007   2.1813104064341989E-005   2.5542965481152118       0.48709352132636502       0.51379310000000000        0.0000000000000000        0.0000000000000000        44.995637383838037        719.93019814140860        16.000000000000000        0.0000000000000000     
   1           1         378   1.1093257236655737E-005   1.3869993810394842E-006   2.1350224616255937E-005   2.2667653131345125       0.51863790725187586       0.51379310000000000        0.0000000000000000        0.0000000000000000        46.208227806558249        739.33164490493198        16.000000000000000        0.0000000000000000     
   1           1         379   1.1051220667246216E-005   1.2439949639563704E-006   2.1414884565255562E-005   2.2296990858919470       0.52117698962358328       0.51379310000000000        0.0000000000000000        0.0000000000000000        49.514881820892342        792.23810913427747        16.000000000000000        0.0000000000000000     
   1           1         380   1.1411441405190327E-005   1.7650726038781596E-006   2.1605121770831669E-005   2.2806424566178021       0.51084508553559926       0.51379310000000000        0.0000000000000000        0.0000000000000000        50.452144667267348        807.23431467627756        16.000000000000000        0.0000000000000000     
   1           1         381   1.1077880496030803E-005   1.2759397449974324E-006   2.1435959586413551E-005   2.2121056879987688       0.52367773622129410       0.51379310000000000        0.0000000000000000        0.0000000000000000        44.432005875773058        710.91209401236893        16.000000000000000        0.0000000000000000     
   1           1         382   1.0968877605822029E-005   1.1365552181907614E-006   2.1359062113159163E-005   2.2506022238920260       0.51953595288304055       0.51379310000000000        0.0000000000000000        0.0000000000000000        42.463187278287016        679.41099645259226        16.000000000000000        0.0000000000000000     
   1           1         383   1.0984335804185487E-005   1.1346349776494530E-006   2.1392884760892068E-005   2.2407437526053715       0.52133004206760092       0.51379310000000000        0.0000000000000000        0.0000000000000000        47.620938431292274        761.93501490067638        16.000000000000000        0.0000000000000000     
   1           1         384   1.3639169786764236E-005   4.1795098813459072E-006   2.3635547846701601E-005   2.4851455004425707       0.43147311658233406       0.51379310000000000        0.0000000000000000        0.0000000000000000        47.355628359112686        757.69005374580297        16.000000000000000        0.0000000000000000     
   1           1         385   2.1823139275433315E-006   2.1823139275433315E-006   2.1176258583948672E-005   2.0028172522418175       0.51165734192589463        1.0000000000000000        1.0000000000000000        0.0000000000000000        42.391263152230835        678.26021043569335        16.000000000000000        0.0000000000000000     
   1           1         386   1.1125221020895175E-005   1.3644836663173818E-006   2.1439758934064288E-005   2.1962470644873693       0.52147886000149046       0.51379310000000000        0.0000000000000000        1.0000000000000000        43.600289463615418        697.60463141784669        16.000000000000000        0.0000000000000000     
   1           1         387   1.2668972106430834E-005   2.9036691795528622E-006   2.2988334631396002E-005   2.5129247286937466       0.45139694227505667       0.51379310000000000        0.0000000000000000        0.0000000000000000        44.502551307024099        712.04082091238558        16.000000000000000        0.0000000000000000     
   1           1         388   1.1633882393802839E-005   2.0419479845751259E-006   2.1770039892007134E-005   2.3515085804337255       0.49896532443981195       0.51379310000000000        0.0000000000000000        0.0000000000000000        44.318352042683799        709.09363268294078        16.000000000000000        0.0000000000000000     
   1           1         389   1.1293536490078457E-005   1.6798885708379805E-006   2.1452639470178152E-005   2.2002803226778282       0.52221511519994346       0.51379310000000000        1.0000000000000000        0.0000000000000000        47.659969941168868        762.55951905870188        16.000000000000000        0.0000000000000000     
   1           1         390   1.1265346560971271E-005   1.6122484973323879E-006   2.1466137990959605E-005   2.2099135816103233       0.52072895978627898       0.51379310000000000        0.0000000000000000        0.0000000000000000        51.071358439409032        817.14173503054451        16.000000000000000        0.0000000000000000     
   1           1         391   1.0218420497706504E-005  -1.9008987051416449E-007   2.1217484493857367E-005   2.4087732853614723       0.51734278871510408       0.51379310000000000        0.0000000000000000        0.0000000000000000        43.002239762163512        688.03583619461619        16.000000000000000        0.0000000000000000     
   1           1         392   1.1290610817984886E-005   1.9235073744637465E-006   2.1189180986913861E-005   2.0877978662700194       0.50792899884252485       0.51379310000000000        0.0000000000000000        1.0000000000000000        40.717182979646012        651.47492767433619        16.000000000000000        0.0000000000000000     
   1           1         393   1.1659388207408900E-005   2.3220788357095131E-006   2.1526473861159174E-005   2.1294259422668906       0.52363710151658982       0.51379310000000000        0.0000000000000000        0.0000000000000000        46.507249303169267        744.11598885070828        16.000000000000000        0.0000000000000000     
   1           1         394   1.1005171483219598E-005   1.1592880317575720E-006   2.1409686476251072E-005   2.2356078790654834       0.52075811459576604       0.51379310000000000        0.0000000000000000        0.0000000000000000        47.950611073115049        767.20977716984078        16.000000000000000        0.0000000000000000     
   1           1         395   1.1642853261894608E-005   2.4655041285464422E-006   2.1340902921422664E-005   2.0755281238387524       0.50585657015336605       0.51379310000000000        1.0000000000000000        0.0000000000000000        46.581707408530605        745.30731853648967        16.000000000000000        0.0000000000000000     
   1           1         396   1.3165593107746781E-005   3.6858973339299991E-006   2.3183143822650432E-005   2.4353196705769440       0.44919259842624781       0.51379310000000000        0.0000000000000000        0.0000000000000000        43.421301583771097        694.74082534033755        16.000000000000000        0.0000000000000000     
   1           1         397   1.1246140967788531E-005   1.5927910732615078E-006   2.1447198516938520E-005   2.2007539460327865       0.52302386032031944       0.51379310000000000        0.0000000000000000        0.0000000000000000        46.007187882338883        736.11500611742213        16.000000000000000        0.0000000000000000     
   1           1         398   1.0845171957389681E-005   8.9072694699943855E-007   2.1364408028839869E-005   2.2849771211428682       0.52055094255094381       0.51379310000000000        0.0000000000000000        1.0000000000000000        48.286968995367303        772.59150392587685        16.000000000000000        0.0000000000000000     
   1           1         399   1.1528094082185148E-005   2.0943574391346131E-006   2.1497078056737131E-005   2.2295703514578187       0.51871395760723638       0.51379310000000000        0.0000000000000000        0.0000000000000000        46.783794483670476        748.54071173872762        16.000000000000000        0.0000000000000000     
   1           1         400   1.2849106619955622E-005   3.5915728498973515E-006   2.2631890397957683E-005   2.3025510562230758       0.47521534702476564       0.51379310000000000        0.0000000000000000        0.0000000000000000        49.809490883392336        796.95185413427737        16.000000000000000        0.0000000000000000     
   1           1         401   1.1008891504600320E-005   1.1730336933347006E-006   2.1402812026932016E-005   2.2363751006516268       0.52118811511174457       0.51379310000000000        0.0000000000000000        0.0000000000000000        40.424783602620693        646.79653764193108        16.000000000000000        0.0000000000000000     
   1           1         402   1.0671809480288548E-005   5.8839547321310115E-007   2.1327331936425470E-005   2.3936138429594660       0.51628078688882006       0.51379310000000000        0.0000000000000000        0.0000000000000000        45.363402292792202        725.81443668467523        16.000000000000000        0.0000000000000000     
   1           1         403   1.0934728328157815E-005   1.0262717107388070E-006   2.1405366736784305E-005   2.2437005879210359       0.51999381003541389       0.51379310000000000        0.0000000000000000        0.0000000000000000        49.419209258186740        790.70734813098784        16.000000000000000        0.0000000000000000     
   1           1         404   1.1255891670376358E-005   1.6357685952958300E-006   2.1421837190950144E-005   2.2128388397683652       0.52273953599104694       0.51379310000000000        0.0000000000000000        1.0000000000000000        50.856861106429093        813.70977770286549        16.000000000000000        0.0000000000000000     
   1           1         405   1.1124365787673658E-005   1.3994081408801500E-006   2.1401093939237717E-005   2.2345728625563983       0.52000815436854886       0.51379310000000000        0.0000000000000000        0.0000000000000000        49.516176054985742        792.25881687977187        16.000000000000000        0.0000000000000000     
   1           1         406   1.1055153234587012E-005   1.2295560581532421E-006   2.1438230958558302E-005   2.2148343503698729       0.52356940573532462       0.51379310000000000        0.0000000000000000        0.0000000000000000        42.289859559968747        676.63775295949995        16.000000000000000        0.0000000000000000     
   1           1         407   1.1270213222227577E-005   1.6350633169566866E-006   2.1452038158882745E-005   2.2051867490999286       0.52201336286880529       0.51379310000000000        0.0000000000000000        0.0000000000000000        42.928527977142330        686.85644763427729        16.000000000000000        0.0000000000000000     
   1           1         408   1.1275629809039200E-005   1.6467741126543077E-006   2.1450803418665526E-005   2.2073696013559605       0.52159130751936833       0.51379310000000000        0.0000000000000000        1.0000000000000000        47.250133919279975        756.00214270847960        16.000000000000000        0.0000000000000000     
   1           1         409   1.0782798145181284E-005   8.4104491301112424E-007   2.1288622337704614E-005   2.3270001010537857       0.52068858073553437       0.51379310000000000        0.0000000000000000        0.0000000000000000        53.341728329494650        853.46765327191440        16.000000000000000        0.0000000000000000     
   1           1         410   1.0797974158059065E-005   7.8169777534782915E-007   2.1382549763897034E-005   2.2948920889295694       0.51876418730276019       0.51379310000000000        0.0000000000000000        0.0000000000000000        52.743146990435314        843.89035184696502        16.000000000000000        0.0000000000000000     
   1           1         411   1.1575244259270181E-005   2.0905021655581272E-006   2.1598127610018468E-005   2.2285379442213107       0.51557318640122041       0.51379310000000000        0.0000000000000000        0.0000000000000000        41.980349045764648        671.68558473223436        16.000000000000000        0.0000000000000000     
   1           2           1   1.0824270198610334E-005   8.0812241975913364E-007   2.1408709903916799E-005   2.2192705044282093       0.52578428515196274       0.51379310000000000        0.0000000000000000        0.0000000000000000        43.883902890251605        746.02634913427732        17.000000000000000        0.0000000000000000     
   1           2           2   9.7032654417558713E-006  -1.1312258764562811E-006   2.1152479513599356E-005   2.4873462072095491       0.51845150497399994       0.51379310000000000        0.0000000000000000        0.0000000000000000        42.941297364806879        730.00205520171698        17.000000000000000        0.0000000000000000     
   1           2           3   1.1408655429112614E-005   1.9018932795018622E-006   2.1454808200311913E-005   2.2119862263925647       0.52074637936769441       0.51379310000000000        0.0000000000000000        0.0000000000000000        47.772430459879118        812.13131781794505        17.000000000000000        0.0000000000000000     
   1           2           4   1.0441543057969120E-005   1.7989731913595808E-007   2.1285409681945344E-005   2.3702725095615333       0.51874625953118969       0.51379310000000000        0.0000000000000000        0.0000000000000000        51.748974732531217        879.73257045303069        17.000000000000000        0.0000000000000000     
   1           2           5   1.1296942721256998E-005   1.6961933389609334E-006   2.1442415332717097E-005   2.1931011452166338       0.52299397660557534       0.51379310000000000        0.0000000000000000        0.0000000000000000        52.475607012480815        892.08531921217389        17.000000000000000        0.0000000000000000     
   1           2           6   1.1183596776130252E-005   1.4833530556585498E-006   2.1434208793147941E-005   2.2022377145343954       0.52336285059607168       0.51379310000000000        0.0000000000000000        0.0000000000000000        42.327725410975276        719.57133198657971        17.000000000000000        0.0000000000000000     
   1           2           7   1.1111954525690391E-005   1.3434408372480883E-006   2.1434709983042360E-005   2.2130222956245351       0.52286136455708021       0.51379310000000000        0.0000000000000000        0.0000000000000000        45.324361878822280        770.51415193997877        17.000000000000000        0.0000000000000000     
   1           2           8   1.1388280137589140E-005   2.1900015532487065E-006   2.1108446734385661E-005   1.9494497550577481       0.51829707863369556       0.51379310000000000        0.0000000000000000        1.0000000000000000        49.871761176470592        847.81994000000009        17.000000000000000        0.0000000000000000     
   1           2           9   1.1113233873867972E-005   1.3526892042882347E-006   2.1427568169559838E-005   2.1972244912485288       0.52154009504308452       0.51379310000000000        0.0000000000000000        0.0000000000000000        49.389637293614889        839.62383399145313        17.000000000000000        0.0000000000000000     
   1           2          10   1.1116219841252981E-005   1.3512326129812909E-006   2.1435248755639240E-005   2.2120005426372789       0.52289292666069387       0.51379310000000000        0.0000000000000000        0.0000000000000000        52.516801875772813        892.78563188813780        17.000000000000000        0.0000000000000000     
   1           2          11   1.1267028242260439E-005   1.6429310471774886E-006   2.1437173364764708E-005   2.2030818537282042       0.52217942301684228       0.51379310000000000        0.0000000000000000        0.0000000000000000        43.208452583044426        734.54369391175521        17.000000000000000        0.0000000000000000     
   1           2          12   1.1666304307883349E-005   2.3026520929138645E-006   2.1561227433925668E-005   2.0997584096238762       0.52188739965489639       0.51379310000000000        1.0000000000000000        0.0000000000000000        44.174017838244168        750.95830325015083        17.000000000000000        0.0000000000000000     
   1           2          13   1.1650251589480130E-005   2.3154485413910591E-006   2.1514688716898779E-005   2.1254754682641113       0.52407928518833879       0.51379310000000000        0.0000000000000000        0.0000000000000000        49.618806129087034        843.51970419447957        17.000000000000000        0.0000000000000000     
   1           2          14   1.2036922363796817E-005   2.9940018972427110E-006   2.1592916200092155E-005   2.0739028341535093       0.52335021026475037       0.51379310000000000        0.0000000000000000        0.0000000000000000        48.490962772282650        824.34636712880501        17.000000000000000        0.0000000000000000     
   1           2          15   1.0916832402989329E-005   1.0331503060601887E-006   2.1361290644934858E-005   2.2682724486926666       0.52184816149473756       0.51379310000000000        0.0000000000000000        0.0000000000000000        53.247338007898662        905.20474613427723        17.000000000000000        0.0000000000000000     
   1           2          16   1.1655561627746018E-005   2.3089225303652188E-006   2.1532506353179543E-005   2.1355697004439542       0.52218855188226976       0.51379310000000000        0.0000000000000000        0.0000000000000000        42.489037895903209        722.31364423035450        17.000000000000000        0.0000000000000000     
   1           2          17   1.0982866436804875E-005   1.1072974877895042E-006   2.1418751210506080E-005   2.2131722325096095       0.52459627459956071       0.51379310000000000        0.0000000000000000        0.0000000000000000        44.887901917360878        763.09433259513492        17.000000000000000        0.0000000000000000     
   1           2          18   1.0978714622753016E-005   1.0954518648613482E-006   2.1422729733381255E-005   2.2141236789211747       0.52440466332693403       0.51379310000000000        0.0000000000000000        0.0000000000000000        46.142960637054131        784.43033082992019        17.000000000000000        0.0000000000000000     
   1           2          19   1.1167518274886930E-005   1.4561329297364418E-006   2.1429904065338475E-005   2.2032249866486766       0.52356362307671589       0.51379310000000000        0.0000000000000000        0.0000000000000000        50.449769453451218        857.64608070867075        17.000000000000000        0.0000000000000000     
   1           2          20   1.1296886902695811E-005   1.6982130431247937E-006   2.1440166231306767E-005   2.1916960171930593       0.52299453098860860       0.51379310000000000        0.0000000000000000        0.0000000000000000        50.479160247253191        858.14572420330421        17.000000000000000        0.0000000000000000     
   1           2          21   1.1761073156736187E-005   2.4873769437557546E-006   2.1560936395463248E-005   2.0680393423210273       0.52337332008242032       0.51379310000000000        0.0000000000000000        0.0000000000000000        43.836728670984265        745.22438740673249        17.000000000000000        0.0000000000000000     
   1           2          22   1.1282218771409837E-005   1.6667328427476319E-006   2.1443264045126981E-005   2.1978313031979591       0.52250938941135339       0.51379310000000000        0.0000000000000000        0.0000000000000000        43.333355154957488        736.66703763427734        17.000000000000000        0.0000000000000000     
   1           2          23   1.1106931958253347E-005   1.3814208638352666E-006   2.1384244958717844E-005   2.2367999769962337       0.51965744297749272       0.51379310000000000        0.0000000000000000        0.0000000000000000        47.888027061147270        814.09646003950354        17.000000000000000        0.0000000000000000     
   1           2          24   1.1033427342275330E-005   1.2590996181383455E-006   2.1362326709603147E-005   2.2440292114016822       0.51874657312956507       0.51379310000000000        0.0000000000000000        0.0000000000000000        48.817788415494995        829.90240306341491        17.000000000000000        0.0000000000000000     
   1           2          25   1.1207440328871997E-005   1.5675810856548087E-006   2.1394241799884306E-005   2.2211070811877129       0.52256635424845344       0.51379310000000000        0.0000000000000000        0.0000000000000000        52.012259024260807        832.19614438817291        16.000000000000000        0.0000000000000000     
   1           2          26   1.1349186914211913E-005   1.7955138589030518E-006   2.1444912202095625E-005   2.1865333448172319       0.52321508660016769       0.51379310000000000        0.0000000000000000        0.0000000000000000        42.913194280776004        686.61110849241607        16.000000000000000        0.0000000000000000     
   1           2          27   1.1856694079936317E-005   2.5254730905542228E-006   2.1717345911327050E-005   2.1997602687929634       0.51138076471826333       0.51379310000000000        0.0000000000000000        0.0000000000000000        46.399906400918972        742.39850241470356        16.000000000000000        0.0000000000000000     
   1           2          28   1.1164397877502584E-005   1.5061345331765480E-006   2.1370647653673506E-005   2.2484542913234971       0.51910740953641499       0.51379310000000000        0.0000000000000000        0.0000000000000000        44.222868203358040        707.56589125372864        16.000000000000000        0.0000000000000000     
   1           2          29   1.1296376731371042E-005   1.6951434032004858E-006   2.1442360746620793E-005   2.2031662234791938       0.52128915818942212       0.51379310000000000        0.0000000000000000        0.0000000000000000        49.643518633392347        794.29629813427755        16.000000000000000        0.0000000000000000     
   1           2          30   7.4282920560774083E-006  -1.9269682971472520E-006   1.6783552409302256E-005   1.9974616492644468       0.61658746026868150       0.50000000000000000        0.0000000000000000        1.0000000000000000        51.131026233642338        818.09641973827740        16.000000000000000        0.0000000000000000     
   1           2          31  -9.7383710079753087E-006  -3.1936976621260330E-005   1.2460234605309705E-005   11.500035763004513       0.50003576300452945       0.50000000000000000        0.0000000000000000        1.0000000000000000        51.997681870968748        831.96290993549997        16.000000000000000        3.6250000000000000     
   1           2          32   1.1703089618573121E-005   2.4094529108820256E-006   2.1524024727306011E-005   2.1290254720425419       0.52281955251367096       0.51379310000000000        0.0000000000000000        0.0000000000000000        44.310814403203381        708.97303045125409        16.000000000000000        0.0000000000000000     
   1           2          33   1.1225997887245571E-005   1.5672604910945343E-006   2.1432748611792108E-005   2.1829223115195107       0.52282475891390057       0.51379310000000000        0.0000000000000000        0.0000000000000000        45.499596312922591        727.99354100676146        16.000000000000000        0.0000000000000000     
   1           2          34   1.1231478580621059E-005   1.6044456358243243E-006   2.1404726020155880E-005   2.2145067648311985       0.52269445819028004       0.51379310000000000        0.0000000000000000        0.0000000000000000        44.288250366735774        708.61200586777238        16.000000000000000        0.0000000000000000     
   1           2          35   1.1070416099089177E-005   1.3287139282114385E-006   2.1364838818413276E-005   2.2462103823059465       0.51897191872668180       0.51379310000000000        0.0000000000000000        0.0000000000000000        48.959641622735525        783.35426596376840        16.000000000000000        0.0000000000000000     
   1           2          36   1.0812529690646851E-005   8.3467931479852523E-007   2.1356499091211074E-005   2.2804542264056447       0.52162930144757602       0.51379310000000000        0.0000000000000000        0.0000000000000000        41.388270026115414        662.21232041784663        16.000000000000000        0.0000000000000000     
   1           2          37   1.0840459127134826E-005   8.8745581380278012E-007   2.1358171703133541E-005   2.2772079578711812       0.52166700026839374       0.51379310000000000        0.0000000000000000        0.0000000000000000        43.952758005855031        703.24412809368050        16.000000000000000        0.0000000000000000     
   1           2          38   1.1319122946002571E-005   1.7361216829102291E-006   2.1445840453031164E-005   2.2078844274469063       0.52098016895550059       0.51379310000000000        0.0000000000000000        0.0000000000000000        47.594357565383241        761.50972104613186        16.000000000000000        0.0000000000000000     
   1           2          39   1.1212727351657752E-005   1.5646371759870012E-006   2.1408226758263248E-005   2.2141290162396552       0.52287435005909888       0.51379310000000000        0.0000000000000000        0.0000000000000000        47.113643728352606        753.81829965364170        16.000000000000000        0.0000000000000000     
   1           2          40   1.1283070091715657E-005   1.6626220070922811E-006   2.1449359062085526E-005   2.2045507023675532       0.52150607762882539       0.51379310000000000        0.0000000000000000        0.0000000000000000        48.648627272937325        778.37803636699721        16.000000000000000        0.0000000000000000     
   1           2          41   1.1248946916767360E-005   1.6111879298465121E-006   2.1433528968036253E-005   2.2037063793178202       0.52139656599860018       0.51379310000000000        0.0000000000000000        0.0000000000000000        41.714034885353264        667.42455816565223        16.000000000000000        0.0000000000000000     
   1           2          42   1.0842372912907741E-005   9.2976335321276570E-007   2.1317399891680153E-005   2.2991459041550550       0.52119995714630696       0.51379310000000000        0.0000000000000000        0.0000000000000000        43.947188883248053        703.15502213196885        16.000000000000000        0.0000000000000000     
   1           2          43   1.1273091649289512E-005   1.6494552247115465E-006   2.1442749858288265E-005   2.2036484347073606       0.52193762956769119       0.51379310000000000        0.0000000000000000        0.0000000000000000        46.412829695892341        742.60527513427746        16.000000000000000        0.0000000000000000     
   1           2          44   1.1274669329006493E-005   1.6607017280948899E-006   2.1434110128740063E-005   2.1962022999247162       0.52295370622865389       0.51379310000000000        0.0000000000000000        0.0000000000000000        48.052650799648305        768.84241279437288        16.000000000000000        0.0000000000000000     
   1           2          45   1.1549801441368162E-005   2.0820446865033267E-006   2.1554735746348182E-005   2.2188094860514584       0.51735009986250757       0.51379310000000000        0.0000000000000000        0.0000000000000000        46.672434840436168        746.75895744697868        16.000000000000000        0.0000000000000000     
   1           2          46   1.0686058929400863E-005   5.3813494802428128E-007   2.1409751499284051E-005   2.2512668111769267       0.51672536906104183       0.51379310000000000        0.0000000000000000        0.0000000000000000        40.354242161729104        645.66787458766566        16.000000000000000        0.0000000000000000     
   1           2          47  -1.2435529182968887E-005  -3.7366861920917900E-005   1.2495803554980083E-005   13.999999999939565       0.33340066239173571       0.50000000000000000        0.0000000000000000        1.0000000000000000        48.809835912946177        780.95737460713883        16.000000000000000        5.2500000000000000     
   1           2          48   1.1475625333514062E-005   2.0297135336865156E-006   2.1457475253702266E-005   2.2108190307917091       0.52093310213596744       0.51379310000000000        0.0000000000000000        0.0000000000000000        45.275486767274124        724.40778827638599        16.000000000000000        0.0000000000000000     
   1           2          49  -2.1665830495640960E-005  -6.3059989440239383E-005   1.9728328448957520E-005   21.500031058119266       0.50003105811929094       0.50000000000000000        0.0000000000000000        1.0000000000000000        56.089293241294250        897.42869186070800        16.000000000000000        3.6250000000000000     
   1           2          50   1.1705555606413808E-005   1.1193297392538776E-006   2.2291781473574281E-005   2.6231341661881729       0.46869052524499499       0.50000000000000000        0.0000000000000000        1.0000000000000000        58.719506695892335        939.51210713427736        16.000000000000000        0.0000000000000000     
   1           2          51   1.1203816230867883E-005   1.5624837485697196E-006   2.1392174528972544E-005   2.2235268136349498       0.52264917059365734       0.51379310000000000        0.0000000000000000        0.0000000000000000        40.873868189593018        653.98189103348830        16.000000000000000        0.0000000000000000     
   1           2          52   1.0686481797977971E-005   5.7738792330499644E-007   2.1369141135102321E-005   2.3923186541144537       0.51464765664607881       0.51379310000000000        0.0000000000000000        0.0000000000000000        43.997929177294040        703.96686683670464        16.000000000000000        0.0000000000000000     
   1           2          53   1.1300539927461990E-005   1.7097686506337455E-006   2.1435468299956224E-005   2.1956498962842819       0.52294728495006826       0.51379310000000000        0.0000000000000000        0.0000000000000000        43.151021535090202        690.41634456144322        16.000000000000000        0.0000000000000000     
   1           2          54   1.0776360529053651E-005   7.7647692245714276E-007   2.1343613272427868E-005   2.2845534531187925       0.52205239981987150       0.51379310000000000        0.0000000000000000        0.0000000000000000        48.737199550417067        779.79519280667307        16.000000000000000        0.0000000000000000     
   1           2          55   1.1139735892848092E-005   1.4343834407188553E-006   2.1395746498563730E-005   2.2440379545084341       0.51935140472104524       0.51379310000000000        0.0000000000000000        0.0000000000000000        53.138445484761874        850.21512775618999        16.000000000000000        0.0000000000000000     
   1           2          56   1.1530810473246343E-005   1.9838949179216445E-006   2.1619394856990343E-005   2.2745037421484904       0.51038478550378186       0.51379310000000000        0.0000000000000000        0.0000000000000000        42.425461180526348        678.80737888842157        16.000000000000000        0.0000000000000000     
   1           2          57   1.1182792448882892E-005   1.5343710602805773E-006   2.1378641860638195E-005   2.2314252674754060       0.52247842946227252       0.51379310000000000        0.0000000000000000        0.0000000000000000        42.869240303169249        685.90784485070799        16.000000000000000        0.0000000000000000     
   1           2          58   1.1120640621671098E-005   1.3381286842162962E-006   2.1458188554725815E-005   2.2398852001642400       0.51824474421278843       0.51379310000000000        0.0000000000000000        0.0000000000000000        45.838239445346218        733.41183112553949        16.000000000000000        0.0000000000000000     
   1           2          59   1.1283531773712365E-005   1.6693408061381541E-006   2.1443208613390893E-005   2.1991228390120674       0.52226908614555401       0.51379310000000000        0.0000000000000000        0.0000000000000000        46.689569207917671        747.03310732668274        16.000000000000000        0.0000000000000000     
   1           2          60   1.2015746917261276E-005   2.9594834639779847E-006   2.1585840788983847E-005   2.0653201178336622       0.52421772080624884       0.51379310000000000        0.0000000000000000        0.0000000000000000        50.772957210008258        812.36731536013212        16.000000000000000        0.0000000000000000     
   1           2          61  -1.4059029557905481E-005  -3.4003510922813320E-005   5.8854518070023861E-006   10.679526946385080       0.33310639393945768       0.50000000000000000        0.0000000000000000        1.0000000000000000        48.727964866406253        779.64743786250006        16.000000000000000        5.4375000000000000     
   1           2          62   1.1415576317200216E-005   1.8386838648726743E-006   2.1535838414361134E-005   2.2195618619511532       0.51757845383700607       0.51379310000000000        0.0000000000000000        0.0000000000000000        45.433180326736164        726.93088522777862        16.000000000000000        0.0000000000000000     
   1           2          63   9.8805942675829852E-006  -7.9108359218747721E-007   2.1157757240327427E-005   2.4698080737287125       0.51865397083370879       0.51379310000000000        0.0000000000000000        0.0000000000000000        45.639091842193906        730.22546947510250        16.000000000000000        0.0000000000000000     
   1           2          64   1.0183764616999777E-005  -1.8037746593437848E-007   2.1135942978991814E-005   2.4484308118376994       0.51913699453689888       0.51379310000000000        0.0000000000000000        0.0000000000000000        49.569740383392343        793.11584613427749        16.000000000000000        0.0000000000000000     
   1           2          65   1.1533276797253571E-005   2.0381259733455087E-006   2.1567159444298109E-005   2.1115976294015120       0.51992359748270700       0.51379310000000000        0.0000000000000000        0.0000000000000000        49.269573122545324        788.31316996072519        16.000000000000000        0.0000000000000000     
   1           2          66   1.1917186423501922E-005   2.7881672124203447E-006   2.1564164038219232E-005   2.0721312494862256       0.52533805806908807       0.51379310000000000        0.0000000000000000        1.0000000000000000        42.896770073441246        686.34832117505994        16.000000000000000        0.0000000000000000     
   1           2          67   1.1845253574703149E-005   2.6479526677268612E-006   2.1564387023093826E-005   2.0676531896192096       0.52411523885294364       0.51379310000000000        0.0000000000000000        0.0000000000000000        47.077717806094014        753.24348489750423        16.000000000000000        0.0000000000000000     
   1           2          68   1.1143027026542440E-005   1.4104126054011935E-006   2.1427846379255950E-005   2.1979838866484891       0.52182455261507554       0.51379310000000000        0.0000000000000000        0.0000000000000000        46.754249300667752        748.06798881068403        16.000000000000000        0.0000000000000000     
   1           2          69   1.1949122916288894E-005   2.8640295511303713E-006   2.1549682439147110E-005   2.1471626490150815       0.52133361825252944       0.51379310000000000        0.0000000000000000        0.0000000000000000        47.617747287633463        761.88395660213541        16.000000000000000        0.0000000000000000     
   1           2          70   1.0669056342209605E-005   5.7828772591631969E-007   2.1332350690249408E-005   2.3023102473461230       0.51971989532079432       0.51379310000000000        0.0000000000000000        0.0000000000000000        51.584962441721842        825.35939906754948        16.000000000000000        0.0000000000000000     
   1           2          71   1.1297384858579981E-005   1.6961165710325140E-006   2.1443405816716834E-005   2.1935485808380615       0.52291863762933832       0.51379310000000000        0.0000000000000000        0.0000000000000000        41.619652070892329        665.91443313427726        16.000000000000000        0.0000000000000000     
   1           2          72   9.8953086237182081E-006  -8.3336014103339922E-007   2.1232696027136333E-005   2.3928241697449173       0.52337247059746406       0.51379310000000000        0.0000000000000000        0.0000000000000000        44.880566504978589        718.08906407965742        16.000000000000000        0.0000000000000000     
   1           2          73   1.1102878632050750E-005   1.3726635141934087E-006   2.1385162550832721E-005   2.2333253865465430       0.52042476720650765       0.51379310000000000        0.0000000000000000        0.0000000000000000        46.522307926337135        744.35692682139415        16.000000000000000        0.0000000000000000     
   1           2          74   1.1623522872573801E-005   2.2766719361639267E-006   2.1500691456269355E-005   2.1311251429324329       0.52412958299104340       0.51379310000000000        0.0000000000000000        0.0000000000000000        47.812172312273638        764.99475699637821        16.000000000000000        0.0000000000000000     
   1           2          75   1.1160222156709735E-005   1.4851188926699157E-006   2.1384267308786475E-005   2.2566589454586485       0.51845619091136219       0.51379310000000000        0.0000000000000000        0.0000000000000000        49.326172472819160        789.21875956510655        16.000000000000000        0.0000000000000000     
   1           2          76   1.1210347538984608E-005   1.5478301115519365E-006   2.1421092764617440E-005   2.2069301971490103       0.52312724968083413       0.51379310000000000        0.0000000000000000        0.0000000000000000        44.662355489349537        714.59768782959259        16.000000000000000        0.0000000000000000     
   1           2          77   1.1225603880238995E-005   1.5880629228697015E-006   2.1409955531488340E-005   2.2155298565380432       0.52193055828689572       0.51379310000000000        0.0000000000000000        0.0000000000000000        43.945764880745365        703.13223809192584        16.000000000000000        0.0000000000000000     
   1           2          78   1.0102360479124414E-005  -3.7268356377039349E-007   2.1171733109244136E-005   2.4229143033423446       0.51693560167405161       0.51379310000000000        0.0000000000000000        0.0000000000000000        48.191652195892345        771.06643513427753        16.000000000000000        0.0000000000000000     
   1           2          79   1.1323629157870960E-005   1.7432061251810590E-006   2.1447622151958979E-005   2.1988351859291431       0.52166199469882124       0.51379310000000000        0.0000000000000000        0.0000000000000000        47.762424224613369        764.19878759381390        16.000000000000000        0.0000000000000000     
   1           2          80   1.2777949057775302E-005   2.8576430179725773E-006   2.2698255097578087E-005   2.3936292998570092       0.48189626085913706       0.50000000000000000        0.0000000000000000        1.0000000000000000        50.977797840030341        815.64476544048546        16.000000000000000        0.0000000000000000     
   1           2          81   1.1226572494564380E-005   1.5888772764681525E-006   2.1411087158919973E-005   2.2092901150171813       0.52256285114140832       0.51379310000000000        0.0000000000000000        0.0000000000000000        43.503531563260488        696.05650501216780        16.000000000000000        0.0000000000000000     
   1           2          82   1.1691316493795173E-005   2.3882867279338071E-006   2.1522177600032525E-005   2.1335927022274781       0.52244010312369737       0.51379310000000000        0.0000000000000000        0.0000000000000000        45.900705023195549        734.41128037112878        16.000000000000000        0.0000000000000000     
   1           2          83   1.1077792693233083E-005   1.4146313878646351E-006   2.1289218328873280E-005   2.3014008951303735       0.51753633580718617       0.51379310000000000        0.0000000000000000        0.0000000000000000        45.551607978226244        728.82572765161990        16.000000000000000        0.0000000000000000     
   1           2          84   1.1106049867402096E-005   1.4160194829294808E-006   2.1345869068512650E-005   2.2658487406741479       0.51864061991470312       0.51379310000000000        0.0000000000000000        0.0000000000000000        48.997494915159464        783.95991864255143        16.000000000000000        0.0000000000000000     
   1           2          85   1.1234378627894313E-005   5.3844610471516576E-007   2.1930311151073790E-005   2.5737599680273933       0.50256499690062084       0.50000000000000000        0.0000000000000000        1.0000000000000000        47.063028722007751        753.00845955212401        16.000000000000000        0.0000000000000000     
   1           2          86   1.1551983957016175E-005   2.1436540281035769E-006   2.1494119702104760E-005   2.2183895077986957       0.51936466152021765       0.51379310000000000        0.0000000000000000        0.0000000000000000        42.384494314038243        678.15190902461188        16.000000000000000        0.0000000000000000     
   1           2          87   1.1298579962132432E-005   1.6777708336272624E-006   2.1465250461138251E-005   2.2055610813697539       0.52077433161147157       0.51379310000000000        0.0000000000000000        0.0000000000000000        44.189107817048360        707.02572507277375        16.000000000000000        0.0000000000000000     
   1           2          88   1.1276563005367894E-005   1.6385558317249514E-006   2.1461407324871176E-005   2.2071431412950542       0.52071957593005491       0.51379310000000000        0.0000000000000000        1.0000000000000000        47.135759328240646        754.17214925185033        16.000000000000000        0.0000000000000000     
   1           2          89   1.1303828974035656E-005   1.7074210944510696E-006   2.1444713756453037E-005   2.1962286380865002       0.52229460262734140       0.51379310000000000        0.0000000000000000        0.0000000000000000        48.488482817250656        775.81572507601049        16.000000000000000        0.0000000000000000     
   1           2          90   1.0847913546398068E-005   9.2777046316003516E-007   2.1330901482563397E-005   2.2528357372116821       0.51748777177386740       0.51379310000000000        0.0000000000000000        0.0000000000000000        50.610192770790910        809.76308433265456        16.000000000000000        0.0000000000000000     
   1           2          91   1.1575167093334368E-005   2.1037877054362489E-006   2.1583929570757791E-005   2.2228176087377212       0.51609295083863904       0.51379310000000000        0.0000000000000000        0.0000000000000000        39.638879489847596        634.22207183756154        16.000000000000000        0.0000000000000000     
   1           2          92   1.1687051116253879E-005   2.3884910312557047E-006   2.1513188942779014E-005   2.1205647957439369       0.52422101036636792       0.51379310000000000        0.0000000000000000        0.0000000000000000        44.773425557365414        716.37480891784662        16.000000000000000        0.0000000000000000     
   1           2          93   1.1289284168269793E-005   1.6834645655722855E-006   2.1440114672137008E-005   2.1938056518408806       0.52303112479692659       0.51379310000000000        0.0000000000000000        0.0000000000000000        44.987597415433100        719.80155864692961        16.000000000000000        0.0000000000000000     
   1           2          94   1.1253444233324995E-005   1.6489359047821640E-006   2.1402889064523641E-005   2.2180201359124574       0.52234817417533241       0.51379310000000000        0.0000000000000000        0.0000000000000000        47.821984654486002        765.15175447177603        16.000000000000000        0.0000000000000000     
   1           2          95   1.1907849201876514E-005   2.7165867434718315E-006   2.1620601594772184E-005   2.1549683343073376       0.51824979993856723       0.51379310000000000        0.0000000000000000        0.0000000000000000        51.454217122612128        823.26747396179405        16.000000000000000        0.0000000000000000     
   1           2          96   1.1245896218966564E-005   1.6052566136972548E-006   2.1433522327880986E-005   2.1991286428065160       0.52312271991097625       0.51379310000000000        1.0000000000000000        0.0000000000000000        41.410394320630253        662.56630913008405        16.000000000000000        0.0000000000000000     
   1           2          97   1.0557780849064367E-005   3.5690313484934907E-007   2.1337431618124555E-005   2.2939225393571006       0.52329100588967514       0.51379310000000000        0.0000000000000000        0.0000000000000000        42.166781074772118        674.66849719635388        16.000000000000000        0.0000000000000000     
   1           2          98   1.1551682926216983E-005   2.1859983457906499E-006   2.1448753729201644E-005   2.2270433616609591       0.52015872567283750       0.51379310000000000        0.0000000000000000        0.0000000000000000        44.073178513813183        705.17085622101092        16.000000000000000        0.0000000000000000     
   1           2          99   1.1262969701728483E-005   1.6392055609651279E-006   2.1432762873219501E-005   2.2035223759412701       0.52222127846919031       0.51379310000000000        0.0000000000000000        0.0000000000000000        47.169422088615420        754.71075341784672        16.000000000000000        0.0000000000000000     
   1           2         100   1.1250251335877260E-005   1.6102995531150574E-006   2.1437150596903632E-005   2.1977200103576990       0.52311623811834640       0.51379310000000000        0.0000000000000000        0.0000000000000000        48.874454627276492        781.99127403642387        16.000000000000000        0.0000000000000000     
   1           2         101   1.2023882158142086E-005   2.9286002111739241E-006   2.1635208338224465E-005   2.0826407133735447       0.52147382651072849       0.51379310000000000        0.0000000000000000        0.0000000000000000        42.866838668990049        685.86941870384078        16.000000000000000        0.0000000000000000     
   1           2         102   1.1541401038826659E-005   2.1017424912130231E-006   2.1516642912440603E-005   2.2210039772375474       0.51837869959745719       0.51379310000000000        0.0000000000000000        0.0000000000000000        42.549765371619301        680.79624594590882        16.000000000000000        0.0000000000000000     
   1           2         103   1.1260415583919331E-005   1.6338470131280357E-006   2.1433172301994480E-005   2.1983944326429126       0.52304759629513065       0.51379310000000000        0.0000000000000000        0.0000000000000000        44.276918597251104        708.43069755601766        16.000000000000000        0.0000000000000000     
   1           2         104   1.2002172170101609E-005   2.9392629275017529E-006   2.1579288897104235E-005   2.0601322869414012       0.52522425410656970       0.51379310000000000        0.0000000000000000        0.0000000000000000        45.447001730451163        727.15202768721861        16.000000000000000        0.0000000000000000     
   1           2         105   1.1661441518831536E-005   2.3394524801322301E-006   2.1512337601053778E-005   2.1234345814288051       0.52417254750043019       0.51379310000000000        0.0000000000000000        0.0000000000000000        49.384631360946145        790.15410177513832        16.000000000000000        0.0000000000000000     
   1           2         106   1.1274799302880755E-005   1.6525118323563434E-006   2.1443032021445680E-005   2.2029126417870843       0.52195052734031389       0.51379310000000000        0.0000000000000000        0.0000000000000000        43.638660883392326        698.21857413427722        16.000000000000000        0.0000000000000000     
   1           2         107   1.1529110100431790E-005   1.9467999575361324E-006   2.1655097274780589E-005   2.4088619444810204       0.49738602352379085       0.51379310000000000        0.0000000000000000        0.0000000000000000        46.233806125839834        739.74089801343735        16.000000000000000        0.0000000000000000     
   1           2         108   1.1248025077921779E-005   1.6892919222835659E-006   2.1349097563952118E-005   2.3065119318437421       0.51966222568417264       0.51379310000000000        0.0000000000000000        0.0000000000000000        44.815567959931933        717.04908735891092        16.000000000000000        0.0000000000000000     
   1           2         109   1.1209018425113761E-005   1.5359400788911298E-006   2.1430923770448505E-005   2.2016569765408982       0.52330609611515022       0.51379310000000000        0.0000000000000000        0.0000000000000000        47.871755623361437        765.94808997378300        16.000000000000000        0.0000000000000000     
   1           2         110   1.0731047831223180E-005   7.2779199251670959E-007   2.1301864138976556E-005   2.3336188582200026       0.51730676834436273       0.51379310000000000        0.0000000000000000        0.0000000000000000        46.566543571026990        745.06469713643185        16.000000000000000        0.0000000000000000     
   1           2         111   1.1233318620466829E-005   1.5841449356537619E-006   2.1429963011894665E-005   2.2055859103257913       0.52112314920465364       0.51379310000000000        0.0000000000000000        0.0000000000000000        42.041691034170306        672.66705654672489        16.000000000000000        0.0000000000000000     
   1           2         112   1.0786190616521404E-005   8.5436315099534754E-007   2.1281525878480388E-005   2.3228450003327477       0.52086658686866139       0.51379310000000000        0.0000000000000000        0.0000000000000000        45.660135294620545        730.56216471392872        16.000000000000000        0.0000000000000000     
   1           2         113   1.0834402339735736E-005   9.0839330066830190E-007   2.1323589051833958E-005   2.2603180408145565       0.51886894910720849       0.51379310000000000        0.0000000000000000        0.0000000000000000        47.035828445892342        752.57325513427747        16.000000000000000        0.0000000000000000     
   1           2         114   1.1043375587282195E-005   1.2110785199293928E-006   2.1433533337730675E-005   2.2418522771308362       0.51888939773302678       0.51379310000000000        1.0000000000000000        0.0000000000000000        46.758821739513003        748.14114783220805        16.000000000000000        0.0000000000000000     
   1           2         115   1.1898968386479773E-005   2.7406115979193832E-006   2.1576948121651283E-005   2.1449860730339418       0.52047646934311664       0.51379310000000000        0.0000000000000000        0.0000000000000000        49.702422908698011        795.23876653916818        16.000000000000000        0.0000000000000000     
   1           2         116   1.1175793264996502E-005   1.3354278518771506E-006   2.1574477139576331E-005   2.3589591006461790       0.50742703670406197       0.51379310000000000        0.0000000000000000        0.0000000000000000        41.047017847270851        656.75228555633362        16.000000000000000        0.0000000000000000     
   1           2         117   1.1298806937095103E-005   3.5489834677467066E-006   2.2923542141117779E-005   2.3560581808079641       0.47640211762019502       0.59999999999999998        0.0000000000000000        1.0000000000000000        47.271822928405328        756.34916685448525        16.000000000000000        0.0000000000000000     
   1           2         118   1.2174773737187282E-005   2.3836736243667815E-006   2.2521397117843367E-005   2.4585780495267020       0.46963842649907239       0.51379310000000000        0.0000000000000000        1.0000000000000000        50.503651071407262        808.05841714251619        16.000000000000000        0.0000000000000000     
   1           2         119   1.0867765537253177E-005  -1.8114381436141589E-007   2.1916674888867788E-005   2.6718315334953728       0.48141651373743727       0.50000000000000000        0.0000000000000000        1.0000000000000000        53.626402670713503        858.02244273141605        16.000000000000000        0.0000000000000000     
   1           2         120   1.0449221153855914E-005   1.5067929840191315E-007   2.1332077290602444E-005   2.2823373071898869       0.51826682357551990       0.51379310000000000        0.0000000000000000        0.0000000000000000        49.486513008392343        791.78420813427749        16.000000000000000        0.0000000000000000     
   1           2         121   1.1727601196719528E-005   2.1629891949363867E-006   2.1834886080363533E-005   2.3029720302612957       0.50099133838275245       0.51379310000000000        0.0000000000000000        0.0000000000000000        43.515985133878196        696.25576214205114        16.000000000000000        0.0000000000000000     
   1           2         122   9.4948688865427892E-006  -1.5130980947428479E-006   2.1127401209741949E-005   2.5111863002750630       0.51474316798268172       0.51379310000000000        0.0000000000000000        0.0000000000000000        43.531746028084200        696.50793644934720        16.000000000000000        0.0000000000000000     
   1           2         123   1.0869794964543660E-005   9.4168425182679210E-007   2.1361202594155618E-005   2.2748276522047455       0.52153090798976987       0.51379310000000000        0.0000000000000000        0.0000000000000000        46.863459403604892        749.81535045767828        16.000000000000000        0.0000000000000000     
   1           2         124   1.1280307514728634E-005   1.6657535958988958E-006   2.1440367898636433E-005   2.2002084741568666       0.52184972271729224       0.51379310000000000        0.0000000000000000        0.0000000000000000        51.275661439837023        820.41058303739237        16.000000000000000        0.0000000000000000     
   1           2         125   1.1133716745158828E-005   1.3934841647953129E-006   2.1426586492967853E-005   2.2965493462132760       0.51766011995010297       0.51379310000000000        0.0000000000000000        0.0000000000000000        51.471140887468856        823.53825419950169        16.000000000000000        0.0000000000000000     
   1           2         126   1.1532626500405164E-005   2.0823737228234955E-006   2.1519063694894308E-005   2.2140041555780918       0.51885311930333988       0.51379310000000000        0.0000000000000000        0.0000000000000000        41.794367646661044        668.70988234657671        16.000000000000000        0.0000000000000000     
   1           2         127   8.0357996519594697E-006  -4.3688105658674491E-007   1.6508480360505955E-005   2.2287768400202990       0.51176008354251723       0.50000000000000000        0.0000000000000000        1.0000000000000000        50.349026026115411        805.58441641784657        16.000000000000000        0.0000000000000000     
   1           2         128   1.1705723161572165E-005   2.4153093164663131E-006   2.1523252550315927E-005   2.1273042868810150       0.52322455855878081       0.51379310000000000        0.0000000000000000        0.0000000000000000        45.444542936299193        727.11268698078709        16.000000000000000        0.0000000000000000     
   1           2         129   1.1655540952838015E-005   2.3208479783774883E-006   2.1519861761317740E-005   2.1335099014714256       0.52284281185455150       0.51379310000000000        0.0000000000000000        0.0000000000000000        48.847253414207145        781.55605462731432        16.000000000000000        0.0000000000000000     
   1           2         130   1.1618797813776340E-005   2.2219276192234170E-006   2.1548823626978425E-005   2.0825224335728199       0.52744146768156119       0.51379310000000000        0.0000000000000000        0.0000000000000000        51.915027979101403        830.64044766562245        16.000000000000000        0.0000000000000000     
   1           2         131   1.3497168934165842E-005   4.2720765897757702E-006   2.3245670638708295E-005   2.3448028032976542       0.45249281172713479       0.51379310000000000        0.0000000000000000        0.0000000000000000        42.403662638303835        678.45860221286136        16.000000000000000        0.0000000000000000     
   1           2         132   1.5389146629747442E-005   9.2705406503030958E-006   2.4567055598913765E-005   2.1463467121857382       0.44914219021573376       0.59999999999999998        0.0000000000000000        1.0000000000000000        49.922232083115411        798.75571332984657        16.000000000000000        0.0000000000000000     
   1           2         133  -3.3311659874125936E-005  -6.8410673756967986E-005   1.9336860950137110E-005   16.535651799824645       0.43228990074227791       0.59999999999999998        0.0000000000000000        1.0000000000000000        56.014173320499992        896.22677312799988        16.000000000000000        12.625000000000000     
   1           2         134   1.2255176909475032E-005   2.9691270406425265E-006   2.2068094720518327E-005   2.2654043792344751       0.49445773358087319       0.51379310000000000        0.0000000000000000        0.0000000000000000        47.817438695892335        765.07901913427736        16.000000000000000        0.0000000000000000     
   1           2         135   1.0718846135771030E-005   6.0664272392842637E-007   2.1404791437660739E-005   2.2234814981387472       0.52645285106505924       0.51379310000000000        0.0000000000000000        0.0000000000000000        52.291232002095221        836.65971203352353        16.000000000000000        0.0000000000000000     
   1           2         136  -4.0111668196216168E-005  -7.9447229499747806E-005   1.8891673759081346E-005   16.938231785382165       0.68095956765169197       0.59999999999999998        0.0000000000000000        1.0000000000000000        50.186871875748082        802.98995001196931        16.000000000000000        5.3750000000000000     
   1           2         137   1.1724679457611693E-005   2.4471724210436580E-006   2.1528569736812088E-005   2.1323968884078766       0.52250093860493640       0.51379310000000000        0.0000000000000000        0.0000000000000000        44.338967578283963        709.42348125254341        16.000000000000000        0.0000000000000000     
   1           2         138   1.1296797442472068E-005   1.6800110112155155E-006   2.1459217006146077E-005   2.2045495490350278       0.52109281188724543       0.51379310000000000        0.0000000000000000        0.0000000000000000        46.262440628829445        740.19905006127112        16.000000000000000        0.0000000000000000     
   1           2         139   1.2110142245753741E-005   2.3255655034741946E-006   2.2449872135650111E-005   2.4347833587822238       0.47414126595046230       0.51379310000000000        0.0000000000000000        0.0000000000000000        51.234214633650375        819.74743413840599        16.000000000000000        0.0000000000000000     
   1           2         140   1.2727613445869233E-005   3.2422525950013463E-006   2.2751150660553616E-005   2.3716005033008174       0.46762741147770903       0.51379310000000000        1.0000000000000000        0.0000000000000000        49.831051893694557        797.29683029911291        16.000000000000000        0.0000000000000000     
   1           2         141  -2.6440581780584060E-005  -5.0264613115989279E-005   9.2954652225236244E-006   9.2697039861935320       0.59599764797061994       0.59999999999999998        0.0000000000000000        1.0000000000000000        47.971277437499992        767.54043899999988        16.000000000000000        9.0000000000000000     
   1           2         142  -2.2937738992055524E-005  -6.5332024737604357E-005   1.9456546753493427E-005   20.277322640333136       0.49452103949394055       0.50000000000000000        0.0000000000000000        1.0000000000000000        50.678529034289909        810.85646454863854        16.000000000000000        18.062500000000000     
   1           2         143   1.0857296267112642E-005   9.1793901245165977E-007   2.1360588540175483E-005   2.2837505503324413       0.52052451508750530       0.51379310000000000        0.0000000000000000        0.0000000000000000        46.986280336651042        751.78048538641667        16.000000000000000        0.0000000000000000     
   1           2         144   1.2781286466896333E-005   3.7326236462177426E-006   2.2343348464558897E-005   2.2374668910893041       0.48698199642041240       0.51379310000000000        0.0000000000000000        0.0000000000000000        48.161374004808820        770.58198407694113        16.000000000000000        0.0000000000000000     
   1           2         145   1.0885887582812024E-005   9.7361598194318869E-007   2.1360557427794606E-005   2.2693836630549726       0.52171894513328576       0.51379310000000000        0.0000000000000000        0.0000000000000000        51.530091067603713        824.48145708165941        16.000000000000000        0.0000000000000000     
   1           2         146   1.1619440024543178E-005   2.0426412445866540E-006   2.1739603134589747E-005   2.3410641258023484       0.50080128606293850       0.51379310000000000        0.0000000000000000        0.0000000000000000        42.912865062634758        686.60584100215613        16.000000000000000        0.0000000000000000     
   1           2         147   1.1716748969467474E-005   2.1492578515841491E-006   2.1827076323274350E-005   2.3959164584262700       0.49359215018754399       0.51379310000000000        0.0000000000000000        0.0000000000000000        46.398569388416327        742.37711021466123        16.000000000000000        0.0000000000000000     
   1           2         148   1.1273877728781021E-005   1.6717709221197842E-006   2.1420784781571866E-005   2.2036548432212313       0.52285357491906914       0.51379310000000000        0.0000000000000000        0.0000000000000000        44.225451338615429        707.60722141784686        16.000000000000000        0.0000000000000000     
   1           2         149   1.1704131504625716E-005   2.4116846894400150E-006   2.1523809209239818E-005   2.1275244551707848       0.52296406831614906       0.51379310000000000        0.0000000000000000        0.0000000000000000        49.643359714778995        794.29375543646393        16.000000000000000        0.0000000000000000     
   1           2         150  -2.0241789476702587E-005  -5.0689623091085877E-005   1.0206044137680651E-005   10.506770584419732       0.43387919418703552       0.50000000000000000        0.0000000000000000        1.0000000000000000        60.786183784687509        972.57894055500014        16.000000000000000        12.625000000000000     
   1           2         151  -3.1829793330873355E-005  -6.6001664145628704E-005   1.9428012891259550E-005   22.383385910095878       0.44840889111767829       0.59999999999999998        0.0000000000000000        1.0000000000000000        46.263189001767330        740.21102402827728        16.000000000000000        16.250000000000000     
   1           2         152   1.0857079331194897E-005   9.1946303039502714E-007   2.1358531872898078E-005   2.2825974007951668       0.52051891988101562       0.51379310000000000        0.0000000000000000        0.0000000000000000        45.521850641419711        728.34961026271537        16.000000000000000        0.0000000000000000     
   1           2         153   1.1289111093809458E-005   1.6798518705367352E-006   2.1443576373978867E-005   2.1958687369478618       0.52269689581905110       0.51379310000000000        0.0000000000000000        0.0000000000000000        46.464725182210003        743.43560291536005        16.000000000000000        0.0000000000000000     
   1           2         154   1.1522420948308694E-005   1.9253033915383518E-006   2.1664055673273511E-005   2.2846780691291788       0.50814771244648926       0.51379310000000000        0.0000000000000000        0.0000000000000000        46.172170518252130        738.75472829203409        16.000000000000000        0.0000000000000000     
   1           2         155   1.1001347556514046E-005   1.1487769067195168E-006   2.1412929163289103E-005   2.2313458639925186       0.52016320361530166       0.51379310000000000        0.0000000000000000        0.0000000000000000        49.587801695892338        793.40482713427741        16.000000000000000        0.0000000000000000     
   1           2         156   1.0874499801987248E-005   9.4065366787915943E-007   2.1371968266886516E-005   2.2841081877924698       0.51996813618751947       0.51379310000000000        0.0000000000000000        0.0000000000000000        43.094541540861229        689.51266465377967        16.000000000000000        0.0000000000000000     
   1           2         157   1.1343036626406997E-005   1.7363472090011459E-006   2.1494786296159132E-005   2.2126543687627196       0.51939751524707500       0.51379310000000000        0.0000000000000000        0.0000000000000000        45.091846690867527        721.46954705388043        16.000000000000000        0.0000000000000000     
   1           2         158   1.1675925201020606E-005   2.3654514885283044E-006   2.1514652605361845E-005   2.1198910289926678       0.52416114163017968       0.51379310000000000        0.0000000000000000        1.0000000000000000        48.362401249190363        773.79841998704580        16.000000000000000        0.0000000000000000     
   1           2         159   1.0905304140006065E-005   1.0145829837993780E-006   2.1357200820375963E-005   2.2721078984140575       0.52172359584480166       0.51379310000000000        0.0000000000000000        0.0000000000000000        48.561595987269577        776.98553579631323        16.000000000000000        0.0000000000000000     
   1           2         160   1.1126900382972149E-005   1.2354398798830971E-006   2.1579578358973165E-005   2.3913527664391414       0.50441122562263296       0.51379310000000000        0.0000000000000000        0.0000000000000000        49.890182343119434        798.24291748991095        16.000000000000000        0.0000000000000000     
   1           2         161   1.1269264647955655E-005   1.6443653388234991E-006   2.1440257394514185E-005   2.1960488726397451       0.52301330617471331       0.51379310000000000        0.0000000000000000        1.0000000000000000        41.943717630730895        671.09948209169431        16.000000000000000        0.0000000000000000     
   1           2         162   1.1102448113973379E-005   1.3439820913472565E-006   2.1414585825325857E-005   2.2205714825371214       0.52152855725590852       0.51379310000000000        0.0000000000000000        1.0000000000000000        45.434722383392334        726.95555813427734        16.000000000000000        0.0000000000000000     
   1           2         163   1.0700703590829283E-005   6.6547191756770457E-007   2.1305309964418794E-005   2.2590131799103257       0.51652494726434939       0.51379310000000000        0.0000000000000000        0.0000000000000000        48.144919872058537        770.31871795293659        16.000000000000000        0.0000000000000000     
   1           2         164   1.0978456244240893E-005   1.1519224930196549E-006   2.1362523681980904E-005   2.2382641663808145       0.51898107371755575       0.51379310000000000        0.0000000000000000        0.0000000000000000        50.342893985734825        805.48630377175721        16.000000000000000        0.0000000000000000     
   1           2         165   1.1705357837765743E-005   2.4837519676231598E-006   2.1450175253970129E-005   2.2249195289842736       0.52067946621150163       0.51379310000000000        0.0000000000000000        0.0000000000000000        48.757268668607054        780.11629869771286        16.000000000000000        0.0000000000000000     
   1           2         166   1.1600778687054931E-005   2.0504779708940048E-006   2.1692940297448494E-005   2.2907338021138064       0.50674497995818235       0.51379310000000000        0.0000000000000000        0.0000000000000000        42.060259946470993        672.96415914353588        16.000000000000000        0.0000000000000000     
   1           2         167   1.1581060017201937E-005   2.0201381126080059E-006   2.1684445436494379E-005   2.2980262299805432       0.50637897838354129       0.51379310000000000        0.0000000000000000        0.0000000000000000        42.269405575675833        676.31048921081333        16.000000000000000        0.0000000000000000     
   1           2         168   1.1423710011278358E-005   1.9270379693006568E-006   2.1459200186615452E-005   2.2071156444399702       0.52102505725137604       0.51379310000000000        0.0000000000000000        0.0000000000000000        47.369648883558142        757.91438213693027        16.000000000000000        0.0000000000000000     
   1           2         169   1.0618768820971019E-005   3.7308317201837402E-007   2.1445769818285129E-005   2.4657168902379651       0.50555493770027937       0.51379310000000000        0.0000000000000000        0.0000000000000000        51.621378615669265        825.94205785070824        16.000000000000000        0.0000000000000000     
   1           2         170   1.0772282243356468E-005   7.0707938337250576E-007   2.1408560296095262E-005   2.2456791662683200       0.51777563715816277       0.51379310000000000        1.0000000000000000        0.0000000000000000        53.022957660270563        848.36732256432902        16.000000000000000        0.0000000000000000     
   1           2         171   1.1538237805599542E-005   2.0621693305536773E-006   2.1551955417600270E-005   2.2147731776394193       0.51775632937637128       0.51379310000000000        0.0000000000000000        0.0000000000000000        41.168144416308039        658.69031066092862        16.000000000000000        0.0000000000000000     
   1           2         172   1.1621128156708706E-005   2.0373664807102385E-006   2.1748649220627093E-005   2.2919641519399545       0.50472562467781490       0.51379310000000000        0.0000000000000000        0.0000000000000000        44.341793429869135        709.46869487790616        16.000000000000000        0.0000000000000000     
   1           2         173   1.0907981546124626E-005   9.9522419731358390E-007   2.1383164699209103E-005   2.2819069716450042       0.51979985836743470       0.51379310000000000        0.0000000000000000        0.0000000000000000        44.808126454210118        716.93002326736189        16.000000000000000        0.0000000000000000     
   1           2         174   1.1308163257447579E-005   1.6778369318593919E-006   2.1484890936210603E-005   2.2129956070833949       0.51956395568453517       0.51379310000000000        0.0000000000000000        0.0000000000000000        49.251572961018681        788.02516737629890        16.000000000000000        0.0000000000000000     
   1           2         175   1.0362862593645082E-005  -6.5462889962785176E-009   2.1320606580782879E-005   2.3270106745048138       0.51664364844993049       0.51379310000000000        0.0000000000000000        1.0000000000000000        55.621831582838546        889.94930532541673        16.000000000000000        0.0000000000000000     
   1           2         176  -9.4492554271618694E-006  -3.9250011415990432E-005   2.0351500561666717E-005   17.499995433603797       0.49999543360380233       0.50000000000000000        0.0000000000000000        1.0000000000000000        56.460499472946161        903.36799156713857        16.000000000000000        3.6250000000000000     
   1           2         177   1.1664495415700895E-005   2.3404398065642966E-006   2.1517575320553521E-005   2.1263312321052932       0.52368888626875565       0.51379310000000000        0.0000000000000000        0.0000000000000000        44.013787143848646        704.22059430157833        16.000000000000000        0.0000000000000000     
   1           2         178   1.1209126613597156E-005   1.5676007042660641E-006   2.1397689313315370E-005   2.2205181863124284       0.52272008304391782       0.51379310000000000        0.0000000000000000        0.0000000000000000        47.551475134849895        760.82360215759832        16.000000000000000        0.0000000000000000     
   1           2         179   1.1280059459836693E-005   1.6636456367124386E-006   2.1442085274496834E-005   2.2008656087087863       0.52198344444730915       0.51379310000000000        0.0000000000000000        0.0000000000000000        47.356496666212117        757.70394665939386        16.000000000000000        0.0000000000000000     
   1           2         180   1.1538790832394803E-005   2.0912499562061944E-006   2.1522362258784878E-005   2.2169254431381247       0.51851862490191858       0.51379310000000000        0.0000000000000000        1.0000000000000000        50.830069319961176        813.28110911937881        16.000000000000000        0.0000000000000000     
   1           2         181   1.1224456392652692E-005   1.5741899576038301E-006   2.1422255534313574E-005   2.2058252405815848       0.52305665385895728       0.51379310000000000        0.0000000000000000        1.0000000000000000        44.977768791985262        719.64430067176420        16.000000000000000        0.0000000000000000     
   1           2         182   1.2246241192272158E-005   3.1945241213065931E-006   2.1811530730973785E-005   2.1424148271021308       0.51120519682197796       0.51379310000000000        1.0000000000000000        0.0000000000000000        45.431656766545380        726.90650826472609        16.000000000000000        0.0000000000000000     
   1           2         183   1.0399052628497344E-005   1.1667291672941759E-007   2.1264829620733177E-005   2.3695754387723400       0.51886214194525859       0.51379310000000000        0.0000000000000000        0.0000000000000000        45.641772195892344        730.26835513427750        16.000000000000000        0.0000000000000000     
   1           2         184   1.1186914959807540E-005   1.5145490115623499E-006   2.1408067487431600E-005   2.2172504092943330       0.52154534840540046       0.51379310000000000        0.0000000000000000        0.0000000000000000        49.569608624160097        793.11373798656155        16.000000000000000        0.0000000000000000     
   1           2         185   1.1294320248307111E-005   1.6880687267238829E-006   2.1445607177089909E-005   2.2030984726229312       0.52168299219666225       0.51379310000000000        0.0000000000000000        0.0000000000000000        49.269292667112893        788.30868267380629        16.000000000000000        0.0000000000000000     
   1           2         186   1.1534663592262957E-005   2.0931140256544768E-006   2.1511903776701760E-005   2.2144481199041044       0.51905521965549284       0.51379310000000000        0.0000000000000000        0.0000000000000000        42.896478591000331        686.34365745600530        16.000000000000000        0.0000000000000000     
   1           2         187   1.1536088486535049E-005   2.1015938641482821E-006   2.1505873446332105E-005   2.2141193715360190       0.51928282203789233       0.51379310000000000        0.0000000000000000        0.0000000000000000        45.816248745705948        733.05997993129517        16.000000000000000        0.0000000000000000     
   1           2         188   1.1824189400302132E-005   2.2672871264028531E-006   2.1923327124805142E-005   2.3990607559914672       0.49026659170551357       0.51379310000000000        0.0000000000000000        0.0000000000000000        46.315564869107661        741.04903790572257        16.000000000000000        0.0000000000000000     
   1           2         189   1.0877194091516474E-005   9.0715042034303903E-007   2.1412913853921397E-005   2.2388829269941835       0.51873425651136018       0.51379310000000000        0.0000000000000000        0.0000000000000000        47.409405471432443        758.55048754291909        16.000000000000000        0.0000000000000000     
   1           2         190   1.1109812022852525E-005   1.4011302814031202E-006   2.1369340813687813E-005   2.2489773014404335       0.51914355617699393       0.51379310000000000        0.0000000000000000        0.0000000000000000        52.990332695892327        847.84532313427724        16.000000000000000        0.0000000000000000     
   1           2         191   1.1534778666344728E-005   1.9326395221771124E-006   2.1681719891393463E-005   2.2797851496179269       0.50796242080303244       0.51379310000000000        0.0000000000000000        0.0000000000000000        42.014003164415797        672.22405063065275        16.000000000000000        0.0000000000000000     
   1           2         192   1.0365980015936580E-005  -5.7143304812374988E-008   2.1380486068092590E-005   2.2381794500134564       0.52901794237657562       0.51379310000000000        0.0000000000000000        0.0000000000000000        46.141340770750972        738.26145233201555        16.000000000000000        0.0000000000000000     
   1           2         193   1.0954241955741391E-005   1.0522676794853916E-006   2.1418030230893300E-005   2.2011634413029664       0.52025807472158336       0.51379310000000000        0.0000000000000000        0.0000000000000000        45.829983112385392        733.27972979816627        16.000000000000000        0.0000000000000000     
   1           2         194   1.0898876644237120E-005   9.8268094924204216E-007   2.1377693226927012E-005   2.2819079140999987       0.51997790767076479       0.51379310000000000        0.0000000000000000        0.0000000000000000        48.248648394479780        771.97837431167648        16.000000000000000        0.0000000000000000     
   1           2         195   1.1064061573257875E-005   1.3776143179502643E-006   2.1300094347146977E-005   2.2854954345233063       0.51827542816236982       0.51379310000000000        0.0000000000000000        1.0000000000000000        50.168991689808486        802.70386703693578        16.000000000000000        0.0000000000000000     
   1           2         196   1.1081671686103940E-005   1.3044016396817273E-006   2.1413680315945539E-005   2.2234500517904947       0.52121323728316382       0.51379310000000000        0.0000000000000000        0.0000000000000000        44.941027446408398        719.05643914253437        16.000000000000000        0.0000000000000000     
   1           2         197   1.1693327456530636E-005   2.3621833773764695E-006   2.1553898013993704E-005   2.1372085688100215       0.52139850173279945       0.51379310000000000        0.0000000000000000        0.0000000000000000        44.019422477142328        704.31075963427725        16.000000000000000        0.0000000000000000     
   1           2         198   1.2022011567303760E-005   2.9780153983941107E-006   2.1579142138696708E-005   2.0573108147143757       0.52531990555702512       0.51379310000000000        0.0000000000000000        0.0000000000000000        48.752344071827459        780.03750514923934        16.000000000000000        0.0000000000000000     
   1           2         199   1.1021174156626115E-005   1.1778043283650286E-006   2.1423032909574434E-005   2.2121450094780419       0.52418692738423989       0.51379310000000000        0.0000000000000000        0.0000000000000000        46.041252146420952        736.66003434273523        16.000000000000000        0.0000000000000000     
   1           2         200   1.1132942780368627E-005   1.4298593362426438E-006   2.1386555640071112E-005   2.2318657691639952       0.52060823923217603       0.51379310000000000        0.0000000000000000        0.0000000000000000        50.965222992990185        815.44356788784296        16.000000000000000        0.0000000000000000     
   1           2         201   1.1114888218683681E-005   1.3651032720645838E-006   2.1417852310836757E-005   2.2188653127684472       0.52142287770468088       0.51379310000000000        1.0000000000000000        0.0000000000000000        42.308451221767058        676.93521954827293        16.000000000000000        0.0000000000000000     
   1           2         202   1.0804675671476590E-005   8.4251884154860252E-007   2.1332061112396863E-005   2.2678902238643550       0.52150661066522397       0.51379310000000000        0.0000000000000000        0.0000000000000000        45.484284983174156        727.74855973078650        16.000000000000000        0.0000000000000000     
   1           2         203   1.1113722456594184E-005   1.4457661442737462E-006   2.1330215156248785E-005   2.2825447141533006       0.51787201276443307       0.51379310000000000        0.0000000000000000        0.0000000000000000        46.680538536654105        746.88861658646567        16.000000000000000        0.0000000000000000     
   1           2         204   1.0862795044983951E-005   8.7777858652491724E-007   2.1414337114302258E-005   2.2181523595264174       0.52534921509492061       0.51379310000000000        0.0000000000000000        0.0000000000000000        50.338986869865437        805.42378991784699        16.000000000000000        0.0000000000000000     
   1           2         205   1.1275260531925496E-005   1.6525664512496244E-006   2.1443922930715466E-005   2.2057024744160256       0.52169310875748620       0.51379310000000000        0.0000000000000000        0.0000000000000000        47.748573114049741        763.97716982479585        16.000000000000000        0.0000000000000000     
   1           2         206   1.1901440171061064E-005   2.5734240095348703E-006   2.1758705340437974E-005   2.2078790045583978       0.50934048558959744       0.51379310000000000        0.0000000000000000        0.0000000000000000        43.578876940052311        697.26203104083697        16.000000000000000        0.0000000000000000     
   1           2         207   1.1399124049403696E-005   2.0051787932209146E-006   2.1326058970328500E-005   2.2418726721993734       0.51898265733897819       0.51379310000000000        0.0000000000000000        0.0000000000000000        43.531382215002509        696.50211544004014        16.000000000000000        0.0000000000000000     
   1           2         208   1.1617726540459816E-005   2.2173526836802099E-006   2.1551454805183695E-005   2.0825976547786205       0.52736041947385381       0.51379310000000000        0.0000000000000000        0.0000000000000000        46.990854881287682        751.85367810060291        16.000000000000000        0.0000000000000000     
   1           2         209   1.1320083101452498E-005   1.7438021322584279E-006   2.1439699021409918E-005   2.1916577093469978       0.52304105533547274       0.51379310000000000        0.0000000000000000        0.0000000000000000        49.366753846521149        789.86806154433839        16.000000000000000        0.0000000000000000     
   1           2         210   1.1270025308924402E-005   1.6442260131427177E-006   2.1441969105191979E-005   2.1977311625973068       0.52273308040222477       0.51379310000000000        0.0000000000000000        0.0000000000000000        48.387328636162444        774.19725817859910        16.000000000000000        0.0000000000000000     
   1           2         211   1.0888701762067066E-005   9.3244622359326878E-007   2.1409851086571740E-005   2.2400204184021266       0.51898119118661756       0.51379310000000000        0.0000000000000000        0.0000000000000000        39.294394151115412        628.71030641784660        16.000000000000000        0.0000000000000000     
   1           2         212   1.1644234094296940E-005   2.3030040831702565E-006   2.1515462835044968E-005   2.1335347230720734       0.52303838497674038       0.51379310000000000        0.0000000000000000        0.0000000000000000        43.512196877519699        696.19515004031518        16.000000000000000        0.0000000000000000     
   1           2         213   1.2328654223842063E-005   2.8046308444321417E-006   2.2393047585144566E-005   2.3820098609950744       0.47749209153477279       0.51379310000000000        0.0000000000000000        1.0000000000000000        44.987291842920413        719.79666948672661        16.000000000000000        0.0000000000000000     
   1           2         214   1.1645050927367161E-005   2.3108668077665396E-006   2.1508834009796125E-005   2.1260274478021413       0.52416930331761535       0.51379310000000000        0.0000000000000000        0.0000000000000000        47.361662703513836        757.78660325622138        16.000000000000000        0.0000000000000000     
   1           2         215   1.2179573571334754E-005   2.6480758807533052E-006   2.2251865318092202E-005   2.3633160353117613       0.48303711064065208       0.51379310000000000        0.0000000000000000        0.0000000000000000        49.993639244876313        799.89822791802101        16.000000000000000        0.0000000000000000     
   1           2         216   1.1305012499264996E-005   1.7202632271188025E-006   2.1433577193140793E-005   2.1970247002451408       0.52287413617678602       0.51379310000000000        0.0000000000000000        0.0000000000000000        41.015547790558223        656.24876464893157        16.000000000000000        0.0000000000000000     
   1           2         217   1.0667384374451186E-005   5.6746536027403770E-007   2.1340348291752575E-005   2.2902267233024038       0.52250735125890801       0.51379310000000000        0.0000000000000000        1.0000000000000000        43.239310648068560        691.82897036909696        16.000000000000000        0.0000000000000000     
   1           2         218   1.1510994672528841E-005   1.9208018698814790E-006   2.1645311749620781E-005   2.4579266516644238       0.49364012168551757       0.51379310000000000        0.0000000000000000        0.0000000000000000        45.351495088615430        725.62392141784687        16.000000000000000        0.0000000000000000     
   1           2         219  -1.7771126791012554E-005  -3.5250660261198068E-005   8.4481734142656805E-006   11.003326529729831       0.40304065711395021       0.59999999999999998        0.0000000000000000        1.0000000000000000        58.511741033637499        936.18785653819998        16.000000000000000        9.0000000000000000     
   1           2         220   1.1636074092890489E-005   2.0690991088212543E-006   2.1745856028702980E-005   2.4383267878417110       0.49194157232444380       0.51379310000000000        0.0000000000000000        0.0000000000000000        50.334590500369373        805.35344800590997        16.000000000000000        0.0000000000000000     
   1           2         221  -2.6657359323912176E-005  -5.4945297114426876E-005   1.5774547361859859E-005   17.196456492573454       0.50048010606124271       0.59999999999999998        0.0000000000000000        1.0000000000000000        49.203876418874991        787.26202270199985        16.000000000000000        21.000000000000000     
   1           2         222   1.1097804372642442E-005   1.3914593201441398E-006   2.1354863896464011E-005   2.2550360806555854       0.51889092231625600       0.51379310000000000        0.0000000000000000        0.0000000000000000        41.288319801071999        660.61311681715199        16.000000000000000        0.0000000000000000     
   1           2         223   1.2238007473672874E-005   3.3641945477750463E-006   2.1615299017698967E-005   2.0896466183872846       0.52201758870947990       0.51379310000000000        0.0000000000000000        0.0000000000000000        43.838276082084242        701.41241731334787        16.000000000000000        0.0000000000000000     
   1           2         224  -1.2326184452763397E-005  -5.3364555906944005E-005   1.5032729850023660E-005   16.486006691385395       0.53904035899999525       0.40000000000000002        0.0000000000000000        1.0000000000000000        55.452328193499994        887.23725109599991        16.000000000000000        22.750000000000000     
   1           2         225   9.4457723603059220E-006  -1.5302566489502266E-006   2.1044554628422105E-005   2.5253989535344221       0.51313481788000659       0.51379310000000000        0.0000000000000000        0.0000000000000000        48.905314526115419        782.48503241784670        16.000000000000000        0.0000000000000000     
   1           2         226  -1.7130047081328599E-005  -5.0346019581013821E-005   1.6085925418356681E-005   20.508230040291082       0.50010783816582893       0.50000000000000000        0.0000000000000000        1.0000000000000000        50.540332130312507        808.64531408500011        16.000000000000000        35.000000000000000     
   1           2         227   9.8615154302104934E-006  -8.2062951236724515E-007   2.1149739362648386E-005   2.4722792780094318       0.51858435479766041       0.51379310000000000        0.0000000000000000        0.0000000000000000        44.972385861577649        719.55817378524239        16.000000000000000        0.0000000000000000     
   1           2         228   1.2016824122156041E-005   2.9367963472638749E-006   2.1612030645444850E-005   2.0732952604955610       0.52291227386411077       0.51379310000000000        0.0000000000000000        1.0000000000000000        44.376916453919428        710.03066326271085        16.000000000000000        0.0000000000000000     
   1           2         229   1.1639940790040191E-005   2.2986000250160185E-006   2.1511286568592567E-005   2.1261150310570645       0.52419962161913636       0.51379310000000000        0.0000000000000000        1.0000000000000000        47.871412342423582        765.94259747877732        16.000000000000000        0.0000000000000000     
   1           2         230  -1.8549262778792678E-005  -5.1105826443269891E-005   1.4007300885684569E-005   14.086800929657485       0.50047845352000997       0.50000000000000000        1.0000000000000000        0.0000000000000000        59.923655135312494        958.77848216499990        16.000000000000000        24.500000000000000     
   1           2         231   1.1384643330301645E-005   1.8535261936363138E-006   2.1456532931437190E-005   2.2054365860973446       0.52112126243932333       0.51379310000000000        0.0000000000000000        0.0000000000000000        43.057580183042013        688.92128292867221        16.000000000000000        0.0000000000000000     
   1           2         232   1.1119916044645676E-005   1.3975382105580580E-006   2.1393918011189449E-005   2.2366725045940403       0.52012213442487798       0.51379310000000000        0.0000000000000000        0.0000000000000000        46.874781664642335        749.99650663427735        16.000000000000000        0.0000000000000000     
   1           2         233   1.0494045354547373E-005   2.9384514242829687E-007   2.1272980181686927E-005   2.3806774241288555       0.51817029838996642       0.51379310000000000        0.0000000000000000        0.0000000000000000        46.343625348688484        741.49800557901574        16.000000000000000        0.0000000000000000     
   1           2         234   1.1052995375171992E-005   1.2357466703626779E-006   2.1427250955491675E-005   2.2114919507828930       0.52381237330597374       0.51379310000000000        0.0000000000000000        0.0000000000000000        48.000287759999452        768.00460415999123        16.000000000000000        0.0000000000000000     
   1           2         235   1.0658633765809649E-005   6.1307780962771386E-007   2.1274150197086332E-005   2.3289194981667474       0.51749316068779405       0.51379310000000000        0.0000000000000000        0.0000000000000000        51.104883631501941        817.67813810403106        16.000000000000000        0.0000000000000000     
   1           2         236   1.1856848702253893E-005   2.3252573153533515E-006   2.1929239461432718E-005   2.3110836995114803       0.49780470419173878       0.51379310000000000        0.0000000000000000        0.0000000000000000        40.423889295701684        646.78222873122695        16.000000000000000        0.0000000000000000     
   1           2         237   1.1168234563356999E-005   1.4689619595478639E-006   2.1417820364908036E-005   2.2122330213319401       0.52057684362331746       0.51379310000000000        0.0000000000000000        1.0000000000000000        44.879282523002388        718.06852036803821        16.000000000000000        0.0000000000000000     
   1           2         238   1.1201790607425620E-005   1.0498401425500073E-006   2.1929738113713091E-005   2.4952143380706819       0.48817146073496231       0.51379310000000000        0.0000000000000000        0.0000000000000000        49.174664082439335        786.79462531902936        16.000000000000000        0.0000000000000000     
   1           2         239   1.1592588926798465E-005   2.0083675263113865E-006   2.1720595798857860E-005   2.4089124558117061       0.49583954712390788       0.51379310000000000        0.0000000000000000        0.0000000000000000        49.460023258392347        791.36037213427755        16.000000000000000        0.0000000000000000     
   1           2         240   1.1629581818559665E-005   2.2729863037731857E-006   2.1517047864369292E-005   2.1335588055338350       0.52332863762287296       0.51379310000000000        0.0000000000000000        0.0000000000000000        49.486378854062160        791.78206166499456        16.000000000000000        0.0000000000000000     
   1           2         241   1.0927602204823562E-005   1.0096717776074159E-006   2.1408251944232254E-005   2.2388873937053320       0.51947565758756109       0.51379310000000000        0.0000000000000000        1.0000000000000000        43.515715502227984        696.25144803564774        16.000000000000000        0.0000000000000000     
   1           2         242   1.0648662367688940E-005   4.7470058277798142E-007   2.1399870062912443E-005   2.2257763891730069       0.52703016772327183       0.51379310000000000        0.0000000000000000        0.0000000000000000        43.531452634995610        696.50324215992975        16.000000000000000        0.0000000000000000     
   1           2         243   1.1761997230567625E-005   2.4799368488938531E-006   2.1570699200629044E-005   2.0802972900076000       0.52569704444384258       0.51379310000000000        0.0000000000000000        0.0000000000000000        46.863072567272148        749.80916107635437        16.000000000000000        0.0000000000000000     
   1           2         244   1.1570670064030040E-005   1.9882341214165618E-006   2.1696790175667530E-005   2.3288437528583943       0.50326953183366019       0.51379310000000000        0.0000000000000000        0.0000000000000000        51.275251801968125        820.40402883149000        16.000000000000000        0.0000000000000000     
   1           2         245  -2.6502388195467824E-005  -5.5000869091070711E-005   1.6245333147936756E-005   18.121871419241813       0.50010803606264320       0.59999999999999998        0.0000000000000000        1.0000000000000000        61.087363830000015        977.39782128000024        16.000000000000000        45.500000000000000     
   1           2         246   1.2343900849770906E-005   2.8322408143432819E-006   2.2395229400945510E-005   2.3560218197298504       0.47987540705530007       0.51379310000000000        0.0000000000000000        1.0000000000000000        42.861373070892327        685.78196913427723        16.000000000000000        0.0000000000000000     
   1           2         247   1.1349399968149201E-005   1.7916605254923176E-006   2.1449422360334133E-005   2.2102845598869125       0.52085079442581117       0.51379310000000000        0.0000000000000000        0.0000000000000000        46.745286074700743        747.92457719521190        16.000000000000000        0.0000000000000000     
   1           2         248   1.0546877960039015E-005   3.2598163121246487E-007   2.1347683151340782E-005   2.3226545293750767       0.51688223482622098       0.51379310000000000        1.0000000000000000        0.0000000000000000        45.882588657699998        734.12141852319996        16.000000000000000        0.0000000000000000     
   1           2         249   1.0853840005900435E-005   9.1167608669687482E-007   2.1360098186843261E-005   2.2833708625988809       0.52069060937358014       0.51379310000000000        0.0000000000000000        0.0000000000000000        50.240770831052217        803.85233329683547        16.000000000000000        0.0000000000000000     
   1           2         250   1.1422837518045257E-005   1.8967513104447533E-006   2.1489410747405798E-005   2.1562981769321636       0.52203343645841160       0.51379310000000000        0.0000000000000000        0.0000000000000000        49.693233344794649        795.09173351671438        16.000000000000000        0.0000000000000000     
   1           2         251   1.0876500118357572E-005   9.5639666775599760E-007   2.1359446173227342E-005   2.2697425608031523       0.52165323764747806       0.51379310000000000        0.0000000000000000        0.0000000000000000        42.055876472059211        672.89402355294737        16.000000000000000        0.0000000000000000     
   1           2         252  -2.5239622108224815E-005  -5.2244766355080588E-005   1.5268094262058930E-005   16.365530265633467       0.50016553495700988       0.59999999999999998        0.0000000000000000        1.0000000000000000        52.086098606249990        833.37757769999985        16.000000000000000        49.000000000000000     
   1           2         253   1.0988346976222047E-005   1.1218263815202293E-006   2.1414670013936699E-005   2.2447968871315025       0.51937293176999078       0.51379310000000000        0.0000000000000000        0.0000000000000000        47.499619070892344        759.99390513427750        16.000000000000000        0.0000000000000000     
   1           2         254   1.1277367578566118E-005   1.6576642604047746E-006   2.1442869526231812E-005   2.2009730655501518       0.52212819972943469       0.51379310000000000        0.0000000000000000        0.0000000000000000        47.817296043505905        765.07673669609449        16.000000000000000        0.0000000000000000     
   1           2         255   1.1631961964988350E-005   2.1575001218019018E-006   2.1643981788734955E-005   2.2315739600586211       0.51349669332362824       0.51379310000000000        0.0000000000000000        0.0000000000000000        52.290928088733132        836.65484941973011        16.000000000000000        0.0000000000000000     
   1           2         256   1.0828615654837508E-005   3.1404251987334656E-007   2.1939760161815931E-005   2.5959749382898725       0.48296517639827069       0.51379310000000000        0.0000000000000000        0.0000000000000000        41.966337916958729        671.46140667133966        16.000000000000000        0.0000000000000000     
   1           2         257   1.1041600729216264E-005   1.2175750650545621E-006   2.1423017777121597E-005   2.2456173328352316       0.51923677243183908       0.51379310000000000        0.0000000000000000        0.0000000000000000        45.412402949880445        726.59844719808711        16.000000000000000        0.0000000000000000     
   1           2         258   1.1526546472556179E-005   1.9386355427486233E-006   2.1658452208879126E-005   2.3725254907803941       0.50089768363062226       0.51379310000000000        0.0000000000000000        0.0000000000000000        47.537195433180401        760.59512693088641        16.000000000000000        0.0000000000000000     
   1           2         259   1.1672504535122754E-005   2.3507726092913282E-006   2.1523128916516622E-005   2.1322871169242648       0.52280862177061393       0.51379310000000000        0.0000000000000000        0.0000000000000000        49.974959259366194        799.59934814985911        16.000000000000000        0.0000000000000000     
   1           2         260   1.1292657065179865E-005   1.6828447154046640E-006   2.1447706854908366E-005   2.2033654349595078       0.52161074717185518       0.51379310000000000        0.0000000000000000        1.0000000000000000        50.452280276115417        807.23648441784667        16.000000000000000        0.0000000000000000     
   1           2         261   1.0913132678510404E-005   1.0073135195472454E-006   2.1380983985686577E-005   2.2477342351583740       0.52059477021007694       0.51379310000000000        0.0000000000000000        0.0000000000000000        44.432274585470779        710.91639336753246        16.000000000000000        0.0000000000000000     
   1           2         262   1.1292248321259647E-005   1.6855561437690232E-006   2.1444000907696783E-005   2.1960712771753759       0.52260613931228261       0.51379310000000000        0.0000000000000000        0.0000000000000000        42.463439055826811        679.41502489322897        16.000000000000000        0.0000000000000000     
   1           2         263   2.1351798576545046E-005   1.4505955446349374E-006   2.1351798576545046E-005   2.2031421806914677       0.51191867777912559        0.0000000000000000        0.0000000000000000        1.0000000000000000        46.467422703392330        743.47876325427728        16.000000000000000        0.0000000000000000     
   1           2         264   1.1144784359624050E-005   1.4917042100841761E-006   2.1345556859110601E-005   2.2641021339721057       0.51871155241532363       0.51379310000000000        0.0000000000000000        0.0000000000000000        47.356015519910009        757.69624831856015        16.000000000000000        0.0000000000000000     
   1           2         265   3.2099999999999989E-006   4.1136999999999999E-004   3.2099999999999989E-006   10.000000000000000        1.0000000000000000        0.0000000000000000        0.0000000000000000        1.0000000000000000        46.902455011740415        750.43928018784663        16.000000000000000        1.7500000000000000     
   1           2         266   1.1508415776980674E-005   2.0505094940267256E-006   2.1502940718169969E-005   2.1254659169908794       0.52286326540500094       0.51379310000000000        0.0000000000000000        0.0000000000000000        42.449943221967310        679.19909155147695        16.000000000000000        0.0000000000000000     
   1           2         267   1.0003327034192027E-005  -6.0079010982201619E-007   2.1209096060065775E-005   2.4222517612806627       0.51662330386113731       0.51379310000000000        0.0000000000000000        0.0000000000000000        43.675392994865419        698.80628791784670        16.000000000000000        0.0000000000000000     
   1           2         268   1.0758923626412919E-005   7.3645300079836247E-007   2.1350044921469424E-005   2.2821424870174418       0.52221835606568234       0.51379310000000000        0.0000000000000000        0.0000000000000000        42.608821957052456        681.74115131283929        16.000000000000000        0.0000000000000000     
   1           2         269   9.7421484174071934E-006  -1.1210044774005871E-006   2.1221650254170820E-005   2.3994796081788303       0.52455544950018274       0.51379310000000000        0.0000000000000000        1.0000000000000000        47.145503365608441        754.32805384973506        16.000000000000000        0.0000000000000000     
   1           2         270   1.1265498789005307E-005   1.4229693804802495E-006   2.1666469438840379E-005   2.3784229456755619       0.50293194170140576       0.51379310000000000        0.0000000000000000        0.0000000000000000        48.586466901239390        777.38347041983025        16.000000000000000        0.0000000000000000     
   1           2         271   1.0705212365402580E-005   6.7919528540215847E-007   2.1300081332063303E-005   2.3247173351741584       0.51809879123399716       0.51379310000000000        0.0000000000000000        0.0000000000000000        42.017833333112534        672.28533332980055        16.000000000000000        0.0000000000000000     
   1           2         272   1.1548107573879077E-005   2.0744720969268063E-006   2.1559254145376505E-005   2.2185534714462465       0.51724855617472243       0.51379310000000000        0.0000000000000000        0.0000000000000000        45.663141896591469        730.61027034546350        16.000000000000000        0.0000000000000000     
   1           2         273   1.0725918686945080E-005   8.1962553021281102E-007   2.1194270885373950E-005   2.3270689878989321       0.51809598204377261       0.51379310000000000        0.0000000000000000        0.0000000000000000        45.210440700733415        723.36705121173463        16.000000000000000        0.0000000000000000     
   1           2         274   1.1306575602960975E-005   1.7144806746273196E-006   2.1442902727736410E-005   2.1915526084382106       0.52302779230102392       0.51379310000000000        1.0000000000000000        0.0000000000000000        46.847017619865426        749.55228191784681        16.000000000000000        0.0000000000000000     
   1           2         275   1.1149003692799006E-005   1.4528513541688241E-006   2.1395292192894349E-005   2.2285707283692826       0.52064466215855798       0.51379310000000000        0.0000000000000000        0.0000000000000000        48.987188468289197        783.79501549262716        16.000000000000000        0.0000000000000000     
   1           2         276   1.2362416165663033E-005   3.0811421529404832E-006   2.2170287150106274E-005   2.3002823172739286       0.48897821763403904       0.51379310000000000        0.0000000000000000        0.0000000000000000        42.109713501560314        673.75541602496503        16.000000000000000        0.0000000000000000     
   1           2         277   1.1262892303519352E-005   1.6584894766830501E-006   2.1412225647099988E-005   2.2120807492376824       0.52232861930557961       0.51379310000000000        0.0000000000000000        0.0000000000000000        44.451760352015718        711.22816563225149        16.000000000000000        0.0000000000000000     
   1           2         278   1.1272012179762043E-005   1.6585604375081580E-006   2.1430907852269048E-005   2.2004459770258005       0.52287784271914561       0.51379310000000000        0.0000000000000000        0.0000000000000000        46.191618233862087        739.06589174179339        16.000000000000000        0.0000000000000000     
   1           2         279   1.0957429335384175E-005   1.0548737446355673E-006   2.1421831907402548E-005   2.2144470566016148       0.52459611417611873       0.51379310000000000        0.0000000000000000        0.0000000000000000        44.876908156871778        718.03053050994845        16.000000000000000        0.0000000000000000     
   1           2         280   1.1085579936183326E-005   1.3179729461143126E-006   2.1407377251296279E-005   2.2239177138685586       0.52172576839351881       0.51379310000000000        0.0000000000000000        0.0000000000000000        47.321714318570180        757.14742909712288        16.000000000000000        0.0000000000000000     
   1           2         281   1.1293181559245467E-005   1.6895911051454117E-006   2.1441656438031916E-005   2.2014778171413489       0.52145349932923046       0.51379310000000000        0.0000000000000000        0.0000000000000000        39.045892901115415        624.73428641784665        16.000000000000000        0.0000000000000000     
   1           2         282   1.0889643689444643E-005   9.8038473008035235E-007   2.1361129962952178E-005   2.2705330214915493       0.52176508025776192       0.51379310000000000        0.0000000000000000        0.0000000000000000        43.462576912731294        695.40123060370070        16.000000000000000        0.0000000000000000     
   1           2         283   1.0004854847855603E-005  -4.1418637472948717E-007   2.1015047193500069E-005   2.3587265373883124       0.50655234268206784       0.51379310000000000        0.0000000000000000        1.0000000000000000        45.699445005752501        731.19112009204002        16.000000000000000        0.0000000000000000     
   1           2         284   1.0697837637392600E-005   6.6555239061939995E-007   2.1299330411403164E-005   2.3206434552855573       0.51829789187976349       0.51379310000000000        0.0000000000000000        0.0000000000000000        50.342549773970333        805.48079638352533        16.000000000000000        0.0000000000000000     
   1           2         285   1.1401579251558672E-005   1.8438759772448883E-006   2.1501563423297021E-005   2.1424172842342029       0.52503172971362633       0.51379310000000000        0.0000000000000000        0.0000000000000000        48.756865732597490        780.10985172155983        16.000000000000000        0.0000000000000000     
   1           2         286   1.1355225224166068E-005   1.4937273194594176E-006   2.1776240596639511E-005   2.3910593936148654       0.49802748097610439       0.51379310000000000        0.0000000000000000        0.0000000000000000        42.059925842231351        672.95881347570162        16.000000000000000        0.0000000000000000     
   1           2         287   1.1342626855387506E-005   1.7830124489917279E-006   2.1444630592205955E-005   2.1865282214231709       0.52320208662997314       0.51379310000000000        0.0000000000000000        0.0000000000000000        41.440993343264545        663.05589349223271        16.000000000000000        0.0000000000000000     
   1           2         288   1.1314905713884971E-005   1.7280506295789099E-006   2.1445695698593944E-005   2.1980149729796357       0.52177336822612663       0.51379310000000000        0.0000000000000000        0.0000000000000000        46.845596338615429        749.52954141784687        16.000000000000000        0.0000000000000000     
   1           2         289   1.1127313361376424E-005   1.4276624717059836E-006   2.1377298911811172E-005   2.2481720885975554       0.51919142208830815       0.51379310000000000        0.0000000000000000        0.0000000000000000        51.051501199779295        816.82401919646873        16.000000000000000        0.0000000000000000     
   1           2         290   1.0891473436550315E-005   9.8300446858937130E-007   2.1362124896458803E-005   2.2755706421304871       0.52078464229234356       0.51379310000000000        0.0000000000000000        0.0000000000000000        50.258229793587439        804.13167669739903        16.000000000000000        0.0000000000000000     
   1           2         291   1.1922163155782957E-005   2.8172503657702460E-006   2.1543666609581032E-005   2.0820841358486906       0.52491178541868677       0.51379310000000000        0.0000000000000000        0.0000000000000000        40.896323692559832        654.34117908095732        16.000000000000000        0.0000000000000000     
   1           2         292   9.8396982712708220E-006  -8.6384772028864107E-007   2.1150537496292269E-005   2.4771946372960287       0.51850195031712809       0.51379310000000000        0.0000000000000000        0.0000000000000000        43.905352191796538        702.48563506874461        16.000000000000000        0.0000000000000000     
   1           2         293   1.1686525063818473E-005   2.3846102310360975E-006   2.1516207978379102E-005   2.1194229493754166       0.52421373875036914       0.51379310000000000        0.0000000000000000        0.0000000000000000        44.807774423476758        716.92439077562813        16.000000000000000        0.0000000000000000     
   1           2         294   1.0702597227712980E-005   6.7288117662469236E-007   2.1301375036108056E-005   2.2754440942559655       0.52225034090043587       0.51379310000000000        0.0000000000000000        0.0000000000000000        48.789782908605986        780.63652653769577        16.000000000000000        0.0000000000000000     
   1           2         295   1.1288859571579153E-005   1.6713885011335141E-006   2.1452002619208775E-005   2.2043663555943911       0.52139541958334934       0.51379310000000000        0.0000000000000000        0.0000000000000000        53.376012633392335        854.01620213427736        16.000000000000000        0.0000000000000000     
   1           2         296   1.1955995772882741E-005   2.7455180574082987E-006   2.1689053649919473E-005   2.1522587874320109       0.51631462624221613       0.51379310000000000        0.0000000000000000        0.0000000000000000        43.421917740226711        694.75068384362737        16.000000000000000        0.0000000000000000     
   1           2         297   1.1531698701617680E-005   2.0737787741229039E-006   2.1526238061506398E-005   2.2142400322278255       0.51860912895488975       0.51379310000000000        0.0000000000000000        0.0000000000000000        43.718999736587563        699.50399578540100        16.000000000000000        0.0000000000000000     
   1           2         298   1.1436625283591423E-005   1.8170431557275002E-006   2.1601999164916300E-005   2.2641666239801723       0.51195802406756408       0.51379310000000000        0.0000000000000000        0.0000000000000000        47.551199858946717        760.81919774314747        16.000000000000000        0.0000000000000000     
   1           2         299   1.1400072210996766E-005   1.8148159486675124E-006   2.1529172660448872E-005   2.2222019672671998       0.51755205539255122       0.51379310000000000        0.0000000000000000        0.0000000000000000        47.356127958289697        757.69804733263516        16.000000000000000        0.0000000000000000     
   1           2         300   1.1626723346741182E-005   2.1511946657667218E-006   2.1639870538063874E-005   2.2286045591605830       0.51386327869318482       0.51379310000000000        0.0000000000000000        0.0000000000000000        50.829679766888681        813.27487627021890        16.000000000000000        0.0000000000000000     
   1           2         301   1.1192292712124090E-005   1.4164392106664547E-006   2.1522804425676168E-005   2.3078514804255650       0.51365958270961809       0.51379310000000000        0.0000000000000000        0.0000000000000000        44.976160074199079        719.61856118718526        16.000000000000000        0.0000000000000000     
   1           2         302   1.1472514829118835E-005   2.0166917784144919E-006   2.1464838340514440E-005   2.1597811854312154       0.52114788075815899       0.51379310000000000        0.0000000000000000        0.0000000000000000        44.777290914642336        716.43665463427737        16.000000000000000        0.0000000000000000     
   1           2         303   1.1267025822331065E-005   1.6129046642702726E-006   2.1468898394637060E-005   2.2102944820122672       0.52014874484553175       0.51379310000000000        1.0000000000000000        0.0000000000000000        45.693893058191449        731.10228893106319        16.000000000000000        0.0000000000000000     
   1           2         304   1.1224744018646092E-005   1.6007185327702448E-006   2.1394813363336771E-005   2.2253720803236825       0.52216476720166705       0.51379310000000000        0.0000000000000000        0.0000000000000000        49.569342432766767        793.10947892426827        16.000000000000000        0.0000000000000000     
   1           2         305   1.1022459077273163E-005   1.1854554287589754E-006   2.1417590448879675E-005   2.2113292893807186       0.52448386823338544       0.51379310000000000        0.0000000000000000        0.0000000000000000        49.269016709176540        788.30426734682464        16.000000000000000        0.0000000000000000     
   1           2         306   1.1595564993742262E-005   2.2446407543440935E-006   2.1477037989755647E-005   2.1443702994484939       0.52382479332786791       0.51379310000000000        0.0000000000000000        0.0000000000000000        42.896101092164287        686.33761747462859        16.000000000000000        0.0000000000000000     
   1           2         307   1.2100747503599227E-005   2.8019253832504351E-006   2.1927162232725120E-005   2.3171859716990060       0.49456461663387585       0.51379310000000000        0.0000000000000000        0.0000000000000000        44.554753578625011        712.87605725800017        16.000000000000000        0.0000000000000000     
   1           2         308   1.1280979901491491E-005   1.4130054416614783E-006   2.1708839293114425E-005   2.4632348648380389       0.49389651170905730       0.51379310000000000        0.0000000000000000        0.0000000000000000        45.875739036417556        734.01182458268090        16.000000000000000        0.0000000000000000     
   1           2         309   1.1732908444938502E-005   2.4709139617151563E-006   2.1520406026149582E-005   2.0977804979733654       0.52193270418188176       0.51379310000000000        0.0000000000000000        0.0000000000000000        47.412058633392341        758.59293813427746        16.000000000000000        0.0000000000000000     
   1           2         310   1.1527741846847496E-005   2.1196096832438113E-006   2.1469668605903570E-005   2.1745250764072677       0.52038983751792389       0.51379310000000000        0.0000000000000000        0.0000000000000000        52.990188950238050        847.84302320380880        16.000000000000000        0.0000000000000000     
   1           2         311   1.0752281762562732E-005   7.4406921764826379E-007   2.1328336008009478E-005   2.2712713450013262       0.52128063815614856       0.51379310000000000        0.0000000000000000        0.0000000000000000        42.013720886120289        672.21953417792463        16.000000000000000        0.0000000000000000     
   1           2         312   1.1677880982010526E-005   2.3690884784773469E-006   2.1514831789674818E-005   2.1203378986081156       0.52418277517587597       0.51379310000000000        0.0000000000000000        0.0000000000000000        46.141039968585638        738.25663949737020        16.000000000000000        0.0000000000000000     
   1           2         313   1.1306060729459159E-005   1.7125167732939999E-006   2.1443919096389708E-005   2.1972818073365321       0.52192789015276531       0.51379310000000000        0.0000000000000000        0.0000000000000000        45.829591005050062        733.27345608080100        16.000000000000000        0.0000000000000000     
   1           2         314   1.0932792928778574E-005   1.0393575944219578E-006   2.1387557783182534E-005   2.2528548906456147       0.52010158900438819       0.51379310000000000        0.0000000000000000        0.0000000000000000        49.435107846000001        790.96172553600002        16.000000000000000        0.0000000000000000     
   1           2         315   1.1110087824777070E-005   1.3410597222569334E-006   2.1433386882813505E-005   2.2106884103334412       0.52313267171148947       0.51379310000000000        0.0000000000000000        0.0000000000000000        51.570099665364950        825.12159464583920        16.000000000000000        0.0000000000000000     
   1           2         316   1.1092201630352827E-005   1.3105749492335364E-006   2.1428814079775059E-005   2.2100750494785317       0.52350111734533211       0.51379310000000000        0.0000000000000000        0.0000000000000000        43.863583820892330        701.81734113427729        16.000000000000000        0.0000000000000000     
   1           2         317   1.0674551848727120E-005   4.4131193698990497E-007   2.1488400967888546E-005   2.5120442033777288       0.50003628428945457       0.51379310000000000        0.0000000000000000        0.0000000000000000        43.724769377576500        699.59631004122400        16.000000000000000        0.0000000000000000     
   1           2         318   1.0535738388510830E-005   3.1259091981977100E-007   2.1338922443891346E-005   2.2785035463781540       0.51892737591949434       0.51379310000000000        0.0000000000000000        0.0000000000000000        47.094550526659532        753.51280842655251        16.000000000000000        0.0000000000000000     
   1           2         319   1.2646646417643236E-005   3.1590906765217325E-006   2.2672503055329044E-005   2.3579811017136927       0.47113503440801463       0.51379310000000000        0.0000000000000000        0.0000000000000000        45.526189089747078        728.41902543595324        16.000000000000000        0.0000000000000000     
   1           2         320   1.1530717793894530E-005   2.0615426738989220E-006   2.1537150938601940E-005   2.2165511878556989       0.51813024500933746       0.51379310000000000        0.0000000000000000        0.0000000000000000        50.203518769486621        803.25630031178594        16.000000000000000        0.0000000000000000     
   1           2         321   1.1464763549782284E-005   2.0107287385037681E-006   2.1455197361385034E-005   2.1684006611813560       0.52059406180847900       0.51379310000000000        0.0000000000000000        1.0000000000000000        42.240842808079066        675.85348492926505        16.000000000000000        0.0000000000000000     
   1           2         322   1.0407475704564589E-005   1.3025898994616729E-007   2.1267796763717871E-005   2.3671727019341020       0.51929374220314117       0.51379310000000000        0.0000000000000000        0.0000000000000000        45.138341506535582        722.21346410456931        16.000000000000000        0.0000000000000000     
   1           2         323   1.1241381881257207E-005   1.7226051579179872E-006   2.1300230903951612E-005   2.1443286726409938       0.51838531389219711       0.51379310000000000        0.0000000000000000        1.0000000000000000        42.225781106338502        675.61249770141603        16.000000000000000        0.0000000000000000     
   1           2         324   1.1061732671395714E-005   1.2578908641340145E-006   2.1421820679325310E-005   2.2241077069820605       0.52042235543662252       0.51379310000000000        0.0000000000000000        0.0000000000000000        48.719835594332970        779.51736950932752        16.000000000000000        0.0000000000000000     
   1           2         325   1.1558040516336705E-005   2.1629459967759492E-006   2.1486189907055072E-005   2.2147510431524737       0.51993495563096925       0.51379310000000000        0.0000000000000000        0.0000000000000000        46.452283658175247        743.23653853080395        16.000000000000000        0.0000000000000000     
   1           2         326   1.1279307986002265E-005   1.6578228915422103E-006   2.1446692803631359E-005   2.2043719757499103       0.52165267221851053       0.51379310000000000        0.0000000000000000        0.0000000000000000        42.889478872552765        686.23166196084424        16.000000000000000        0.0000000000000000     
   1           2         327   1.1733024236443010E-005   2.4171293672720958E-006   2.1577480380741781E-005   2.1424426909920427       0.52040473202130066       0.51379310000000000        0.0000000000000000        0.0000000000000000        43.186869383498014        690.98991013596822        16.000000000000000        0.0000000000000000     
   1           2         328   1.1737141251536583E-005   2.4189594634505377E-006   2.1584014068981835E-005   2.1456284614523935       0.51996318238076100       0.51379310000000000        0.0000000000000000        0.0000000000000000        45.887041016204591        734.19265625927346        16.000000000000000        0.0000000000000000     
   1           2         329   1.1235435019372651E-005   1.6023722513178749E-006   2.1415054399709656E-005   2.2064821327922095       0.52259465603106181       0.51379310000000000        0.0000000000000000        0.0000000000000000        49.521694755852245        792.34711609363592        16.000000000000000        0.0000000000000000     
   1           2         330   1.0624053259442164E-005   4.9173869691945634E-007   2.1331250769913189E-005   2.3069674641019251       0.51916915517470386       0.51379310000000000        0.0000000000000000        0.0000000000000000        49.015347258392346        784.24555613427754        16.000000000000000        0.0000000000000000     
   1           2         331   1.3312611851469925E-005   3.8550773334969335E-006   2.3306743934635571E-005   2.4221719480411217       0.44630660169916531       0.51379310000000000        0.0000000000000000        0.0000000000000000        40.421849349731090        646.74958959569744        16.000000000000000        0.0000000000000000     
   1           2         332   1.2032335208397006E-005   2.9864979332663861E-006   2.1591411345912299E-005   2.0689842935811007       0.52375305737812339       0.51379310000000000        1.0000000000000000        0.0000000000000000        42.321662602395079        677.14660163832127        16.000000000000000        0.0000000000000000     
   1           2         333   1.1533108436530649E-005   2.0682940132724731E-006   2.1534933469146240E-005   2.2154699361462007       0.51825373212801051       0.51379310000000000        0.0000000000000000        1.0000000000000000        45.350772099256382        725.61235358810211        16.000000000000000        0.0000000000000000     
   1           2         334   1.0948891017720795E-005   1.0421381749604982E-006   2.1417728983647910E-005   2.2011136888354006       0.52020979468995521       0.51379310000000000        0.0000000000000000        0.0000000000000000        46.979685743773565        751.67497190037705        16.000000000000000        0.0000000000000000     
   1           2         335   1.2047068075955821E-005   2.7414897541664270E-006   2.1880622337001686E-005   2.2491831859629610       0.50191064508658179       0.51379310000000000        0.0000000000000000        0.0000000000000000        50.393348856530878        806.29358170449404        16.000000000000000        0.0000000000000000     
   1           2         336   1.1321963141369821E-005   1.7443068174729025E-006   2.1443032450319647E-005   2.1875393795021227       0.52308683409174639       0.51379310000000000        0.0000000000000000        1.0000000000000000        40.686647523800218        650.98636038080349        16.000000000000000        0.0000000000000000     
   1           2         337   1.1299866162146252E-005   1.7024061043238992E-006   2.1441862820841877E-005   2.1893888186245007       0.52295212745397757       0.51379310000000000        0.0000000000000000        0.0000000000000000        42.513589307365422        680.21742891784675        16.000000000000000        0.0000000000000000     
   1           2         338   1.1433899395074428E-005   1.3043961035900522E-006   2.2138126129807483E-005   2.4977168701338059       0.48149357298893120       0.51379310000000000        0.0000000000000000        1.0000000000000000        43.712398955923987        699.39838329478380        16.000000000000000        0.0000000000000000     
   1           2         339   1.1695888014067635E-005   2.3895476808594152E-006   2.1530247521211917E-005   2.1300682838735243       0.52277459869631793       0.51379310000000000        0.0000000000000000        0.0000000000000000        47.550929307590032        760.81486892144051        16.000000000000000        0.0000000000000000     
   1           2         340   1.1637922565760703E-005   2.2903373521227426E-006   2.1515867087792619E-005   2.1295430005475247       0.52366351262729893       0.51379310000000000        0.0000000000000000        0.0000000000000000        51.736518478489714        827.78429565583542        16.000000000000000        0.0000000000000000     
   1           2         341   1.1107086648485022E-005   1.2928021624845938E-006   2.1478209827411851E-005   2.1522863742430944       0.52746771622040411       0.51379310000000000        0.0000000000000000        0.0000000000000000        44.177967451748557        706.84747922797692        16.000000000000000        0.0000000000000000     
   1           2         342   1.1255789908178895E-005   1.6378458144144909E-006   2.1419432817323054E-005   2.2036103319578917       0.52271835338293404       0.51379310000000000        0.0000000000000000        0.0000000000000000        42.843405690294873        685.49449104471796        16.000000000000000        0.0000000000000000     
   1           2         343   1.0472239974627334E-005   2.7030321813561369E-007   2.1253009873453446E-005   2.3308787335083947       0.51657577460023518       0.51379310000000000        0.0000000000000000        1.0000000000000000        45.932652280768757        734.92243649230011        16.000000000000000        0.0000000000000000     
   1           2         344   1.0412452701147539E-005   1.3930849300488043E-007   2.1268470189687153E-005   2.3610314637012708       0.52033284116887280       0.51379310000000000        0.0000000000000000        0.0000000000000000        44.859656369865426        717.75450191784682        16.000000000000000        0.0000000000000000     
   1           2         345   1.1148162442928579E-005   1.4225763202901060E-006   2.1425554728532649E-005   2.2055989486926060       0.52365316077833968       0.51379310000000000        0.0000000000000000        0.0000000000000000        49.387337164420920        790.19739463073472        16.000000000000000        0.0000000000000000     
   1           2         346   1.0661265448080749E-005   5.4833675520570474E-007   2.1347977181688957E-005   2.2917760468452792       0.52214842693615593       0.51379310000000000        0.0000000000000000        0.0000000000000000        43.638179571639064        698.21087314622503        16.000000000000000        0.0000000000000000     
   1           2         347   1.0648288975025328E-005   4.7142957314481581E-007   2.1402558690976311E-005   2.2572864382585083       0.51656452033879807       0.51379310000000000        0.0000000000000000        0.0000000000000000        45.042858681932856        720.68573891092569        16.000000000000000        0.0000000000000000     
   1           2         348   1.1141755679243577E-005   1.5024338956127632E-006   2.1327989196516268E-005   2.2780037602007215       0.51825281996240224       0.51379310000000000        0.0000000000000000        0.0000000000000000        44.788265544497342        716.61224871195748        16.000000000000000        0.0000000000000000     
   1           2         349   1.1605216507061294E-005   2.1895737098090045E-006   2.1555080034898945E-005   2.0839384119780466       0.52721872207920173       0.51379310000000000        0.0000000000000000        0.0000000000000000        47.769475926077902        764.31161481724644        16.000000000000000        0.0000000000000000     
   1           2         350   1.0916657593504240E-005   1.0214922088293549E-006   2.1373250657084532E-005   2.2783297783897858       0.52046119042907701       0.51379310000000000        0.0000000000000000        0.0000000000000000        48.567705738906419        777.08329182250270        16.000000000000000        0.0000000000000000     
   1           2         351   1.1467847088304256E-005   2.0696010242963425E-006   2.1399326834456231E-005   2.2102422784682387       0.51944096813556861       0.51379310000000000        0.0000000000000000        0.0000000000000000        43.244692633392333        691.91508213427733        16.000000000000000        0.0000000000000000     
   1           2         352   1.1331146344654816E-005   1.7606346368232146E-006   2.1444665669356700E-005   2.1858066761745092       0.52314542742443371       0.51379310000000000        0.0000000000000000        0.0000000000000000        48.339439302193831        773.43102883510130        16.000000000000000        0.0000000000000000     
   1           2         353   1.1268272306800629E-005   1.6447071033216586E-006   2.1437855253788158E-005   2.2047242655589234       0.52177543789420355       0.51379310000000000        0.0000000000000000        1.0000000000000000        47.885246103557108        766.16393765691373        16.000000000000000        0.0000000000000000     
   1           2         354   1.0476627092037454E-005   1.5457348909922212E-007   2.1384328975782729E-005   2.2333942840098016       0.52836871619839454       0.51379310000000000        0.0000000000000000        0.0000000000000000        47.563491491196032        761.01586385913652        16.000000000000000        0.0000000000000000     
   1           2         355   1.0814760990173103E-005   8.7419309075224663E-007   2.1319332597042203E-005   2.3005420422722636       0.52080522721240186       0.51379310000000000        0.0000000000000000        0.0000000000000000        51.586639980786238        825.38623969257981        16.000000000000000        0.0000000000000000     
   1           2         356   1.1272030906204306E-005   1.6458209504104071E-006   2.1444408662336864E-005   2.2042058592887730       0.52188012799076822       0.51379310000000000        0.0000000000000000        1.0000000000000000        41.618245261531904        665.89192418451046        16.000000000000000        0.0000000000000000     
   1           2         357   1.1259501526135332E-005   1.6236314963390716E-006   2.1442087445434397E-005   2.2017287973875019       0.52238029578472778       0.51379310000000000        0.0000000000000000        1.0000000000000000        44.877720057992562        718.04352092788099        16.000000000000000        0.0000000000000000     
   1           2         358   1.1477981028782155E-005   2.0018926000788017E-006   2.1491719726562143E-005   2.1406791002486050       0.52483055448397065       0.51379310000000000        0.0000000000000000        0.0000000000000000        49.177680945892348        786.84289513427757        16.000000000000000        0.0000000000000000     
   1           2         359   1.1916456093207878E-005   2.8012966758332459E-006   2.1548787543146268E-005   2.0812480205041606       0.52506412972575711       0.51379310000000000        0.0000000000000000        0.0000000000000000        49.459869977549978        791.35791964079965        16.000000000000000        0.0000000000000000     
   1           2         360   1.0663656534350852E-005   5.5113761991173281E-007   2.1349935239688629E-005   2.3848269487668539       0.51590830391419151       0.51379310000000000        0.0000000000000000        0.0000000000000000        49.486113447882644        791.77781516612231        16.000000000000000        0.0000000000000000     
   1           2         361   9.7900444772550608E-006  -9.3985882898416857E-007   2.1128736467049879E-005   2.4870428355357150       0.51815792501887215       0.51379310000000000        0.0000000000000000        0.0000000000000000        43.515456399731157        696.24730239569851        16.000000000000000        0.0000000000000000     
   1           2         362   1.1531520746127716E-005   2.0744863028635021E-006   2.1525124381558545E-005   2.2140220751986384       0.51866026016464384       0.51379310000000000        0.0000000000000000        0.0000000000000000        43.531109561443714        696.49775298309942        16.000000000000000        0.0000000000000000     
   1           2         363   1.0915610095681347E-005   1.0013597302015768E-006   2.1392370975578203E-005   2.2841544822964472       0.51933596219745271       0.51379310000000000        0.0000000000000000        0.0000000000000000        46.862717611108344        749.80348177773351        16.000000000000000        0.0000000000000000     
   1           2         364   1.2246307760593202E-005   3.2770679591469592E-006   2.1724440469587061E-005   2.0891637161396845       0.51847222077690480       0.51379310000000000        0.0000000000000000        0.0000000000000000        49.879844734978633        798.07751575965813        16.000000000000000        0.0000000000000000     
   1           2         365   1.1290603130197607E-005   1.6510168433642256E-006   2.1477116157943633E-005   2.2109771582572835       0.51990433820497328       0.51379310000000000        1.0000000000000000        0.0000000000000000        50.229282508392330        803.66852013427729        16.000000000000000        0.0000000000000000     
   1           2         366   1.0684742230732953E-005   6.7769544931900891E-007   2.1259564570086052E-005   2.3405991642777666       0.51738168634980708       0.51379310000000000        0.0000000000000000        0.0000000000000000        41.666541037794332        666.66465660470931        16.000000000000000        0.0000000000000000     
   1           2         367   1.1275808177787115E-005   1.6567449628215752E-006   2.1440633704353896E-005   2.2015272719211501       0.52183592868853790       0.51379310000000000        0.0000000000000000        1.0000000000000000        46.745002901080305        747.92004641728488        16.000000000000000        0.0000000000000000     
   1           2         368   1.1292988106900758E-005   1.6875792196090100E-006   2.1443384592366767E-005   2.1980811457155260       0.52217305239639134       0.51379310000000000        0.0000000000000000        0.0000000000000000        45.882310788509628        734.11697261615404        16.000000000000000        0.0000000000000000     
   1           2         369   1.1577626842562387E-005   2.1979614542307416E-006   2.1489471690576294E-005   2.1445791016119999       0.52272140164881575       0.51379310000000000        0.0000000000000000        0.0000000000000000        50.240399054913929        803.84638487862287        16.000000000000000        0.0000000000000000     
   1           2         370   1.2212627865879870E-005   3.2912791953890737E-006   2.1640152217328446E-005   2.0819694389484922       0.52172819441065776       0.51379310000000000        0.0000000000000000        0.0000000000000000        49.692845528878472        795.08552846205555        16.000000000000000        0.0000000000000000     
   1           2         371   1.0925888651441793E-005   1.0487929978212149E-006   2.1363386751263605E-005   2.2662130799809046       0.52191437566335364       0.51379310000000000        0.0000000000000000        0.0000000000000000        42.381842850458831        678.10948560734130        16.000000000000000        0.0000000000000000     
   1           2         372   1.1713457702037776E-005   2.4320570289834518E-006   2.1521462533212837E-005   2.1253230536089500       0.52345299424035951       0.51379310000000000        0.0000000000000000        1.0000000000000000        44.310081508392337        708.96130413427738        16.000000000000000        0.0000000000000000     
   1           2         373   1.1589802713074984E-005   2.1187533375753043E-006   2.1598216453997394E-005   2.2309124396310192       0.51497296279567650       0.51379310000000000        0.0000000000000000        0.0000000000000000        49.138406449043131        786.21450318469010        16.000000000000000        0.0000000000000000     
   1           2         374   1.1577522297959886E-005   2.1092209787367219E-006   2.1583032064558975E-005   2.2265971559036695       0.51580594804959856       0.51379310000000000        0.0000000000000000        0.0000000000000000        47.895316391187663        766.32506225900261        16.000000000000000        0.0000000000000000     
   1           2         375   1.0610905864820435E-005   3.7817764181651899E-007   2.1424214263270856E-005   2.4576563576374184       0.50693039463602796       0.51379310000000000        0.0000000000000000        0.0000000000000000        52.907588763067920        846.52142020908673        16.000000000000000        0.0000000000000000     
   1           2         376   1.1556553055120608E-005   1.9830554831587023E-006   2.1673227654639576E-005   2.3025615188005975       0.50632589670484551       0.51379310000000000        0.0000000000000000        0.0000000000000000        40.490977619088881        647.85564190542209        16.000000000000000        0.0000000000000000     
   1           2         377   1.0571666040981397E-005   2.0781885558201035E-008   2.1721181767631414E-005   2.6372808720456185       0.48615951149056097       0.51379310000000000        0.0000000000000000        0.0000000000000000        44.995637383838037        719.93019814140860        16.000000000000000        0.0000000000000000     
   1           2         378   1.0658422339262350E-005   6.3786588055866573E-007   2.1247520862221123E-005   2.3484265913896918       0.51723616906513148       0.51379310000000000        0.0000000000000000        0.0000000000000000        46.208227806558249        739.33164490493198        16.000000000000000        0.0000000000000000     
   1           2         379   1.0157358480665072E-005  -3.1435828380985369E-007   2.1223215050659375E-005   2.4001804801220872       0.51843463168551596       0.51379310000000000        0.0000000000000000        0.0000000000000000        49.514881820892342        792.23810913427747        16.000000000000000        0.0000000000000000     
   1           2         380   1.1440204522050778E-005   1.8093711704337080E-006   2.1617467994269731E-005   2.2685902520449028       0.51113218433814933       0.51379310000000000        0.0000000000000000        0.0000000000000000        50.452144667267348        807.23431467627756        16.000000000000000        0.0000000000000000     
   1           2         381   1.1076012731810278E-005   1.2817657101215150E-006   2.1425961569309856E-005   2.2102364696417993       0.52374310010756719       0.51379310000000000        0.0000000000000000        0.0000000000000000        44.432005875773058        710.91209401236893        16.000000000000000        0.0000000000000000     
   1           2         382   1.1334762600569531E-005   1.8032348847321550E-006   2.1407086076143463E-005   2.1866093651230138       0.52084498772446275       0.51379310000000000        0.0000000000000000        0.0000000000000000        42.463187278287016        679.41099645259226        16.000000000000000        0.0000000000000000     
   1           2         383   1.0998807322031309E-005   1.1691138244389563E-006   2.1386213782486256E-005   2.2369140669130991       0.52152513433993963       0.51379310000000000        0.0000000000000000        0.0000000000000000        47.620938431292274        761.93501490067638        16.000000000000000        0.0000000000000000     
   1           2         384   1.3687257449031092E-005   4.2456007490547494E-006   2.3664610845325059E-005   2.4664250809379262       0.43184033058983345       0.51379310000000000        0.0000000000000000        0.0000000000000000        47.355628359112686        757.69005374580297        16.000000000000000        0.0000000000000000     
   1           2         385   3.1639063598550867E-006   3.1639063598550867E-006   2.1381582723289172E-005   1.9392096698256260       0.51688410393814510        1.0000000000000000        1.0000000000000000        0.0000000000000000        42.391263152230835        678.26021043569335        16.000000000000000        0.0000000000000000     
   1           2         386   1.1090871049921254E-005   1.3089228723487661E-006   2.1427823236725673E-005   2.1953722888006202       0.52129748787744234       0.51379310000000000        0.0000000000000000        1.0000000000000000        43.600289463615418        697.60463141784669        16.000000000000000        0.0000000000000000     
   1           2         387   1.3123763622911141E-005   3.6552390491378540E-006   2.3129509310981734E-005   2.4133984730858220       0.45261182612546763       0.51379310000000000        0.0000000000000000        0.0000000000000000        44.502551307024099        712.04082091238558        16.000000000000000        0.0000000000000000     
   1           2         388   1.1284936909557893E-005   1.4108153937763245E-006   2.1719292126174599E-005   2.4082215060768606       0.49826306096359513       0.51379310000000000        0.0000000000000000        0.0000000000000000        44.318352042683799        709.09363268294078        16.000000000000000        0.0000000000000000     
   1           2         389   1.1291225496636433E-005   1.6838671661336813E-006   2.1443682031992218E-005   2.1979399800106321       0.52228569362058730       0.51379310000000000        1.0000000000000000        0.0000000000000000        47.659969941168868        762.55951905870188        16.000000000000000        0.0000000000000000     
   1           2         390   9.8381996118272163E-006  -8.9068966255828374E-007   2.1175820036060713E-005   2.4814919910495341       0.51648340530042758       0.51379310000000000        0.0000000000000000        0.0000000000000000        51.071358439409032        817.14173503054451        16.000000000000000        0.0000000000000000     
   1           2         391   1.0707960688109802E-005   6.7381190987058948E-007   2.1311422725840433E-005   2.3119714301175729       0.51904660110221068       0.51379310000000000        0.0000000000000000        0.0000000000000000        43.002239762163512        688.03583619461619        16.000000000000000        0.0000000000000000     
   1           2         392   1.1295406255007365E-005   1.9383237133364301E-006   2.1183386960425081E-005   2.0843250201068355       0.50808750015608339       0.51379310000000000        0.0000000000000000        1.0000000000000000        40.717182979646012        651.47492767433619        16.000000000000000        0.0000000000000000     
   1           2         393   1.1288767486220219E-005   1.6790328293042518E-006   2.1443735174985293E-005   2.1969010597498819       0.52253579591749089       0.51379310000000000        0.0000000000000000        0.0000000000000000        46.507249303169267        744.11598885070828        16.000000000000000        0.0000000000000000     
   1           2         394   1.1025084967344064E-005   1.2043918217296638E-006   2.1402980417684710E-005   2.2315698643854431       0.52099666833724834       0.51379310000000000        0.0000000000000000        0.0000000000000000        47.950611073115049        767.20977716984078        16.000000000000000        0.0000000000000000     
   1           2         395   1.1258363711259223E-005   1.8385030902948982E-006   2.1212684371894709E-005   2.1207118948301478       0.50231703939948957       0.51379310000000000        1.0000000000000000        0.0000000000000000        46.581707408530605        745.30731853648967        16.000000000000000        0.0000000000000000     
   1           2         396   1.3211362292444628E-005   3.7467827152774735E-006   2.3212939154371845E-005   2.4170532319982629       0.44957659570567460       0.51379310000000000        0.0000000000000000        0.0000000000000000        43.421301583771097        694.74082534033755        16.000000000000000        0.0000000000000000     
   1           2         397   1.0828302774540661E-005   8.6546587950775984E-007   2.1356406865809781E-005   2.2776961903033119       0.52180327789016467       0.51379310000000000        0.0000000000000000        0.0000000000000000        46.007187882338883        736.11500611742213        16.000000000000000        0.0000000000000000     
   1           2         398   1.0840225023317579E-005   8.9243100915348095E-007   2.1352432737150202E-005   2.2844281589902078       0.52061621886512555       0.51379310000000000        0.0000000000000000        1.0000000000000000        48.286968995367303        772.59150392587685        16.000000000000000        0.0000000000000000     
   1           2         399   1.1892011959316127E-005   2.7317708067340697E-006   2.1571982972752163E-005   2.1529660261616574       0.51999151079915262       0.51379310000000000        0.0000000000000000        0.0000000000000000        46.783794483670476        748.54071173872762        16.000000000000000        0.0000000000000000     
   1           2         400   1.2519335880511709E-005   3.0212972178101829E-006   2.2556270215317294E-005   2.3593230509069323       0.47463784892740657       0.51379310000000000        0.0000000000000000        0.0000000000000000        49.809490883392336        796.95185413427737        16.000000000000000        0.0000000000000000     
   1           2         401   1.1024121224883413E-005   1.2092545501730534E-006   2.1395859624495292E-005   2.2326404837198366       0.52139136920878582       0.51379310000000000        0.0000000000000000        0.0000000000000000        40.424783602620693        646.79653764193108        16.000000000000000        0.0000000000000000     
   1           2         402   1.1136640718094155E-005   1.4044157261492351E-006   2.1421048546343527E-005   2.2968059142386315       0.51782787840664057       0.51379310000000000        0.0000000000000000        0.0000000000000000        45.363402292792202        725.81443668467523        16.000000000000000        0.0000000000000000     
   1           2         403   1.1349319411649500E-005   1.7630078853287998E-006   2.1479534998211967E-005   2.1660944873605636       0.52163015607190788       0.51379310000000000        0.0000000000000000        0.0000000000000000        49.419209258186740        790.70734813098784        16.000000000000000        0.0000000000000000     
   1           2         404   1.1255036541384036E-005   1.6406298684627137E-006   2.1414941325007808E-005   2.2087638123970366       0.52280725533613948       0.51379310000000000        0.0000000000000000        1.0000000000000000        50.856861106429093        813.70977770286549        16.000000000000000        0.0000000000000000     
   1           2         405   1.1508454186808930E-005   2.0779891917225552E-006   2.1473980888028305E-005   2.1590456091223267       0.52141270524410754       0.51379310000000000        0.0000000000000000        0.0000000000000000        49.516176054985742        792.25881687977187        16.000000000000000        0.0000000000000000     
   1           2         406   1.0171151284493445E-005  -3.1655728456111959E-007   2.1253906995264519E-005   2.3833983901084337       0.52089455981801880       0.51379310000000000        0.0000000000000000        0.0000000000000000        42.289859559968747        676.63775295949995        16.000000000000000        0.0000000000000000     
   1           2         407   1.1268019719677427E-005   1.6403523649090698E-006   2.1441937564066741E-005   2.2034559351728205       0.52208962996329755       0.51379310000000000        0.0000000000000000        0.0000000000000000        42.928527977142330        686.85644763427729        16.000000000000000        0.0000000000000000     
   1           2         408   1.1275327602519932E-005   1.6539479833858968E-006   2.1442600960408243E-005   2.2046593925344871       0.52167667782791916       0.51379310000000000        0.0000000000000000        1.0000000000000000        47.250133919279975        756.00214270847960        16.000000000000000        0.0000000000000000     
   1           2         409   1.0297464023850524E-005   7.7658813492899158E-010   2.1178360525581715E-005   2.4219141858541402       0.51922915045946472       0.51379310000000000        0.0000000000000000        0.0000000000000000        53.341728329494650        853.46765327191440        16.000000000000000        0.0000000000000000     
   1           2         410   1.1240724371964015E-005   1.5699056808038900E-006   2.1460241854889575E-005   2.2105042204135739       0.52034608168751817       0.51379310000000000        0.0000000000000000        0.0000000000000000        52.743146990435314        843.89035184696502        16.000000000000000        0.0000000000000000     
   1           2         411   1.1943418347458774E-005   2.7369542667850065E-006   2.1672234865792808E-005   2.1522980404388035       0.51685081417912393       0.51379310000000000        0.0000000000000000        0.0000000000000000        41.980349045764648        671.68558473223436        16.000000000000000        0.0000000000000000     
   2           1           1   1.0906326150278116E-005   4.9173075788431252E-006   1.7235147106490014E-005   1.9843621251522057       0.49613430300526051       0.51379310000000000        0.0000000000000000        0.0000000000000000        43.883902890251605        746.02634913427732        17.000000000000000        0.0000000000000000     
   2           1           2   1.1268445962068887E-005   4.6731025237474119E-006   1.8237993187210857E-005   1.9535253669997332       0.48055562697219539       0.51379310000000000        0.0000000000000000        0.0000000000000000        42.941297364806879        730.00205520171698        17.000000000000000        0.0000000000000000     
   2           1           3   1.0011591751566011E-005   3.9632865193319960E-006   1.6403063149885835E-005   2.2142044664577849       0.49894424741130122       0.51379310000000000        0.0000000000000000        0.0000000000000000        47.772430459879118        812.13131781794505        17.000000000000000        0.0000000000000000     
   2           1           4   6.9147154119083092E-006  -5.2536763666104332E-006   1.9773512220220563E-005   2.0681761819436448       0.56879924306742990       0.51379310000000000        0.0000000000000000        0.0000000000000000        51.748974732531217        879.73257045303069        17.000000000000000        0.0000000000000000     
   2           1           5   1.2392101638647640E-005   5.6293353775268515E-006   1.9538570851397936E-005   2.0069156708821039       0.55033878901984434       0.51379310000000000        0.0000000000000000        0.0000000000000000        52.475607012480815        892.08531921217389        17.000000000000000        0.0000000000000000     
   2           1           6   1.0492660487752817E-005   5.2644846685750177E-006   1.6017470319699814E-005   1.9367238003201876       0.42785396089996575       0.51379310000000000        0.0000000000000000        0.0000000000000000        42.327725410975276        719.57133198657971        17.000000000000000        0.0000000000000000     
   2           1           7  -1.0749131773361537E-005  -3.6512797546999389E-005   1.6476301895310982E-005   2.3532378177271336       0.57737319758340522       0.51379310000000000        0.0000000000000000        0.0000000000000000        45.324361878822280        770.51415193997877        17.000000000000000        5.8823529411764705E-002
   2           1           8   1.0663941584336836E-005  -1.1766243050354494E-007   2.2057267655516080E-005   2.5522269494486349       0.29579807773554756       0.51379310000000000        0.0000000000000000        1.0000000000000000        49.871761176470592        847.81994000000009        17.000000000000000       0.17647058823529413     
   2           1           9   1.0036322919165254E-005   3.9090501812188682E-006   1.6511242247901682E-005   1.8622590620491728       0.60232988830835232       0.51379310000000000        0.0000000000000000        0.0000000000000000        49.389637293614889        839.62383399145313        17.000000000000000        0.0000000000000000     
   2           1          10   1.3061272391611060E-005   6.9412313334034966E-006   1.9528549732643491E-005   1.9545319355354527       0.57112587901443213       0.51379310000000000        0.0000000000000000        0.0000000000000000        52.516801875772813        892.78563188813780        17.000000000000000        0.0000000000000000     
   2           1          11   1.2588950083600726E-005   6.2427799326717516E-006   1.9295186533500923E-005   1.9285480717138566       0.53803652922920786       0.51379310000000000        0.0000000000000000        0.0000000000000000        43.208452583044426        734.54369391175521        17.000000000000000        0.0000000000000000     
   2           1          12   5.7098163031808283E-006  -4.3850794293881736E-006   1.6377471930062177E-005   2.5628015170960041       0.45057017637262775       0.51379310000000000        1.0000000000000000        0.0000000000000000        44.174017838244168        750.95830325015083        17.000000000000000        5.8823529411764705E-002
   2           1          13   1.1460265363815647E-005   4.7955275930859888E-006   1.8503144187440080E-005   2.0067607993542911       0.47145663827985840       0.51379310000000000        0.0000000000000000        0.0000000000000000        49.618806129087034        843.51970419447957        17.000000000000000        0.0000000000000000     
   2           1          14   1.2268354045814062E-005   7.2628845128261122E-006   1.7557821777163819E-005   2.0461742457169927       0.44117064422664443       0.51379310000000000        0.0000000000000000        0.0000000000000000        48.490962772282650        824.34636712880501        17.000000000000000        0.0000000000000000     
   2           1          15   1.2587577926930130E-005   6.1095324874500908E-006   1.9433171949333832E-005   1.9157162818012090       0.57525864142312411       0.51379310000000000        0.0000000000000000        0.0000000000000000        53.247338007898662        905.20474613427723        17.000000000000000        0.0000000000000000     
   2           1          16   1.2133367085644341E-005   5.9205867301945267E-006   1.8698645526664802E-005   1.9838744997583193       0.47944419915150532       0.51379310000000000        0.0000000000000000        0.0000000000000000        42.489037895903209        722.31364423035450        17.000000000000000        0.0000000000000000     
   2           1          17   9.6987280550527937E-006   2.8137884003181425E-006   1.6974302483385426E-005   2.0601409372587436       0.50649940758954037       0.51379310000000000        0.0000000000000000        0.0000000000000000        44.887901917360878        763.09433259513492        17.000000000000000        0.0000000000000000     
   2           1          18   9.8533841725061294E-006   3.7525357318424549E-006   1.6300379953435461E-005   1.9527217385409064       0.49177591839435364       0.51379310000000000        0.0000000000000000        0.0000000000000000        46.142960637054131        784.43033082992019        17.000000000000000        0.0000000000000000     
   2           1          19  -6.0388869426578813E-006  -2.8810815641406378E-005   1.8025065747254671E-005   2.2720242816349239       0.54298642625301763       0.51379310000000000        0.0000000000000000        0.0000000000000000        50.449769453451218        857.64608070867075        17.000000000000000        5.8823529411764705E-002
   2           1          20   9.7014546916444323E-006   4.3736582962921430E-006   1.5331537329584503E-005   1.8617375502370828       0.54633067420508352       0.51379310000000000        0.0000000000000000        0.0000000000000000        50.479160247253191        858.14572420330421        17.000000000000000        0.0000000000000000     
   2           1          21   1.2694173999995452E-005   6.3069995701205835E-006   1.9443741212155089E-005   2.0048696579544396       0.51964908550901989       0.51379310000000000        0.0000000000000000        0.0000000000000000        43.836728670984265        745.22438740673249        17.000000000000000        0.0000000000000000     
   2           1          22   1.1275628303417585E-005   5.1411207389713954E-006   1.7758192945157988E-005   1.9721260421390046       0.53956500126692042       0.51379310000000000        0.0000000000000000        0.0000000000000000        43.333355154957488        736.66703763427734        17.000000000000000        0.0000000000000000     
   2           1          23   7.5382273062633288E-006  -1.6303056722446851E-007   1.5676435868747233E-005   3.2612070473643482       0.44969068585266209       0.51379310000000000        0.0000000000000000        0.0000000000000000        47.888027061147270        814.09646003950354        17.000000000000000        5.8823529411764705E-002
   2           1          24   1.0782731464183734E-005   4.4454152354119614E-006   1.7479611641863435E-005   2.0712845311745065       0.52635389186505110       0.51379310000000000        0.0000000000000000        0.0000000000000000        48.817788415494995        829.90240306341491        17.000000000000000        0.0000000000000000     
   2           1          25   1.4024307023016992E-005   8.0389198585763162E-006   2.0349290535012397E-005   1.9524107803514261       0.48157988443311073       0.51379310000000000        0.0000000000000000        0.0000000000000000        52.012259024260807        832.19614438817291        16.000000000000000        0.0000000000000000     
   2           1          26   1.1294693429245603E-005   5.6659376848246723E-006   1.7242811119613389E-005   1.9565629282142951       0.42161317894605532       0.51379310000000000        0.0000000000000000        0.0000000000000000        42.913194280776004        686.61110849241607        16.000000000000000        0.0000000000000000     
   2           1          27   1.1195750062723473E-005   5.1639273296947866E-006   1.7569803784817944E-005   1.9889633307230403       0.48957544641850886       0.51379310000000000        0.0000000000000000        0.0000000000000000        46.399906400918972        742.39850241470356        16.000000000000000        0.0000000000000000     
   2           1          28   1.3029607401362826E-005   6.7373585899419723E-006   1.9678863145761561E-005   1.9821212847428515       0.52003650744950036       0.51379310000000000        0.0000000000000000        0.0000000000000000        44.222868203358040        707.56589125372864        16.000000000000000        0.0000000000000000     
   2           1          29   1.2842717778744041E-005   6.5242849635510501E-006   1.9519643143768477E-005   2.0974715661775356       0.50294026950673432       0.51379310000000000        0.0000000000000000        0.0000000000000000        49.643518633392347        794.29629813427755        16.000000000000000        0.0000000000000000     
   2           1          30   3.6470283872564478E-006  -5.3205074309663149E-006   1.2614564205479169E-005   2.6814666301768697       0.66458991440447135       0.50000000000000000        0.0000000000000000        1.0000000000000000        51.131026233642338        818.09641973827740        16.000000000000000       0.12500000000000000     
   2           1          31  -9.9597828948670220E-006  -3.2439437511775797E-005   1.2519871722041785E-005   11.509126786896605       0.50912678689661361       0.50000000000000000        0.0000000000000000        1.0000000000000000        51.997681870968748        831.96290993549997        16.000000000000000        3.4375000000000000     
   2           1          32   1.0489282646422261E-005   9.5086023613157528E-008   2.1473220769971853E-005   2.0365673443077257       0.49838238626198555       0.51379310000000000        0.0000000000000000        0.0000000000000000        44.310814403203381        708.97303045125409        16.000000000000000        0.0000000000000000     
   2           1          33   1.3881743038260400E-007  -1.5983600605660427E-005   1.7175982353863464E-005   2.8182449112001686       0.44670627433248600       0.51379310000000000        0.0000000000000000        0.0000000000000000        45.499596312922591        727.99354100676146        16.000000000000000        6.2500000000000000E-002
   2           1          34   1.1102703235745481E-005   4.7456626651600042E-006   1.7820426866542868E-005   2.0585117955221239       0.55377120053308837       0.51379310000000000        0.0000000000000000        0.0000000000000000        44.288250366735774        708.61200586777238        16.000000000000000        0.0000000000000000     
   2           1          35   2.1764437023690607E-006  -1.3075361353561805E-005   1.8293599177295886E-005   4.7190779192937145       0.61740892701661287       0.51379310000000000        0.0000000000000000        0.0000000000000000        48.959641622735525        783.35426596376840        16.000000000000000        6.2500000000000000E-002
   2           1          36   9.0250021563980146E-006   3.6318590339381464E-006   1.4724139136215541E-005   1.9326850069714350       0.48508945258712699       0.51379310000000000        0.0000000000000000        0.0000000000000000        41.388270026115414        662.21232041784663        16.000000000000000        0.0000000000000000     
   2           1          37   1.1544857030309992E-005   5.6722639448016900E-006   1.7750646800964257E-005   1.9144716968880306       0.55836452531608827       0.51379310000000000        0.0000000000000000        0.0000000000000000        43.952758005855031        703.24412809368050        16.000000000000000        0.0000000000000000     
   2           1          38   1.3933321959175510E-005   7.6536162069093674E-006   2.0569322981672571E-005   2.1035562943010313       0.52590299898162729       0.51379310000000000        0.0000000000000000        0.0000000000000000        47.594357565383241        761.50972104613186        16.000000000000000        0.0000000000000000     
   2           1          39   1.3057238393479228E-005   7.0940450007189725E-006   1.9358768913029131E-005   2.0526193201523979       0.44614156400469251       0.51379310000000000        0.0000000000000000        0.0000000000000000        47.113643728352606        753.81829965364170        16.000000000000000        0.0000000000000000     
   2           1          40   1.3083740978563738E-005   7.1684159979217211E-006   1.9334687148417883E-005   2.0541983736518259       0.53769926534300116       0.51379310000000000        0.0000000000000000        0.0000000000000000        48.648627272937325        778.37803636699721        16.000000000000000        0.0000000000000000     
   2           1          41   1.1818380162703458E-005   6.0003432861905278E-006   1.7966518337413725E-005   1.9051375946021090       0.55549746060157268       0.51379310000000000        0.0000000000000000        0.0000000000000000        41.714034885353264        667.42455816565223        16.000000000000000        0.0000000000000000     
   2           1          42   1.4001918431058646E-005   7.7270059572626126E-006   2.0632854216092699E-005   2.0543178696305042       0.41207191653022068       0.51379310000000000        0.0000000000000000        0.0000000000000000        43.947188883248053        703.15502213196885        16.000000000000000        0.0000000000000000     
   2           1          43   1.5447801022760559E-005   9.1702748267893695E-006   2.2081498826225596E-005   1.9433436677959486       0.58402385909233301       0.51379310000000000        0.0000000000000000        0.0000000000000000        46.412829695892341        742.60527513427746        16.000000000000000        0.0000000000000000     
   2           1          44   2.4938901293112457E-006  -1.3415710637978280E-005   1.9306163048490424E-005   4.8281947157394489       0.50557279313073000       0.51379310000000000        0.0000000000000000        0.0000000000000000        48.052650799648305        768.84241279437288        16.000000000000000        6.2500000000000000E-002
   2           1          45   1.2442325327886359E-005   6.4117113327924527E-006   1.8815101731188681E-005   1.9751152582751370       0.56807476922715683       0.51379310000000000        0.0000000000000000        0.0000000000000000        46.672434840436168        746.75895744697868        16.000000000000000        0.0000000000000000     
   2           1          46   1.0435940819601147E-005   2.9943860747362323E-006   1.8299711327966055E-005   2.1521172650834073       0.57740349164397575       0.51379310000000000        0.0000000000000000        0.0000000000000000        40.354242161729104        645.66787458766566        16.000000000000000        0.0000000000000000     
   2           1          47  -1.2438920404237538E-005  -3.7375017492549686E-005   1.2497176684074610E-005   13.987953801608848       0.33745908691965371       0.50000000000000000        0.0000000000000000        1.0000000000000000        48.809835912946177        780.95737460713883        16.000000000000000        5.1875000000000000     
   2           1          48   4.8806432712557687E-006  -8.0192668583164950E-006   1.8512463007245281E-005   3.7185326796859295       0.42589250105236981       0.51379310000000000        0.0000000000000000        0.0000000000000000        45.275486767274124        724.40778827638599        16.000000000000000        6.2500000000000000E-002
   2           1          49  -2.1668419380264843E-005  -6.3066058672619791E-005   1.9729219912090112E-005   21.482180374647747       0.48218037464775382       0.50000000000000000        0.0000000000000000        1.0000000000000000        56.089293241294250        897.42869186070800        16.000000000000000        3.5000000000000000     
   2           1          50  -5.9121854106273246E-006  -2.7494880021867950E-005   1.5670509200614136E-005   3.5013365512406538       0.45955246620081203       0.50000000000000000        0.0000000000000000        1.0000000000000000        58.719506695892335        939.51210713427736        16.000000000000000       0.31250000000000000     
   2           1          51   1.3581985118261993E-005   8.4255767831457486E-006   1.9030955553205117E-005   1.8860172249664564       0.44680881894361857       0.51379310000000000        0.0000000000000000        0.0000000000000000        40.873868189593018        653.98189103348830        16.000000000000000        0.0000000000000000     
   2           1          52   1.2195393602419970E-005   6.0010069931933828E-006   1.8741234680678769E-005   2.0026479568456406       0.57093109237092787       0.51379310000000000        0.0000000000000000        0.0000000000000000        43.997929177294040        703.96686683670464        16.000000000000000        0.0000000000000000     
   2           1          53   1.1523892394347964E-005   6.3871746251355094E-006   1.6952055068445710E-005   2.0183219718678793       0.51698178779615711       0.51379310000000000        0.0000000000000000        0.0000000000000000        43.151021535090202        690.41634456144322        16.000000000000000        0.0000000000000000     
   2           1          54   1.0487332758544845E-005   4.3686727815545174E-006   1.6953150659162448E-005   2.1016429477513410       0.52704024964502205       0.51379310000000000        0.0000000000000000        0.0000000000000000        48.737199550417067        779.79519280667307        16.000000000000000        0.0000000000000000     
   2           1          55   1.0525420693074823E-005   4.5251418895487663E-006   1.6866140759630762E-005   1.9746587452904285       0.53235306747790623       0.51379310000000000        0.0000000000000000        0.0000000000000000        53.138445484761874        850.21512775618999        16.000000000000000        0.0000000000000000     
   2           1          56   1.2899911465777941E-005   7.1526084851868784E-006   1.8973302474908655E-005   2.0307761388016825       0.52746597284635577       0.51379310000000000        0.0000000000000000        0.0000000000000000        42.425461180526348        678.80737888842157        16.000000000000000        0.0000000000000000     
   2           1          57   1.4149623510101317E-005   9.3926562966642184E-006   1.9176489503139971E-005   1.9884989640856707       0.38839762905804670       0.51379310000000000        0.0000000000000000        0.0000000000000000        42.869240303169249        685.90784485070799        16.000000000000000        0.0000000000000000     
   2           1          58   1.0082321815362232E-005   2.7320434688676950E-006   1.7849637123944502E-005   2.2851742272279796       0.46629322989380151       0.51379310000000000        0.0000000000000000        0.0000000000000000        45.838239445346218        733.41183112553949        16.000000000000000        0.0000000000000000     
   2           1          59   1.2929145203202173E-005   7.2162710014634778E-006   1.8966154028089661E-005   1.9731722901284994       0.51138252136331863       0.51379310000000000        0.0000000000000000        0.0000000000000000        46.689569207917671        747.03310732668274        16.000000000000000        0.0000000000000000     
   2           1          60   1.4873281603568550E-005   9.0723641593198818E-006   2.1003329030959646E-005   2.0154819729575886       0.51971458449397701       0.51379310000000000        0.0000000000000000        0.0000000000000000        50.772957210008258        812.36731536013212        16.000000000000000        0.0000000000000000     
   2           1          61  -1.3402312654314014E-005  -3.2215743758386966E-005   5.4111184497589619E-006   10.533187731893221       0.36231310695045726       0.50000000000000000        0.0000000000000000        1.0000000000000000        48.727964866406253        779.64743786250006        16.000000000000000        5.0000000000000000     
   2           1          62   1.4590278348647196E-005   9.2334316461812627E-006   2.0251059537653273E-005   1.9304521005072364       0.49285826373980129       0.51379310000000000        0.0000000000000000        0.0000000000000000        45.433180326736164        726.93088522777862        16.000000000000000        0.0000000000000000     
   2           1          63   1.2310728808884317E-005   6.4090359639733434E-006   1.8547269388696287E-005   2.0841056227618293       0.40191208868585859       0.51379310000000000        0.0000000000000000        0.0000000000000000        45.639091842193906        730.22546947510250        16.000000000000000        0.0000000000000000     
   2           1          64   1.4205076780564561E-005   8.1599269504827098E-006   2.0593213746868987E-005   2.0890877586313397       0.47070669657382869       0.51379310000000000        0.0000000000000000        0.0000000000000000        49.569740383392343        793.11584613427749        16.000000000000000        0.0000000000000000     
   2           1          65   7.7979958661790058E-006  -3.1266593322320399E-006   1.9342489498051951E-005   2.0094307574929058       0.52072029648880069       0.51379310000000000        0.0000000000000000        0.0000000000000000        49.269573122545324        788.31316996072519        16.000000000000000        0.0000000000000000     
   2           1          66   1.2361601959293395E-005   6.2372365133280567E-006   1.8833449043354520E-005   1.9814553275210376       0.53340616780103844       0.51379310000000000        0.0000000000000000        1.0000000000000000        42.896770073441246        686.34832117505994        16.000000000000000        0.0000000000000000     
   2           1          67   9.7577086375990027E-006   3.4648699507450863E-006   1.6407587725531356E-005   2.0700211226687579       0.51306570456106215       0.51379310000000000        0.0000000000000000        0.0000000000000000        47.077717806094014        753.24348489750423        16.000000000000000        0.0000000000000000     
   2           1          68   1.3482015958340019E-005   8.5379735690620430E-006   1.8706571318864091E-005   1.9785035909764008       0.44424688552744268       0.51379310000000000        0.0000000000000000        0.0000000000000000        46.754249300667752        748.06798881068403        16.000000000000000        0.0000000000000000     
   2           1          69   1.1875608569333474E-005   5.5310436049822764E-006   1.8580148758263918E-005   2.0130218070254737       0.53525071973167304       0.51379310000000000        0.0000000000000000        0.0000000000000000        47.617747287633463        761.88395660213541        16.000000000000000        0.0000000000000000     
   2           1          70   1.5316860815411140E-005   9.1990283916789999E-006   2.1781804209406568E-005   2.0479955081407821       0.48224331645297175       0.51379310000000000        0.0000000000000000        0.0000000000000000        51.584962441721842        825.35939906754948        16.000000000000000        0.0000000000000000     
   2           1          71   8.8181997498402825E-006  -2.3191266159772736E-006   2.0587430995231994E-005   1.9971876227755789       0.53683951143596942       0.51379310000000000        0.0000000000000000        0.0000000000000000        41.619652070892329        665.91443313427726        16.000000000000000        0.0000000000000000     
   2           1          72  -3.9423618723658135E-006  -2.6219052959819650E-005   1.9598254625599947E-005   2.2669118411597675       0.53725157879743968       0.51379310000000000        0.0000000000000000        0.0000000000000000        44.880566504978589        718.08906407965742        16.000000000000000        6.2500000000000000E-002
   2           1          73   7.7628503193467589E-006   1.6782283472219193E-006   1.4192698981276141E-005   1.9609970712161091       0.53814031048997768       0.51379310000000000        0.0000000000000000        0.0000000000000000        46.522307926337135        744.35692682139415        16.000000000000000        0.0000000000000000     
   2           1          74   1.2390651014359478E-005   6.4532482827462656E-006   1.8664927573215864E-005   2.0100185173923086       0.48202144659162560       0.51379310000000000        0.0000000000000000        0.0000000000000000        47.812172312273638        764.99475699637821        16.000000000000000        0.0000000000000000     
   2           1          75   1.0399017677270504E-005   4.7411605964723100E-006   1.6377887843243853E-005   2.0093294917958451       0.50130597450808967       0.51379310000000000        0.0000000000000000        0.0000000000000000        49.326172472819160        789.21875956510655        16.000000000000000        0.0000000000000000     
   2           1          76   1.4204851521835228E-005   7.5646711268753995E-006   2.1221779643763891E-005   2.0437290137171140       0.45352037311747850       0.51379310000000000        0.0000000000000000        0.0000000000000000        44.662355489349537        714.59768782959259        16.000000000000000        0.0000000000000000     
   2           1          77   1.2749604373288758E-005   5.5786411560593059E-006   2.0327430647178518E-005   2.1210962059335308       0.60223898967324474       0.51379310000000000        0.0000000000000000        0.0000000000000000        43.945764880745365        703.13223809192584        16.000000000000000        0.0000000000000000     
   2           1          78   9.5306442492716796E-006   2.5145391346702314E-006   1.6944826147464820E-005   2.1362340951418877       0.57600896631616216       0.51379310000000000        0.0000000000000000        0.0000000000000000        48.191652195892345        771.06643513427753        16.000000000000000        0.0000000000000000     
   2           1          79   1.2130329891102366E-005   5.6402853241458054E-006   1.8988603842366387E-005   2.0040323897756815       0.51274748574080520       0.51379310000000000        0.0000000000000000        0.0000000000000000        47.762424224613369        764.19878759381390        16.000000000000000        0.0000000000000000     
   2           1          80   1.0771332646897380E-005   8.9365973297654233E-007   2.0649005560818860E-005   2.4658312694630271       0.52357873645133879       0.50000000000000000        0.0000000000000000        1.0000000000000000        50.977797840030341        815.64476544048546        16.000000000000000        6.2500000000000000E-002
   2           1          81   1.4069376747471597E-005   8.7946323867111638E-006   1.9643397307078480E-005   1.9653057278818873       0.63014598030297753       0.51379310000000000        0.0000000000000000        0.0000000000000000        43.503531563260488        696.05650501216780        16.000000000000000        0.0000000000000000     
   2           1          82   1.2511580836446388E-005   6.5797740643033649E-006   1.8779943934667414E-005   2.0457882658634379       0.53015642106732497       0.51379310000000000        0.0000000000000000        0.0000000000000000        45.900705023195549        734.41128037112878        16.000000000000000        0.0000000000000000     
   2           1          83   1.1851201211491000E-005   5.6114132859675268E-006   1.8445019566593185E-005   2.1065207672759989       0.54920509136896190       0.51379310000000000        0.0000000000000000        0.0000000000000000        45.551607978226244        728.82572765161990        16.000000000000000        0.0000000000000000     
   2           1          84   1.5031948310211752E-005   9.2550559085591191E-006   2.1136607572374209E-005   2.0564303306582747       0.58004126951290391       0.51379310000000000        0.0000000000000000        0.0000000000000000        48.997494915159464        783.95991864255143        16.000000000000000        0.0000000000000000     
   2           1          85   1.0115226529166368E-005   3.7082626301049473E-006   1.6522190428227520E-005   2.3522641343864064       0.48459162189531768       0.50000000000000000        0.0000000000000000        1.0000000000000000        47.063028722007751        753.00845955212401        16.000000000000000        6.2500000000000000E-002
   2           1          86   1.1054894559075484E-005   4.6900063381563783E-006   1.7780911096848874E-005   2.0062771611644425       0.51189933893394968       0.51379310000000000        0.0000000000000000        0.0000000000000000        42.384494314038243        678.15190902461188        16.000000000000000        0.0000000000000000     
   2           1          87   9.4423526626064358E-006   2.4624579153300587E-006   1.6818269705077177E-005   2.0919805738081170       0.52358308744777926       0.51379310000000000        0.0000000000000000        0.0000000000000000        44.189107817048360        707.02572507277375        16.000000000000000        0.0000000000000000     
   2           1          88   7.8656231931481870E-006  -3.2932430304353928E-006   1.9657616415582048E-005   2.7988184372523270       0.51902328143954457       0.51379310000000000        0.0000000000000000        1.0000000000000000        47.135759328240646        754.17214925185033        16.000000000000000        6.2500000000000000E-002
   2           1          89   1.0559934253747125E-005   5.1572653347317581E-006   1.6269137500707194E-005   1.9745259037198573       0.50212151397839722       0.51379310000000000        0.0000000000000000        0.0000000000000000        48.488482817250656        775.81572507601049        16.000000000000000        0.0000000000000000     
   2           1          90   9.0051615843105419E-006   2.2970253847809703E-006   1.6093901158303774E-005   2.2555802731176779       0.51340648689958701       0.51379310000000000        0.0000000000000000        0.0000000000000000        50.610192770790910        809.76308433265456        16.000000000000000        0.0000000000000000     
   2           1          91   1.2665834525860025E-005   6.5096222317083857E-006   1.9171335371015437E-005   2.0230372456375076       0.53242323395058855       0.51379310000000000        0.0000000000000000        0.0000000000000000        39.638879489847596        634.22207183756154        16.000000000000000        0.0000000000000000     
   2           1          92   9.1307642313546733E-006   2.1283943577398028E-006   1.6530431584308804E-005   2.0808224280374601       0.58855885258986373       0.51379310000000000        0.0000000000000000        0.0000000000000000        44.773425557365414        716.37480891784662        16.000000000000000        0.0000000000000000     
   2           1          93   1.2380980048126168E-005   5.7153459022461452E-006   1.9424806105052635E-005   2.1225557077134716       0.49182053730721342       0.51379310000000000        0.0000000000000000        0.0000000000000000        44.987597415433100        719.80155864692961        16.000000000000000        0.0000000000000000     
   2           1          94   1.0223301027810328E-005   3.6838014215348350E-006   1.7133835977349242E-005   2.1410012152616256       0.50156616653804798       0.51379310000000000        0.0000000000000000        0.0000000000000000        47.821984654486002        765.15175447177603        16.000000000000000        0.0000000000000000     
   2           1          95   1.2031334762217281E-005   5.8684207329241339E-006   1.8543917582707904E-005   2.0453011121714795       0.54192292567101219       0.51379310000000000        0.0000000000000000        0.0000000000000000        51.454217122612128        823.26747396179405        16.000000000000000        0.0000000000000000     
   2           1          96   1.0452246645647158E-005   3.9664721389064214E-006   1.7306008263837487E-005   1.9548901144055497       0.52725357586343036       0.51379310000000000        1.0000000000000000        0.0000000000000000        41.410394320630253        662.56630913008405        16.000000000000000        0.0000000000000000     
   2           1          97   1.0366039174538915E-005   3.6019990234573041E-006   1.7513854554676093E-005   2.0130326188048708       0.49552321833311741       0.51379310000000000        0.0000000000000000        0.0000000000000000        42.166781074772118        674.66849719635388        16.000000000000000        0.0000000000000000     
   2           1          98   1.4181920071120803E-005   8.2077548266387016E-006   2.0495044958643016E-005   1.9550095811105712       0.49889527605023382       0.51379310000000000        0.0000000000000000        0.0000000000000000        44.073178513813183        705.17085622101092        16.000000000000000        0.0000000000000000     
   2           1          99   1.3685150741059319E-005   7.4363189389522007E-006   2.0288526100362791E-005   2.0398177271091149       0.52429866821389737       0.51379310000000000        0.0000000000000000        0.0000000000000000        47.169422088615420        754.71075341784672        16.000000000000000        0.0000000000000000     
   2           1         100   1.3252635575973234E-005   7.9161061331532050E-006   1.8891946753309270E-005   1.9650818880221248       0.40898989677597009       0.51379310000000000        0.0000000000000000        0.0000000000000000        48.874454627276492        781.99127403642387        16.000000000000000        0.0000000000000000     
   2           1         101   1.1480034976000320E-005   5.2335013055139499E-006   1.8080981813270014E-005   2.0552331782503099       0.48609384255345095       0.51379310000000000        0.0000000000000000        0.0000000000000000        42.866838668990049        685.86941870384078        16.000000000000000        0.0000000000000000     
   2           1         102   1.1083664317098043E-005   4.8920569962282843E-006   1.7626568416921168E-005   2.0351832890538519       0.52220897115317411       0.51379310000000000        0.0000000000000000        0.0000000000000000        42.549765371619301        680.79624594590882        16.000000000000000        0.0000000000000000     
   2           1         103   1.1779831995171659E-005   5.5540687541599163E-006   1.8358829939185409E-005   1.9973820318903890       0.48751076409629041       0.51379310000000000        0.0000000000000000        0.0000000000000000        44.276918597251104        708.43069755601766        16.000000000000000        0.0000000000000000     
   2           1         104  -1.0803822347043439E-005  -3.3606778140424874E-005   1.3292917839579428E-005   5.6698809199516811       0.53042261912104793       0.51379310000000000        0.0000000000000000        0.0000000000000000        45.447001730451163        727.15202768721861        16.000000000000000       0.12500000000000000     
   2           1         105   6.3068282229224371E-006  -4.0020912903186578E-006   1.7200650820582960E-005   1.9632861668211106       0.46826619291880817       0.51379310000000000        0.0000000000000000        0.0000000000000000        49.384631360946145        790.15410177513832        16.000000000000000        0.0000000000000000     
   2           1         106   1.1366303880615386E-005   5.7790534057736305E-006   1.7270561393096983E-005   1.9893639797259872       0.51579889626661046       0.51379310000000000        0.0000000000000000        0.0000000000000000        43.638660883392326        698.21857413427722        16.000000000000000        0.0000000000000000     
   2           1         107   1.2591968649526531E-005   5.9322340229057379E-006   1.9629560462783532E-005   2.1590838584801562       0.48031633837334670       0.51379310000000000        0.0000000000000000        0.0000000000000000        46.233806125839834        739.74089801343735        16.000000000000000        0.0000000000000000     
   2           1         108   1.6104880729296886E-005   1.0634625886700516E-005   2.1885504561183465E-005   2.0572976297207353       0.58566495406479624       0.51379310000000000        0.0000000000000000        0.0000000000000000        44.815567959931933        717.04908735891092        16.000000000000000        0.0000000000000000     
   2           1         109   1.0822771704138760E-005   4.4134963989854856E-006   1.7595693741625534E-005   2.0774032800057136       0.46010870152292066       0.51379310000000000        0.0000000000000000        0.0000000000000000        47.871755623361437        765.94808997378300        16.000000000000000        0.0000000000000000     
   2           1         110   1.0151283824144495E-005   3.4550209267626789E-006   1.7227476433630127E-005   2.1379988418778653       0.56722139558427453       0.51379310000000000        0.0000000000000000        0.0000000000000000        46.566543571026990        745.06469713643185        16.000000000000000        0.0000000000000000     
   2           1         111   1.2173459725818903E-005   6.4502048050135551E-006   1.8221438246590676E-005   1.9768019284202270       0.50264567028614648       0.51379310000000000        0.0000000000000000        0.0000000000000000        42.041691034170306        672.66705654672489        16.000000000000000        0.0000000000000000     
   2           1         112   4.4705248110517572E-006  -8.6331059863976099E-006   1.8317623831400800E-005   3.6998220698860478       0.38659742903200317       0.51379310000000000        0.0000000000000000        0.0000000000000000        45.660135294620545        730.56216471392872        16.000000000000000        6.2500000000000000E-002
   2           1         113   5.3574948652258802E-006  -7.7737976359668890E-006   1.9233825047282769E-005   2.1635157842751727       0.61902154195826420       0.51379310000000000        0.0000000000000000        0.0000000000000000        47.035828445892342        752.57325513427747        16.000000000000000        0.0000000000000000     
   2           1         114   4.7676407307557686E-006  -1.0200625311807004E-005   2.0585169876543551E-005   2.1996624733901804       0.52840019804288751       0.51379310000000000        1.0000000000000000        0.0000000000000000        46.758821739513003        748.14114783220805        16.000000000000000        6.2500000000000000E-002
   2           1         115   1.1026481460954756E-005   5.0909489660999090E-006   1.7298781670355101E-005   1.9637053647034657       0.50620199080546802       0.51379310000000000        0.0000000000000000        0.0000000000000000        49.702422908698011        795.23876653916818        16.000000000000000        0.0000000000000000     
   2           1         116   2.5292169688689470E-006  -1.1549679180331815E-005   1.7406915531097822E-005   2.3011866976416653       0.42096985335858039       0.51379310000000000        0.0000000000000000        0.0000000000000000        41.047017847270851        656.75228555633362        16.000000000000000        6.2500000000000000E-002
   2           1         117   2.4038229843525276E-006  -7.3390383343815967E-006   1.7018114962453215E-005   3.1529405170939961       0.41479307072473642       0.59999999999999998        0.0000000000000000        1.0000000000000000        47.271822928405328        756.34916685448525        16.000000000000000       0.18750000000000000     
   2           1         118   8.8351730646846832E-006  -1.8921786189192066E-007   1.8371586039854751E-005   2.4253763359488367       0.44773436545696110       0.51379310000000000        0.0000000000000000        1.0000000000000000        50.503651071407262        808.05841714251619        16.000000000000000        6.2500000000000000E-002
   2           1         119   1.1767955089672696E-005   4.2558112892561391E-006   1.9280098890090156E-005   2.2576190426019611       0.46756768980251850       0.50000000000000000        0.0000000000000000        1.0000000000000000        53.626402670713503        858.02244273141605        16.000000000000000        0.0000000000000000     
   2           1         120   1.3836028312113333E-005   7.5502069172271697E-006   2.0478491963955538E-005   2.0596547223192054       0.55327563656357781       0.51379310000000000        0.0000000000000000        0.0000000000000000        49.486513008392343        791.78420813427749        16.000000000000000        0.0000000000000000     
   2           1         121   1.0885907451378738E-005   4.3331598519702106E-006   1.7810442053042257E-005   2.1412284817803178       0.53552391809670641       0.51379310000000000        0.0000000000000000        0.0000000000000000        43.515985133878196        696.25576214205114        16.000000000000000        0.0000000000000000     
   2           1         122   1.1599708918199668E-005   4.2168166145212653E-006   1.9401488620776309E-005   2.1794111545113943       0.46578454027839850       0.51379310000000000        0.0000000000000000        0.0000000000000000        43.531746028084200        696.50793644934720        16.000000000000000        0.0000000000000000     
   2           1         123   1.0051939971685976E-005   4.3362781879333016E-006   1.6091894539228582E-005   1.9528487410777260       0.49000345775286558       0.51379310000000000        0.0000000000000000        0.0000000000000000        46.863459403604892        749.81535045767828        16.000000000000000        0.0000000000000000     
   2           1         124   1.4629696027493855E-005   8.9088757345109496E-006   2.0675101785566162E-005   2.0517191337899034       0.53628950061291869       0.51379310000000000        0.0000000000000000        0.0000000000000000        51.275661439837023        820.41058303739237        16.000000000000000        0.0000000000000000     
   2           1         125   1.2300451602442383E-005   5.8811970038051454E-006   1.9083919134316488E-005   2.0416968927386887       0.50920112966062625       0.51379310000000000        0.0000000000000000        0.0000000000000000        51.471140887468856        823.53825419950169        16.000000000000000        0.0000000000000000     
   2           1         126   1.2162441625189565E-005   6.2263943571257920E-006   1.8435285814782061E-005   2.0547428113754416       0.50883041331073853       0.51379310000000000        0.0000000000000000        0.0000000000000000        41.794367646661044        668.70988234657671        16.000000000000000        0.0000000000000000     
   2           1         127   2.0128098551421638E-006  -8.3617225597597565E-006   1.2387342270043716E-005   2.4182200960343665       0.53748567013764803       0.50000000000000000        0.0000000000000000        1.0000000000000000        50.349026026115411        805.58441641784657        16.000000000000000       0.12500000000000000     
   2           1         128   5.9360384466545501E-006  -7.0202576552511374E-006   1.9627443358259238E-005   3.7610537489619360       0.35142328692910646       0.51379310000000000        0.0000000000000000        0.0000000000000000        45.444542936299193        727.11268698078709        16.000000000000000        6.2500000000000000E-002
   2           1         129   9.9051631198237236E-006   3.5567825375903371E-006   1.6613735415538544E-005   3.3887701023908963       0.59464730214234129       0.51379310000000000        0.0000000000000000        0.0000000000000000        48.847253414207145        781.55605462731432        16.000000000000000        6.2500000000000000E-002
   2           1         130   1.2019651108807025E-005   4.9863785267362254E-006   1.9451974514927299E-005   2.1346662823566604       0.50292758741729560       0.51379310000000000        0.0000000000000000        0.0000000000000000        51.915027979101403        830.64044766562245        16.000000000000000        0.0000000000000000     
   2           1         131   1.5576644062160408E-006  -1.3482254527255481E-005   1.7450911854117256E-005   3.7082294968582352       0.41849596331535216       0.51379310000000000        0.0000000000000000        0.0000000000000000        42.403662638303835        678.45860221286136        16.000000000000000        6.2500000000000000E-002
   2           1         132   1.2767900001760050E-005   8.2695095141854000E-006   1.9515485733121973E-005   2.3266314057479671       0.40924724540067486       0.59999999999999998        0.0000000000000000        1.0000000000000000        49.922232083115411        798.75571332984657        16.000000000000000        6.2500000000000000E-002
   2           1         133  -3.2717394844698196E-005  -6.7446080333007219E-005   1.9375633387765291E-005   16.770698970091999       0.43510071764256353       0.59999999999999998        0.0000000000000000        1.0000000000000000        56.014173320499992        896.22677312799988        16.000000000000000        12.250000000000000     
   2           1         134   1.2883866449207570E-005   6.4758956086220867E-006   1.9655410009971752E-005   2.0920865434044642       0.54414029153472199       0.51379310000000000        0.0000000000000000        0.0000000000000000        47.817438695892335        765.07901913427736        16.000000000000000        0.0000000000000000     
   2           1         135   1.2015658833014388E-006  -1.3612984572865727E-005   1.6856657993225291E-005   3.9805758588082569       0.38236634991419000       0.51379310000000000        0.0000000000000000        0.0000000000000000        52.291232002095221        836.65971203352353        16.000000000000000        6.2500000000000000E-002
   2           1         136  -3.9684090815091349E-005  -7.8753194833845031E-005   1.8919565213039308E-005   17.142863830975450       0.69236898185360574       0.59999999999999998        0.0000000000000000        1.0000000000000000        50.186871875748082        802.98995001196931        16.000000000000000        5.1875000000000000     
   2           1         137   1.2869390154378114E-005   7.3633642427875299E-006   1.8687814618935718E-005   1.9965583011195647       0.53123287653997153       0.51379310000000000        0.0000000000000000        0.0000000000000000        44.338967578283963        709.42348125254341        16.000000000000000        0.0000000000000000     
   2           1         138   1.1882064224396633E-005   5.3264889935707909E-006   1.8809586890424794E-005   2.0511618717119910       0.47783633449513130       0.51379310000000000        0.0000000000000000        0.0000000000000000        46.262440628829445        740.19905006127112        16.000000000000000        0.0000000000000000     
   2           1         139  -3.1197255666295727E-006  -2.1541253714788883E-005   1.6346995399239470E-005   4.8268667586839218       0.35461827205473129       0.51379310000000000        0.0000000000000000        0.0000000000000000        51.234214633650375        819.74743413840599        16.000000000000000       0.12500000000000000     
   2           1         140   1.2818270784874119E-005   6.3244571727873775E-006   1.9680527627744590E-005   1.9875971779517951       0.46379193234578597       0.51379310000000000        1.0000000000000000        0.0000000000000000        49.831051893694557        797.29683029911291        16.000000000000000        0.0000000000000000     
   2           1         141  -2.6674470832114537E-005  -5.0737925844174661E-005   9.4207116859757322E-006   9.3048777440039014       0.61537851921674547       0.59999999999999998        0.0000000000000000        1.0000000000000000        47.971277437499992        767.54043899999988        16.000000000000000        8.3125000000000000     
   2           1         142  -2.2454068058022467E-005  -6.4402060026848331E-005   1.9493923910803564E-005   20.602008388296984       0.49872352536648734       0.50000000000000000        0.0000000000000000        1.0000000000000000        50.678529034289909        810.85646454863854        16.000000000000000        17.062500000000000     
   2           1         143   1.4267100058804567E-005   9.3936693306114264E-006   1.9417037423893141E-005   2.0455064812909787       0.50929400175751349       0.51379310000000000        0.0000000000000000        0.0000000000000000        46.986280336651042        751.78048538641667        16.000000000000000        0.0000000000000000     
   2           1         144   1.2629895754846657E-005   6.1769144505835691E-006   1.9449003563804796E-005   2.0928424962447414       0.46492916862471662       0.51379310000000000        0.0000000000000000        0.0000000000000000        48.161374004808820        770.58198407694113        16.000000000000000        0.0000000000000000     
   2           1         145   1.2619486045339690E-005   7.4692674495765107E-006   1.8061915550134836E-005   1.9403383604545135       0.50046736610683273       0.51379310000000000        0.0000000000000000        0.0000000000000000        51.530091067603713        824.48145708165941        16.000000000000000        0.0000000000000000     
   2           1         146   3.4048285827045829E-006  -1.0205754222492379E-005   1.7787642837888753E-005   3.7976755098501438       0.40899978974844214       0.51379310000000000        0.0000000000000000        0.0000000000000000        42.912865062634758        686.60584100215613        16.000000000000000        6.2500000000000000E-002
   2           1         147   1.1989527845926288E-005   5.0821381735695266E-006   1.9288826051418869E-005   2.1708626957638097       0.46973691910040449       0.51379310000000000        0.0000000000000000        0.0000000000000000        46.398569388416327        742.37711021466123        16.000000000000000        0.0000000000000000     
   2           1         148   1.1843204577167281E-005   5.5284651102519995E-006   1.8516227042291909E-005   2.0172512420227440       0.61604156019413259       0.51379310000000000        0.0000000000000000        0.0000000000000000        44.225451338615429        707.60722141784686        16.000000000000000        0.0000000000000000     
   2           1         149   2.1356795592202377E-006  -1.3183546029876386E-005   1.8324080844807316E-005   4.8027439211004159       0.55826756723759263       0.51379310000000000        0.0000000000000000        0.0000000000000000        49.643359714778995        794.29375543646393        16.000000000000000        6.2500000000000000E-002
   2           1         150  -1.9608164692832318E-005  -4.9200658151285529E-005   9.9843287656208365E-006   10.578196107006274       0.44082495377542902       0.50000000000000000        0.0000000000000000        1.0000000000000000        60.786183784687509        972.57894055500014        16.000000000000000        11.562500000000000     
   2           1         151  -3.1880482716381901E-005  -6.6083942236798741E-005   1.9424706564243609E-005   22.414947544123880       0.46204904914374201       0.59999999999999998        0.0000000000000000        1.0000000000000000        46.263189001767330        740.21102402827728        16.000000000000000        15.375000000000000     
   2           1         152   1.0549979974117752E-005   4.8210957201839849E-006   1.6603907222723056E-005   2.0224430264741615       0.53376088808285704       0.51379310000000000        0.0000000000000000        0.0000000000000000        45.521850641419711        728.34961026271537        16.000000000000000        0.0000000000000000     
   2           1         153   1.1360971699967471E-005   5.1959436198578119E-006   1.7875788517389374E-005   1.9927741435955830       0.54739093145122586       0.51379310000000000        0.0000000000000000        0.0000000000000000        46.464725182210003        743.43560291536005        16.000000000000000        0.0000000000000000     
   2           1         154   2.5229498038124994E-006  -1.1117070876367477E-005   1.6936872167591469E-005   3.8250919078921095       0.38781666593675784       0.51379310000000000        0.0000000000000000        0.0000000000000000        46.172170518252130        738.75472829203409        16.000000000000000        6.2500000000000000E-002
   2           1         155   1.1936856830618993E-005   5.3557499982909284E-006   1.8891359699280472E-005   2.0188469144339263       0.47757848732909353       0.51379310000000000        0.0000000000000000        0.0000000000000000        49.587801695892338        793.40482713427741        16.000000000000000        0.0000000000000000     
   2           1         156   1.3848418516409713E-005   7.4714950261584527E-006   2.0587153175500442E-005   2.0503117827247377       0.53013365377671540       0.51379310000000000        0.0000000000000000        0.0000000000000000        43.094541540861229        689.51266465377967        16.000000000000000        0.0000000000000000     
   2           1         157   1.1558992280275918E-005   5.3190693108381606E-006   1.8152953341356184E-005   2.0590618311354776       0.48592567939957709       0.51379310000000000        0.0000000000000000        0.0000000000000000        45.091846690867527        721.46954705388043        16.000000000000000        0.0000000000000000     
   2           1         158   1.3801546660187129E-005   7.6645217718459084E-006   2.0286771452673792E-005   1.9950055430537823       0.56056575735535941       0.51379310000000000        0.0000000000000000        1.0000000000000000        48.362401249190363        773.79841998704580        16.000000000000000        0.0000000000000000     
   2           1         159   1.6806361280029420E-005   1.0477505016954611E-005   2.3494301494082723E-005   2.1022271457116495       0.50756592106160558       0.51379310000000000        0.0000000000000000        0.0000000000000000        48.561595987269577        776.98553579631323        16.000000000000000        0.0000000000000000     
   2           1         160   1.1876925656743011E-005   5.3780500226512773E-006   1.8744531728467906E-005   2.0728244066594681       0.47519985096929013       0.51379310000000000        0.0000000000000000        0.0000000000000000        49.890182343119434        798.24291748991095        16.000000000000000        0.0000000000000000     
   2           1         161   8.9995565354418138E-006   3.9989848765162291E-007   1.8087138318658324E-005   2.3152277391798997       0.48305936614420070       0.51379310000000000        0.0000000000000000        1.0000000000000000        41.943717630730895        671.09948209169431        16.000000000000000        6.2500000000000000E-002
   2           1         162   1.3815587386747410E-005   7.5351513216858225E-006   2.0452360158214518E-005   2.0109372254829245       0.50269415729062505       0.51379310000000000        0.0000000000000000        1.0000000000000000        45.434722383392334        726.95555813427734        16.000000000000000        0.0000000000000000     
   2           1         163   2.2908913687460048E-006  -1.1832421224932465E-005   1.7215526456761730E-005   3.8573243973230058       0.43568083180102124       0.51379310000000000        0.0000000000000000        0.0000000000000000        48.144919872058537        770.31871795293659        16.000000000000000        6.2500000000000000E-002
   2           1         164   1.1412502050078348E-005   4.8519750848294258E-006   1.8345257399927593E-005   2.0125824487470347       0.54889421142830552       0.51379310000000000        0.0000000000000000        0.0000000000000000        50.342893985734825        805.48630377175721        16.000000000000000        0.0000000000000000     
   2           1         165   1.3367697696111216E-005   7.8363987048582955E-006   1.9212829173559862E-005   1.9008587811313864       0.56831388755138634       0.51379310000000000        0.0000000000000000        0.0000000000000000        48.757268668607054        780.11629869771286        16.000000000000000        0.0000000000000000     
   2           1         166   1.0734816126822590E-005   4.3930744184059444E-006   1.7436372875125393E-005   2.0864362418832885       0.50530420180859137       0.51379310000000000        0.0000000000000000        0.0000000000000000        42.060259946470993        672.96415914353588        16.000000000000000        0.0000000000000000     
   2           1         167   1.2063008687430313E-005   6.1798282175977764E-006   1.8279986544911446E-005   1.9850915094461317       0.50621413045370400       0.51379310000000000        0.0000000000000000        0.0000000000000000        42.269405575675833        676.31048921081333        16.000000000000000        0.0000000000000000     
   2           1         168   1.6412410121711560E-005   1.1711217384426185E-005   2.1380337130125058E-005   1.9891023145709135       0.49579965463428938       0.51379310000000000        0.0000000000000000        0.0000000000000000        47.369648883558142        757.91438213693027        16.000000000000000        0.0000000000000000     
   2           1         169   1.2249158747899106E-006  -1.5124785213846346E-005   1.8502259339893744E-005   4.9363188654996106       0.61960797188611749       0.51379310000000000        0.0000000000000000        0.0000000000000000        51.621378615669265        825.94205785070824        16.000000000000000        6.2500000000000000E-002
   2           1         170   1.2286030710838858E-005   5.6656849937470542E-006   1.9281998783394119E-005   1.8792903063486719       0.56076971528528974       0.51379310000000000        1.0000000000000000        0.0000000000000000        53.022957660270563        848.36732256432902        16.000000000000000        0.0000000000000000     
   2           1         171   1.2795446550829283E-005   6.8127892838126066E-006   1.9117545277642880E-005   2.0559591763828160       0.57877123986903578       0.51379310000000000        0.0000000000000000        0.0000000000000000        41.168144416308039        658.69031066092862        16.000000000000000        0.0000000000000000     
   2           1         172   1.1298140837154758E-005   5.2540623607902039E-006   1.7685145663731129E-005   2.0578877170427714       0.48067328938732073       0.51379310000000000        0.0000000000000000        0.0000000000000000        44.341793429869135        709.46869487790616        16.000000000000000        0.0000000000000000     
   2           1         173   1.1757441586050942E-005   5.3585355173336823E-006   1.8519406061781642E-005   2.0705417614299577       0.47737576642062768       0.51379310000000000        0.0000000000000000        0.0000000000000000        44.808126454210118        716.93002326736189        16.000000000000000        0.0000000000000000     
   2           1         174   1.2255270632532334E-005   6.6004544259596755E-006   1.8230927392452498E-005   1.8919511095794839       0.56557221951097980       0.51379310000000000        0.0000000000000000        0.0000000000000000        49.251572961018681        788.02516737629890        16.000000000000000        0.0000000000000000     
   2           1         175   2.9843252887122778E-006  -1.1988421334069157E-005   1.8806589231971028E-005   2.9482729339192479       0.56508373975638870       0.51379310000000000        0.0000000000000000        1.0000000000000000        55.621831582838546        889.94930532541673        16.000000000000000       0.12500000000000000     
   2           1         176  -9.4492554838510300E-006  -3.9250011535235669E-005   2.0351500567533599E-005   17.499995385905748       0.49999538590574150       0.50000000000000000        0.0000000000000000        1.0000000000000000        56.460499472946161        903.36799156713857        16.000000000000000        3.6250000000000000     
   2           1         177   1.0271390625324664E-005   3.8573190239077978E-006   1.7049381089289746E-005   2.0706295056794222       0.49719898779797789       0.51379310000000000        0.0000000000000000        0.0000000000000000        44.013787143848646        704.22059430157833        16.000000000000000        0.0000000000000000     
   2           1         178   1.2763518225175047E-005   7.3868260989930120E-006   1.8445270819094205E-005   2.0160213659752042       0.55102378385661022       0.51379310000000000        0.0000000000000000        0.0000000000000000        47.551475134849895        760.82360215759832        16.000000000000000        0.0000000000000000     
   2           1         179  -1.1638539045832318E-006  -1.8069224180700444E-005   1.6700686069682896E-005   5.1011404968879885       0.59366780495186411       0.51379310000000000        0.0000000000000000        0.0000000000000000        47.356496666212117        757.70394665939386        16.000000000000000        6.2500000000000000E-002
   2           1         180   1.5543360036893806E-005   9.7236639601509026E-006   2.1693251550831760E-005   2.0056612339159319       0.46531578757361297       0.51379310000000000        0.0000000000000000        1.0000000000000000        50.830069319961176        813.28110911937881        16.000000000000000        0.0000000000000000     
   2           1         181   1.2634836021896874E-005   3.8816771473993327E-006   2.1884627896345482E-005   2.0569560131413200       0.48977087333799846       0.51379310000000000        0.0000000000000000        1.0000000000000000        44.977768791985262        719.64430067176420        16.000000000000000        0.0000000000000000     
   2           1         182   1.2146632501353959E-005   6.3498624147040176E-006   1.8272297260136527E-005   1.8748248947251147       0.54771265450850015       0.51379310000000000        1.0000000000000000        0.0000000000000000        45.431656766545380        726.90650826472609        16.000000000000000        0.0000000000000000     
   2           1         183   1.2049947960910894E-005   7.7965572194774258E-006   1.6544665774566739E-005   1.8853374504941782       0.47978393165807304       0.51379310000000000        0.0000000000000000        0.0000000000000000        45.641772195892344        730.26835513427750        16.000000000000000        0.0000000000000000     
   2           1         184  -8.3307864662991947E-006  -3.3908039496127676E-005   1.8697657851706602E-005   2.3695918427892004       0.50644508482481176       0.51379310000000000        0.0000000000000000        0.0000000000000000        49.569608624160097        793.11373798656155        16.000000000000000        6.2500000000000000E-002
   2           1         185   1.5346881098407415E-005   8.9087877092594957E-006   2.2150256288064132E-005   2.0359232245837737       0.48427107736629843       0.51379310000000000        0.0000000000000000        0.0000000000000000        49.269292667112893        788.30868267380629        16.000000000000000        0.0000000000000000     
   2           1         186   2.1815714465071978E-006  -9.9649992006993620E-006   1.5017309045453971E-005   2.7524804124374325       0.44048194639520821       0.51379310000000000        0.0000000000000000        0.0000000000000000        42.896478591000331        686.34365745600530        16.000000000000000        6.2500000000000000E-002
   2           1         187  -5.5351090798115458E-006  -2.7076268835657423E-005   1.7228243823142305E-005   2.1873245968255737       0.60150223202199782       0.51379310000000000        0.0000000000000000        0.0000000000000000        45.816248745705948        733.05997993129517        16.000000000000000        6.2500000000000000E-002
   2           1         188  -2.8990756815630720E-006  -2.3137712083918512E-005   1.8487851852659444E-005   2.4881057526557808       0.53378339186868573       0.51379310000000000        0.0000000000000000        0.0000000000000000        46.315564869107661        741.04903790572257        16.000000000000000        6.2500000000000000E-002
   2           1         189   1.3285217849087262E-005   6.7370376246739546E-006   2.0204925933978801E-005   1.9527973732985053       0.52281241221778840       0.51379310000000000        0.0000000000000000        0.0000000000000000        47.409405471432443        758.55048754291909        16.000000000000000        0.0000000000000000     
   2           1         190   1.1386337537878491E-005   4.7687191521417685E-006   1.8379423536914621E-005   2.1719804472906858       0.50160178682640777       0.51379310000000000        0.0000000000000000        0.0000000000000000        52.990332695892327        847.84532313427724        16.000000000000000        0.0000000000000000     
   2           1         191   4.1582853582171514E-006  -9.4912705321542713E-006   1.8582283936882147E-005   3.7881242792198497       0.42985983791776844       0.51379310000000000        0.0000000000000000        0.0000000000000000        42.014003164415797        672.22405063065275        16.000000000000000        6.2500000000000000E-002
   2           1         192   1.1589058941253263E-005   4.4839952648645178E-006   1.9097246694221922E-005   2.1264791706340098       0.44662816210953371       0.51379310000000000        0.0000000000000000        0.0000000000000000        46.141340770750972        738.26145233201555        16.000000000000000        0.0000000000000000     
   2           1         193   1.1847742034624813E-005   6.7891409983392475E-006   1.7193355821875798E-005   1.9414622316276138       0.49755302027017045       0.51379310000000000        0.0000000000000000        0.0000000000000000        45.829983112385392        733.27972979816627        16.000000000000000        0.0000000000000000     
   2           1         194   1.3015088756883018E-005   7.1089532960179639E-006   1.9256324015901325E-005   1.9934840468985089       0.45068321323139310       0.51379310000000000        0.0000000000000000        0.0000000000000000        48.248648394479780        771.97837431167648        16.000000000000000        0.0000000000000000     
   2           1         195   3.3613732108752469E-006  -1.0531839219522266E-005   1.8042852810553161E-005   2.6072104909972280       0.55586443338994762       0.51379310000000000        0.0000000000000000        1.0000000000000000        50.168991689808486        802.70386703693578        16.000000000000000       0.12500000000000000     
   2           1         196   1.3657000512581420E-005   7.6648206330715502E-006   1.9989162141820632E-005   1.9264497223561767       0.47021190470944257       0.51379310000000000        0.0000000000000000        0.0000000000000000        44.941027446408398        719.05643914253437        16.000000000000000        0.0000000000000000     
   2           1         197   1.1959795483660827E-005   5.2515423648746161E-006   1.9048658610625521E-005   2.0565726691717199       0.52146845820396803       0.51379310000000000        0.0000000000000000        0.0000000000000000        44.019422477142328        704.31075963427725        16.000000000000000        0.0000000000000000     
   2           1         198   8.4301054929378128E-006   1.8870368358321133E-006   1.5344411992592718E-005   2.2144235342178722       0.51370036420824572       0.51379310000000000        0.0000000000000000        0.0000000000000000        48.752344071827459        780.03750514923934        16.000000000000000        0.0000000000000000     
   2           1         199   1.0429473321633740E-005   3.7924671396641259E-006   1.7443047133427104E-005   2.0186114415513612       0.49816246463162889       0.51379310000000000        0.0000000000000000        0.0000000000000000        46.041252146420952        736.66003434273523        16.000000000000000        0.0000000000000000     
   2           1         200   1.4007904347937554E-005   8.1988960679248217E-006   2.0146501665486079E-005   2.0511814678230627       0.52272775101763636       0.51379310000000000        0.0000000000000000        0.0000000000000000        50.965222992990185        815.44356788784296        16.000000000000000        0.0000000000000000     
   2           1         201   7.8436876836881510E-006  -1.1223080003098623E-006   1.7318392211879971E-005   2.3596491130312169       0.40655244054467310       0.51379310000000000        1.0000000000000000        0.0000000000000000        42.308451221767058        676.93521954827293        16.000000000000000        6.2500000000000000E-002
   2           1         202   1.2641211407513411E-005   5.9423504639144047E-006   1.9720149470055725E-005   2.0596278102354377       0.50191045606312990       0.51379310000000000        0.0000000000000000        0.0000000000000000        45.484284983174156        727.74855973078650        16.000000000000000        0.0000000000000000     
   2           1         203   1.0233045311203110E-005   3.5457642354099326E-006   1.7299746492332224E-005   2.2498797696164070       0.52120015777314965       0.51379310000000000        0.0000000000000000        0.0000000000000000        46.680538536654105        746.88861658646567        16.000000000000000        0.0000000000000000     
   2           1         204   1.0561339687501671E-005   4.0778668760301392E-006   1.7412669017817045E-005   2.0137924252960770       0.51298764685724985       0.51379310000000000        0.0000000000000000        0.0000000000000000        50.338986869865437        805.42378991784699        16.000000000000000        0.0000000000000000     
   2           1         205   1.0336135299523279E-005   4.3491821537311484E-006   1.6662773642852662E-005   1.9707020342974573       0.47792199309975519       0.51379310000000000        0.0000000000000000        0.0000000000000000        47.748573114049741        763.97716982479585        16.000000000000000        0.0000000000000000     
   2           1         206   1.2722517541590903E-005   5.5390557784121158E-006   2.0313551498606392E-005   2.2953269747057257       0.46014871618197428       0.51379310000000000        0.0000000000000000        0.0000000000000000        43.578876940052311        697.26203104083697        16.000000000000000        0.0000000000000000     
   2           1         207   1.2022373046203990E-005   5.9208645928240231E-006   1.8470066287370118E-005   2.1126537993697503       0.55370379584806628       0.51379310000000000        0.0000000000000000        0.0000000000000000        43.531382215002509        696.50211544004014        16.000000000000000        0.0000000000000000     
   2           1         208   1.1379562249599701E-005   4.7532132321738512E-006   1.8381874235186592E-005   2.0013138667574375       0.47477176542903754       0.51379310000000000        0.0000000000000000        0.0000000000000000        46.990854881287682        751.85367810060291        16.000000000000000        0.0000000000000000     
   2           1         209   9.0119012068229980E-006   3.4825959745521142E-006   1.4854925804241491E-005   2.0130713916084479       0.48296102753319892       0.51379310000000000        0.0000000000000000        0.0000000000000000        49.366753846521149        789.86806154433839        16.000000000000000        0.0000000000000000     
   2           1         210   5.3182417048661222E-007  -1.2834508897210482E-005   1.4656530550598521E-005   3.0276808524343961       0.43584121724379493       0.51379310000000000        0.0000000000000000        0.0000000000000000        48.387328636162444        774.19725817859910        16.000000000000000        6.2500000000000000E-002
   2           1         211   1.0598966831399746E-005   3.9007585966072830E-006   1.7677215152021213E-005   1.9875756600549632       0.48761918616099098       0.51379310000000000        0.0000000000000000        0.0000000000000000        39.294394151115412        628.71030641784660        16.000000000000000        0.0000000000000000     
   2           1         212   1.3910771792157873E-005   8.0799051090445016E-006   2.0072467705571910E-005   2.0113574851349916       0.57985579309214419       0.51379310000000000        0.0000000000000000        0.0000000000000000        43.512196877519699        696.19515004031518        16.000000000000000        0.0000000000000000     
   2           1         213   1.4444701760534189E-005   8.3218056388174486E-006   2.0914996154453745E-005   2.1211716053882235       0.44664146512808628       0.51379310000000000        0.0000000000000000        1.0000000000000000        44.987291842920413        719.79666948672661        16.000000000000000        0.0000000000000000     
   2           1         214   1.1182801348730671E-005   4.6988331371235093E-006   1.8034654186983688E-005   2.0390069287233983       0.52965497719657695       0.51379310000000000        0.0000000000000000        0.0000000000000000        47.361662703513836        757.78660325622138        16.000000000000000        0.0000000000000000     
   2           1         215   1.2185134573431420E-005   5.9144374212173679E-006   1.8811615869763163E-005   2.1086342508385565       0.48726592380864220       0.51379310000000000        0.0000000000000000        0.0000000000000000        49.993639244876313        799.89822791802101        16.000000000000000        0.0000000000000000     
   2           1         216   1.4239128702060342E-005   8.0744301849026326E-006   2.0753597257928382E-005   2.1200818595012936       0.50724896177291579       0.51379310000000000        0.0000000000000000        0.0000000000000000        41.015547790558223        656.24876464893157        16.000000000000000        0.0000000000000000     
   2           1         217   1.4004105704312677E-005   7.5030863496027543E-006   2.0873977126163444E-005   2.0106474462887549       0.52324847556591347       0.51379310000000000        0.0000000000000000        1.0000000000000000        43.239310648068560        691.82897036909696        16.000000000000000        0.0000000000000000     
   2           1         218   1.2409906370904878E-005   5.6635025361503754E-006   1.9539084792910927E-005   2.1766530618722779       0.50946738129274682       0.51379310000000000        0.0000000000000000        0.0000000000000000        45.351495088615430        725.62392141784687        16.000000000000000        0.0000000000000000     
   2           1         219  -1.7802137644584648E-005  -3.5320918909759008E-005   8.4760342531767769E-006   10.994654157033429       0.40754156551003046       0.59999999999999998        0.0000000000000000        1.0000000000000000        58.511741033637499        936.18785653819998        16.000000000000000        8.4375000000000000     
   2           1         220   1.1823967142968672E-005   4.7872440559128998E-006   1.9259936827356020E-005   2.3988652334016978       0.49223712134143183       0.51379310000000000        0.0000000000000000        0.0000000000000000        50.334590500369373        805.35344800590997        16.000000000000000        0.0000000000000000     
   2           1         221  -2.6801933546793827E-005  -5.5292444706621603E-005   1.5933833192947682E-005   17.342712815858086       0.50722242783345384       0.59999999999999998        0.0000000000000000        1.0000000000000000        49.203876418874991        787.26202270199985        16.000000000000000        19.250000000000000     
   2           1         222  -7.5206410332419682E-006  -3.0637510295400179E-005   1.6907823310844470E-005   2.3137513486801353       0.58702191723595387       0.51379310000000000        0.0000000000000000        0.0000000000000000        41.288319801071999        660.61311681715199        16.000000000000000        6.2500000000000000E-002
   2           1         223   1.4436050014602225E-005   9.2565111639119548E-006   1.9909463334461302E-005   1.9967595559873321       0.43746642129031976       0.51379310000000000        0.0000000000000000        0.0000000000000000        43.838276082084242        701.41241731334787        16.000000000000000        0.0000000000000000     
   2           1         224  -1.2424544856239140E-005  -5.3693664007347325E-005   1.5088201244499726E-005   16.419795148434236       0.53691069578364337       0.40000000000000002        0.0000000000000000        1.0000000000000000        55.452328193499994        887.23725109599991        16.000000000000000        20.625000000000000     
   2           1         225   1.3973404467935174E-005   8.3542761353665172E-006   1.9911348510457668E-005   2.0110229042156411       0.51570595640065264       0.51379310000000000        0.0000000000000000        0.0000000000000000        48.905314526115419        782.48503241784670        16.000000000000000        0.0000000000000000     
   2           1         226  -1.7152792630737241E-005  -5.0460946405470487E-005   1.6155361143996121E-005   20.545980518770101       0.50290151897734814       0.50000000000000000        0.0000000000000000        1.0000000000000000        50.540332130312507        808.64531408500011        16.000000000000000        33.687500000000000     
   2           1         227   1.0054365697921592E-005   5.5861475084087854E-006   1.4776099747903343E-005   1.9146182227830897       0.39767039057068843       0.51379310000000000        0.0000000000000000        0.0000000000000000        44.972385861577649        719.55817378524239        16.000000000000000        0.0000000000000000     
   2           1         228   1.3073108713154445E-005   7.1982942803426034E-006   1.9281245864970402E-005   1.9098876521779882       0.57199229494742432       0.51379310000000000        0.0000000000000000        1.0000000000000000        44.376916453919428        710.03066326271085        16.000000000000000        0.0000000000000000     
   2           1         229   1.2573601189509753E-005   7.1853626013985290E-006   1.8267555363597690E-005   1.9577469875699356       0.52425758229665920       0.51379310000000000        0.0000000000000000        1.0000000000000000        47.871412342423582        765.94259747877732        16.000000000000000        0.0000000000000000     
   2           1         230  -1.8581901793746926E-005  -5.1374727017677010E-005   1.4210923430183151E-005   14.211550026696607       0.50856245806157785       0.50000000000000000        1.0000000000000000        0.0000000000000000        59.923655135312494        958.77848216499990        16.000000000000000        22.875000000000000     
   2           1         231   1.5472114287033613E-005   1.0327764948849937E-005   2.0908341526813815E-005   2.0154382700087661       0.43542211402608338       0.51379310000000000        0.0000000000000000        0.0000000000000000        43.057580183042013        688.92128292867221        16.000000000000000        0.0000000000000000     
   2           1         232   9.7648537758032261E-006  -6.3266173421767062E-007   2.0752299092173155E-005   2.1849560816165545       0.60210136443651185       0.51379310000000000        0.0000000000000000        0.0000000000000000        46.874781664642335        749.99650663427735        16.000000000000000        0.0000000000000000     
   2           1         233   1.1675370531914341E-005   5.8432546985611943E-006   1.7838386469321942E-005   2.0489484286448576       0.50153574478861374       0.51379310000000000        0.0000000000000000        0.0000000000000000        46.343625348688484        741.49800557901574        16.000000000000000        0.0000000000000000     
   2           1         234   9.4385263272239731E-006   2.3376444988217627E-006   1.6942294964296855E-005   2.1370433805499780       0.51057716447980417       0.51379310000000000        0.0000000000000000        0.0000000000000000        48.000287759999452        768.00460415999123        16.000000000000000        0.0000000000000000     
   2           1         235   1.3216152409074627E-005   7.1200687659316709E-006   1.9658113049431636E-005   1.9773857640072703       0.56161076688824785       0.51379310000000000        0.0000000000000000        0.0000000000000000        51.104883631501941        817.67813810403106        16.000000000000000        0.0000000000000000     
   2           1         236   1.2952225828313485E-005   6.8546673762530545E-006   1.9395744954668034E-005   1.9649760469626638       0.49680106815648467       0.51379310000000000        0.0000000000000000        0.0000000000000000        40.423889295701684        646.78222873122695        16.000000000000000        0.0000000000000000     
   2           1         237   9.7621913202040936E-006   2.1950854122058747E-006   1.7758636460119462E-005   2.2294524170755547       0.44152929261789248       0.51379310000000000        0.0000000000000000        1.0000000000000000        44.879282523002388        718.06852036803821        16.000000000000000        6.2500000000000000E-002
   2           1         238   1.2107824193411620E-005   5.6484687025432687E-006   1.8933667844859875E-005   2.0095182607095974       0.51080525869552484       0.51379310000000000        0.0000000000000000        0.0000000000000000        49.174664082439335        786.79462531902936        16.000000000000000        0.0000000000000000     
   2           1         239  -1.7785143711532324E-006  -2.1723170721316938E-005   1.9297753395891258E-005   2.3626005097273466       0.53989795173390209       0.51379310000000000        0.0000000000000000        0.0000000000000000        49.460023258392347        791.36037213427755        16.000000000000000        6.2500000000000000E-002
   2           1         240   1.1367636464343632E-005   5.7889939018633279E-006   1.7262797672398784E-005   2.0031674447075227       0.51120498265442749       0.51379310000000000        0.0000000000000000        0.0000000000000000        49.486378854062160        791.78206166499456        16.000000000000000        0.0000000000000000     
   2           1         241   8.8144359390055623E-006   1.0812239563218040E-007   1.8014724591885286E-005   2.5537711653655304       0.43695107880445117       0.51379310000000000        0.0000000000000000        1.0000000000000000        43.515715502227984        696.25144803564774        16.000000000000000        6.2500000000000000E-002
   2           1         242   1.0653562175855107E-005   3.6108201924881296E-006   1.8095892254129189E-005   2.0712013438192747       0.53458779323599293       0.51379310000000000        0.0000000000000000        0.0000000000000000        43.531452634995610        696.50324215992975        16.000000000000000        0.0000000000000000     
   2           1         243   1.1265470576398491E-005   4.5441137517789127E-006   1.8368180881677018E-005   2.0771855299129767       0.52389039750985766       0.51379310000000000        0.0000000000000000        0.0000000000000000        46.863072567272148        749.80916107635437        16.000000000000000        0.0000000000000000     
   2           1         244   1.1148727016178132E-005   4.7930017480531188E-006   1.7865060717444452E-005   2.1094202725972013       0.49183506988663694       0.51379310000000000        0.0000000000000000        0.0000000000000000        51.275251801968125        820.40402883149000        16.000000000000000        0.0000000000000000     
   2           1         245  -2.6533575295770659E-005  -5.5094182056046045E-005   1.6307334844642588E-005   18.124590063658406       0.49654843160258255       0.59999999999999998        0.0000000000000000        1.0000000000000000        61.087363830000015        977.39782128000024        16.000000000000000        43.687500000000000     
   2           1         246   1.0592985762759377E-005   3.3350419816418701E-006   1.8262727666722998E-005   2.6727350763869127       0.53226629509333245       0.51379310000000000        0.0000000000000000        1.0000000000000000        42.861373070892327        685.78196913427723        16.000000000000000        6.2500000000000000E-002
   2           1         247   1.5255316379853660E-005   9.3975018244292721E-006   2.1445489122479727E-005   2.0141768198462646       0.51281150941005005       0.51379310000000000        0.0000000000000000        0.0000000000000000        46.745286074700743        747.92457719521190        16.000000000000000        0.0000000000000000     
   2           1         248   8.7394865327791430E-006  -6.7419516292105491E-007   1.8687277690919964E-005   2.3827313820516571       0.50797930409997782       0.51379310000000000        1.0000000000000000        0.0000000000000000        45.882588657699998        734.12141852319996        16.000000000000000        6.2500000000000000E-002
   2           1         249   1.2863805271909129E-005   6.4058532326021791E-006   1.9688165843359274E-005   2.1381235741779574       0.42297128961144986       0.51379310000000000        0.0000000000000000        0.0000000000000000        50.240770831052217        803.85233329683547        16.000000000000000        0.0000000000000000     
   2           1         250   2.5855637769516319E-006  -1.1948997529451788E-005   1.7944780831988771E-005   3.8172135483822673       0.41435505558848368       0.51379310000000000        0.0000000000000000        0.0000000000000000        49.693233344794649        795.09173351671438        16.000000000000000        6.2500000000000000E-002
   2           1         251   2.4101543094644896E-006  -1.1679150182945862E-005   1.7298851759046777E-005   4.0059988484955502       0.47008275781138931       0.51379310000000000        0.0000000000000000        0.0000000000000000        42.055876472059211        672.89402355294737        16.000000000000000        6.2500000000000000E-002
   2           1         252  -2.5277929513759706E-005  -5.2340283639952566E-005   1.5315601675529991E-005   16.388488734142893       0.49750084556406610       0.59999999999999998        0.0000000000000000        1.0000000000000000        52.086098606249990        833.37757769999985        16.000000000000000        47.750000000000000     
   2           1         253   1.0093996467822791E-005   3.2319346113373171E-006   1.7345395067134298E-005   2.0497341239712523       0.49981143548578016       0.51379310000000000        0.0000000000000000        0.0000000000000000        47.499619070892344        759.99390513427750        16.000000000000000        0.0000000000000000     
   2           1         254   1.0142149954385223E-005   3.9390693204267003E-006   1.6697178335248224E-005   1.9603303621931534       0.51263973577862221       0.51379310000000000        0.0000000000000000        0.0000000000000000        47.817296043505905        765.07673669609449        16.000000000000000        0.0000000000000000     
   2           1         255   1.2014552616854834E-005   5.6828908886131394E-006   1.8705457471361792E-005   2.0232368287645621       0.56904141970504085       0.51379310000000000        0.0000000000000000        0.0000000000000000        52.290928088733132        836.65484941973011        16.000000000000000        0.0000000000000000     
   2           1         256   1.2826551791017013E-005   6.1899618026366691E-006   1.9839685795407222E-005   2.1090346274820519       0.51004776549885000       0.51379310000000000        0.0000000000000000        0.0000000000000000        41.966337916958729        671.46140667133966        16.000000000000000        0.0000000000000000     
   2           1         257   8.8836013529681483E-006  -1.9080000480845508E-006   2.0287492037800973E-005   2.0750334798596528       0.53226659670789112       0.51379310000000000        0.0000000000000000        0.0000000000000000        45.412402949880445        726.59844719808711        16.000000000000000        0.0000000000000000     
   2           1         258   4.3368484537077629E-007  -1.5352986627780222E-005   1.7116053760479894E-005   4.8340654146834456       0.57736707344752791       0.51379310000000000        0.0000000000000000        0.0000000000000000        47.537195433180401        760.59512693088641        16.000000000000000        6.2500000000000000E-002
   2           1         259   1.1548264027547633E-005   5.4687482634527655E-006   1.7972716767591274E-005   1.9016651013145511       0.52411283348660553       0.51379310000000000        0.0000000000000000        0.0000000000000000        49.974959259366194        799.59934814985911        16.000000000000000        0.0000000000000000     
   2           1         260   8.2080515807133554E-006  -5.2736908821155370E-007   1.7439098826835658E-005   2.8465033094482570       0.55122585013547698       0.51379310000000000        0.0000000000000000        1.0000000000000000        50.452280276115417        807.23648441784667        16.000000000000000        6.2500000000000000E-002
   2           1         261   1.2183483740353352E-005   5.1934830120072075E-006   1.9570080152743784E-005   2.0702290318703978       0.46603204569597401       0.51379310000000000        0.0000000000000000        0.0000000000000000        44.432274585470779        710.91639336753246        16.000000000000000        0.0000000000000000     
   2           1         262   1.3026144699446207E-005   7.5605199990109217E-006   1.8801875686137428E-005   2.0345962571793166       0.56733012435120145       0.51379310000000000        0.0000000000000000        0.0000000000000000        42.463439055826811        679.41502489322897        16.000000000000000        0.0000000000000000     
   2           1         263   1.8511345231408297E-005   7.6830620351439175E-006   1.8511345231408297E-005   1.9993745824023748       0.48171791234657346        0.0000000000000000        0.0000000000000000        1.0000000000000000        46.467422703392330        743.47876325427728        16.000000000000000        0.0000000000000000     
   2           1         264   1.3495654948777292E-005   7.2349145257296249E-006   2.0111614595283653E-005   2.1315856738472290       0.54955510046072797       0.51379310000000000        0.0000000000000000        0.0000000000000000        47.356015519910009        757.69624831856015        16.000000000000000        0.0000000000000000     
   2           1         265   3.2100000000000019E-006   4.1137000000000009E-004   3.2100000000000019E-006   10.000000000000009        1.0000000000000000        0.0000000000000000        0.0000000000000000        1.0000000000000000        46.902455011740415        750.43928018784663        16.000000000000000        1.6250000000000000     
   2           1         266   1.2528286700050002E-005   5.6831632730344498E-006   1.9761785824494990E-005   1.9252210775650713       0.58017787966266188       0.51379310000000000        0.0000000000000000        0.0000000000000000        42.449943221967310        679.19909155147695        16.000000000000000        0.0000000000000000     
   2           1         267   1.0160900687368012E-005   3.0152713824384195E-006   1.7711955664232063E-005   2.0715461932495414       0.51083801320871935       0.51379310000000000        0.0000000000000000        0.0000000000000000        43.675392994865419        698.80628791784670        16.000000000000000        0.0000000000000000     
   2           1         268   1.0331180782034879E-005   3.8268359590572137E-006   1.7204566351155145E-005   2.0434316821844960       0.48972984228624389       0.51379310000000000        0.0000000000000000        0.0000000000000000        42.608821957052456        681.74115131283929        16.000000000000000        0.0000000000000000     
   2           1         269   8.4138988629619003E-006  -1.1260467865987127E-006   1.8495117885397741E-005   1.9313073036767281       0.54741788199821539       0.51379310000000000        0.0000000000000000        1.0000000000000000        47.145503365608441        754.32805384973506        16.000000000000000        0.0000000000000000     
   2           1         270  -2.4695309349761663E-007  -1.7253285939860066E-005   1.7724277822320676E-005   5.1084314015315364       0.59788138649487244       0.51379310000000000        0.0000000000000000        0.0000000000000000        48.586466901239390        777.38347041983025        16.000000000000000        6.2500000000000000E-002
   2           1         271   4.1419301289583095E-006  -9.7146185422159517E-006   1.8784665756658158E-005   2.2541574609948949       0.57963335428461971       0.51379310000000000        0.0000000000000000        0.0000000000000000        42.017833333112534        672.28533332980055        16.000000000000000        6.2500000000000000E-002
   2           1         272   9.6901738028186561E-006   3.3702956625990110E-006   1.6368626497105282E-005   1.9847334305053328       0.54392098623070129       0.51379310000000000        0.0000000000000000        0.0000000000000000        45.663141896591469        730.61027034546350        16.000000000000000        0.0000000000000000     
   2           1         273   1.1163374209392449E-005   4.6945844622231835E-006   1.7999187393956985E-005   2.2070104393292365       0.56132396916047467       0.51379310000000000        0.0000000000000000        0.0000000000000000        45.210440700733415        723.36705121173463        16.000000000000000        0.0000000000000000     
   2           1         274   1.3692889924117169E-005   8.3583512144310887E-006   1.9330097418950561E-005   1.8940658426992620       0.47119105781278864       0.51379310000000000        1.0000000000000000        0.0000000000000000        46.847017619865426        749.55228191784681        16.000000000000000        0.0000000000000000     
   2           1         275   1.3050179446423179E-005   7.4128673956958073E-006   1.9007338907160449E-005   2.0492722687383029       0.49001587296778104       0.51379310000000000        0.0000000000000000        0.0000000000000000        48.987188468289197        783.79501549262716        16.000000000000000        0.0000000000000000     
   2           1         276   1.1985776175241404E-005   5.6466542755495083E-006   1.8684564473228575E-005   2.0559034687808104       0.49837548555011740       0.51379310000000000        0.0000000000000000        0.0000000000000000        42.109713501560314        673.75541602496503        16.000000000000000        0.0000000000000000     
   2           1         277   1.5675729777016956E-005   9.7890164691298664E-006   2.1896440917215179E-005   2.1107392430865790       0.46497599265393080       0.51379310000000000        0.0000000000000000        0.0000000000000000        44.451760352015718        711.22816563225149        16.000000000000000        0.0000000000000000     
   2           1         278   9.4036720236409804E-006   3.6332028912251124E-006   1.5501543575851105E-005   1.9282578722179018       0.49530545670165471       0.51379310000000000        0.0000000000000000        0.0000000000000000        46.191618233862087        739.06589174179339        16.000000000000000        0.0000000000000000     
   2           1         279   1.3203757852337301E-005   7.2964657398718814E-006   1.9446215388560936E-005   1.9180092504333162       0.51790902200124078       0.51379310000000000        0.0000000000000000        0.0000000000000000        44.876908156871778        718.03053050994845        16.000000000000000        0.0000000000000000     
   2           1         280   1.3018200394675461E-005   6.3716198923551260E-006   2.0041891750530366E-005   2.0601651546346047       0.45899384385786940       0.51379310000000000        0.0000000000000000        0.0000000000000000        47.321714318570180        757.14742909712288        16.000000000000000        0.0000000000000000     
   2           1         281   1.3106747592149491E-005   6.9203449528641532E-006   1.9644151709381921E-005   2.0375055039290166       0.44449049909663446       0.51379310000000000        0.0000000000000000        0.0000000000000000        39.045892901115415        624.73428641784665        16.000000000000000        0.0000000000000000     
   2           1         282   1.0148684158034460E-005   3.8555646570857460E-006   1.6798859992772268E-005   1.9459088146929133       0.49730128912445104       0.51379310000000000        0.0000000000000000        0.0000000000000000        43.462576912731294        695.40123060370070        16.000000000000000        0.0000000000000000     
   2           1         283   9.2039090932773380E-006   2.8898472574232925E-006   1.5876215480198326E-005   2.0294513579172690       0.48757835359374507       0.51379310000000000        0.0000000000000000        1.0000000000000000        45.699445005752501        731.19112009204002        16.000000000000000        0.0000000000000000     
   2           1         284   1.2288800030759607E-005   6.0815158791693386E-006   1.8848270426647695E-005   2.0282173964833672       0.46147734809912544       0.51379310000000000        0.0000000000000000        0.0000000000000000        50.342549773970333        805.48079638352533        16.000000000000000        0.0000000000000000     
   2           1         285   1.0526786373978765E-005   4.5539442032535789E-006   1.6838513119748297E-005   1.9776099305361754       0.48452952147186623       0.51379310000000000        0.0000000000000000        0.0000000000000000        48.756865732597490        780.10985172155983        16.000000000000000        0.0000000000000000     
   2           1         286   1.2742637141549968E-005   5.7225600543747852E-006   2.0161016372405627E-005   2.2726974800023974       0.46911066331567053       0.51379310000000000        0.0000000000000000        0.0000000000000000        42.059925842231351        672.95881347570162        16.000000000000000        0.0000000000000000     
   2           1         287  -2.1395491174940229E-006  -2.1290090027061382E-005   1.8097547025327321E-005   4.4596130029384540       0.55916339914818181       0.51379310000000000        0.0000000000000000        0.0000000000000000        41.440993343264545        663.05589349223271        16.000000000000000        6.2500000000000000E-002
   2           1         288   1.2183867100963497E-005   6.5810693033304975E-006   1.8104554053614997E-005   2.0327547287618195       0.51985749267573322       0.51379310000000000        0.0000000000000000        0.0000000000000000        46.845596338615429        749.52954141784687        16.000000000000000        0.0000000000000000     
   2           1         289   1.2436715147358285E-005   6.2555247634411778E-006   1.8968611278496464E-005   1.9258602160911873       0.58380653269246541       0.51379310000000000        0.0000000000000000        0.0000000000000000        51.051501199779295        816.82401919646873        16.000000000000000        0.0000000000000000     
   2           1         290   1.3399940395061292E-005   7.7075868425063004E-006   1.9415264278912640E-005   1.9349683772031341       0.59228373036410420       0.51379310000000000        0.0000000000000000        0.0000000000000000        50.258229793587439        804.13167669739903        16.000000000000000        0.0000000000000000     
   2           1         291   1.0964269444757313E-005   4.8627177409310243E-006   1.7412008390294734E-005   2.0236588248302496       0.56542971891957028       0.51379310000000000        0.0000000000000000        0.0000000000000000        40.896323692559832        654.34117908095732        16.000000000000000        0.0000000000000000     
   2           1         292   1.2009545899990527E-005   6.3058711891279253E-006   1.8036833277207138E-005   1.9615676920305629       0.55510321312750255       0.51379310000000000        0.0000000000000000        0.0000000000000000        43.905352191796538        702.48563506874461        16.000000000000000        0.0000000000000000     
   2           1         293  -9.3452390006361013E-006  -3.5131584833961667E-005   1.7904161539291228E-005   2.3490202657257071       0.61563167301618715       0.51379310000000000        0.0000000000000000        0.0000000000000000        44.807774423476758        716.92439077562813        16.000000000000000        6.2500000000000000E-002
   2           1         294  -1.4628127586448638E-005  -4.1855646704122977E-005   1.4144214913789483E-005   3.0413336094797523       0.47429530064766739       0.51379310000000000        0.0000000000000000        0.0000000000000000        48.789782908605986        780.63652653769577        16.000000000000000       0.12500000000000000     
   2           1         295  -1.0360178425623635E-005  -3.5796531569562084E-005   1.6519371688779377E-005   7.9154031074106843       0.61904650365167468       0.51379310000000000        0.0000000000000000        0.0000000000000000        53.376012633392335        854.01620213427736        16.000000000000000       0.25000000000000000     
   2           1         296   1.1843567843088734E-005   5.5676863172653274E-006   1.8475527661811196E-005   2.0657503421449497       0.55249362520167589       0.51379310000000000        0.0000000000000000        0.0000000000000000        43.421917740226711        694.75068384362737        16.000000000000000        0.0000000000000000     
   2           1         297   1.0722878590115884E-005   5.0116817003800644E-006   1.6758114936386246E-005   1.9627195219263984       0.50735509101574328       0.51379310000000000        0.0000000000000000        0.0000000000000000        43.718999736587563        699.50399578540100        16.000000000000000        0.0000000000000000     
   2           1         298   1.1976463874124390E-005   5.2775189579322850E-006   1.9055490673660292E-005   2.1405607331881322       0.50574649500198032       0.51379310000000000        0.0000000000000000        0.0000000000000000        47.551199858946717        760.81919774314747        16.000000000000000        0.0000000000000000     
   2           1         299   9.8828285619941492E-006   3.6350232198305920E-006   1.6485119222505843E-005   2.0375977562409036       0.52125114706742115       0.51379310000000000        0.0000000000000000        0.0000000000000000        47.356127958289697        757.69804733263516        16.000000000000000        0.0000000000000000     
   2           1         300   1.1044363124944088E-005   4.6824085586292516E-006   1.7767279559667704E-005   2.0513451536019711       0.53170867271996469       0.51379310000000000        0.0000000000000000        0.0000000000000000        50.829679766888681        813.27487627021890        16.000000000000000        0.0000000000000000     
   2           1         301  -6.3002969366900188E-006  -2.8657736634940007E-005   1.7325649652357335E-005   2.2863676076860679       0.58508069261770479       0.51379310000000000        0.0000000000000000        0.0000000000000000        44.976160074199079        719.61856118718526        16.000000000000000        6.2500000000000000E-002
   2           1         302   1.0623485598227649E-005   3.8828096332266813E-006   1.7746611165045695E-005   2.0317755836117071       0.50936416771903736       0.51379310000000000        0.0000000000000000        0.0000000000000000        44.777290914642336        716.43665463427737        16.000000000000000        0.0000000000000000     
   2           1         303   6.8306929573838239E-006  -3.6457658989048409E-006   1.7901560673977366E-005   3.2594790170741428       0.56400504198357293       0.51379310000000000        1.0000000000000000        0.0000000000000000        45.693893058191449        731.10228893106319        16.000000000000000        6.2500000000000000E-002
   2           1         304   1.2757237476118987E-005   6.6101264314208893E-006   1.9253120689005332E-005   2.0575700262319812       0.52817221447383245       0.51379310000000000        0.0000000000000000        0.0000000000000000        49.569342432766767        793.10947892426827        16.000000000000000        0.0000000000000000     
   2           1         305   1.9705005124302870E-006  -1.0539679252115748E-005   1.5190477527942497E-005   2.8375212342691856       0.41985754116396362       0.51379310000000000        0.0000000000000000        0.0000000000000000        49.269016709176540        788.30426734682464        16.000000000000000        6.2500000000000000E-002
   2           1         306   9.6593262866924654E-006   3.3579873820359316E-006   1.6318187874164768E-005   1.9068957839494285       0.59067254646073242       0.51379310000000000        0.0000000000000000        0.0000000000000000        42.896101092164287        686.33761747462859        16.000000000000000        0.0000000000000000     
   2           1         307   1.1369857699813939E-005   4.8157026356875848E-006   1.8295879622328891E-005   2.1570841187333141       0.49181988813973065       0.51379310000000000        0.0000000000000000        0.0000000000000000        44.554753578625011        712.87605725800017        16.000000000000000        0.0000000000000000     
   2           1         308   1.1351592094939474E-006  -1.5136761698220504E-005   1.8330309434900591E-005   4.8912288906213917       0.58401681782717874       0.51379310000000000        0.0000000000000000        0.0000000000000000        45.875739036417556        734.01182458268090        16.000000000000000        6.2500000000000000E-002
   2           1         309  -1.4496167285139139E-006  -1.9358737023756001E-005   1.7475623605930079E-005   5.2983956339435236       0.62036365711963148       0.51379310000000000        0.0000000000000000        0.0000000000000000        47.412058633392341        758.59293813427746        16.000000000000000        6.2500000000000000E-002
   2           1         310  -2.0192780104980994E-006  -1.9045036754756460E-005   1.5972480981536360E-005   4.0342691680379348       0.42972615207261705       0.51379310000000000        0.0000000000000000        0.0000000000000000        52.990188950238050        847.84302320380880        16.000000000000000       0.12500000000000000     
   2           1         311   8.8542443404059153E-006   1.4925718300215881E-006   1.6633600290094943E-005   2.0384485255377447       0.54088691063022487       0.51379310000000000        0.0000000000000000        0.0000000000000000        42.013720886120289        672.21953417792463        16.000000000000000        0.0000000000000000     
   2           1         312   9.5242161483668872E-006   3.3360909504154567E-006   1.6063440558064414E-005   1.9912208637753055       0.52191107159072203       0.51379310000000000        0.0000000000000000        0.0000000000000000        46.141039968585638        738.25663949737020        16.000000000000000        0.0000000000000000     
   2           1         313   8.1447446545158673E-006   1.2807344216480919E-006   1.5398202176358758E-005   3.5888861310080218       0.56948357654320592       0.51379310000000000        0.0000000000000000        0.0000000000000000        45.829591005050062        733.27345608080100        16.000000000000000        6.2500000000000000E-002
   2           1         314   1.0177260938779154E-005   2.7767818755872482E-006   1.7997625230939756E-005   2.0512005460979927       0.54924047782430863       0.51379310000000000        0.0000000000000000        0.0000000000000000        49.435107846000001        790.96172553600002        16.000000000000000        0.0000000000000000     
   2           1         315   1.0768606140439447E-005   3.6642415138619786E-006   1.8276055181206866E-005   2.1365520464037444       0.54167390453444542       0.51379310000000000        0.0000000000000000        0.0000000000000000        51.570099665364950        825.12159464583920        16.000000000000000        0.0000000000000000     
   2           1         316   5.2815891134131718E-006  -7.0397535060439869E-006   1.8302014822330356E-005   2.0680010570906227       0.54457522572920714       0.51379310000000000        0.0000000000000000        0.0000000000000000        43.863583820892330        701.81734113427729        16.000000000000000        0.0000000000000000     
   2           1         317   1.1810236967708912E-005   5.9777444549007408E-006   1.7973650956450417E-005   2.0746386243332555       0.46338025214470191       0.51379310000000000        0.0000000000000000        0.0000000000000000        43.724769377576500        699.59631004122400        16.000000000000000        0.0000000000000000     
   2           1         318   8.8689783566824188E-006   2.0003271617267406E-006   1.6127340157542663E-005   2.1886563799383816       0.51896466625962390       0.51379310000000000        0.0000000000000000        0.0000000000000000        47.094550526659532        753.51280842655251        16.000000000000000        0.0000000000000000     
   2           1         319   1.1681572242408182E-005   4.5759157707740313E-006   1.9190386424386536E-005   2.1400306856181426       0.50498429533389477       0.51379310000000000        0.0000000000000000        0.0000000000000000        45.526189089747078        728.41902543595324        16.000000000000000        0.0000000000000000     
   2           1         320   1.2179599434546450E-005   6.0093125019199461E-006   1.8699973479019077E-005   1.9507428725304516       0.54138200152885485       0.51379310000000000        0.0000000000000000        0.0000000000000000        50.203518769486621        803.25630031178594        16.000000000000000        0.0000000000000000     
   2           1         321   1.3849538923910314E-005   7.8627972561064616E-006   2.0175953790503774E-005   2.0153156762754154       0.47147890992064895       0.51379310000000000        0.0000000000000000        1.0000000000000000        42.240842808079066        675.85348492926505        16.000000000000000        0.0000000000000000     
   2           1         322   1.1976330111516231E-005   6.4241126381741503E-006   1.7843566934980890E-005   2.0212442179310153       0.52214653634547747       0.51379310000000000        0.0000000000000000        0.0000000000000000        45.138341506535582        722.21346410456931        16.000000000000000        0.0000000000000000     
   2           1         323   7.7753796950626913E-006  -2.4781780767921218E-006   1.8610699460434976E-005   2.8975919670705452       0.60677454156258648       0.51379310000000000        0.0000000000000000        1.0000000000000000        42.225781106338502        675.61249770141603        16.000000000000000        6.2500000000000000E-002
   2           1         324   1.2803632896505893E-005   5.6526636192284401E-006   2.0360330822794094E-005   2.0540596964300555       0.48562370106235730       0.51379310000000000        0.0000000000000000        0.0000000000000000        48.719835594332970        779.51736950932752        16.000000000000000        0.0000000000000000     
   2           1         325   1.1822084015593346E-005   5.4961305132525495E-006   1.8506956773309595E-005   2.0069421079817453       0.49171005568240095       0.51379310000000000        0.0000000000000000        0.0000000000000000        46.452283658175247        743.23653853080395        16.000000000000000        0.0000000000000000     
   2           1         326   1.0829452037077358E-005   4.5243107598904161E-006   1.7492331734473294E-005   2.0694123265199242       0.51607814901909976       0.51379310000000000        0.0000000000000000        0.0000000000000000        42.889478872552765        686.23166196084424        16.000000000000000        0.0000000000000000     
   2           1         327   1.0547327580033629E-005   4.0107741669767572E-006   1.7454749176498059E-005   2.0354422815306723       0.49691484997648383       0.51379310000000000        0.0000000000000000        0.0000000000000000        43.186869383498014        690.98991013596822        16.000000000000000        0.0000000000000000     
   2           1         328   1.2510574470200915E-006  -1.3228493441397195E-005   1.6552142926406469E-005   3.9885230897551183       0.38578572990085136       0.51379310000000000        0.0000000000000000        0.0000000000000000        45.887041016204591        734.19265625927346        16.000000000000000        6.2500000000000000E-002
   2           1         329   6.8813142546520857E-006   1.6360507036871367E-006   1.2424181334833344E-005   1.8287024702490153       0.54432071051914610       0.51379310000000000        0.0000000000000000        0.0000000000000000        49.521694755852245        792.34711609363592        16.000000000000000        0.0000000000000000     
   2           1         330   6.4205795053435198E-006  -4.3978434956581145E-006   1.7852813582638059E-005   1.9994912364786159       0.55408875813479319       0.51379310000000000        0.0000000000000000        0.0000000000000000        49.015347258392346        784.24555613427754        16.000000000000000        0.0000000000000000     
   2           1         331   3.2116202119980683E-006  -1.0266028451284231E-005   1.7453957964544398E-005   3.7689633001511891       0.37814015975099569       0.51379310000000000        0.0000000000000000        0.0000000000000000        40.421849349731090        646.74958959569744        16.000000000000000        6.2500000000000000E-002
   2           1         332   7.6013245347628402E-006  -2.1852335845783390E-006   1.7943148220248762E-005   3.1694584974434203       0.49779667674930300       0.51379310000000000        1.0000000000000000        0.0000000000000000        42.321662602395079        677.14660163832127        16.000000000000000        6.2500000000000000E-002
   2           1         333   8.5994870186549188E-006  -4.4509098466377667E-007   1.8157232436329531E-005   2.0280389446032472       0.57865921852625946       0.51379310000000000        0.0000000000000000        1.0000000000000000        45.350772099256382        725.61235358810211        16.000000000000000        6.2500000000000000E-002
   2           1         334   7.1015258344724987E-006   2.5199717923869957E-007   1.4339680129097540E-005   1.9764345575596181       0.57641353625723535       0.51379310000000000        0.0000000000000000        0.0000000000000000        46.979685743773565        751.67497190037705        16.000000000000000        0.0000000000000000     
   2           1         335   1.2409827484757189E-005   6.0113685943175839E-006   1.9171319410399842E-005   2.1107732814252547       0.52739065235771232       0.51379310000000000        0.0000000000000000        0.0000000000000000        50.393348856530878        806.29358170449404        16.000000000000000        0.0000000000000000     
   2           1         336   8.2597256385762771E-006   1.2052237680971901E-007   1.6860727548242895E-005   2.5949798310818588       0.56128869386876712       0.51379310000000000        0.0000000000000000        1.0000000000000000        40.686647523800218        650.98636038080349        16.000000000000000        6.2500000000000000E-002
   2           1         337   8.5577927010256017E-006   2.1630046264884631E-006   1.5315405537575650E-005   2.0174489539822420       0.55003167579492895       0.51379310000000000        0.0000000000000000        0.0000000000000000        42.513589307365422        680.21742891784675        16.000000000000000        0.0000000000000000     
   2           1         338   1.2610702234670525E-005   5.6931818211982108E-006   1.9920705974953351E-005   2.0439565159243900       0.45392109946436332       0.51379310000000000        0.0000000000000000        1.0000000000000000        43.712398955923987        699.39838329478380        16.000000000000000        0.0000000000000000     
   2           1         339   1.2783172762196780E-005   5.9985099903220964E-006   1.9952780840600723E-005   2.0789208565226138       0.44736095205823390       0.51379310000000000        0.0000000000000000        0.0000000000000000        47.550929307590032        760.81486892144051        16.000000000000000        0.0000000000000000     
   2           1         340  -3.9807999392653923E-006  -2.1639443176086450E-005   1.4679751876103119E-005   2.9539125938812463       0.43771661545571156       0.51379310000000000        0.0000000000000000        0.0000000000000000        51.736518478489714        827.78429565583542        16.000000000000000        6.2500000000000000E-002
   2           1         341   1.1086989538905245E-005   4.5170003687495341E-006   1.8029743956213870E-005   1.9849576102737143       0.45130747020097345       0.51379310000000000        0.0000000000000000        0.0000000000000000        44.177967451748557        706.84747922797692        16.000000000000000        0.0000000000000000     
   2           1         342   7.3107956527975614E-006   9.9741764939930778E-007   1.3982379408267827E-005   1.9499557355983355       0.57245776554629357       0.51379310000000000        0.0000000000000000        0.0000000000000000        42.843405690294873        685.49449104471796        16.000000000000000        0.0000000000000000     
   2           1         343   1.2412962656508218E-005   3.4952861032151471E-006   2.1836606543738377E-005   2.8621694941932074       0.59059701796796071       0.51379310000000000        0.0000000000000000        1.0000000000000000        45.932652280768757        734.92243649230011        16.000000000000000        6.2500000000000000E-002
   2           1         344   9.2560573249068224E-006   4.2727044771578198E-006   1.4522153523950662E-005   1.8332203531127327       0.46955613629185233       0.51379310000000000        0.0000000000000000        0.0000000000000000        44.859656369865426        717.75450191784682        16.000000000000000        0.0000000000000000     
   2           1         345   1.2081401379919769E-005   5.9149051195349144E-006   1.8597769678603751E-005   2.0027635245157103       0.57165024628735317       0.51379310000000000        0.0000000000000000        0.0000000000000000        49.387337164420920        790.19739463073472        16.000000000000000        0.0000000000000000     
   2           1         346   1.0877588637142269E-005   3.9788783538482483E-006   1.8167715006092559E-005   2.0590726592559583       0.54335180267814398       0.51379310000000000        0.0000000000000000        0.0000000000000000        43.638179571639064        698.21087314622503        16.000000000000000        0.0000000000000000     
   2           1         347   9.8950632234465782E-006   2.4708395980027147E-006   1.7740519286718534E-005   2.0201321732435136       0.55813062268899605       0.51379310000000000        0.0000000000000000        0.0000000000000000        45.042858681932856        720.68573891092569        16.000000000000000        0.0000000000000000     
   2           1         348   1.3160856257886136E-005   7.1704853445298864E-006   1.9491106284620414E-005   2.0913931892495223       0.52762242594926700       0.51379310000000000        0.0000000000000000        0.0000000000000000        44.788265544497342        716.61224871195748        16.000000000000000        0.0000000000000000     
   2           1         349   8.8040292758522493E-006   2.2346429955847835E-006   1.5746146596762244E-005   2.0452067611543625       0.50241886755546417       0.51379310000000000        0.0000000000000000        0.0000000000000000        47.769475926077902        764.31161481724644        16.000000000000000        0.0000000000000000     
   2           1         350   1.2971472925801429E-005   6.8929373072131495E-006   1.9394889909259853E-005   1.9905426753682187       0.57472975598261111       0.51379310000000000        0.0000000000000000        0.0000000000000000        48.567705738906419        777.08329182250270        16.000000000000000        0.0000000000000000     
   2           1         351   1.1509378636075773E-005   5.4426063725770361E-006   1.7920364840213939E-005   2.0593119258644426       0.49420345501516921       0.51379310000000000        0.0000000000000000        0.0000000000000000        43.244692633392333        691.91508213427733        16.000000000000000        0.0000000000000000     
   2           1         352   1.0883399712376649E-005   6.4718387960751150E-006   1.5545261892911957E-005   1.9738897007096250       0.49595998883423326       0.51379310000000000        0.0000000000000000        0.0000000000000000        48.339439302193831        773.43102883510130        16.000000000000000        0.0000000000000000     
   2           1         353   1.4705949157170980E-005   9.1442279226752597E-006   2.0583228962141218E-005   2.0428642061747126       0.47555496076763537       0.51379310000000000        0.0000000000000000        1.0000000000000000        47.885246103557108        766.16393765691373        16.000000000000000        0.0000000000000000     
   2           1         354   1.0126667003180889E-005   7.0445922465193033E-007   2.0083467993406110E-005   1.9708197033361570       0.44064327816991089       0.51379310000000000        0.0000000000000000        0.0000000000000000        47.563491491196032        761.01586385913652        16.000000000000000        0.0000000000000000     
   2           1         355   1.1528504302768668E-005   4.3644917617081708E-006   1.9098985535985133E-005   2.0530379594506818       0.45688712702896150       0.51379310000000000        0.0000000000000000        0.0000000000000000        51.586639980786238        825.38623969257981        16.000000000000000        0.0000000000000000     
   2           1         356   1.3490894655127567E-005   7.7418034131670244E-006   1.9566175387238521E-005   2.0109001850159438       0.44886157491580364       0.51379310000000000        0.0000000000000000        1.0000000000000000        41.618245261531904        665.89192418451046        16.000000000000000        0.0000000000000000     
   2           1         357   6.2696674637022620E-006  -2.7891121642095680E-006   1.5842420271698134E-005   3.1309295212991790       0.44220018166244118       0.51379310000000000        0.0000000000000000        1.0000000000000000        44.877720057992562        718.04352092788099        16.000000000000000       0.12500000000000000     
   2           1         358   7.5623524451063162E-006  -4.2127681426643292E-006   2.0005564809357510E-005   2.0981561136188276       0.45485426939811496       0.51379310000000000        0.0000000000000000        0.0000000000000000        49.177680945892348        786.84289513427757        16.000000000000000        0.0000000000000000     
   2           1         359   1.0031566325318749E-005   4.6302634524557990E-006   1.5739326019982000E-005   1.9396519012974394       0.52360610633771165       0.51379310000000000        0.0000000000000000        0.0000000000000000        49.459869977549978        791.35791964079965        16.000000000000000        0.0000000000000000     
   2           1         360   1.0606874782643063E-005   4.6297754641916065E-006   1.6923100216373398E-005   1.9769066146096981       0.53231044130919247       0.51379310000000000        0.0000000000000000        0.0000000000000000        49.486113447882644        791.77781516612231        16.000000000000000        0.0000000000000000     
   2           1         361   1.1254069703739712E-005   4.9827748081556542E-006   1.7881182657949848E-005   2.0610413584035041       0.48219038978493511       0.51379310000000000        0.0000000000000000        0.0000000000000000        43.515456399731157        696.24730239569851        16.000000000000000        0.0000000000000000     
   2           1         362   2.3174634389982554E-006  -9.4022028068034478E-006   1.4702075116446626E-005   2.7410826307788096       0.42441223327600780       0.51379310000000000        0.0000000000000000        0.0000000000000000        43.531109561443714        696.49775298309942        16.000000000000000        6.2500000000000000E-002
   2           1         363   1.1628247391361301E-005   5.5488359179491409E-006   1.8052589923521029E-005   2.0603326539721563       0.55489474569715058       0.51379310000000000        0.0000000000000000        0.0000000000000000        46.862717611108344        749.80348177773351        16.000000000000000        0.0000000000000000     
   2           1         364   1.3113400414926442E-005   7.1025698518191177E-006   1.9465270922304807E-005   1.9524521046424093       0.54399359945423553       0.51379310000000000        0.0000000000000000        0.0000000000000000        49.879844734978633        798.07751575965813        16.000000000000000        0.0000000000000000     
   2           1         365   1.1328774982904906E-005   4.6380737820261713E-006   1.8399090338719979E-005   2.0005833958338886       0.56104741254103763       0.51379310000000000        1.0000000000000000        0.0000000000000000        50.229282508392330        803.66852013427729        16.000000000000000        0.0000000000000000     
   2           1         366   1.1034409828212111E-005   4.5436386605291127E-006   1.7893451605765268E-005   2.1134234083105117       0.60046849992851858       0.51379310000000000        0.0000000000000000        0.0000000000000000        41.666541037794332        666.66465660470931        16.000000000000000        0.0000000000000000     
   2           1         367   7.8208003333242882E-006  -4.1942180060158250E-006   2.0517521665593752E-005   2.2261689092062782       0.52495889032792475       0.51379310000000000        0.0000000000000000        1.0000000000000000        46.745002901080305        747.92004641728488        16.000000000000000        6.2500000000000000E-002
   2           1         368   8.9934293422748860E-006   3.0461411346298514E-006   1.5278152255091064E-005   2.0353225020287531       0.50895955386261948       0.51379310000000000        0.0000000000000000        0.0000000000000000        45.882310788509628        734.11697261615404        16.000000000000000        0.0000000000000000     
   2           1         369  -1.1687383615790062E-006  -1.6234733357062445E-005   1.4752064640832841E-005   4.1998490695007691       0.37607494191971602       0.51379310000000000        0.0000000000000000        0.0000000000000000        50.240399054913929        803.84638487862287        16.000000000000000        6.2500000000000000E-002
   2           1         370   1.0106694800501290E-005   4.0781089798814467E-006   1.6477327955629774E-005   1.8634401033617352       0.54641287513723280       0.51379310000000000        0.0000000000000000        0.0000000000000000        49.692845528878472        795.08552846205555        16.000000000000000        0.0000000000000000     
   2           1         371   9.0078831584836684E-006   3.6037359484692481E-006   1.4718648571088130E-005   1.8334636772185244       0.58175423747090971       0.51379310000000000        0.0000000000000000        0.0000000000000000        42.381842850458831        678.10948560734130        16.000000000000000        0.0000000000000000     
   2           1         372   1.2849904888508986E-005   4.3713178201080600E-006   2.1809546418675895E-005   2.9681067819353997       0.46882009255054341       0.51379310000000000        0.0000000000000000        1.0000000000000000        44.310081508392337        708.96130413427738        16.000000000000000        6.2500000000000000E-002
   2           1         373   1.2857735245938491E-005   6.8251882881695677E-006   1.9232554283529148E-005   2.0401995802408144       0.48128317881931604       0.51379310000000000        0.0000000000000000        0.0000000000000000        49.138406449043131        786.21450318469010        16.000000000000000        0.0000000000000000     
   2           1         374   1.2029809285386294E-005   5.9068303220491682E-006   1.8500191221158281E-005   1.9943510476281110       0.48621869849948124       0.51379310000000000        0.0000000000000000        0.0000000000000000        47.895316391187663        766.32506225900261        16.000000000000000        0.0000000000000000     
   2           1         375   2.2243389019134035E-006  -1.2196859323070939E-005   1.7463760929304117E-005   2.2395443634082910       0.44241616136859402       0.51379310000000000        0.0000000000000000        0.0000000000000000        52.907588763067920        846.52142020908673        16.000000000000000        6.2500000000000000E-002
   2           1         376   9.9973363531166534E-006   3.0207520071452776E-006   1.7369755170143171E-005   2.3420034982445523       0.49728151170010620       0.51379310000000000        0.0000000000000000        0.0000000000000000        40.490977619088881        647.85564190542209        16.000000000000000        0.0000000000000000     
   2           1         377   1.0590357773086363E-005   3.9168214203832042E-006   1.7642534388881163E-005   2.2437047321704031       0.48520493305887280       0.51379310000000000        0.0000000000000000        0.0000000000000000        44.995637383838037        719.93019814140860        16.000000000000000        0.0000000000000000     
   2           1         378   9.2786311581679755E-007  -1.1539523935281432E-005   1.4102619463133007E-005   2.8387492287393488       0.44225507016866067       0.51379310000000000        0.0000000000000000        0.0000000000000000        46.208227806558249        739.33164490493198        16.000000000000000        6.2500000000000000E-002
   2           1         379   1.3714942899834938E-006  -1.1737502569848391E-005   1.5224263830076689E-005   2.8789237410875210       0.40960019060741776       0.51379310000000000        0.0000000000000000        0.0000000000000000        49.514881820892342        792.23810913427747        16.000000000000000        6.2500000000000000E-002
   2           1         380   1.1392547779995102E-005   4.7383381179699231E-006   1.8424301155567835E-005   2.0883847241071640       0.48260053374999629       0.51379310000000000        0.0000000000000000        0.0000000000000000        50.452144667267348        807.23431467627756        16.000000000000000        0.0000000000000000     
   2           1         381   8.8615155732037761E-006   1.7608973069085207E-006   1.6365005694294899E-005   2.0296777999037192       0.53185118827922373       0.51379310000000000        0.0000000000000000        0.0000000000000000        44.432005875773058        710.91209401236893        16.000000000000000        0.0000000000000000     
   2           1         382   8.9109122605309182E-006   2.8838300639616388E-006   1.5279956479627306E-005   2.0964892495888461       0.48849572483288628       0.51379310000000000        0.0000000000000000        0.0000000000000000        42.463187278287016        679.41099645259226        16.000000000000000        0.0000000000000000     
   2           1         383  -3.2344317208360217E-006  -2.5829067782940450E-005   2.0642169178328956E-005   2.3240556235759851       0.61052223039065900       0.51379310000000000        0.0000000000000000        0.0000000000000000        47.620938431292274        761.93501490067638        16.000000000000000        6.2500000000000000E-002
   2           1         384   1.2464853135378594E-005   5.9002415000789325E-006   1.9401924909548431E-005   2.1694293897650896       0.47046734600754997       0.51379310000000000        0.0000000000000000        0.0000000000000000        47.355628359112686        757.69005374580297        16.000000000000000        0.0000000000000000     
   2           1         385  -2.5364315735840311E-005  -2.5364315735840311E-005   1.7187683365377780E-005   2.7391406763574846       0.45635900507701010        1.0000000000000000        1.0000000000000000        0.0000000000000000        42.391263152230835        678.26021043569335        16.000000000000000       0.12500000000000000     
   2           1         386   1.0666141985958893E-006  -1.5643295810899236E-005   1.8724603964885837E-005   3.7755162855168654       0.53000952296647796       0.51379310000000000        0.0000000000000000        1.0000000000000000        43.600289463615418        697.60463141784669        16.000000000000000       0.12500000000000000     
   2           1         387   1.1433318705313097E-005   4.5310512871696164E-006   1.8727204032314168E-005   2.1816918183896474       0.47629307502674245       0.51379310000000000        0.0000000000000000        0.0000000000000000        44.502551307024099        712.04082091238558        16.000000000000000        0.0000000000000000     
   2           1         388   1.2018530409185781E-005   5.6465102679515536E-006   1.8752083515131404E-005   2.0955094281007978       0.45662944045066395       0.51379310000000000        0.0000000000000000        0.0000000000000000        44.318352042683799        709.09363268294078        16.000000000000000        0.0000000000000000     
   2           1         389   1.2835086880144138E-005   7.2197953565671025E-006   1.8768976422440281E-005   2.0053018297249614       0.55628381964834961       0.51379310000000000        1.0000000000000000        0.0000000000000000        47.659969941168868        762.55951905870188        16.000000000000000        0.0000000000000000     
   2           1         390   1.1498503470449311E-005   5.5818443624633358E-006   1.7750859462796052E-005   1.9901905322682554       0.50034535266469848       0.51379310000000000        0.0000000000000000        0.0000000000000000        51.071358439409032        817.14173503054451        16.000000000000000        0.0000000000000000     
   2           1         391   1.0964747299395553E-005   4.4721703307541667E-006   1.7825697334671899E-005   2.1811700507080656       0.47125352940176946       0.51379310000000000        0.0000000000000000        0.0000000000000000        43.002239762163512        688.03583619461619        16.000000000000000        0.0000000000000000     
   2           1         392   2.3921324602585792E-006  -1.0739929028652160E-005   1.6269275260531670E-005   2.6916476839451473       0.47188101014771899       0.51379310000000000        0.0000000000000000        1.0000000000000000        40.717182979646012        651.47492767433619        16.000000000000000       0.12500000000000000     
   2           1         393   1.2334552971707585E-005   8.0466697823277182E-006   1.6865720251130336E-005   1.8631151058614401       0.50300417569436151       0.51379310000000000        0.0000000000000000        0.0000000000000000        46.507249303169267        744.11598885070828        16.000000000000000        0.0000000000000000     
   2           1         394   1.1152738118638479E-005   4.5002136534282616E-006   1.8182710683417317E-005   2.0338876140316633       0.46765930152841639       0.51379310000000000        0.0000000000000000        0.0000000000000000        47.950611073115049        767.20977716984078        16.000000000000000        0.0000000000000000     
   2           1         395   1.2703433474609899E-005   6.5008003115861303E-006   1.9257988996122806E-005   2.0464135092743279       0.56176766548495893       0.51379310000000000        1.0000000000000000        0.0000000000000000        46.581707408530605        745.30731853648967        16.000000000000000        0.0000000000000000     
   2           1         396   1.1346645128467795E-005   4.6292728655876808E-006   1.8445144797639994E-005   2.1056304332893228       0.46498860936865866       0.51379310000000000        0.0000000000000000        0.0000000000000000        43.421301583771097        694.74082534033755        16.000000000000000        0.0000000000000000     
   2           1         397   1.0753722754465409E-005   5.1153391597414599E-006   1.6712014556005288E-005   1.9611489448855624       0.52932660855743030       0.51379310000000000        0.0000000000000000        0.0000000000000000        46.007187882338883        736.11500611742213        16.000000000000000        0.0000000000000000     
   2           1         398   5.2932091873021146E-006  -7.9527563282943620E-006   1.9290718652411289E-005   2.6466917205209741       0.44997348211251520       0.51379310000000000        0.0000000000000000        1.0000000000000000        48.286968995367303        772.59150392587685        16.000000000000000       0.12500000000000000     
   2           1         399   1.2069853765398376E-005   5.9777653586338107E-006   1.8507592489356812E-005   2.0508840221615237       0.54240496076840972       0.51379310000000000        0.0000000000000000        0.0000000000000000        46.783794483670476        748.54071173872762        16.000000000000000        0.0000000000000000     
   2           1         400   1.1871357121145876E-005   5.3710396870816595E-006   1.8740486797074974E-005   2.0007132951327318       0.49701216610791144       0.51379310000000000        0.0000000000000000        0.0000000000000000        49.809490883392336        796.95185413427737        16.000000000000000        0.0000000000000000     
   2           1         401   1.1839887072983155E-005   5.0687650061129323E-006   1.8995186179629880E-005   2.0382113202136316       0.49254633014811461       0.51379310000000000        0.0000000000000000        0.0000000000000000        40.424783602620693        646.79653764193108        16.000000000000000        0.0000000000000000     
   2           1         402   1.1452414975836710E-005   5.1552165615880954E-006   1.8106901151519961E-005   2.0906331877049635       0.51571302764994287       0.51379310000000000        0.0000000000000000        0.0000000000000000        45.363402292792202        725.81443668467523        16.000000000000000        0.0000000000000000     
   2           1         403   1.1118474166605081E-005   4.0299518592911806E-006   1.8609182033346747E-005   2.0589090151038265       0.52678225005083124       0.51379310000000000        0.0000000000000000        0.0000000000000000        49.419209258186740        790.70734813098784        16.000000000000000        0.0000000000000000     
   2           1         404   1.3065712071311830E-005   5.5944239716709289E-006   2.0960902932872523E-005   2.2316113845968490       0.55770038551974366       0.51379310000000000        0.0000000000000000        1.0000000000000000        50.856861106429093        813.70977770286549        16.000000000000000        6.2500000000000000E-002
   2           1         405   1.2656974581263333E-005   6.4941717357245410E-006   1.9169439909703414E-005   2.0011742635607335       0.53806738382689601       0.51379310000000000        0.0000000000000000        0.0000000000000000        49.516176054985742        792.25881687977187        16.000000000000000        0.0000000000000000     
   2           1         406   1.0554067532893973E-005   3.9527006872238123E-006   1.7529979918904695E-005   1.9517845864791532       0.55510763511437866       0.51379310000000000        0.0000000000000000        0.0000000000000000        42.289859559968747        676.63775295949995        16.000000000000000        0.0000000000000000     
   2           1         407   1.3286154537742081E-005   7.7472578715088200E-006   1.9139314763817669E-005   2.0234788088965843       0.55499853489041917       0.51379310000000000        0.0000000000000000        0.0000000000000000        42.928527977142330        686.85644763427729        16.000000000000000        0.0000000000000000     
   2           1         408   1.3424909701198918E-005   8.3750945162368360E-006   1.8761239149236044E-005   1.9072116584634551       0.55612357916700861       0.51379310000000000        0.0000000000000000        1.0000000000000000        47.250133919279975        756.00214270847960        16.000000000000000        0.0000000000000000     
   2           1         409   1.6627188631159641E-005   1.0940538051915051E-005   2.2636485968830286E-005   2.1682864214678275       0.43018657237175312       0.51379310000000000        0.0000000000000000        0.0000000000000000        53.341728329494650        853.46765327191440        16.000000000000000        0.0000000000000000     
   2           1         410   7.4919776453442432E-006  -3.7551987121028421E-006   1.9377291504401608E-005   2.1085764797694155       0.55523345097521104       0.51379310000000000        0.0000000000000000        0.0000000000000000        52.743146990435314        843.89035184696502        16.000000000000000        0.0000000000000000     
   2           1         411   3.4939528526715408E-006  -1.0032166695064163E-005   1.7787511610068232E-005   3.7947985680964740       0.46868800519810033       0.51379310000000000        0.0000000000000000        0.0000000000000000        41.980349045764648        671.68558473223436        16.000000000000000        6.2500000000000000E-002
   2           2           1   1.2795043356683573E-005   6.4889743941389881E-006   1.9458903374053435E-005   2.0690082273585877       0.53338624987924932       0.51379310000000000        0.0000000000000000        0.0000000000000000        43.883902890251605        746.02634913427732        17.000000000000000        0.0000000000000000     
   2           2           2  -1.6753145464166089E-007  -1.9564581752865107E-005   2.0330060421533689E-005   7.8453231044475373       0.67160168230002792       0.51379310000000000        0.0000000000000000        0.0000000000000000        42.941297364806879        730.00205520171698        17.000000000000000       0.11764705882352941     
   2           2           3   1.5041746192503866E-005   9.1570621426132265E-006   2.1260312939527969E-005   2.0578969448513931       0.58033215349689948       0.51379310000000000        0.0000000000000000        0.0000000000000000        47.772430459879118        812.13131781794505        17.000000000000000        0.0000000000000000     
   2           2           4   1.0944970577083978E-005   4.2793089951888964E-006   1.7988825626678567E-005   2.1588231197894170       0.58128132633951168       0.51379310000000000        0.0000000000000000        0.0000000000000000        51.748974732531217        879.73257045303069        17.000000000000000        0.0000000000000000     
   2           2           5   1.1234075016503993E-005   4.7818547065359031E-006   1.8052378654196996E-005   1.9962223074406151       0.53689104430579337       0.51379310000000000        0.0000000000000000        0.0000000000000000        52.475607012480815        892.08531921217389        17.000000000000000        0.0000000000000000     
   2           2           6   1.1923292006544920E-005   5.4971207503530479E-006   1.8714068630343993E-005   2.0699919250118359       0.53443993224175246       0.51379310000000000        0.0000000000000000        0.0000000000000000        42.327725410975276        719.57133198657971        17.000000000000000        0.0000000000000000     
   2           2           7   1.3315215883752159E-005   7.4900516725599791E-006   1.9470885780821489E-005   2.0467766156253364       0.55298417532848831       0.51379310000000000        0.0000000000000000        0.0000000000000000        45.324361878822280        770.51415193997877        17.000000000000000        0.0000000000000000     
   2           2           8   1.1679645493430694E-005   2.8156052305927862E-006   2.1046609897201659E-005   1.8678994728106295       0.51184010705909411       0.51379310000000000        0.0000000000000000        1.0000000000000000        49.871761176470592        847.81994000000009        17.000000000000000        5.8823529411764705E-002
   2           2           9   1.1437225893943104E-005   6.1199022934289665E-006   1.7056241536073125E-005   2.0108321817453003       0.42356577427239900       0.51379310000000000        0.0000000000000000        0.0000000000000000        49.389637293614889        839.62383399145313        17.000000000000000        0.0000000000000000     
   2           2          10   1.0371850242890033E-005   3.9057764845783844E-006   1.7204793339978319E-005   2.0530531618006651       0.53463375169414218       0.51379310000000000        0.0000000000000000        0.0000000000000000        52.516801875772813        892.78563188813780        17.000000000000000        0.0000000000000000     
   2           2          11   1.4941861873814079E-005   9.8107595581068144E-006   2.0364090487197484E-005   2.0596493735598469       0.45291420469654109       0.51379310000000000        0.0000000000000000        0.0000000000000000        43.208452583044426        734.54369391175521        17.000000000000000        0.0000000000000000     
   2           2          12   1.1297570413482318E-005   5.1564199769857354E-006   1.7787154827718430E-005   1.9126378210576838       0.49485953178481473       0.51379310000000000        1.0000000000000000        0.0000000000000000        44.174017838244168        750.95830325015083        17.000000000000000        0.0000000000000000     
   2           2          13   1.0598928110497783E-005   4.5008698703706961E-006   1.7042975381681382E-005   1.9310160919731598       0.50920440481950480       0.51379310000000000        0.0000000000000000        0.0000000000000000        49.618806129087034        843.51970419447957        17.000000000000000        0.0000000000000000     
   2           2          14   9.4504573300659352E-006   3.9500797951448623E-006   1.5262912942763871E-005   1.8445472284149675       0.54828540436068807       0.51379310000000000        0.0000000000000000        0.0000000000000000        48.490962772282650        824.34636712880501        17.000000000000000        0.0000000000000000     
   2           2          15   1.1107088584616802E-005   4.5315658777447238E-006   1.8055690498090694E-005   2.1567987755791656       0.48351193179844271       0.51379310000000000        0.0000000000000000        0.0000000000000000        53.247338007898662        905.20474613427723        17.000000000000000        0.0000000000000000     
   2           2          16   1.3721328388727680E-005   7.5028898511232174E-006   2.0292586043432087E-005   1.9804584258633375       0.51853700590874752       0.51379310000000000        0.0000000000000000        0.0000000000000000        42.489037895903209        722.31364423035450        17.000000000000000        0.0000000000000000     
   2           2          17   7.6000507875943873E-006  -5.0166266975400294E-006   2.0932567946003865E-005   3.6431931549902323       0.40165478270361077       0.51379310000000000        0.0000000000000000        0.0000000000000000        44.887901917360878        763.09433259513492        17.000000000000000        5.8823529411764705E-002
   2           2          18   1.2183002536668477E-005   5.4821127329071007E-006   1.9264084571976637E-005   2.0797478845159532       0.54185196779240696       0.51379310000000000        0.0000000000000000        0.0000000000000000        46.142960637054131        784.43033082992019        17.000000000000000        0.0000000000000000     
   2           2          19   1.0226747707480676E-005   3.8772538195799681E-006   1.6936496475125241E-005   1.9660203639375369       0.49387572565283805       0.51379310000000000        0.0000000000000000        0.0000000000000000        50.449769453451218        857.64608070867075        17.000000000000000        0.0000000000000000     
   2           2          20   1.1634852791276834E-005   5.0892778760481017E-006   1.8551807748060166E-005   2.0291312138653419       0.59780184058101060       0.51379310000000000        0.0000000000000000        0.0000000000000000        50.479160247253191        858.14572420330421        17.000000000000000        0.0000000000000000     
   2           2          21   1.1710238014138775E-005   5.7688184514513117E-006   1.7988759309319736E-005   1.9433012610712983       0.48617754006496489       0.51379310000000000        0.0000000000000000        0.0000000000000000        43.836728670984265        745.22438740673249        17.000000000000000        0.0000000000000000     
   2           2          22   1.2455955043723955E-005   6.4795037483567322E-006   1.8771495687112095E-005   2.0704817863653640       0.53736000202969891       0.51379310000000000        0.0000000000000000        0.0000000000000000        43.333355154957488        736.66703763427734        17.000000000000000        0.0000000000000000     
   2           2          23   1.2464911502152859E-005   6.8900072071356655E-006   1.8356122342517063E-005   2.0377080432363250       0.50943471014654595       0.51379310000000000        0.0000000000000000        0.0000000000000000        47.888027061147270        814.09646003950354        17.000000000000000        0.0000000000000000     
   2           2          24   1.3223819567403286E-005   7.2153604123023717E-006   1.9573184118836490E-005   2.0861184331154616       0.50189778354449666       0.51379310000000000        0.0000000000000000        0.0000000000000000        48.817788415494995        829.90240306341491        17.000000000000000        0.0000000000000000     
   2           2          25   1.4821341989381734E-005   9.2070779616990744E-006   2.0754145738159474E-005   2.0669637105500720       0.50819583522299983       0.51379310000000000        0.0000000000000000        0.0000000000000000        52.012259024260807        832.19614438817291        16.000000000000000        0.0000000000000000     
   2           2          26   1.1682735306634165E-005   5.5738256449339446E-006   1.8138249682725434E-005   2.0145787658887788       0.59667705503626589       0.51379310000000000        0.0000000000000000        0.0000000000000000        42.913194280776004        686.61110849241607        16.000000000000000        0.0000000000000000     
   2           2          27   1.2874754326262385E-005   7.1576740113445162E-006   1.8916207908987125E-005   1.9833598862105228       0.48397980881423108       0.51379310000000000        0.0000000000000000        0.0000000000000000        46.399906400918972        742.39850241470356        16.000000000000000        0.0000000000000000     
   2           2          28   1.3350453624734322E-005   7.4870821580193282E-006   1.9546498564315733E-005   2.0893678030819238       0.50405301269999603       0.51379310000000000        0.0000000000000000        0.0000000000000000        44.222868203358040        707.56589125372864        16.000000000000000        0.0000000000000000     
   2           2          29   1.1417614828895972E-005   5.4890338528321691E-006   1.7682569107193311E-005   2.0270059352275505       0.48127503978014202       0.51379310000000000        0.0000000000000000        0.0000000000000000        49.643518633392347        794.29629813427755        16.000000000000000        0.0000000000000000     
   2           2          30   8.3955282491284767E-007  -9.8840895767326490E-006   1.1563195226558690E-005   2.6596262648714903       0.66986890855710901       0.50000000000000000        0.0000000000000000        1.0000000000000000        51.131026233642338        818.09641973827740        16.000000000000000       0.12500000000000000     
   2           2          31  -1.0189388329391281E-005  -3.2960492423135135E-005   1.2581715764352563E-005   11.518554232370803       0.51855423237081855       0.50000000000000000        0.0000000000000000        1.0000000000000000        51.997681870968748        831.96290993549997        16.000000000000000        3.3750000000000000     
   2           2          32   1.1599561652549678E-005   5.7498792001049293E-006   1.7781140896400817E-005   1.9720744966174422       0.54089394155296133       0.51379310000000000        0.0000000000000000        0.0000000000000000        44.310814403203381        708.97303045125409        16.000000000000000        0.0000000000000000     
   2           2          33   1.0882977991782614E-005   5.0049579580152590E-006   1.7094502622575317E-005   1.9947967615542570       0.49438187959566360       0.51379310000000000        0.0000000000000000        0.0000000000000000        45.499596312922591        727.99354100676146        16.000000000000000        0.0000000000000000     
   2           2          34   1.0711814454519243E-005   3.9827903902238686E-006   1.7822627020052179E-005   2.1429966912855285       0.50067724717293949       0.51379310000000000        0.0000000000000000        0.0000000000000000        44.288250366735774        708.61200586777238        16.000000000000000        0.0000000000000000     
   2           2          35   2.2425055375357985E-006  -1.1167152053945144E-005   1.6412994569809615E-005   3.7637023317286329       0.39782246666554288       0.51379310000000000        0.0000000000000000        0.0000000000000000        48.959641622735525        783.35426596376840        16.000000000000000        6.2500000000000000E-002
   2           2          36   8.5377737619897578E-006  -1.5333473644775575E-006   1.9180305869293939E-005   2.0600807400778969       0.54893614617591702       0.51379310000000000        0.0000000000000000        0.0000000000000000        41.388270026115414        662.21232041784663        16.000000000000000        0.0000000000000000     
   2           2          37   1.0190273709874277E-005   4.1924679435122215E-006   1.6528380425137144E-005   2.0969106463867089       0.48142064633766152       0.51379310000000000        0.0000000000000000        0.0000000000000000        43.952758005855031        703.24412809368050        16.000000000000000        0.0000000000000000     
   2           2          38   1.1279574870445151E-005   5.4035825567720935E-006   1.7488956733224934E-005   2.0260026000379208       0.48097327620162944       0.51379310000000000        0.0000000000000000        0.0000000000000000        47.594357565383241        761.50972104613186        16.000000000000000        0.0000000000000000     
   2           2          39   1.3113196888637334E-005   6.8387987110871654E-006   1.9743589197504070E-005   2.0860889472465542       0.50329137697674908       0.51379310000000000        0.0000000000000000        0.0000000000000000        47.113643728352606        753.81829965364170        16.000000000000000        0.0000000000000000     
   2           2          40   1.0746187407573184E-005   4.6051214148843279E-006   1.7235682586864849E-005   2.0218540630083415       0.47797719620202489       0.51379310000000000        0.0000000000000000        0.0000000000000000        48.648627272937325        778.37803636699721        16.000000000000000        0.0000000000000000     
   2           2          41   1.2750362765261596E-005   6.1380915597888309E-006   1.9737798197997377E-005   2.0652035141117517       0.52134590334832365       0.51379310000000000        0.0000000000000000        0.0000000000000000        41.714034885353264        667.42455816565223        16.000000000000000        0.0000000000000000     
   2           2          42   1.3529296884057496E-005   6.7459163191553447E-006   2.0697550006175981E-005   2.2276393313151872       0.41445134774528841       0.51379310000000000        0.0000000000000000        0.0000000000000000        43.947188883248053        703.15502213196885        16.000000000000000        0.0000000000000000     
   2           2          43  -8.9119355249020408E-006  -3.3067100884068833E-005   1.6613735317900598E-005   2.2837881759706113       0.57547713876011997       0.51379310000000000        0.0000000000000000        0.0000000000000000        46.412829695892341        742.60527513427746        16.000000000000000        6.2500000000000000E-002
   2           2          44   1.2124423515683255E-005   5.8662467033368959E-006   1.8737674098436729E-005   2.0917122269574895       0.47253130775458502       0.51379310000000000        0.0000000000000000        0.0000000000000000        48.052650799648305        768.84241279437288        16.000000000000000        0.0000000000000000     
   2           2          45   1.4167511783956712E-005   8.5078186357119448E-006   2.0148322191389326E-005   2.0285791173680332       0.52899838107187680       0.51379310000000000        0.0000000000000000        0.0000000000000000        46.672434840436168        746.75895744697868        16.000000000000000        0.0000000000000000     
   2           2          46   5.0806467911099450E-006  -7.5618362845362744E-006   1.8440433686634283E-005   4.8380355103311441       0.43113138623270525       0.51379310000000000        0.0000000000000000        0.0000000000000000        40.354242161729104        645.66787458766566        16.000000000000000        6.2500000000000000E-002
   2           2          47  -1.2451242759780717E-005  -3.7400199267324119E-005   1.2497713747762640E-005   13.987180831704201       0.34622241993546587       0.50000000000000000        0.0000000000000000        1.0000000000000000        48.809835912946177        780.95737460713883        16.000000000000000        4.8750000000000000     
   2           2          48   1.1665474612422296E-005   5.7449740072017627E-006   1.7921890059237393E-005   1.9781159038192260       0.58048761680952166       0.51379310000000000        0.0000000000000000        0.0000000000000000        45.275486767274124        724.40778827638599        16.000000000000000        0.0000000000000000     
   2           2          49  -2.1664512042589635E-005  -6.3056898534651239E-005   1.9727874449472013E-005   21.509121956907965       0.50912195690798812       0.50000000000000000        0.0000000000000000        1.0000000000000000        56.089293241294250        897.42869186070800        16.000000000000000        3.4375000000000000     
   2           2          50   1.9255571243045542E-006  -1.5425877096553707E-005   1.9276991345162796E-005   2.4964169198207449       0.53323137115196217       0.50000000000000000        0.0000000000000000        1.0000000000000000        58.719506695892335        939.51210713427736        16.000000000000000       0.12500000000000000     
   2           2          51   3.2123300901240203E-006  -9.7310205039562469E-006   1.6890054997193983E-005   2.8287047375161793       0.42676534730864701       0.51379310000000000        0.0000000000000000        0.0000000000000000        40.873868189593018        653.98189103348830        16.000000000000000        6.2500000000000000E-002
   2           2          52   1.1855754767027623E-005   6.1750748203433076E-006   1.7858742712929936E-005   2.1141480118450811       0.49127349084082000       0.51379310000000000        0.0000000000000000        0.0000000000000000        43.997929177294040        703.96686683670464        16.000000000000000        0.0000000000000000     
   2           2          53   1.1868300291263995E-005   5.2835693783670552E-006   1.8826632862033387E-005   2.2242424120127917       0.44579446838758230       0.51379310000000000        0.0000000000000000        0.0000000000000000        43.151021535090202        690.41634456144322        16.000000000000000        0.0000000000000000     
   2           2          54   1.0445407743080055E-005   3.8635285389818936E-006   1.7400726806011798E-005   2.0620074272081284       0.47626337153654086       0.51379310000000000        0.0000000000000000        0.0000000000000000        48.737199550417067        779.79519280667307        16.000000000000000        0.0000000000000000     
   2           2          55   5.0249010478929439E-006  -9.7003343027842384E-006   2.0585610529913660E-005   4.6056242988299108       0.57232094544570333       0.51379310000000000        0.0000000000000000        0.0000000000000000        53.138445484761874        850.21512775618999        16.000000000000000        6.2500000000000000E-002
   2           2          56   1.1272579959738272E-005   5.3705901867107340E-006   1.7509434314648103E-005   2.0793862144031592       0.50799322931083701       0.51379310000000000        0.0000000000000000        0.0000000000000000        42.425461180526348        678.80737888842157        16.000000000000000        0.0000000000000000     
   2           2          57   1.6221306419523702E-005   1.0695771420445760E-005   2.2060346869864228E-005   2.0659443057727422       0.59106186950626383       0.51379310000000000        0.0000000000000000        0.0000000000000000        42.869240303169249        685.90784485070799        16.000000000000000        0.0000000000000000     
   2           2          58   1.0634423626581507E-005   4.8002051928991767E-006   1.6799661460760192E-005   2.0469516898280236       0.49284070016375708       0.51379310000000000        0.0000000000000000        0.0000000000000000        45.838239445346218        733.41183112553949        16.000000000000000        0.0000000000000000     
   2           2          59   1.2409134161888001E-005   6.7070450192061935E-006   1.8434746009631785E-005   1.9970885039957842       0.47220161514985132       0.51379310000000000        0.0000000000000000        0.0000000000000000        46.689569207917671        747.03310732668274        16.000000000000000        0.0000000000000000     
   2           2          60   1.2222989032742678E-005   6.5387246406939531E-006   1.8229764796744399E-005   1.8910931852162443       0.56821065491789513       0.51379310000000000        0.0000000000000000        0.0000000000000000        50.772957210008258        812.36731536013212        16.000000000000000        0.0000000000000000     
   2           2          61  -1.4110456159357307E-005  -3.4150557272645805E-005   5.9296449539312059E-006   10.700326885722037       0.33723171791928802       0.50000000000000000        0.0000000000000000        1.0000000000000000        48.727964866406253        779.64743786250006        16.000000000000000        5.0000000000000000     
   2           2          62   1.3669320900283253E-005   7.3808402826992654E-006   2.0314594652667770E-005   2.0810478089011633       0.48656320884264842       0.51379310000000000        0.0000000000000000        0.0000000000000000        45.433180326736164        726.93088522777862        16.000000000000000        0.0000000000000000     
   2           2          63   1.1337614610346144E-005   5.6098498472703239E-006   1.7390358850897112E-005   2.1924511798365849       0.39760999202447822       0.51379310000000000        0.0000000000000000        0.0000000000000000        45.639091842193906        730.22546947510250        16.000000000000000        0.0000000000000000     
   2           2          64   1.4391566746472450E-005   9.2085031095260305E-006   1.9868704840407041E-005   2.1874455861606168       0.43469530526168787       0.51379310000000000        0.0000000000000000        0.0000000000000000        49.569740383392343        793.11584613427749        16.000000000000000        0.0000000000000000     
   2           2          65   1.1668891123903886E-005   6.0809979103315195E-006   1.7573827842552433E-005   1.8839729138562862       0.51730561882408366       0.51379310000000000        0.0000000000000000        0.0000000000000000        49.269573122545324        788.31316996072519        16.000000000000000        0.0000000000000000     
   2           2          66   4.5600123051983722E-006  -9.1036268054244932E-006   1.8998893151867257E-005   2.0587741867998361       0.54142892354337591       0.51379310000000000        0.0000000000000000        1.0000000000000000        42.896770073441246        686.34832117505994        16.000000000000000        6.2500000000000000E-002
   2           2          67   1.2709884949363946E-005   6.8161077758936610E-006   1.8938060741740916E-005   1.9049089428702128       0.61677887907331541       0.51379310000000000        0.0000000000000000        0.0000000000000000        47.077717806094014        753.24348489750423        16.000000000000000        0.0000000000000000     
   2           2          68   1.6766447857650859E-005   1.0865020982245364E-005   2.3002707377492378E-005   2.0790994072350530       0.59664196706411532       0.51379310000000000        0.0000000000000000        0.0000000000000000        46.754249300667752        748.06798881068403        16.000000000000000        0.0000000000000000     
   2           2          69   1.3140600555914134E-005   7.6442491655368122E-006   1.8948801590393260E-005   1.9664705923652328       0.54018359418136275       0.51379310000000000        0.0000000000000000        0.0000000000000000        47.617747287633463        761.88395660213541        16.000000000000000        0.0000000000000000     
   2           2          70   1.2056314939148368E-005   5.4857162438113521E-006   1.8999713464618133E-005   2.1013026809331916       0.47256556131612382       0.51379310000000000        0.0000000000000000        0.0000000000000000        51.584962441721842        825.35939906754948        16.000000000000000        0.0000000000000000     
   2           2          71  -2.0260044775365604E-006  -2.0223345989350965E-005   1.7203810046103509E-005   5.4670469806630448       0.61018445416505518       0.51379310000000000        0.0000000000000000        0.0000000000000000        41.619652070892329        665.91443313427726        16.000000000000000        6.2500000000000000E-002
   2           2          72   5.2465449994598160E-006  -8.2094556368723452E-006   1.9466006468523687E-005   3.7209751129423836       0.43582087676656311       0.51379310000000000        0.0000000000000000        0.0000000000000000        44.880566504978589        718.08906407965742        16.000000000000000        6.2500000000000000E-002
   2           2          73   1.2356203199157778E-005   6.4116468849788262E-006   1.8638039217500260E-005   2.1463829563047914       0.55134416886309612       0.51379310000000000        0.0000000000000000        0.0000000000000000        46.522307926337135        744.35692682139415        16.000000000000000        0.0000000000000000     
   2           2          74   3.5893816123189656E-007  -1.7097223654459782E-005   1.8805520250844843E-005   5.2243215134833099       0.57990175848982495       0.51379310000000000        0.0000000000000000        0.0000000000000000        47.812172312273638        764.99475699637821        16.000000000000000        6.2500000000000000E-002
   2           2          75   1.4833670520939350E-005   8.6883692309837518E-006   2.1327641297990007E-005   2.0754753706492228       0.54411990513719011       0.51379310000000000        0.0000000000000000        0.0000000000000000        49.326172472819160        789.21875956510655        16.000000000000000        0.0000000000000000     
   2           2          76   5.2235733404417087E-006  -6.1311913408976696E-006   1.7222579823886782E-005   2.0059342106872826       0.53218430268694628       0.51379310000000000        0.0000000000000000        0.0000000000000000        44.662355489349537        714.59768782959259        16.000000000000000        0.0000000000000000     
   2           2          77   1.0635669554102634E-005   5.0378593522975936E-006   1.6551085926838573E-005   2.0246104052484508       0.40958406354302196       0.51379310000000000        0.0000000000000000        0.0000000000000000        43.945764880745365        703.13223809192584        16.000000000000000        0.0000000000000000     
   2           2          78   1.6378386461873972E-006  -1.4281896601096123E-005   1.8460821051169774E-005   2.5221671624059612       0.46076028207994479       0.51379310000000000        0.0000000000000000        0.0000000000000000        48.191652195892345        771.06643513427753        16.000000000000000        6.2500000000000000E-002
   2           2          79   1.2194208883941433E-005   5.2978883402411962E-006   1.9481809925270804E-005   2.0607590510810607       0.47540084029300667       0.51379310000000000        0.0000000000000000        0.0000000000000000        47.762424224613369        764.19878759381390        16.000000000000000        0.0000000000000000     
   2           2          80   1.3540268141760173E-005   7.1471171463572657E-006   1.9933419137163447E-005   2.3763591157275812       0.48984381812866945       0.50000000000000000        0.0000000000000000        1.0000000000000000        50.977797840030341        815.64476544048546        16.000000000000000        6.2500000000000000E-002
   2           2          81   5.5925673974245742E-006  -7.9097941797689266E-006   1.9861020214665528E-005   3.9026168772000509       0.31803982779354500       0.51379310000000000        0.0000000000000000        0.0000000000000000        43.503531563260488        696.05650501216780        16.000000000000000        6.2500000000000000E-002
   2           2          82   1.2269952130845208E-005   6.1621458389280240E-006   1.8724300534628294E-005   1.9672151666404332       0.59855407321318488       0.51379310000000000        0.0000000000000000        0.0000000000000000        45.900705023195549        734.41128037112878        16.000000000000000        0.0000000000000000     
   2           2          83  -3.4602871026248237E-006  -2.5468655471987716E-005   1.9796782697159291E-005   2.3631149020100430       0.55349321577905009       0.51379310000000000        0.0000000000000000        0.0000000000000000        45.551607978226244        728.82572765161990        16.000000000000000        6.2500000000000000E-002
   2           2          84  -2.9616835462775017E-006  -2.3371066580986920E-005   1.8605678369998947E-005   2.2422710029973554       0.52602443768239227       0.51379310000000000        0.0000000000000000        0.0000000000000000        48.997494915159464        783.95991864255143        16.000000000000000        6.2500000000000000E-002
   2           2          85   1.5004302458311515E-005   8.8810307409879685E-006   2.1127574175635402E-005   2.0789604991300230       0.50927773091932504       0.50000000000000000        0.0000000000000000        1.0000000000000000        47.063028722007751        753.00845955212401        16.000000000000000        0.0000000000000000     
   2           2          86   1.3353478500817862E-005   8.0356325316136840E-006   1.8973046149569483E-005   1.9677766819153368       0.52780260715508520       0.51379310000000000        0.0000000000000000        0.0000000000000000        42.384494314038243        678.15190902461188        16.000000000000000        0.0000000000000000     
   2           2          87   5.0398803108243449E-006  -8.2865031415586932E-006   1.9122370431364379E-005   3.8029611673454728       0.44008305322449920       0.51379310000000000        0.0000000000000000        0.0000000000000000        44.189107817048360        707.02572507277375        16.000000000000000        6.2500000000000000E-002
   2           2          88   9.1853503436084222E-006  -3.0188749597623240E-007   1.9210871042795130E-005   2.2267915426895217       0.46777754313111353       0.51379310000000000        0.0000000000000000        1.0000000000000000        47.135759328240646        754.17214925185033        16.000000000000000        6.2500000000000000E-002
   2           2          89  -6.3570040329726324E-006  -3.0100577909521632E-005   1.8733722624981224E-005   2.3514661053286914       0.51164003346059617       0.51379310000000000        0.0000000000000000        0.0000000000000000        48.488482817250656        775.81572507601049        16.000000000000000        6.2500000000000000E-002
   2           2          90   1.0120588406642855E-005   3.7687203787007754E-006   1.6832846017275920E-005   2.0789798154988746       0.51688624030957764       0.51379310000000000        0.0000000000000000        0.0000000000000000        50.610192770790910        809.76308433265456        16.000000000000000        0.0000000000000000     
   2           2          91   1.2037842853423950E-005   6.4026497404771564E-006   1.7992763152990197E-005   1.9841895510700647       0.49277395472029895       0.51379310000000000        0.0000000000000000        0.0000000000000000        39.638879489847596        634.22207183756154        16.000000000000000        0.0000000000000000     
   2           2          92  -3.6999113143498857E-006  -2.2793376788127300E-005   1.6476871070916728E-005   5.6283137554987315       0.64418435378155858       0.51379310000000000        0.0000000000000000        0.0000000000000000        44.773425557365414        716.37480891784662        16.000000000000000        6.2500000000000000E-002
   2           2          93   1.1850252595754995E-005   6.4257605146819929E-006   1.7582517198046443E-005   2.0315933441571126       0.45302343499533648       0.51379310000000000        0.0000000000000000        0.0000000000000000        44.987597415433100        719.80155864692961        16.000000000000000        0.0000000000000000     
   2           2          94  -2.7669272239830142E-005  -6.9574309248580040E-005   1.6613354909927363E-005   2.6092180852780236       0.65991924327240570       0.51379310000000000        0.0000000000000000        0.0000000000000000        47.821984654486002        765.15175447177603        16.000000000000000       0.12500000000000000     
   2           2          95   1.3501838294813265E-005   7.6884248051211215E-006   1.9645090762951343E-005   1.9870020475780001       0.51603326025682084       0.51379310000000000        0.0000000000000000        0.0000000000000000        51.454217122612128        823.26747396179405        16.000000000000000        0.0000000000000000     
   2           2          96   9.2449589077957982E-006   3.6526759395420701E-007   1.8628462365237079E-005   2.3969103740577360       0.48578777445136817       0.51379310000000000        1.0000000000000000        0.0000000000000000        41.410394320630253        662.56630913008405        16.000000000000000        6.2500000000000000E-002
   2           2          97   1.1006355773233752E-005   5.6847492388512275E-006   1.6629897352509200E-005   2.0411397164864553       0.45671623547595802       0.51379310000000000        0.0000000000000000        0.0000000000000000        42.166781074772118        674.66849719635388        16.000000000000000        0.0000000000000000     
   2           2          98   1.0794866634927973E-005   4.8234822723378032E-006   1.7105052860065751E-005   2.0490056923967193       0.54017947043713976       0.51379310000000000        0.0000000000000000        0.0000000000000000        44.073178513813183        705.17085622101092        16.000000000000000        0.0000000000000000     
   2           2          99   1.2281566007161358E-005   5.9666159933859765E-006   1.8954810965064858E-005   2.1329597266489104       0.46153731589702607       0.51379310000000000        0.0000000000000000        0.0000000000000000        47.169422088615420        754.71075341784672        16.000000000000000        0.0000000000000000     
   2           2         100   5.2762214558132533E-006  -6.5358008337338822E-006   1.7758429234878928E-005   3.5022128141232645       0.36640061307429861       0.51379310000000000        0.0000000000000000        0.0000000000000000        48.874454627276492        781.99127403642387        16.000000000000000        6.2500000000000000E-002
   2           2         101   1.3097422963727934E-005   6.9126660725819917E-006   1.9633087957063511E-005   1.9678804809825505       0.46256364808069123       0.51379310000000000        0.0000000000000000        0.0000000000000000        42.866838668990049        685.86941870384078        16.000000000000000        0.0000000000000000     
   2           2         102   1.5064131232267371E-005   9.1834309504728984E-006   2.1278488181858147E-005   2.0319814635696494       0.53322891128733652       0.51379310000000000        0.0000000000000000        0.0000000000000000        42.549765371619301        680.79624594590882        16.000000000000000        0.0000000000000000     
   2           2         103   1.2232988632906708E-005   5.8056928300320659E-006   1.9024953607438646E-005   2.0312766769725661       0.57093374325452273       0.51379310000000000        0.0000000000000000        0.0000000000000000        44.276918597251104        708.43069755601766        16.000000000000000        0.0000000000000000     
   2           2         104   1.0928761537590589E-005   4.7969102611005712E-006   1.7408519180040498E-005   1.9291793776435933       0.50149318590713154       0.51379310000000000        0.0000000000000000        0.0000000000000000        45.447001730451163        727.15202768721861        16.000000000000000        0.0000000000000000     
   2           2         105   1.2331008701008383E-005   6.7207324364597841E-006   1.8259598430645826E-005   2.0270737395114176       0.54963894809201208       0.51379310000000000        0.0000000000000000        0.0000000000000000        49.384631360946145        790.15410177513832        16.000000000000000        0.0000000000000000     
   2           2         106   1.0892704549359673E-005   5.2425054615218608E-006   1.6863482226429833E-005   2.0223449228035180       0.48840248270644798       0.51379310000000000        0.0000000000000000        0.0000000000000000        43.638660883392326        698.21857413427722        16.000000000000000        0.0000000000000000     
   2           2         107   1.2415124550898448E-005   6.5157459798276157E-006   1.8649219550586570E-005   2.1157668060239980       0.52722952066609341       0.51379310000000000        0.0000000000000000        0.0000000000000000        46.233806125839834        739.74089801343735        16.000000000000000        0.0000000000000000     
   2           2         108   1.3552476569803987E-005   7.7504229659497998E-006   1.9683724619739650E-005   2.1097755006036736       0.55887121477761548       0.51379310000000000        0.0000000000000000        0.0000000000000000        44.815567959931933        717.04908735891092        16.000000000000000        0.0000000000000000     
   2           2         109   1.3125263344349796E-005   7.1390649348589592E-006   1.9451104129471068E-005   2.0415010780098704       0.45640407391517757       0.51379310000000000        0.0000000000000000        0.0000000000000000        47.871755623361437        765.94808997378300        16.000000000000000        0.0000000000000000     
   2           2         110   1.2483547015665278E-005   6.5904621475462260E-006   1.8710991222964191E-005   2.1220156306179256       0.46859361741045957       0.51379310000000000        0.0000000000000000        0.0000000000000000        46.566543571026990        745.06469713643185        16.000000000000000        0.0000000000000000     
   2           2         111   1.2527991324290123E-005   7.2844643287467024E-006   1.8069023321107885E-005   1.9379584579870694       0.59382114861117763       0.51379310000000000        0.0000000000000000        0.0000000000000000        42.041691034170306        672.66705654672489        16.000000000000000        0.0000000000000000     
   2           2         112   1.2061791618310713E-005   5.3742114931442093E-006   1.9128808816148104E-005   2.1751722602579382       0.47517772457000929       0.51379310000000000        0.0000000000000000        0.0000000000000000        45.660135294620545        730.56216471392872        16.000000000000000        0.0000000000000000     
   2           2         113   1.0466352522014690E-005   5.0063364107494280E-006   1.6236156701792491E-005   2.0646758829473013       0.54781845458069889       0.51379310000000000        0.0000000000000000        0.0000000000000000        47.035828445892342        752.57325513427747        16.000000000000000        0.0000000000000000     
   2           2         114   1.3693357098468358E-005   7.6492311390405457E-006   2.0080412102182353E-005   2.0107682227331800       0.46604859995123743       0.51379310000000000        1.0000000000000000        0.0000000000000000        46.758821739513003        748.14114783220805        16.000000000000000        0.0000000000000000     
   2           2         115   1.2149327413085191E-005   6.7615100303953168E-006   1.7842836483577689E-005   1.9318769546817198       0.51659840838601445       0.51379310000000000        0.0000000000000000        0.0000000000000000        49.702422908698011        795.23876653916818        16.000000000000000        0.0000000000000000     
   2           2         116   1.1956319934003468E-005   5.5353475860803519E-006   1.8741602676090124E-005   2.2102607433931780       0.49889410622379521       0.51379310000000000        0.0000000000000000        0.0000000000000000        41.047017847270851        656.75228555633362        16.000000000000000        0.0000000000000000     
   2           2         117   7.4834386835519292E-006  -3.4959420196648253E-007   1.9232988011830480E-005   2.9260308925051515       0.48678227112000383       0.59999999999999998        0.0000000000000000        1.0000000000000000        47.271822928405328        756.34916685448525        16.000000000000000       0.12500000000000000     
   2           2         118   1.0237579760729075E-005  -1.1854813122590113E-006   2.2308757607403204E-005   2.2401309863059615       0.52729737885901817       0.51379310000000000        0.0000000000000000        1.0000000000000000        50.503651071407262        808.05841714251619        16.000000000000000        6.2500000000000000E-002
   2           2         119   1.1823698405884781E-005   4.6546765674561026E-006   1.8992720244314114E-005   2.2999293199610005       0.48995529134920257       0.50000000000000000        0.0000000000000000        1.0000000000000000        53.626402670713503        858.02244273141605        16.000000000000000        0.0000000000000000     
   2           2         120   1.2010510492749273E-005   5.1525577030418849E-006   1.9257566886800931E-005   2.1362946617732819       0.44357924476278271       0.51379310000000000        0.0000000000000000        0.0000000000000000        49.486513008392343        791.78420813427749        16.000000000000000        0.0000000000000000     
   2           2         121   1.4010283961381789E-005   7.5905709193073661E-006   2.0794235947660848E-005   2.0863026051027300       0.52875439763565024       0.51379310000000000        0.0000000000000000        0.0000000000000000        43.515985133878196        696.25576214205114        16.000000000000000        0.0000000000000000     
   2           2         122   1.1010088181142479E-005   4.1195408557761953E-006   1.8291588445734249E-005   2.2362364802795343       0.55479376785759604       0.51379310000000000        0.0000000000000000        0.0000000000000000        43.531746028084200        696.50793644934720        16.000000000000000        0.0000000000000000     
   2           2         123   1.2998816512360114E-007  -1.2378868602954895E-005   1.3348567120558460E-005   3.7478946856029265       0.36942632372254253       0.51379310000000000        0.0000000000000000        0.0000000000000000        46.863459403604892        749.81535045767828        16.000000000000000        6.2500000000000000E-002
   2           2         124   6.1868873168865802E-006  -5.2797720989839610E-006   1.8304137170650506E-005   2.7228555411603423       0.50053110138725998       0.51379310000000000        0.0000000000000000        0.0000000000000000        51.275661439837023        820.41058303739237        16.000000000000000        6.2500000000000000E-002
   2           2         125   1.3286099535098428E-005   7.2957353445142944E-006   1.9616342457626242E-005   2.0630237135612361       0.51763445985472867       0.51379310000000000        0.0000000000000000        0.0000000000000000        51.471140887468856        823.53825419950169        16.000000000000000        0.0000000000000000     
   2           2         126   1.1488986209081817E-005   5.7219406514770561E-006   1.7583239941151506E-005   2.0040868305518380       0.51275493079438161       0.51379310000000000        0.0000000000000000        0.0000000000000000        41.794367646661044        668.70988234657671        16.000000000000000        0.0000000000000000     
   2           2         127   9.5769792336932214E-006   4.5751952504999004E-006   1.4578763216886263E-005   1.7960313924296685       0.54219399740927310       0.50000000000000000        0.0000000000000000        1.0000000000000000        50.349026026115411        805.58441641784657        16.000000000000000        0.0000000000000000     
   2           2         128   1.1994115382142255E-005   6.2933792481518923E-006   1.8018297454763473E-005   1.9256452030616713       0.46634373660567852       0.51379310000000000        0.0000000000000000        0.0000000000000000        45.444542936299193        727.11268698078709        16.000000000000000        0.0000000000000000     
   2           2         129   1.2688860346387050E-005   6.1986919435848455E-006   1.9547265159642183E-005   1.9969053877615159       0.47182671823659228       0.51379310000000000        0.0000000000000000        0.0000000000000000        48.847253414207145        781.55605462731432        16.000000000000000        0.0000000000000000     
   2           2         130  -7.2218519563082624E-006  -3.0796884169736010E-005   1.7690770393427978E-005   2.1840266057662445       0.54249569373538387       0.51379310000000000        0.0000000000000000        0.0000000000000000        51.915027979101403        830.64044766562245        16.000000000000000        6.2500000000000000E-002
   2           2         131   1.3111407664247173E-005   6.6935062792393672E-006   1.9893445204432843E-005   2.0668139434585235       0.52172761287830538       0.51379310000000000        0.0000000000000000        0.0000000000000000        42.403662638303835        678.45860221286136        16.000000000000000        0.0000000000000000     
   2           2         132   1.4896980419383404E-005   1.0120840761189391E-005   2.2061189906672867E-005   2.4076953691816456       0.50837918581542152       0.59999999999999998        0.0000000000000000        1.0000000000000000        49.922232083115411        798.75571332984657        16.000000000000000        6.2500000000000000E-002
   2           2         133  -3.2764060117956776E-005  -6.7521826024716393E-005   1.9372588742182617E-005   16.747524115152572       0.43959632441034924       0.59999999999999998        0.0000000000000000        1.0000000000000000        56.014173320499992        896.22677312799988        16.000000000000000        12.125000000000000     
   2           2         134   1.3764773186445919E-005   7.3267284655770301E-006   2.0568096946503346E-005   2.1259261696218994       0.50344061718867450       0.51379310000000000        0.0000000000000000        0.0000000000000000        47.817438695892335        765.07901913427736        16.000000000000000        0.0000000000000000     
   2           2         135   5.8097774320375068E-006  -8.8406125437959594E-006   2.1291394994216029E-005   2.3355461259413235       0.39602677815964382       0.51379310000000000        0.0000000000000000        0.0000000000000000        52.291232002095221        836.65971203352353        16.000000000000000        6.2500000000000000E-002
   2           2         136  -3.9654710528289312E-005  -7.8705505366546489E-005   1.8921481729096531E-005   17.157745685674758       0.69315296126012971       0.59999999999999998        0.0000000000000000        1.0000000000000000        50.186871875748082        802.98995001196931        16.000000000000000        5.1875000000000000     
   2           2         137   9.8791348666264402E-006   3.8300682584067527E-006   1.6271410839558578E-005   1.9683129497895364       0.55369434690461150       0.51379310000000000        0.0000000000000000        0.0000000000000000        44.338967578283963        709.42348125254341        16.000000000000000        0.0000000000000000     
   2           2         138   1.4084309194158589E-005   8.4915213616289014E-006   1.9994418240569800E-005   2.0078079417906678       0.48540920972207657       0.51379310000000000        0.0000000000000000        0.0000000000000000        46.262440628829445        740.19905006127112        16.000000000000000        0.0000000000000000     
   2           2         139   1.0787004841273622E-005   2.4062287838099823E-006   1.9643285801025243E-005   2.1062203353369013       0.55439330767928674       0.51379310000000000        0.0000000000000000        0.0000000000000000        51.234214633650375        819.74743413840599        16.000000000000000        0.0000000000000000     
   2           2         140   1.2293481025195273E-005   5.7238727495122234E-006   1.9235832937003171E-005   2.0894018983171003       0.52158041979260483       0.51379310000000000        1.0000000000000000        0.0000000000000000        49.831051893694557        797.29683029911291        16.000000000000000        0.0000000000000000     
   2           2         141  -2.5573120135819187E-005  -4.8699519224309621E-005   9.1164784969163590E-006   9.3828460336151522       0.57899731936231091       0.59999999999999998        0.0000000000000000        1.0000000000000000        47.971277437499992        767.54043899999988        16.000000000000000        8.1875000000000000     
   2           2         142  -2.2389389834159059E-005  -6.4277701787568198E-005   1.9498922119250148E-005   20.660380276051519       0.48948047737360972       0.50000000000000000        0.0000000000000000        1.0000000000000000        50.678529034289909        810.85646454863854        16.000000000000000        16.750000000000000     
   2           2         143   1.1176857201297179E-005   4.6624127774752665E-006   1.8060915398112142E-005   2.1218828726242780       0.55754374147113783       0.51379310000000000        0.0000000000000000        0.0000000000000000        46.986280336651042        751.78048538641667        16.000000000000000        0.0000000000000000     
   2           2         144   1.3209731050021022E-005   7.3649190117376565E-006   1.9386163544226549E-005   1.9655787202820880       0.51883487268443185       0.51379310000000000        0.0000000000000000        0.0000000000000000        48.161374004808820        770.58198407694113        16.000000000000000        0.0000000000000000     
   2           2         145   8.7741084404369001E-006   2.2575223077067208E-006   1.5660429861528726E-005   2.0637646590526808       0.55850804874365845       0.51379310000000000        0.0000000000000000        0.0000000000000000        51.530091067603713        824.48145708165941        16.000000000000000        0.0000000000000000     
   2           2         146   1.2223544110849433E-005   6.0272329511986990E-006   1.8771418933854214E-005   2.0836599040935573       0.54393805538107853       0.51379310000000000        0.0000000000000000        0.0000000000000000        42.912865062634758        686.60584100215613        16.000000000000000        0.0000000000000000     
   2           2         147   1.3433596447654765E-005   7.2567575380737440E-006   1.9960894212359577E-005   2.0660680167285448       0.51285852462447046       0.51379310000000000        0.0000000000000000        0.0000000000000000        46.398569388416327        742.37711021466123        16.000000000000000        0.0000000000000000     
   2           2         148   1.4583800999396215E-005   8.4460677352447763E-006   2.1069774359216920E-005   2.0731552918702554       0.56178643435386322       0.51379310000000000        0.0000000000000000        0.0000000000000000        44.225451338615429        707.60722141784686        16.000000000000000        0.0000000000000000     
   2           2         149  -5.3545727561994587E-006  -2.8894446257315143E-005   1.9520896061182183E-005   2.2745205087611073       0.63378788612655579       0.51379310000000000        0.0000000000000000        0.0000000000000000        49.643359714778995        794.29375543646393        16.000000000000000        6.2500000000000000E-002
   2           2         150  -2.0532754070078886E-005  -5.1401673160386921E-005   1.0336165020229116E-005   10.505177292566865       0.43413049244687740       0.50000000000000000        0.0000000000000000        1.0000000000000000        60.786183784687509        972.57894055500014        16.000000000000000        11.750000000000000     
   2           2         151  -3.1581237622835818E-005  -6.5598213028563015E-005   1.9444225485754870E-005   22.622657719632361       0.44564885611222133       0.59999999999999998        0.0000000000000000        1.0000000000000000        46.263189001767330        740.21102402827728        16.000000000000000        15.500000000000000     
   2           2         152   1.0889970749380250E-005   4.9531912436757222E-006   1.7163588722001526E-005   1.9945222180135127       0.50163002642508803       0.51379310000000000        0.0000000000000000        0.0000000000000000        45.521850641419711        728.34961026271537        16.000000000000000        0.0000000000000000     
   2           2         153  -6.4399866671548251E-006  -2.9310111728359944E-005   1.7727733808602483E-005   2.2578461345487604       0.59166628171337898       0.51379310000000000        0.0000000000000000        0.0000000000000000        46.464725182210003        743.43560291536005        16.000000000000000        6.2500000000000000E-002
   2           2         154   1.2118257450251737E-005   5.8296289042527825E-006   1.8763687524150899E-005   2.0783526130450483       0.53910884992564989       0.51379310000000000        0.0000000000000000        0.0000000000000000        46.172170518252130        738.75472829203409        16.000000000000000        0.0000000000000000     
   2           2         155   1.1843495926304093E-005   5.8637271306201275E-006   1.8162542296928961E-005   1.9971374376769844       0.50658712147118190       0.51379310000000000        0.0000000000000000        0.0000000000000000        49.587801695892338        793.40482713427741        16.000000000000000        0.0000000000000000     
   2           2         156   1.2648868215635728E-005   6.4344607158214321E-006   1.9215866121244547E-005   2.1479706924978395       0.48079948746540213       0.51379310000000000        0.0000000000000000        0.0000000000000000        43.094541540861229        689.51266465377967        16.000000000000000        0.0000000000000000     
   2           2         157   1.3035687848411226E-005   6.8947307567916933E-006   1.9525067947849862E-005   2.1241303800175637       0.50294146813686436       0.51379310000000000        0.0000000000000000        0.0000000000000000        45.091846690867527        721.46954705388043        16.000000000000000        0.0000000000000000     
   2           2         158   1.3761876445180575E-005   5.6714993017755660E-006   2.2311281960978918E-005   1.9744844868321112       0.50323392557397573       0.51379310000000000        0.0000000000000000        1.0000000000000000        48.362401249190363        773.79841998704580        16.000000000000000        0.0000000000000000     
   2           2         159  -1.1702374513224801E-006  -1.6543747429925326E-005   1.5075528188342378E-005   3.2938937896821003       0.34871423841873700       0.51379310000000000        0.0000000000000000        0.0000000000000000        48.561595987269577        776.98553579631323        16.000000000000000        6.2500000000000000E-002
   2           2         160  -9.8245896648380041E-006  -3.5329537301596702E-005   1.7127446827501456E-005   5.8385309167000781       0.56069422516587930       0.51379310000000000        0.0000000000000000        0.0000000000000000        49.890182343119434        798.24291748991095        16.000000000000000       0.18750000000000000     
   2           2         161   2.9055124825921232E-006  -1.2260574106369386E-005   1.8932086032680238E-005   4.4234775885795026       0.53822557072581245       0.51379310000000000        0.0000000000000000        1.0000000000000000        41.943717630730895        671.09948209169431        16.000000000000000       0.18750000000000000     
   2           2         162   1.1163922783252645E-005   5.5216179508449390E-006   1.7126358303991344E-005   2.0034585031585324       0.48211717276757510       0.51379310000000000        0.0000000000000000        1.0000000000000000        45.434722383392334        726.95555813427734        16.000000000000000        0.0000000000000000     
   2           2         163   1.1910375966695909E-005   5.7132053810391809E-006   1.8459158977453849E-005   2.1355751876819653       0.47018470538411178       0.51379310000000000        0.0000000000000000        0.0000000000000000        48.144919872058537        770.31871795293659        16.000000000000000        0.0000000000000000     
   2           2         164   1.8019125290939504E-006  -1.1178017351246832E-005   1.5518292142387544E-005   2.9617785282133902       0.43054592858064250       0.51379310000000000        0.0000000000000000        0.0000000000000000        50.342893985734825        805.48630377175721        16.000000000000000        6.2500000000000000E-002
   2           2         165  -4.3045262582524211E-006  -2.7046609771061398E-005   1.9727887902273233E-005   6.7903382752544541       0.68351830864594743       0.51379310000000000        0.0000000000000000        0.0000000000000000        48.757268668607054        780.11629869771286        16.000000000000000       0.12500000000000000     
   2           2         166   1.1791455015164494E-005   5.6316881593969516E-006   1.8300712099138507E-005   2.0975036865982890       0.52301125578839791       0.51379310000000000        0.0000000000000000        0.0000000000000000        42.060259946470993        672.96415914353588        16.000000000000000        0.0000000000000000     
   2           2         167   1.3929485568915388E-005   7.8853965418386685E-006   2.0316501544825294E-005   2.0646981370808049       0.54247108605925054       0.51379310000000000        0.0000000000000000        0.0000000000000000        42.269405575675833        676.31048921081333        16.000000000000000        0.0000000000000000     
   2           2         168   1.4199531318867521E-005   8.1421776658672587E-006   2.0600564523396720E-005   2.0642675502857268       0.61712674584652938       0.51379310000000000        0.0000000000000000        0.0000000000000000        47.369648883558142        757.91438213693027        16.000000000000000        0.0000000000000000     
   2           2         169   3.8983805107332407E-007  -1.6088100294447209E-005   1.7802694643923183E-005   5.0111886755358919       0.61215021466832198       0.51379310000000000        0.0000000000000000        0.0000000000000000        51.621378615669265        825.94205785070824        16.000000000000000        6.2500000000000000E-002
   2           2         170   4.9085305061423693E-007  -1.3909127144731858E-005   1.5707853188838817E-005   2.0969335286187656       0.55633585720114498       0.51379310000000000        1.0000000000000000        0.0000000000000000        53.022957660270563        848.36732256432902        16.000000000000000        6.2500000000000000E-002
   2           2         171   1.0451022105481395E-006  -1.5210878727264955E-005   1.8223408070831390E-005   5.0593441945560471       0.57092324121524252       0.51379310000000000        0.0000000000000000        0.0000000000000000        41.168144416308039        658.69031066092862        16.000000000000000        6.2500000000000000E-002
   2           2         172   4.1179296358563681E-006  -9.2639595576365286E-006   1.8259074758603207E-005   3.8131906209250981       0.46075448850612533       0.51379310000000000        0.0000000000000000        0.0000000000000000        44.341793429869135        709.46869487790616        16.000000000000000        6.2500000000000000E-002
   2           2         173   1.5263723144723806E-005   9.4900409738954723E-006   2.1364990035350871E-005   2.1031949607909071       0.49517292044640349       0.51379310000000000        0.0000000000000000        0.0000000000000000        44.808126454210118        716.93002326736189        16.000000000000000        0.0000000000000000     
   2           2         174   1.2703047899677306E-005   6.3364542982615030E-006   1.9430866577099279E-005   2.0760322126097051       0.50287927057781256       0.51379310000000000        0.0000000000000000        0.0000000000000000        49.251572961018681        788.02516737629890        16.000000000000000        0.0000000000000000     
   2           2         175   1.0902647291295298E-005   5.0306929710297003E-006   1.7107762054718550E-005   1.9888092658322807       0.49036299827861957       0.51379310000000000        0.0000000000000000        1.0000000000000000        55.621831582838546        889.94930532541673        16.000000000000000        0.0000000000000000     
   2           2         176  -9.4492554271618694E-006  -3.9250011415990432E-005   2.0351500561666717E-005   17.499995433603797       0.49999543360380233       0.50000000000000000        0.0000000000000000        1.0000000000000000        56.460499472946161        903.36799156713857        16.000000000000000        3.6250000000000000     
   2           2         177   1.0562602195953830E-005   4.5743250735142102E-006   1.6890639635153331E-005   1.9148431316418506       0.55514076068899731       0.51379310000000000        0.0000000000000000        0.0000000000000000        44.013787143848646        704.22059430157833        16.000000000000000        0.0000000000000000     
   2           2         178   8.5928417556777188E-006  -2.8819778249797729E-006   2.0718714762183072E-005   2.0685617443106477       0.51468179941673609       0.51379310000000000        0.0000000000000000        0.0000000000000000        47.551475134849895        760.82360215759832        16.000000000000000        0.0000000000000000     
   2           2         179   1.1352197103071529E-005   5.0398830002423598E-006   1.8022656594835866E-005   2.0242230189401482       0.54229868897973088       0.51379310000000000        0.0000000000000000        0.0000000000000000        47.356496666212117        757.70394665939386        16.000000000000000        0.0000000000000000     
   2           2         180   1.0384530835957990E-005   2.5489532630973237E-006   1.8664680071706709E-005   2.2852321491815371       0.50429956750448746       0.51379310000000000        0.0000000000000000        1.0000000000000000        50.830069319961176        813.28110911937881        16.000000000000000        6.2500000000000000E-002
   2           2         181   6.2556171200174778E-006  -3.9484628428251482E-006   1.7038651825524693E-005   2.0283635125842356       0.52558103576122883       0.51379310000000000        0.0000000000000000        1.0000000000000000        44.977768791985262        719.64430067176420        16.000000000000000        0.0000000000000000     
   2           2         182   5.0982482757514288E-006  -7.9258442627797983E-006   1.8861296229326650E-005   2.0457726286524842       0.58637483341916052       0.51379310000000000        1.0000000000000000        0.0000000000000000        45.431656766545380        726.90650826472609        16.000000000000000        6.2500000000000000E-002
   2           2         183   1.0995014047085622E-005   4.1019415265703705E-006   1.8279182780273324E-005   2.2038469897083766       0.56251623509652615       0.51379310000000000        0.0000000000000000        0.0000000000000000        45.641772195892344        730.26835513427750        16.000000000000000        0.0000000000000000     
   2           2         184   1.1240396025259499E-005   6.0518494288046952E-006   1.6723328168524038E-005   2.0259364254675081       0.40646323453727040       0.51379310000000000        0.0000000000000000        0.0000000000000000        49.569608624160097        793.11373798656155        16.000000000000000        0.0000000000000000     
   2           2         185   1.4595774919089250E-005   8.4478292027385844E-006   2.1092540160873164E-005   2.0872467589599832       0.53777857775659510       0.51379310000000000        0.0000000000000000        0.0000000000000000        49.269292667112893        788.30868267380629        16.000000000000000        0.0000000000000000     
   2           2         186   1.0180835130357220E-005   1.6196249422178111E-006   1.9227787615637990E-005   1.9447803384938889       0.53461471805485661       0.51379310000000000        0.0000000000000000        0.0000000000000000        42.896478591000331        686.34365745600530        16.000000000000000        0.0000000000000000     
   2           2         187   5.1207918146976649E-006  -7.1800838586265653E-006   1.8119589332609796E-005   3.4759462525386269       0.44877343480084203       0.51379310000000000        0.0000000000000000        0.0000000000000000        45.816248745705948        733.05997993129517        16.000000000000000        6.2500000000000000E-002
   2           2         188   1.3045238288707383E-005   7.0580483668004126E-006   1.9372126842254108E-005   2.0792581368318728       0.51824818860337507       0.51379310000000000        0.0000000000000000        0.0000000000000000        46.315564869107661        741.04903790572257        16.000000000000000        0.0000000000000000     
   2           2         189  -5.1373447925269443E-008  -1.5599366804106397E-005   1.6378775332874893E-005   4.7149500771737216       0.58471454888284469       0.51379310000000000        0.0000000000000000        0.0000000000000000        47.409405471432443        758.55048754291909        16.000000000000000        6.2500000000000000E-002
   2           2         190   1.2344724594132792E-005   6.3121897813029502E-006   1.8719530797709356E-005   2.0086575361529180       0.56809445781956913       0.51379310000000000        0.0000000000000000        0.0000000000000000        52.990332695892327        847.84532313427724        16.000000000000000        0.0000000000000000     
   2           2         191   1.3336511216941921E-005   7.3843097252959620E-006   1.9626426181573815E-005   2.0912865967886267       0.51923981952294029       0.51379310000000000        0.0000000000000000        0.0000000000000000        42.014003164415797        672.22405063065275        16.000000000000000        0.0000000000000000     
   2           2         192   4.6480942879101925E-006  -1.0614804171112720E-005   2.0776972578709069E-005   4.6148734539972285       0.67664481067159354       0.51379310000000000        0.0000000000000000        0.0000000000000000        46.141340770750972        738.26145233201555        16.000000000000000        6.2500000000000000E-002
   2           2         193   1.1964176893552960E-005   6.2773287269757356E-006   1.7973683029181519E-005   2.0674748294528253       0.51125467252896584       0.51379310000000000        0.0000000000000000        0.0000000000000000        45.829983112385392        733.27972979816627        16.000000000000000        0.0000000000000000     
   2           2         194   1.2004890157254879E-005   5.8038683245724582E-006   1.8557742925452286E-005   2.1146938895796601       0.50212586245457136       0.51379310000000000        0.0000000000000000        0.0000000000000000        48.248648394479780        771.97837431167648        16.000000000000000        0.0000000000000000     
   2           2         195   5.2418941314418163E-006  -9.4805859318223100E-006   2.0799691997725752E-005   2.1613961220719315       0.52490762067357088       0.51379310000000000        0.0000000000000000        1.0000000000000000        50.168991689808486        802.70386703693578        16.000000000000000        6.2500000000000000E-002
   2           2         196   1.5573691040347650E-005   9.7690286894382703E-006   2.1707695851317909E-005   2.0565664069351377       0.56852405294419328       0.51379310000000000        0.0000000000000000        0.0000000000000000        44.941027446408398        719.05643914253437        16.000000000000000        0.0000000000000000     
   2           2         197   1.1213803134028404E-005   5.2829982946692958E-006   1.7481107452229458E-005   2.0200917548047364       0.50322199495668585       0.51379310000000000        0.0000000000000000        0.0000000000000000        44.019422477142328        704.31075963427725        16.000000000000000        0.0000000000000000     
   2           2         198   1.1618843910126025E-005   5.8086974349005254E-006   1.7758644001322500E-005   1.9630791460142847       0.42192906112607437       0.51379310000000000        0.0000000000000000        0.0000000000000000        48.752344071827459        780.03750514923934        16.000000000000000        0.0000000000000000     
   2           2         199   1.2789140862861047E-005   6.7170566053043309E-006   1.9205740450714262E-005   2.0753156635658923       0.53316145673413118       0.51379310000000000        0.0000000000000000        0.0000000000000000        46.041252146420952        736.66003434273523        16.000000000000000        0.0000000000000000     
   2           2         200   1.4307755260376963E-005   7.6886643232219515E-006   2.1302397359825989E-005   2.1329543610855959       0.55026049525774712       0.51379310000000000        0.0000000000000000        0.0000000000000000        50.965222992990185        815.44356788784296        16.000000000000000        0.0000000000000000     
   2           2         201   1.3710216387123966E-005   8.1917581820897069E-006   1.9541778523295491E-005   2.0197606542746636       0.51926228769258076       0.51379310000000000        1.0000000000000000        0.0000000000000000        42.308451221767058        676.93521954827293        16.000000000000000        0.0000000000000000     
   2           2         202   1.2617767292043568E-005   6.1349620171344066E-006   1.9468391211391292E-005   2.0990510369416699       0.45995446660162664       0.51379310000000000        0.0000000000000000        0.0000000000000000        45.484284983174156        727.74855973078650        16.000000000000000        0.0000000000000000     
   2           2         203   3.4438232989770656E-006  -8.7913039882305781E-006   1.6373142026845533E-005   2.8517084365855450       0.43726860368344017       0.51379310000000000        0.0000000000000000        0.0000000000000000        46.680538536654105        746.88861658646567        16.000000000000000        6.2500000000000000E-002
   2           2         204   1.2827605860169320E-005   6.3474701081695737E-006   1.9675408794353929E-005   2.0455253218682894       0.47444442372798784       0.51379310000000000        0.0000000000000000        0.0000000000000000        50.338986869865437        805.42378991784699        16.000000000000000        0.0000000000000000     
   2           2         205   1.2477057589446469E-005   5.9893496645278084E-006   1.9332862323271783E-005   1.9997244893553319       0.51211376150001109       0.51379310000000000        0.0000000000000000        0.0000000000000000        47.748573114049741        763.97716982479585        16.000000000000000        0.0000000000000000     
   2           2         206   1.2621052055982000E-005   7.0165110930417799E-006   1.8543581076910566E-005   2.0092638301004131       0.53079559729455672       0.51379310000000000        0.0000000000000000        0.0000000000000000        43.578876940052311        697.26203104083697        16.000000000000000        0.0000000000000000     
   2           2         207   1.2866647452854617E-005   7.0301318654509499E-006   1.9034312775683562E-005   2.0388550519283464       0.53259190267075607       0.51379310000000000        0.0000000000000000        0.0000000000000000        43.531382215002509        696.50211544004014        16.000000000000000        0.0000000000000000     
   2           2         208   1.1496567391375936E-005   6.5268293364248010E-006   1.6748276327306597E-005   1.8431644608135280       0.44448747512756742       0.51379310000000000        0.0000000000000000        0.0000000000000000        46.990854881287682        751.85367810060291        16.000000000000000        0.0000000000000000     
   2           2         209   1.0734962787589163E-006  -1.8865837187886208E-005   2.2144139154788976E-005   5.5789732577453641       0.45146258487157054       0.51379310000000000        0.0000000000000000        0.0000000000000000        49.366753846521149        789.86806154433839        16.000000000000000       0.12500000000000000     
   2           2         210   1.1084547548113142E-005   4.8158156119934762E-006   1.7708952126756483E-005   2.0283406143908040       0.49081691197140065       0.51379310000000000        0.0000000000000000        0.0000000000000000        48.387328636162444        774.19725817859910        16.000000000000000        0.0000000000000000     
   2           2         211  -4.6083346815944489E-006  -2.6134788636899133E-005   1.8139478049370160E-005   2.2688893795246026       0.56939546823455889       0.51379310000000000        0.0000000000000000        0.0000000000000000        39.294394151115412        628.71030641784660        16.000000000000000        6.2500000000000000E-002
   2           2         212   1.4280021507174980E-005   7.8923167205142560E-006   2.1030149167277987E-005   2.0357695883657501       0.47836212979473325       0.51379310000000000        0.0000000000000000        0.0000000000000000        43.512196877519699        696.19515004031518        16.000000000000000        0.0000000000000000     
   2           2         213   8.8067402863076861E-006  -3.9628033131669655E-007   1.8531917967852657E-005   2.4262584128645024       0.50029545911142026       0.51379310000000000        0.0000000000000000        1.0000000000000000        44.987291842920413        719.79666948672661        16.000000000000000       0.12500000000000000     
   2           2         214   1.1496416431034978E-005   5.3634153184789210E-006   1.7977389148458921E-005   1.9787889999331529       0.49446187179108286       0.51379310000000000        0.0000000000000000        0.0000000000000000        47.361662703513836        757.78660325622138        16.000000000000000        0.0000000000000000     
   2           2         215   1.0625888479704565E-005   2.0265483318015440E-006   1.9713134326165109E-005   2.0969691506912285       0.50674837355328139       0.51379310000000000        0.0000000000000000        0.0000000000000000        49.993639244876313        799.89822791802101        16.000000000000000        0.0000000000000000     
   2           2         216   1.3067844003565423E-005   5.9124594547924656E-006   2.0629207713143017E-005   2.1629616015688056       0.50107432416643094       0.51379310000000000        0.0000000000000000        0.0000000000000000        41.015547790558223        656.24876464893157        16.000000000000000        0.0000000000000000     
   2           2         217   1.1280089694166076E-005   2.8066469659014315E-006   2.0234295006817148E-005   2.6184055936411350       0.42622868428603639       0.51379310000000000        0.0000000000000000        1.0000000000000000        43.239310648068560        691.82897036909696        16.000000000000000        6.2500000000000000E-002
   2           2         218   1.2499346371092859E-005   6.1769555363417507E-006   1.9180454324102915E-005   2.1199164776703854       0.52639369288622306       0.51379310000000000        0.0000000000000000        0.0000000000000000        45.351495088615430        725.62392141784687        16.000000000000000        0.0000000000000000     
   2           2         219  -1.8242173501715103E-005  -3.6207389755338966E-005   8.7056508787206601E-006   11.061329003019912       0.38535829497886243       0.59999999999999998        0.0000000000000000        1.0000000000000000        58.511741033637499        936.18785653819998        16.000000000000000        8.4375000000000000     
   2           2         220   1.2600647858483845E-005   6.6181842613707023E-006   1.8922541927033606E-005   2.1118595981943047       0.50211383569298840       0.51379310000000000        0.0000000000000000        0.0000000000000000        50.334590500369373        805.35344800590997        16.000000000000000        0.0000000000000000     
   2           2         221  -2.6566762738659588E-005  -5.4786153819988526E-005   1.5762323883333882E-005   17.313975882658397       0.49717021221079971       0.59999999999999998        0.0000000000000000        1.0000000000000000        49.203876418874991        787.26202270199985        16.000000000000000        19.375000000000000     
   2           2         222   1.3282022905424261E-005   7.2106954852318997E-006   1.9697822714796830E-005   2.0411478983616549       0.57493819502531041       0.51379310000000000        0.0000000000000000        0.0000000000000000        41.288319801071999        660.61311681715199        16.000000000000000        0.0000000000000000     
   2           2         223   1.3241915525172794E-005   8.1356262343501335E-006   1.8637923282833506E-005   1.9054392723371949       0.57009639869480799       0.51379310000000000        0.0000000000000000        0.0000000000000000        43.838276082084242        701.41241731334787        16.000000000000000        0.0000000000000000     
   2           2         224  -1.2336403775661117E-005  -5.3217712703840418E-005   1.4917802176458390E-005   16.379658764216909       0.54018690536242153       0.40000000000000002        0.0000000000000000        1.0000000000000000        55.452328193499994        887.23725109599991        16.000000000000000        21.312500000000000     
   2           2         225   1.1628742428507473E-007  -1.6612375160336322E-005   1.7794093741321145E-005   5.2560099257381783       0.55394055498623918       0.51379310000000000        0.0000000000000000        0.0000000000000000        48.905314526115419        782.48503241784670        16.000000000000000        6.2500000000000000E-002
   2           2         226  -1.7035784742800569E-005  -5.0137418349348705E-005   1.6065848863747607E-005   20.451738969650751       0.50104316322880649       0.50000000000000000        0.0000000000000000        1.0000000000000000        50.540332130312507        808.64531408500011        16.000000000000000        33.562500000000000     
   2           2         227  -5.9141499618009909E-006  -3.1384472506173399E-005   2.1001296894408426E-005   2.6194756267835366       0.67949384840408467       0.51379310000000000        0.0000000000000000        0.0000000000000000        44.972385861577649        719.55817378524239        16.000000000000000        6.2500000000000000E-002
   2           2         228   6.1536187722406181E-006  -5.6295262160855786E-006   1.8605310822068430E-005   1.9852052035538854       0.58480239074113216       0.51379310000000000        0.0000000000000000        1.0000000000000000        44.376916453919428        710.03066326271085        16.000000000000000        6.2500000000000000E-002
   2           2         229   4.4502003489218058E-006  -6.3878858779153264E-006   1.5903213295784704E-005   3.2218499359514952       0.40980368519914795       0.51379310000000000        0.0000000000000000        1.0000000000000000        47.871412342423582        765.94259747877732        16.000000000000000       0.12500000000000000     
   2           2         230  -1.8605517831040833E-005  -5.1325867259144749E-005   1.4114831597063100E-005   14.161621529121934       0.51244370124532035       0.50000000000000000        1.0000000000000000        0.0000000000000000        59.923655135312494        958.77848216499990        16.000000000000000        23.437500000000000     
   2           2         231   1.1870744368004940E-005   6.3261053737264436E-006   1.7729972727888864E-005   2.0317288307386137       0.54631960904992560       0.51379310000000000        0.0000000000000000        0.0000000000000000        43.057580183042013        688.92128292867221        16.000000000000000        0.0000000000000000     
   2           2         232   1.1923506039415853E-005   6.1934694991310060E-006   1.7978650952303863E-005   2.0234215254561292       0.47564583000015320       0.51379310000000000        0.0000000000000000        0.0000000000000000        46.874781664642335        749.99650663427735        16.000000000000000        0.0000000000000000     
   2           2         233   9.0552857843881626E-006   2.9569769418920412E-006   1.5499597876511041E-005   2.1083090462481611       0.54447509269186800       0.51379310000000000        0.0000000000000000        0.0000000000000000        46.343625348688484        741.49800557901574        16.000000000000000        0.0000000000000000     
   2           2         234   1.4907793745403201E-005   8.2759807280122147E-006   2.1915879745058516E-005   2.0720846218560731       0.61059646636013210       0.51379310000000000        0.0000000000000000        0.0000000000000000        48.000287759999452        768.00460415999123        16.000000000000000        0.0000000000000000     
   2           2         235   1.0812180448947011E-005   4.8617568755285343E-006   1.7100216620583961E-005   2.1301790017953497       0.48702841450392464       0.51379310000000000        0.0000000000000000        0.0000000000000000        51.104883631501941        817.67813810403106        16.000000000000000        0.0000000000000000     
   2           2         236   5.3283448339015562E-006  -6.2627876580676706E-006   1.7577130064138755E-005   2.7552003092108857       0.42903437163837616       0.51379310000000000        0.0000000000000000        0.0000000000000000        40.423889295701684        646.78222873122695        16.000000000000000        6.2500000000000000E-002
   2           2         237   1.1369438660032053E-005   5.3885946130252105E-006   1.7689621289132276E-005   2.0512913687892915       0.52674287692681454       0.51379310000000000        0.0000000000000000        1.0000000000000000        44.879282523002388        718.06852036803821        16.000000000000000        0.0000000000000000     
   2           2         238   1.2685647342236703E-005   5.7868185743974787E-006   1.9975898918257594E-005   2.2117805171969738       0.52561474607545200       0.51379310000000000        0.0000000000000000        0.0000000000000000        49.174664082439335        786.79462531902936        16.000000000000000        0.0000000000000000     
   2           2         239   4.1164846131154721E-006  -8.5135286393662326E-006   1.7463094177960381E-005   3.6271102729090106       0.45197253339332782       0.51379310000000000        0.0000000000000000        0.0000000000000000        49.460023258392347        791.36037213427755        16.000000000000000        6.2500000000000000E-002
   2           2         240   1.5147873072974084E-006  -1.5055802038393770E-005   1.9025551693302206E-005   4.8843312797327121       0.61353474667963070       0.51379310000000000        0.0000000000000000        0.0000000000000000        49.486378854062160        791.78206166499456        16.000000000000000        6.2500000000000000E-002
   2           2         241   1.1356902855694296E-005   5.6457312389435981E-006   1.7392112495052809E-005   1.9268225880679704       0.53820724401086761       0.51379310000000000        0.0000000000000000        1.0000000000000000        43.515715502227984        696.25144803564774        16.000000000000000        0.0000000000000000     
   2           2         242   1.3298843212629955E-005   8.0144488261103478E-006   1.8883061317046833E-005   2.0236390978964445       0.41955624994968238       0.51379310000000000        0.0000000000000000        0.0000000000000000        43.531452634995610        696.50324215992975        16.000000000000000        0.0000000000000000     
   2           2         243   1.3722717608909637E-005   8.0531451215370736E-006   1.9713967885205345E-005   1.9392950003616587       0.50306735217216514       0.51379310000000000        0.0000000000000000        0.0000000000000000        46.863072567272148        749.80916107635437        16.000000000000000        0.0000000000000000     
   2           2         244   1.1836082507822482E-005   5.7114809123784125E-006   1.8308179139910864E-005   2.0932653493694668       0.50711909705927127       0.51379310000000000        0.0000000000000000        0.0000000000000000        51.275251801968125        820.40402883149000        16.000000000000000        0.0000000000000000     
   2           2         245  -2.6548217496335639E-005  -5.5105201608830123E-005   1.6287258672406345E-005   18.065799476560162       0.50372581937745031       0.59999999999999998        0.0000000000000000        1.0000000000000000        61.087363830000015        977.39782128000024        16.000000000000000        42.937500000000000     
   2           2         246   1.2148170345569034E-005   5.5958362538380603E-006   1.9072267978133251E-005   2.0475788460461422       0.54716926193512150       0.51379310000000000        0.0000000000000000        1.0000000000000000        42.861373070892327        685.78196913427723        16.000000000000000        0.0000000000000000     
   2           2         247   1.0657777881922370E-005   4.5912475241597743E-006   1.7068508455180177E-005   2.0640809143187591       0.53052246942018044       0.51379310000000000        0.0000000000000000        0.0000000000000000        46.745286074700743        747.92457719521190        16.000000000000000        0.0000000000000000     
   2           2         248  -4.2621796316628905E-006  -2.2043959081571108E-005   1.4528494846806161E-005   3.8145339524921731       0.49717270853690704       0.51379310000000000        1.0000000000000000        0.0000000000000000        45.882588657699998        734.12141852319996        16.000000000000000       0.25000000000000000     
   2           2         249   2.4472854434999308E-006  -9.9787071351985666E-006   1.5578298696471524E-005   2.8673793017817237       0.42348009593169494       0.51379310000000000        0.0000000000000000        0.0000000000000000        50.240770831052217        803.85233329683547        16.000000000000000        6.2500000000000000E-002
   2           2         250   1.4024948177189538E-006  -1.2843899034537580E-005   1.6457194496337528E-005   3.9181208316927929       0.41231042718426392       0.51379310000000000        0.0000000000000000        0.0000000000000000        49.693233344794649        795.09173351671438        16.000000000000000        6.2500000000000000E-002
   2           2         251   1.6251086841161226E-005   1.1044008519840003E-005   2.1753602154405277E-005   2.0907243436270604       0.51999830794163293       0.51379310000000000        0.0000000000000000        0.0000000000000000        42.055876472059211        672.89402355294737        16.000000000000000        0.0000000000000000     
   2           2         252  -2.5392667230385787E-005  -5.2624478167856720E-005   1.5455049175820730E-005   16.475135403000380       0.50349605148930143       0.59999999999999998        0.0000000000000000        1.0000000000000000        52.086098606249990        833.37757769999985        16.000000000000000        46.687500000000000     
   2           2         253   9.7151654307661107E-006   3.4132525138493797E-006   1.6374633598562179E-005   2.0055642554081130       0.52947102454884631       0.51379310000000000        0.0000000000000000        0.0000000000000000        47.499619070892344        759.99390513427750        16.000000000000000        0.0000000000000000     
   2           2         254   1.2225724348054213E-005   6.8270719459791443E-006   1.7930683190646928E-005   2.0235597528226581       0.45900538691766379       0.51379310000000000        0.0000000000000000        0.0000000000000000        47.817296043505905        765.07673669609449        16.000000000000000        0.0000000000000000     
   2           2         255   1.3555295463086519E-005   7.9415978850348861E-006   1.9487500623254713E-005   2.0357422068336155       0.47717686625821409       0.51379310000000000        0.0000000000000000        0.0000000000000000        52.290928088733132        836.65484941973011        16.000000000000000        0.0000000000000000     
   2           2         256   1.1573864830749939E-005   4.7194749793445936E-006   1.8817156134024447E-005   2.2939347818399969       0.54057933862244700       0.51379310000000000        0.0000000000000000        0.0000000000000000        41.966337916958729        671.46140667133966        16.000000000000000        0.0000000000000000     
   2           2         257   9.5303394882740898E-006   3.9145854077509657E-006   1.5464717831875155E-005   1.9612903787041513       0.50592566204923994       0.51379310000000000        0.0000000000000000        0.0000000000000000        45.412402949880445        726.59844719808711        16.000000000000000        0.0000000000000000     
   2           2         258   8.4340904916626582E-006   1.8567747900462742E-006   1.5384587130052872E-005   3.1338636901085857       0.45770922953803128       0.51379310000000000        0.0000000000000000        0.0000000000000000        47.537195433180401        760.59512693088641        16.000000000000000        6.2500000000000000E-002
   2           2         259   1.2253324083746668E-005   6.2951209685452333E-006   1.8549581189494586E-005   1.9983124856443737       0.46758269993785467       0.51379310000000000        0.0000000000000000        0.0000000000000000        49.974959259366194        799.59934814985911        16.000000000000000        0.0000000000000000     
   2           2         260   7.1982163744727988E-006  -1.7692036656477454E-006   1.6674426073297991E-005   2.3815331981742038       0.48217627933498403       0.51379310000000000        0.0000000000000000        1.0000000000000000        50.452280276115417        807.23648441784667        16.000000000000000        6.2500000000000000E-002
   2           2         261  -2.2956709379557605E-006  -2.3135543559825163E-005   1.9726605500316516E-005   2.2844400379707626       0.48927336821751699       0.51379310000000000        0.0000000000000000        0.0000000000000000        44.432274585470779        710.91639336753246        16.000000000000000        6.2500000000000000E-002
   2           2         262   1.4563677269962193E-005   8.8107518907543872E-006   2.0643009678966493E-005   2.0603510679264807       0.48639937981994008       0.51379310000000000        0.0000000000000000        0.0000000000000000        42.463439055826811        679.41502489322897        16.000000000000000        0.0000000000000000     
   2           2         263   1.7250098275568028E-005  -3.4897363959630085E-006   1.7250098275568028E-005   2.5029732259653721       0.47862486695395173        0.0000000000000000        0.0000000000000000        1.0000000000000000        46.467422703392330        743.47876325427728        16.000000000000000       0.12500000000000000     
   2           2         264   1.2225963337537061E-006  -1.1007537608980359E-005   1.4146638406896913E-005   2.8881872039213037       0.39523160219085512       0.51379310000000000        0.0000000000000000        0.0000000000000000        47.356015519910009        757.69624831856015        16.000000000000000        6.2500000000000000E-002
   2           2         265   3.2100000000000019E-006   4.1137000000000015E-004   3.2100000000000019E-006   10.000000000000004        1.0000000000000000        0.0000000000000000        0.0000000000000000        1.0000000000000000        46.902455011740415        750.43928018784663        16.000000000000000        1.7500000000000000     
   2           2         266   1.1763241985085597E-005   6.1615280160809833E-006   1.7682783615300870E-005   2.0050645013271673       0.43221177829163859       0.51379310000000000        0.0000000000000000        0.0000000000000000        42.449943221967310        679.19909155147695        16.000000000000000        0.0000000000000000     
   2           2         267   1.0202446767820112E-005   3.5109336110438324E-006   1.7273620147939862E-005   2.2140132461010764       0.50023953624421269       0.51379310000000000        0.0000000000000000        0.0000000000000000        43.675392994865419        698.80628791784670        16.000000000000000        0.0000000000000000     
   2           2         268   1.2135976795180417E-005   5.2864040969754232E-006   1.9374177631667358E-005   2.1203293850974552       0.55429757588595874       0.51379310000000000        0.0000000000000000        0.0000000000000000        42.608821957052456        681.74115131283929        16.000000000000000        0.0000000000000000     
   2           2         269   3.1028841473164500E-006  -1.1556741933475583E-005   1.8594261848642326E-005   2.7874434034588949       0.48882790078905569       0.51379310000000000        0.0000000000000000        1.0000000000000000        47.145503365608441        754.32805384973506        16.000000000000000       0.12500000000000000     
   2           2         270   1.3030175709915636E-005   7.0685615162509472E-006   1.9330037430444520E-005   2.1350773478506353       0.54290266413301247       0.51379310000000000        0.0000000000000000        0.0000000000000000        48.586466901239390        777.38347041983025        16.000000000000000        0.0000000000000000     
   2           2         271   1.5281718236552567E-005   9.3392764430813049E-006   2.1561319761411745E-005   2.1238798667378420       0.53933723336569606       0.51379310000000000        0.0000000000000000        0.0000000000000000        42.017833333112534        672.28533332980055        16.000000000000000        0.0000000000000000     
   2           2         272   1.2704168773285973E-005   6.7292639744223925E-006   1.9018075175710522E-005   2.0237320183427276       0.52029781562928545       0.51379310000000000        0.0000000000000000        0.0000000000000000        45.663141896591469        730.61027034546350        16.000000000000000        0.0000000000000000     
   2           2         273   4.5218953590011906E-006  -7.8399404422885367E-006   1.7585111734654341E-005   5.9648790427932719       0.41240794663705743       0.51379310000000000        0.0000000000000000        0.0000000000000000        45.210440700733415        723.36705121173463        16.000000000000000        6.2500000000000000E-002
   2           2         274   7.4417022962369169E-006  -2.4592785896919163E-006   1.7904440818504258E-005   3.3094666306216092       0.50951296247150624       0.51379310000000000        1.0000000000000000        0.0000000000000000        46.847017619865426        749.55228191784681        16.000000000000000        6.2500000000000000E-002
   2           2         275   1.1550928081759381E-005   5.4985760231018660E-006   1.7946675913616598E-005   2.0974226567653922       0.57791864314311225       0.51379310000000000        0.0000000000000000        0.0000000000000000        48.987188468289197        783.79501549262716        16.000000000000000        0.0000000000000000     
   2           2         276   1.3529990406522062E-005   7.5128892939488358E-006   1.9888487239130688E-005   2.0140251681715617       0.56401747364331500       0.51379310000000000        0.0000000000000000        0.0000000000000000        42.109713501560314        673.75541602496503        16.000000000000000        0.0000000000000000     
   2           2         277   7.6050550055410520E-006  -5.8189735804519522E-006   2.1790730407691337E-005   2.1342976133488558       0.62782817911342081       0.51379310000000000        0.0000000000000000        0.0000000000000000        44.451760352015718        711.22816563225149        16.000000000000000        0.0000000000000000     
   2           2         278   1.2256370941340818E-005   5.8285355878498169E-006   1.9048906079282704E-005   2.1466861265508679       0.54589178500542479       0.51379310000000000        0.0000000000000000        0.0000000000000000        46.191618233862087        739.06589174179339        16.000000000000000        0.0000000000000000     
   2           2         279   1.3780110326774091E-005   7.5977803304408052E-006   2.0313210729172885E-005   2.0847125106376705       0.51035986671342870       0.51379310000000000        0.0000000000000000        0.0000000000000000        44.876908156871778        718.03053050994845        16.000000000000000        0.0000000000000000     
   2           2         280   1.1408519300457983E-005   5.2994007147142710E-006   1.7864254454436671E-005   2.0500485713096279       0.52302243163716955       0.51379310000000000        0.0000000000000000        0.0000000000000000        47.321714318570180        757.14742909712288        16.000000000000000        0.0000000000000000     
   2           2         281   1.1121203108200237E-005   4.7136225552243263E-006   1.7892334237382641E-005   2.0235301607111098       0.57832936556018588       0.51379310000000000        0.0000000000000000        0.0000000000000000        39.045892901115415        624.73428641784665        16.000000000000000        0.0000000000000000     
   2           2         282   1.1678972800269440E-005   6.2824306417540320E-006   1.7381701669202493E-005   2.1250261614558910       0.45028344896308631       0.51379310000000000        0.0000000000000000        0.0000000000000000        43.462576912731294        695.40123060370070        16.000000000000000        0.0000000000000000     
   2           2         283   8.0772087139791702E-006  -1.2282516949794452E-006   1.7910638372106285E-005   2.8256678529755916       0.48501432960911478       0.51379310000000000        0.0000000000000000        1.0000000000000000        45.699445005752501        731.19112009204002        16.000000000000000       0.12500000000000000     
   2           2         284   1.3838656283405303E-005   8.4657237439688163E-006   1.9516435980748405E-005   2.0713770347273792       0.45367906396609314       0.51379310000000000        0.0000000000000000        0.0000000000000000        50.342549773970333        805.48079638352533        16.000000000000000        0.0000000000000000     
   2           2         285   1.1849336408732441E-005   5.3862395786628545E-006   1.8679133673891711E-005   1.9858644334776812       0.56319822949017628       0.51379310000000000        0.0000000000000000        0.0000000000000000        48.756865732597490        780.10985172155983        16.000000000000000        0.0000000000000000     
   2           2         286   1.3080143840333391E-005   6.5067028512268017E-006   2.0026545924425381E-005   2.1832968563656974       0.55238209146286976       0.51379310000000000        0.0000000000000000        0.0000000000000000        42.059925842231351        672.95881347570162        16.000000000000000        0.0000000000000000     
   2           2         287   1.1821459595202181E-005   5.1371349392025130E-006   1.8885036616450963E-005   2.1675998879442746       0.44880237029800396       0.51379310000000000        0.0000000000000000        0.0000000000000000        41.440993343264545        663.05589349223271        16.000000000000000        0.0000000000000000     
   2           2         288   7.3239089787376755E-006  -2.9058659191233773E-006   1.8134096487541213E-005   1.9306186187518213       0.63453594934943081       0.51379310000000000        0.0000000000000000        0.0000000000000000        46.845596338615429        749.52954141784687        16.000000000000000        0.0000000000000000     
   2           2         289   1.3781410335808276E-005   8.3751088604926454E-006   1.9494452241501223E-005   2.0124451327267727       0.52353213671906773       0.51379310000000000        0.0000000000000000        0.0000000000000000        51.051501199779295        816.82401919646873        16.000000000000000        0.0000000000000000     
   2           2         290   1.3794955767204669E-005   7.6311519752991143E-006   2.0308478833279555E-005   2.0550829011417040       0.51315555036705673       0.51379310000000000        0.0000000000000000        0.0000000000000000        50.258229793587439        804.13167669739903        16.000000000000000        0.0000000000000000     
   2           2         291   1.1617513956049727E-005   5.6508993155803384E-006   1.7922659836604144E-005   2.0002620020481792       0.50095032585695354       0.51379310000000000        0.0000000000000000        0.0000000000000000        40.896323692559832        654.34117908095732        16.000000000000000        0.0000000000000000     
   2           2         292   9.3274108174296477E-006   2.0759321689289225E-006   1.6990320772835311E-005   2.4437518074742739       0.49701778007535463       0.51379310000000000        0.0000000000000000        0.0000000000000000        43.905352191796538        702.48563506874461        16.000000000000000        0.0000000000000000     
   2           2         293   1.0997232117365329E-005   5.5355083500764182E-006   1.6768840841427253E-005   1.9435689308108610       0.55227158915855667       0.51379310000000000        0.0000000000000000        0.0000000000000000        44.807774423476758        716.92439077562813        16.000000000000000        0.0000000000000000     
   2           2         294   1.2518803712479781E-005   5.7859976716614513E-006   1.9633612834709215E-005   2.0691462922606174       0.54309806210329958       0.51379310000000000        0.0000000000000000        0.0000000000000000        48.789782908605986        780.63652653769577        16.000000000000000        0.0000000000000000     
   2           2         295   1.3081277844870359E-005   6.4654365732083383E-006   2.0072485900690096E-005   2.0826018587011093       0.50909575836176724       0.51379310000000000        0.0000000000000000        0.0000000000000000        53.376012633392335        854.01620213427736        16.000000000000000        0.0000000000000000     
   2           2         296   1.2350827171002668E-005   6.5366498631200427E-006   1.8494886794521587E-005   1.9587021011777055       0.46573833251766839       0.51379310000000000        0.0000000000000000        0.0000000000000000        43.421917740226711        694.75068384362737        16.000000000000000        0.0000000000000000     
   2           2         297   1.2817295515178023E-006  -1.4598241965268969E-005   1.8062692128399875E-005   4.7886580112760750       0.63124667607747720       0.51379310000000000        0.0000000000000000        0.0000000000000000        43.718999736587563        699.50399578540100        16.000000000000000        6.2500000000000000E-002
   2           2         298   1.3582030077134696E-005   7.6465622703891815E-006   1.9854261928179907E-005   2.0601984031719236       0.54619545362522204       0.51379310000000000        0.0000000000000000        0.0000000000000000        47.551199858946717        760.81919774314747        16.000000000000000        0.0000000000000000     
   2           2         299   4.0650491609482386E-006  -7.4196368058020856E-006   1.6201348348358171E-005   2.7679906226754114       0.40217761852768052       0.51379310000000000        0.0000000000000000        0.0000000000000000        47.356127958289697        757.69804733263516        16.000000000000000        6.2500000000000000E-002
   2           2         300   1.2841284203883056E-005   7.0102859962943576E-006   1.9003119104151303E-005   2.0234535638589262       0.49679479468522053       0.51379310000000000        0.0000000000000000        0.0000000000000000        50.829679766888681        813.27487627021890        16.000000000000000        0.0000000000000000     
   2           2         301   1.3435095585303272E-005   7.7612919556918653E-006   1.9430817068584007E-005   2.0633097645728506       0.56056390012101842       0.51379310000000000        0.0000000000000000        0.0000000000000000        44.976160074199079        719.61856118718526        16.000000000000000        0.0000000000000000     
   2           2         302   1.3733793085963081E-005   8.0932593579458105E-006   1.9694357014143093E-005   2.0155874175974913       0.50099798505253690       0.51379310000000000        0.0000000000000000        0.0000000000000000        44.777290914642336        716.43665463427737        16.000000000000000        0.0000000000000000     
   2           2         303   1.2598258627800947E-005   7.3195702070205823E-006   1.8176447023825644E-005   1.9500728256914286       0.49248059421982615       0.51379310000000000        1.0000000000000000        0.0000000000000000        45.693893058191449        731.10228893106319        16.000000000000000        0.0000000000000000     
   2           2         304   7.4375370016099707E-006  -5.0746481802471044E-006   2.0659633216945892E-005   2.0926481418569907       0.54467864620387296       0.51379310000000000        0.0000000000000000        0.0000000000000000        49.569342432766767        793.10947892426827        16.000000000000000        0.0000000000000000     
   2           2         305   1.4604227978628256E-005   9.0337712310417877E-006   2.0490738928510426E-005   2.0452254626091628       0.51101958668479119       0.51379310000000000        0.0000000000000000        0.0000000000000000        49.269016709176540        788.30426734682464        16.000000000000000        0.0000000000000000     
   2           2         306   1.3406892337714960E-005   6.6256749994295757E-006   2.0572859496985952E-005   2.0584250479355979       0.49875287714015115       0.51379310000000000        0.0000000000000000        0.0000000000000000        42.896101092164287        686.33761747462859        16.000000000000000        0.0000000000000000     
   2           2         307   1.3327315565077564E-005   7.2309189855104833E-006   1.9769606897111579E-005   2.0342936243218692       0.49171764884049046       0.51379310000000000        0.0000000000000000        0.0000000000000000        44.554753578625011        712.87605725800017        16.000000000000000        0.0000000000000000     
   2           2         308   1.1613023764330975E-005   5.2267097267136399E-006   1.8361681767663580E-005   2.1592909465176739       0.52426946543701425       0.51379310000000000        0.0000000000000000        0.0000000000000000        45.875739036417556        734.01182458268090        16.000000000000000        0.0000000000000000     
   2           2         309   1.2741270640239436E-005   6.8172173172873320E-006   1.9001440377371606E-005   1.9523962730898463       0.43272443029748620       0.51379310000000000        0.0000000000000000        0.0000000000000000        47.412058633392341        758.59293813427746        16.000000000000000        0.0000000000000000     
   2           2         310   1.2748792241701945E-005   6.6601612753301993E-006   1.9182877358486382E-005   2.0145584864476462       0.48251940363812035       0.51379310000000000        0.0000000000000000        0.0000000000000000        52.990188950238050        847.84302320380880        16.000000000000000        0.0000000000000000     
   2           2         311   1.2838778873299320E-005   6.9036337409273548E-006   1.9110669742209637E-005   2.0856923442022044       0.45941853931989607       0.51379310000000000        0.0000000000000000        0.0000000000000000        42.013720886120289        672.21953417792463        16.000000000000000        0.0000000000000000     
   2           2         312   1.1339224232902258E-005   5.5168586331948750E-006   1.7491936732059700E-005   1.9767185824500293       0.50532216697097576       0.51379310000000000        0.0000000000000000        0.0000000000000000        46.141039968585638        738.25663949737020        16.000000000000000        0.0000000000000000     
   2           2         313   1.0574711463462335E-005   4.8392329260944132E-006   1.6635607139146456E-005   2.0357450522010048       0.50572532907693013       0.51379310000000000        0.0000000000000000        0.0000000000000000        45.829591005050062        733.27345608080100        16.000000000000000        0.0000000000000000     
   2           2         314   1.1146259890866956E-005   5.3975760261405870E-006   1.7221110132148681E-005   2.0151942701189736       0.48290084524575139       0.51379310000000000        0.0000000000000000        0.0000000000000000        49.435107846000001        790.96172553600002        16.000000000000000        0.0000000000000000     
   2           2         315   1.0144510122391597E-008  -1.3807546560842941E-005   1.4611817851643091E-005   3.0379004418273707       0.41727742913475557       0.51379310000000000        0.0000000000000000        0.0000000000000000        51.570099665364950        825.12159464583920        16.000000000000000        6.2500000000000000E-002
   2           2         316   1.0405758652735757E-005   3.8657229259104132E-006   1.7316860141003773E-005   2.0574553721861211       0.53174004508917527       0.51379310000000000        0.0000000000000000        0.0000000000000000        43.863583820892330        701.81734113427729        16.000000000000000        0.0000000000000000     
   2           2         317   1.2684484433391307E-005   6.2627943895868586E-006   1.9470525591682727E-005   2.2076518831521241       0.51126805548293708       0.51379310000000000        0.0000000000000000        0.0000000000000000        43.724769377576500        699.59631004122400        16.000000000000000        0.0000000000000000     
   2           2         318   9.7164659911305380E-006   2.9957286939170514E-006   1.6818521618520821E-005   2.2407034810520474       0.49584329916327929       0.51379310000000000        0.0000000000000000        0.0000000000000000        47.094550526659532        753.51280842655251        16.000000000000000        0.0000000000000000     
   2           2         319   1.2848172163887807E-005   6.4486779949294147E-006   1.9610758107240328E-005   2.0838610096915731       0.52594738051440892       0.51379310000000000        0.0000000000000000        0.0000000000000000        45.526189089747078        728.41902543595324        16.000000000000000        0.0000000000000000     
   2           2         320   1.1439100891338265E-005   5.5949793710189045E-006   1.7614803689265689E-005   2.0271811215403091       0.52312835571404348       0.51379310000000000        0.0000000000000000        0.0000000000000000        50.203518769486621        803.25630031178594        16.000000000000000        0.0000000000000000     
   2           2         321   1.3955576846273011E-005   8.9034753021423633E-006   1.9294322375950613E-005   1.9042222823236863       0.49886089790316740       0.51379310000000000        0.0000000000000000        1.0000000000000000        42.240842808079066        675.85348492926505        16.000000000000000        0.0000000000000000     
   2           2         322   1.2451074758670334E-005   6.4926621280719448E-006   1.8747553267210741E-005   2.1287987633728034       0.51376818948041192       0.51379310000000000        0.0000000000000000        0.0000000000000000        45.138341506535582        722.21346410456931        16.000000000000000        0.0000000000000000     
   2           2         323   1.1367036001885348E-005   4.3666449215267635E-006   1.8764612289655428E-005   2.0722136177824910       0.56629616312243203       0.51379310000000000        0.0000000000000000        1.0000000000000000        42.225781106338502        675.61249770141603        16.000000000000000        0.0000000000000000     
   2           2         324   8.5495724408065679E-006  -1.6786558425458393E-006   1.9358125583945885E-005   2.0629989724251709       0.55539522753464665       0.51379310000000000        0.0000000000000000        0.0000000000000000        48.719835594332970        779.51736950932752        16.000000000000000        0.0000000000000000     
   2           2         325   1.2055071256089398E-005   6.4552890757471044E-006   1.7972571492639518E-005   1.9659617743360511       0.53487952016626350       0.51379310000000000        0.0000000000000000        0.0000000000000000        46.452283658175247        743.23653853080395        16.000000000000000        0.0000000000000000     
   2           2         326   1.1684579054419264E-005   5.1118390938999354E-006   1.8630240335263463E-005   2.0976762603234715       0.54266216966753722       0.51379310000000000        0.0000000000000000        0.0000000000000000        42.889478872552765        686.23166196084424        16.000000000000000        0.0000000000000000     
   2           2         327  -1.2937508934601691E-006  -1.8769758215441874E-005   1.7173802688325279E-005   4.9757090512750306       0.60527777940489691       0.51379310000000000        0.0000000000000000        0.0000000000000000        43.186869383498014        690.98991013596822        16.000000000000000       0.12500000000000000     
   2           2         328   1.3635967398595654E-005   8.0838081839722584E-006   1.9503142657882238E-005   2.0161587572185087       0.55705392395249542       0.51379310000000000        0.0000000000000000        0.0000000000000000        45.887041016204591        734.19265625927346        16.000000000000000        0.0000000000000000     
   2           2         329   1.2619041188781863E-005   7.2530460830116470E-006   1.8289489839301337E-005   2.0806073153950009       0.42912007540843206       0.51379310000000000        0.0000000000000000        0.0000000000000000        49.521694755852245        792.34711609363592        16.000000000000000        0.0000000000000000     
   2           2         330   1.4136444788689158E-005   8.6234771588526573E-006   1.9962204827745225E-005   2.0610085315684703       0.44296603675844881       0.51379310000000000        0.0000000000000000        0.0000000000000000        49.015347258392346        784.24555613427754        16.000000000000000        0.0000000000000000     
   2           2         331   1.3570414186061391E-005   7.1023921094222993E-006   2.0405416144332286E-005   2.1546288621950107       0.52587411051717214       0.51379310000000000        0.0000000000000000        0.0000000000000000        40.421849349731090        646.74958959569744        16.000000000000000        0.0000000000000000     
   2           2         332   1.2430900954157838E-005   7.1437207415870765E-006   1.8018062945638274E-005   1.8795106414870530       0.53389392607525954       0.51379310000000000        1.0000000000000000        0.0000000000000000        42.321662602395079        677.14660163832127        16.000000000000000        0.0000000000000000     
   2           2         333   1.3021902812608539E-005   7.4973045912368385E-006   1.8859953334749573E-005   2.0300151993295477       0.49234992114810611       0.51379310000000000        0.0000000000000000        1.0000000000000000        45.350772099256382        725.61235358810211        16.000000000000000        0.0000000000000000     
   2           2         334   1.2332110344261282E-005   6.2362766012559023E-006   1.8773806905752865E-005   2.1368837007487227       0.45203488268295294       0.51379310000000000        0.0000000000000000        0.0000000000000000        46.979685743773565        751.67497190037705        16.000000000000000        0.0000000000000000     
   2           2         335   8.7373615156444902E-006   1.5326972338756893E-006   1.6350800970718368E-005   3.0765317127271943       0.43965833468548904       0.51379310000000000        0.0000000000000000        0.0000000000000000        50.393348856530878        806.29358170449404        16.000000000000000        6.2500000000000000E-002
   2           2         336   6.9614793947867146E-006  -6.9489264079943737E-006   2.1661127877086590E-005   2.5069775630656221       0.51929140388085515       0.51379310000000000        0.0000000000000000        1.0000000000000000        40.686647523800218        650.98636038080349        16.000000000000000        6.2500000000000000E-002
   2           2         337   1.0441688209326992E-005   4.8446429877618718E-006   1.6356296198699761E-005   2.0578645650463558       0.48546071609629676       0.51379310000000000        0.0000000000000000        0.0000000000000000        42.513589307365422        680.21742891784675        16.000000000000000        0.0000000000000000     
   2           2         338   1.0165772396173048E-005   1.7471147488380043E-006   1.9062084255307532E-005   2.7864758665069496       0.54102956490794285       0.51379310000000000        0.0000000000000000        1.0000000000000000        43.712398955923987        699.39838329478380        16.000000000000000       0.12500000000000000     
   2           2         339   1.7597466927195253E-005   1.1742247292801434E-005   2.3784897519266672E-005   2.0267196439599919       0.56973283785162532       0.51379310000000000        0.0000000000000000        0.0000000000000000        47.550929307590032        760.81486892144051        16.000000000000000        0.0000000000000000     
   2           2         340   1.3424036239797347E-005   8.5472785867109642E-006   1.8577489291425835E-005   1.9462900546320272       0.47388511395905070       0.51379310000000000        0.0000000000000000        0.0000000000000000        51.736518478489714        827.78429565583542        16.000000000000000        0.0000000000000000     
   2           2         341   1.2898978823801035E-005   6.5059113994830267E-006   1.9654773384612968E-005   2.0200239502415287       0.53938740323670920       0.51379310000000000        0.0000000000000000        0.0000000000000000        44.177967451748557        706.84747922797692        16.000000000000000        0.0000000000000000     
   2           2         342   1.2338392583991572E-005   6.6509294253307474E-006   1.8348548604862857E-005   2.0839374030279805       0.51497955684790497       0.51379310000000000        0.0000000000000000        0.0000000000000000        42.843405690294873        685.49449104471796        16.000000000000000        0.0000000000000000     
   2           2         343   1.2324100850708995E-005   6.7205211008915854E-006   1.8245614121614783E-005   2.0824721345594623       0.50388448069750935       0.51379310000000000        0.0000000000000000        1.0000000000000000        45.932652280768757        734.92243649230011        16.000000000000000        0.0000000000000000     
   2           2         344  -7.4301611680275737E-006  -2.7603180266749651E-005   1.3887426095936300E-005   5.4260939555454639       0.34458642835204950       0.51379310000000000        0.0000000000000000        0.0000000000000000        44.859656369865426        717.75450191784682        16.000000000000000       0.12500000000000000     
   2           2         345   6.9340426456772270E-006  -3.9138078266672933E-006   1.8397373837649405E-005   1.9997225430798176       0.50288713614241110       0.51379310000000000        0.0000000000000000        0.0000000000000000        49.387337164420920        790.19739463073472        16.000000000000000        0.0000000000000000     
   2           2         346   1.1962189542887294E-005   5.7911997799745308E-006   1.8483306294531339E-005   2.1143772720399143       0.52732197696211125       0.51379310000000000        0.0000000000000000        0.0000000000000000        43.638179571639064        698.21087314622503        16.000000000000000        0.0000000000000000     
   2           2         347   5.4874111212882724E-007  -1.5645718317513198E-005   1.7662034883114597E-005   4.8699497070003783       0.56625995642807980       0.51379310000000000        0.0000000000000000        0.0000000000000000        45.042858681932856        720.68573891092569        16.000000000000000        6.2500000000000000E-002
   2           2         348   2.4878492720199067E-006  -1.2218164954062930E-005   1.8028247069465995E-005   2.3556375046196671       0.40131620582448602       0.51379310000000000        0.0000000000000000        0.0000000000000000        44.788265544497342        716.61224871195748        16.000000000000000        6.2500000000000000E-002
   2           2         349   1.4690823318798002E-005   8.7026342812600667E-006   2.1018767675372274E-005   1.9149157471004810       0.44517047317988023       0.51379310000000000        0.0000000000000000        0.0000000000000000        47.769475926077902        764.31161481724644        16.000000000000000        0.0000000000000000     
   2           2         350   1.5051389206665266E-005   8.8100044102361469E-006   2.1646895035254013E-005   2.1100469146240224       0.58972564899090574       0.51379310000000000        0.0000000000000000        0.0000000000000000        48.567705738906419        777.08329182250270        16.000000000000000        0.0000000000000000     
   2           2         351   2.3482963726380686E-006  -1.1304490148160029E-005   1.6775708879862878E-005   3.7052646672710936       0.42280561238475284       0.51379310000000000        0.0000000000000000        0.0000000000000000        43.244692633392333        691.91508213427733        16.000000000000000        6.2500000000000000E-002
   2           2         352  -9.8844807384220098E-007  -1.9837727392474283E-005   1.8930293626216193E-005   5.7271401433339753       0.66194505523888425       0.51379310000000000        0.0000000000000000        0.0000000000000000        48.339439302193831        773.43102883510130        16.000000000000000        6.2500000000000000E-002
   2           2         353   8.0203540827159347E-006  -3.6715351492797075E-006   2.0375612745979712E-005   2.6486947122130791       0.47576636420788132       0.51379310000000000        0.0000000000000000        1.0000000000000000        47.885246103557108        766.16393765691373        16.000000000000000        6.2500000000000000E-002
   2           2         354   1.2685435828453472E-005   5.6484823982363740E-006   2.0121648925114364E-005   2.0951544839027072       0.44790868101445847       0.51379310000000000        0.0000000000000000        0.0000000000000000        47.563491491196032        761.01586385913652        16.000000000000000        0.0000000000000000     
   2           2         355   8.0829731823939727E-006   6.7954204795778311E-007   1.5906457039160911E-005   2.1699851883891901       0.53172297072221564       0.51379310000000000        0.0000000000000000        0.0000000000000000        51.586639980786238        825.38623969257981        16.000000000000000        0.0000000000000000     
   2           2         356   1.4173071565986499E-005   8.6556583013629869E-006   2.0003529474362860E-005   2.0360492187379782       0.53127922364396363       0.51379310000000000        0.0000000000000000        1.0000000000000000        41.618245261531904        665.89192418451046        16.000000000000000        0.0000000000000000     
   2           2         357   7.2793221064106063E-006  -5.4577820323022227E-006   2.0739098634575797E-005   3.8662246757231928       0.60255241436631035       0.51379310000000000        0.0000000000000000        1.0000000000000000        44.877720057992562        718.04352092788099        16.000000000000000       0.12500000000000000     
   2           2         358  -7.0418310014872330E-006  -3.0967871909802303E-005   1.8241715424963402E-005   2.2742323064763985       0.57941582906174272       0.51379310000000000        0.0000000000000000        0.0000000000000000        49.177680945892348        786.84289513427757        16.000000000000000        6.2500000000000000E-002
   2           2         359  -1.6660057162414548E-005  -5.0161410641673595E-005   1.8742081841175344E-005   2.3618396336924414       0.62505444786919506       0.51379310000000000        0.0000000000000000        0.0000000000000000        49.459869977549978        791.35791964079965        16.000000000000000        6.2500000000000000E-002
   2           2         360   1.2129094152278693E-005   6.0574166850579007E-006   1.8545263869498086E-005   2.1782878600997497       0.52754251475562319       0.51379310000000000        0.0000000000000000        0.0000000000000000        49.486113447882644        791.77781516612231        16.000000000000000        0.0000000000000000     
   2           2         361   1.1964792349376136E-005   5.7622314460674827E-006   1.8519271511333249E-005   2.2407578221680589       0.38440707783197536       0.51379310000000000        0.0000000000000000        0.0000000000000000        43.515456399731157        696.24730239569851        16.000000000000000        0.0000000000000000     
   2           2         362   1.1293435991621773E-005   5.2640691314417557E-006   1.7664894500600335E-005   1.9971047358532066       0.54767202346753374       0.51379310000000000        0.0000000000000000        0.0000000000000000        43.531109561443714        696.49775298309942        16.000000000000000        0.0000000000000000     
   2           2         363   1.5453140303839479E-005   9.6437367634585059E-006   2.1592155307869829E-005   2.1367117322747391       0.40207665122737873       0.51379310000000000        0.0000000000000000        0.0000000000000000        46.862717611108344        749.80348177773351        16.000000000000000        0.0000000000000000     
   2           2         364   1.3290859819364206E-005   8.1369686994730851E-006   1.8737170218396758E-005   1.8909736876986722       0.50920342252300088       0.51379310000000000        0.0000000000000000        0.0000000000000000        49.879844734978633        798.07751575965813        16.000000000000000        0.0000000000000000     
   2           2         365   2.4191970693479954E-006  -1.1446436384367113E-005   1.7071532928111017E-005   2.1183191766858789       0.50512041987485401       0.51379310000000000        1.0000000000000000        0.0000000000000000        50.229282508392330        803.66852013427729        16.000000000000000        6.2500000000000000E-002
   2           2         366   1.2104159193746791E-005   5.5861222742565094E-006   1.8992013715719313E-005   2.1204590777276189       0.47190072505275865       0.51379310000000000        0.0000000000000000        0.0000000000000000        41.666541037794332        666.66465660470931        16.000000000000000        0.0000000000000000     
   2           2         367   1.1281610398610215E-005   3.8517848124925917E-006   1.9132986264215549E-005   2.2749547074190613       0.44463599463926640       0.51379310000000000        0.0000000000000000        1.0000000000000000        46.745002901080305        747.92004641728488        16.000000000000000        6.2500000000000000E-002
   2           2         368   1.1365448128603646E-005   5.3269747295729933E-006   1.7746529859355521E-005   3.3937517372967134       0.56156503875059505       0.51379310000000000        0.0000000000000000        0.0000000000000000        45.882310788509628        734.11697261615404        16.000000000000000        6.2500000000000000E-002
   2           2         369   1.2262098704300239E-005   5.8497795452059079E-006   1.9038237296616594E-005   2.0160332217857295       0.44989285383955935       0.51379310000000000        0.0000000000000000        0.0000000000000000        50.240399054913929        803.84638487862287        16.000000000000000        0.0000000000000000     
   2           2         370   1.3428646594970507E-005   8.0026492179805842E-006   1.9162501900017661E-005   1.8832458133136543       0.56000281078639813       0.51379310000000000        0.0000000000000000        0.0000000000000000        49.692845528878472        795.08552846205555        16.000000000000000        0.0000000000000000     
   2           2         371   1.1921352657542783E-005   6.3120281137411417E-006   1.7848936668106385E-005   2.1586767928053505       0.51940047684472801       0.51379310000000000        0.0000000000000000        0.0000000000000000        42.381842850458831        678.10948560734130        16.000000000000000        0.0000000000000000     
   2           2         372   3.7571780671217004E-006  -1.1518006174484854E-005   1.9899039206003194E-005   3.6300594933224475       0.44975542234354698       0.51379310000000000        0.0000000000000000        1.0000000000000000        44.310081508392337        708.96130413427738        16.000000000000000       0.12500000000000000     
   2           2         373   1.2226571672646371E-005   6.5231662272115169E-006   1.8253574506968517E-005   2.0074776137389505       0.49930620633650064       0.51379310000000000        0.0000000000000000        0.0000000000000000        49.138406449043131        786.21450318469010        16.000000000000000        0.0000000000000000     
   2           2         374   3.9864175202773225E-006  -6.4005265550426285E-006   1.4962691604386587E-005   2.6328237672126944       0.40749413038184545       0.51379310000000000        0.0000000000000000        0.0000000000000000        47.895316391187663        766.32506225900261        16.000000000000000        6.2500000000000000E-002
   2           2         375   1.1163445868884058E-005   4.4425686018101840E-006   1.8265649407684548E-005   2.2093169077675405       0.54798672330395137       0.51379310000000000        0.0000000000000000        0.0000000000000000        52.907588763067920        846.52142020908673        16.000000000000000        0.0000000000000000     
   2           2         376   1.2531321460025871E-005   6.3265754548693512E-006   1.9088109701207944E-005   2.0705277867152829       0.49793457629905957       0.51379310000000000        0.0000000000000000        0.0000000000000000        40.490977619088881        647.85564190542209        16.000000000000000        0.0000000000000000     
   2           2         377   1.3136556852060047E-005   6.5534320409085047E-006   2.0093192194767932E-005   2.2654729655455563       0.52502206127943052       0.51379310000000000        0.0000000000000000        0.0000000000000000        44.995637383838037        719.93019814140860        16.000000000000000        0.0000000000000000     
   2           2         378   1.0884223079744668E-005   5.0698727589861530E-006   1.7028465532470968E-005   2.0881060495767838       0.48182202085528586       0.51379310000000000        0.0000000000000000        0.0000000000000000        46.208227806558249        739.33164490493198        16.000000000000000        0.0000000000000000     
   2           2         379   1.2411823356240331E-005   5.9071657792067502E-006   1.9285539424322195E-005   2.2068222138760993       0.50781665773917661       0.51379310000000000        0.0000000000000000        0.0000000000000000        49.514881820892342        792.23810913427747        16.000000000000000        0.0000000000000000     
   2           2         380   1.2860848269198533E-005   6.8680728143985648E-006   1.9193639265224341E-005   2.0646093968508690       0.52874553241486899       0.51379310000000000        0.0000000000000000        0.0000000000000000        50.452144667267348        807.23431467627756        16.000000000000000        0.0000000000000000     
   2           2         381   1.7655916662078639E-006  -1.5310517872931957E-005   1.9810558235078868E-005   5.0186784053454314       0.59827899098649362       0.51379310000000000        0.0000000000000000        0.0000000000000000        44.432005875773058        710.91209401236893        16.000000000000000        6.2500000000000000E-002
   2           2         382   1.1572147718151671E-005   7.6503514566602272E-006   1.5716457185499575E-005   1.8712912891886790       0.44374964016982205       0.51379310000000000        0.0000000000000000        0.0000000000000000        42.463187278287016        679.41099645259226        16.000000000000000        0.0000000000000000     
   2           2         383   1.0417469069341483E-005   3.8585084026242118E-006   1.7348569252680710E-005   2.0175503759878448       0.56509383317471917       0.51379310000000000        0.0000000000000000        0.0000000000000000        47.620938431292274        761.93501490067638        16.000000000000000        0.0000000000000000     
   2           2         384   1.1854350451968052E-005   5.4590443299549152E-006   1.8612510728751090E-005   2.1222320286304357       0.52218232703558487       0.51379310000000000        0.0000000000000000        0.0000000000000000        47.355628359112686        757.69005374580297        16.000000000000000        0.0000000000000000     
   2           2         385   8.9461233876729279E-006   8.9461233876729279E-006   2.2276781519427594E-005   2.0100648458432038       0.47270424403615102        1.0000000000000000        1.0000000000000000        0.0000000000000000        42.391263152230835        678.26021043569335        16.000000000000000        0.0000000000000000     
   2           2         386   9.8028762756160862E-006   1.5710984205033596E-006   1.8501705236475895E-005   2.5384541182188860       0.45808445260331132       0.51379310000000000        0.0000000000000000        1.0000000000000000        43.600289463615418        697.60463141784669        16.000000000000000        6.2500000000000000E-002
   2           2         387   3.7317384604782017E-006  -7.6088855114379429E-006   1.5715801924951846E-005   2.7191974431432837       0.44434983105616976       0.51379310000000000        0.0000000000000000        0.0000000000000000        44.502551307024099        712.04082091238558        16.000000000000000        6.2500000000000000E-002
   2           2         388   1.3136873369994121E-005   6.6411113816389834E-006   2.0001189135275957E-005   2.1487380075834919       0.54245461021500518       0.51379310000000000        0.0000000000000000        0.0000000000000000        44.318352042683799        709.09363268294078        16.000000000000000        0.0000000000000000     
   2           2         389   1.1848965064781746E-005   3.3557575195322550E-006   2.0824056602185418E-005   2.0368597556776988       0.50810620923242045       0.51379310000000000        1.0000000000000000        0.0000000000000000        47.659969941168868        762.55951905870188        16.000000000000000        0.0000000000000000     
   2           2         390   1.2044118678981099E-005   5.4141030098619320E-006   1.9050305353183445E-005   2.2914375111458463       0.52747304118440774       0.51379310000000000        0.0000000000000000        0.0000000000000000        51.071358439409032        817.14173503054451        16.000000000000000        0.0000000000000000     
   2           2         391   1.3005223739764834E-005   6.5486935287998014E-006   1.9828081811780990E-005   2.1523961657136259       0.44738582131402527       0.51379310000000000        0.0000000000000000        0.0000000000000000        43.002239762163512        688.03583619461619        16.000000000000000        0.0000000000000000     
   2           2         392   8.2354998315777765E-007  -1.4882065281120408E-005   1.7420263756740396E-005   2.3378034993078867       0.54590348555072155       0.51379310000000000        0.0000000000000000        1.0000000000000000        40.717182979646012        651.47492767433619        16.000000000000000       0.12500000000000000     
   2           2         393  -5.9190293590836122E-006  -2.9825580923552833E-005   1.9343921945431935E-005   2.3560956139680456       0.63042604015771253       0.51379310000000000        0.0000000000000000        0.0000000000000000        46.507249303169267        744.11598885070828        16.000000000000000        6.2500000000000000E-002
   2           2         394   1.3126908208878633E-005   6.8256819102218248E-006   1.9785650801360198E-005   2.0346363484214405       0.50045912254204072       0.51379310000000000        0.0000000000000000        0.0000000000000000        47.950611073115049        767.20977716984078        16.000000000000000        0.0000000000000000     
   2           2         395   1.3831727556139296E-005   7.6677154737128273E-006   2.0345470730635155E-005   2.1452562545521032       0.52042440755148445       0.51379310000000000        1.0000000000000000        0.0000000000000000        46.581707408530605        745.30731853648967        16.000000000000000        0.0000000000000000     
   2           2         396   1.2828338218547803E-005   6.2542637113903600E-006   1.9775409764968440E-005   2.1542350245686070       0.50459778528302357       0.51379310000000000        0.0000000000000000        0.0000000000000000        43.421301583771097        694.74082534033755        16.000000000000000        0.0000000000000000     
   2           2         397   1.3565692821166929E-005   7.1156761814727962E-006   2.0381667757680351E-005   2.1121479864428077       0.47399680163096286       0.51379310000000000        0.0000000000000000        0.0000000000000000        46.007187882338883        736.11500611742213        16.000000000000000        0.0000000000000000     
   2           2         398   1.3715113984838502E-005   8.1117194317456995E-006   1.9636431551407195E-005   2.0747842745579277       0.46908010735768690       0.51379310000000000        0.0000000000000000        1.0000000000000000        48.286968995367303        772.59150392587685        16.000000000000000        0.0000000000000000     
   2           2         399   1.1874182455553748E-005   6.1501573870642353E-006   1.7922974820320337E-005   1.9988275529134181       0.52447275361577317       0.51379310000000000        0.0000000000000000        0.0000000000000000        46.783794483670476        748.54071173872762        16.000000000000000        0.0000000000000000     
   2           2         400   2.9395413871774245E-006  -8.9916354023747493E-006   1.5547664203517604E-005   2.7242277949650826       0.47206110815730945       0.51379310000000000        0.0000000000000000        0.0000000000000000        49.809490883392336        796.95185413427737        16.000000000000000        6.2500000000000000E-002
   2           2         401   1.0442366438751776E-005   3.8439744525324407E-006   1.7415135179003840E-005   2.0129994720688513       0.51677763863467174       0.51379310000000000        0.0000000000000000        0.0000000000000000        40.424783602620693        646.79653764193108        16.000000000000000        0.0000000000000000     
   2           2         402   1.3910966239021366E-005   8.2988702720139422E-006   1.9841478916620258E-005   2.0488117183455112       0.49312730153607498       0.51379310000000000        0.0000000000000000        0.0000000000000000        45.363402292792202        725.81443668467523        16.000000000000000        0.0000000000000000     
   2           2         403   1.2679589348290928E-005   6.5654227337540245E-006   1.9140658943970369E-005   1.9956950219447176       0.54880349102401371       0.51379310000000000        0.0000000000000000        0.0000000000000000        49.419209258186740        790.70734813098784        16.000000000000000        0.0000000000000000     
   2           2         404   9.2538493078686988E-006  -5.7079705369768766E-008   1.9093057845616096E-005   2.0239196324124187       0.41500978446288433       0.51379310000000000        0.0000000000000000        1.0000000000000000        50.856861106429093        813.70977770286549        16.000000000000000        0.0000000000000000     
   2           2         405   1.4553841032477308E-005   9.0618241740333079E-006   2.0357461604197190E-005   1.9630358704496069       0.45751629093467439       0.51379310000000000        0.0000000000000000        0.0000000000000000        49.516176054985742        792.25881687977187        16.000000000000000        0.0000000000000000     
   2           2         406   6.7200770183871132E-006  -4.6507533033745132E-006   1.8736060667717803E-005   2.1407838781945028       0.59357830210800488       0.51379310000000000        0.0000000000000000        0.0000000000000000        42.289859559968747        676.63775295949995        16.000000000000000        0.0000000000000000     
   2           2         407   1.0969105888706086E-005   4.4164297258258545E-006   1.7893565000705712E-005   2.0566219167158337       0.56273842362979820       0.51379310000000000        0.0000000000000000        0.0000000000000000        42.928527977142330        686.85644763427729        16.000000000000000        0.0000000000000000     
   2           2         408   1.3104310164422980E-005   7.2087555765573783E-006   1.9334364217376055E-005   1.9849062313815278       0.50032707649775554       0.51379310000000000        0.0000000000000000        1.0000000000000000        47.250133919279975        756.00214270847960        16.000000000000000        0.0000000000000000     
   2           2         409   1.0128515479808468E-005   3.0442261404633592E-006   1.7614750210247333E-005   2.2718289592693579       0.48573417038165739       0.51379310000000000        0.0000000000000000        0.0000000000000000        53.341728329494650        853.46765327191440        16.000000000000000        0.0000000000000000     
   2           2         410   1.3210508821566866E-005   6.9497110134634979E-006   1.9826529109016755E-005   2.0637604380241985       0.50826452275438960       0.51379310000000000        0.0000000000000000        0.0000000000000000        52.743146990435314        843.89035184696502        16.000000000000000        0.0000000000000000     
   2           2         411   3.0940186658114281E-006  -1.0338871577925182E-005   1.7289058514667822E-005   3.7711162769913664       0.40173832998392994       0.51379310000000000        0.0000000000000000        0.0000000000000000        41.980349045764648        671.68558473223436        16.000000000000000        6.2500000000000000E-002
