  economy_id district_id avg_expect_cont avg_C1 avg_C2 avg_expect_exp avg_expect_MA lambda urban suburban budg_per_teach budget capacity share_tenured
           1           1   1.1384687593868122E-005   1.8431231445393659E-006   2.1467617262843347E-005   2.1903889788710580       0.52247536481912293       0.51379310000000000        0.0000000000000000        0.0000000000000000        43.883902890251605        746.02634913427732        17.000000000000000        0.0000000000000000     
           1           2   1.2038906234600729E-005   2.9781623802474158E-006   2.1613734714480296E-005   2.0724806807554867       0.52343036042572999       0.51379310000000000        0.0000000000000000        0.0000000000000000        42.941297364806879        730.00205520171698        17.000000000000000        0.0000000000000000     
           1           3   9.8587131585922741E-006  -8.5708026024075523E-007   2.1182494700198542E-005   2.4965039244343417       0.51552612839376621       0.51379310000000000        0.0000000000000000        0.0000000000000000        47.772430459879118        812.13131781794505        17.000000000000000        0.0000000000000000     
           1           4   1.1333429345509772E-005   1.7475344043129061E-006   2.1463204710918933E-005   2.2018247105583484       0.52162010693263772       0.51379310000000000        0.0000000000000000        0.0000000000000000        51.748974732531217        879.73257045303069        17.000000000000000        0.0000000000000000     
           1           5   1.1400639114074893E-005   1.8745453061868815E-006   2.1467220374944289E-005   2.1858883087181060       0.52286227774962046       0.51379310000000000        0.0000000000000000        0.0000000000000000        52.475607012480815        892.08531921217389        17.000000000000000        0.0000000000000000     
           1           6   1.1384955096713721E-005   1.8438717329184111E-006   2.1467376384529046E-005   2.1903310830750145       0.52247779004250716       0.51379310000000000        0.0000000000000000        0.0000000000000000        42.327725410975276        719.57133198657971        17.000000000000000        0.0000000000000000     
           1           7   1.1347424323635578E-005   1.7655158376718587E-006   2.1472987052012445E-005   2.2030908896079477       0.52131682649744626       0.51379310000000000        0.0000000000000000        0.0000000000000000        45.324361878822280        770.51415193997877        17.000000000000000        0.0000000000000000     
           1           8   1.1358313442576228E-005   2.1749782183439046E-006   2.1062688829264013E-005   1.9569321414703806       0.51629530373721810       0.51379310000000000        0.0000000000000000        1.0000000000000000        49.871761176470592        847.81994000000009        17.000000000000000        0.0000000000000000     
           1           9   1.2096998324394507E-005   3.1030656814081618E-006   2.1601224886853939E-005   2.0530640277263346       0.52532887662811822       0.51379310000000000        0.0000000000000000        0.0000000000000000        49.389637293614889        839.62383399145313        17.000000000000000        0.0000000000000000     
           1          10   1.2044813283662412E-005   2.9906150447005354E-006   2.1612724765812828E-005   2.0702903005277822       0.52367156598428632       0.51379310000000000        0.0000000000000000        0.0000000000000000        52.516801875772813        892.78563188813780        17.000000000000000        0.0000000000000000     
           1          11   1.2069766735136171E-005   3.0429694940890998E-006   2.1608722553223424E-005   2.0623869608753855       0.52444966587383290       0.51379310000000000        0.0000000000000000        0.0000000000000000        43.208452583044426        734.54369391175521        17.000000000000000        0.0000000000000000     
           1          12   9.8738486519808529E-006  -8.2691140396930252E-007   2.1181743874164692E-005   2.4874563222620867       0.51623438109494113       0.51379310000000000        1.0000000000000000        0.0000000000000000        44.174017838244168        750.95830325015083        17.000000000000000        0.0000000000000000     
           1          13   1.1765759159715053E-005   2.5121019649775544E-006   2.1544446414917279E-005   2.1187611923374776       0.52378911063857103       0.51379310000000000        0.0000000000000000        0.0000000000000000        49.618806129087034        843.51970419447957        17.000000000000000        0.0000000000000000     
           1          14   1.0914692152938779E-005   1.0011434632669046E-006   2.1390711545644562E-005   2.2888329402586947       0.51955958510196687       0.51379310000000000        0.0000000000000000        0.0000000000000000        48.490962772282650        824.34636712880501        17.000000000000000        0.0000000000000000     
           1          15   1.1416937152522589E-005   1.9067861932415347E-006   2.1466671006231685E-005   2.1809893411351573       0.52328642348826415       0.51379310000000000        0.0000000000000000        0.0000000000000000        53.247338007898662        905.20474613427723        17.000000000000000        0.0000000000000000     
           1          16   1.1691755135210874E-005   2.3716971023686808E-006   2.1540610650988102E-005   2.1360057374083063       0.52235592500700578       0.51379310000000000        0.0000000000000000        0.0000000000000000        42.489037895903209        722.31364423035450        17.000000000000000        0.0000000000000000     
           1          17   1.1381711302138473E-005   1.8381138096500381E-006   2.1466789364209875E-005   2.1908441343044376       0.52244500635426805       0.51379310000000000        0.0000000000000000        0.0000000000000000        44.887901917360878        763.09433259513492        17.000000000000000        0.0000000000000000     
           1          18   1.1734084494049057E-005   2.4541935464435033E-006   2.1540493941615833E-005   2.1255765636257835       0.52321231414745772       0.51379310000000000        0.0000000000000000        0.0000000000000000        46.142960637054131        784.43033082992019        17.000000000000000        0.0000000000000000     
           1          19   1.1395558360429355E-005   1.8627879806025053E-006   2.1469195005732513E-005   2.1880687228352143       0.52265969903593856       0.51379310000000000        0.0000000000000000        0.0000000000000000        50.449769453451218        857.64608070867075        17.000000000000000        0.0000000000000000     
           1          20   1.1412640981565855E-005   1.8974275977751174E-006   2.1467724489470616E-005   2.1827071770333193       0.52312895249269109       0.51379310000000000        0.0000000000000000        0.0000000000000000        50.479160247253191        858.14572420330421        17.000000000000000        0.0000000000000000     
           1          21   1.1782605352248854E-005   2.5491142553255597E-006   2.1539982334168678E-005   2.1125480327671600       0.52436658545360115       0.51379310000000000        0.0000000000000000        0.0000000000000000        43.836728670984265        745.22438740673249        17.000000000000000        0.0000000000000000     
           1          22   1.1743015587947377E-005   2.4714221567558372E-006   2.1540656738148066E-005   2.1234228918976701       0.52340067188508999       0.51379310000000000        0.0000000000000000        0.0000000000000000        43.333355154957488        736.66703763427734        17.000000000000000        0.0000000000000000     
           1          23   1.1320127165497403E-005   1.7132092416670045E-006   2.1472118306574285E-005   2.2112800656075891       0.52055762942675154       0.51379310000000000        0.0000000000000000        0.0000000000000000        47.888027061147270        814.09646003950354        17.000000000000000        0.0000000000000000     
           1          24   1.1324677938142144E-005   1.7229474492141972E-006   2.1471187321844148E-005   2.2095898081123648       0.52076655290421470       0.51379310000000000        0.0000000000000000        0.0000000000000000        48.817788415494995        829.90240306341491        17.000000000000000        0.0000000000000000     
           1          25   1.2093106041710268E-005   3.0951629022742531E-006   2.1601570646458572E-005   2.0541533593683639       0.52522909259223283       0.51379310000000000        0.0000000000000000        0.0000000000000000        52.012259024260807        832.19614438817291        16.000000000000000        0.0000000000000000     
           1          26   1.1421168166306065E-005   1.9150167135850722E-006   2.1466675591154889E-005   2.1798151625318742       0.52338540855033067       0.51379310000000000        0.0000000000000000        0.0000000000000000        42.913194280776004        686.61110849241607        16.000000000000000        0.0000000000000000     
           1          27   1.0765372488621310E-005   5.8331929534432376E-007   2.1525130679092738E-005   2.3963278406463884       0.50292241233097235       0.51379310000000000        0.0000000000000000        0.0000000000000000        46.399906400918972        742.39850241470356        16.000000000000000        0.0000000000000000     
           1          28   1.1676406787336327E-005   2.3296321950130016E-006   2.1553494695366568E-005   2.1471001749423206       0.52116645747095935       0.51379310000000000        0.0000000000000000        0.0000000000000000        44.222868203358040        707.56589125372864        16.000000000000000        0.0000000000000000     
           1          29   1.0466913264647120E-005   2.1936876558028139E-007   2.1295878578721296E-005   2.3713517122547119       0.51882443207636086       0.51379310000000000        0.0000000000000000        0.0000000000000000        49.643518633392347        794.29629813427755        16.000000000000000        0.0000000000000000     
           1          30   7.2130111947893966E-006  -2.3800321943948958E-006   1.6806054583973478E-005   2.0083446732737813       0.61530305900443649       0.50000000000000000        0.0000000000000000        1.0000000000000000        51.131026233642338        818.09641973827740        16.000000000000000        0.0000000000000000     
           1          31  -9.7385946787634475E-006  -3.1937484208386605E-005   1.2460294850859710E-005   11.500044946777393       0.50004494677739453       0.50000000000000000        0.0000000000000000        1.0000000000000000        51.997681870968748        831.96290993549997        16.000000000000000        3.6250000000000000     
           1          32   1.1353788315082169E-005   1.7824090098185596E-006   2.1468224462588882E-005   2.1997083613949662       0.52170331281260851       0.51379310000000000        0.0000000000000000        0.0000000000000000        44.310814403203381        708.97303045125409        16.000000000000000        0.0000000000000000     
           1          33   1.1670773818840773E-005   2.3256883746240435E-006   2.1546076740598881E-005   2.1447565859509803       0.52139796062604538       0.51379310000000000        0.0000000000000000        0.0000000000000000        45.499596312922591        727.99354100676146        16.000000000000000        0.0000000000000000     
           1          34   1.1431878057975576E-005   1.9229167601552070E-006   2.1480354751718816E-005   2.1823634081424217       0.52306278691332220       0.51379310000000000        0.0000000000000000        0.0000000000000000        44.288250366735774        708.61200586777238        16.000000000000000        0.0000000000000000     
           1          35   1.1315514432172097E-005   1.7037480148804012E-006   2.1472629158466960E-005   2.2129763344990825       0.52042339776235369       0.51379310000000000        0.0000000000000000        0.0000000000000000        48.959641622735525        783.35426596376840        16.000000000000000        0.0000000000000000     
           1          36   1.1386119305193431E-005   1.8411246400706989E-006   2.1472673812084972E-005   2.1921970240477053       0.52227395428076484       0.51379310000000000        0.0000000000000000        0.0000000000000000        41.388270026115414        662.21232041784663        16.000000000000000        0.0000000000000000     
           1          37   1.1753143506573765E-005   2.4913271464273486E-006   2.1540452858436972E-005   2.1205909904001041       0.52365525330213003       0.51379310000000000        0.0000000000000000        0.0000000000000000        43.952758005855031        703.24412809368050        16.000000000000000        0.0000000000000000     
           1          38   1.0907703200892153E-005   9.9124743930141049E-007   2.1386794605725807E-005   2.2892258207157439       0.51953755966874782       0.51379310000000000        0.0000000000000000        0.0000000000000000        47.594357565383241        761.50972104613186        16.000000000000000        0.0000000000000000     
           1          39   1.1404576248348902E-005   1.8817836747378216E-006   2.1467668970917621E-005   2.1849083211281113       0.52294270291345324       0.51379310000000000        0.0000000000000000        0.0000000000000000        47.113643728352606        753.81829965364170        16.000000000000000        0.0000000000000000     
           1          40   1.0923958812603568E-005   1.0269502197276007E-006   2.1382499663547215E-005   2.2808510983239381       0.52030455309026269       0.51379310000000000        0.0000000000000000        0.0000000000000000        48.648627272937325        778.37803636699721        16.000000000000000        0.0000000000000000     
           1          41   1.2055127860099735E-005   3.0152462192974437E-006   2.1607910455042516E-005   2.0662126690394365       0.52408714970276216       0.51379310000000000        0.0000000000000000        0.0000000000000000        41.714034885353264        667.42455816565223        16.000000000000000        0.0000000000000000     
           1          42   1.1426079787592163E-005   1.9120975472836497E-006   2.1479862299919842E-005   2.1836604488380909       0.52296496126546321       0.51379310000000000        0.0000000000000000        0.0000000000000000        43.947188883248053        703.15502213196885        16.000000000000000        0.0000000000000000     
           1          43   1.1730742726467105E-005   2.4454247016288267E-006   2.1542887170462929E-005   2.1271045493577234       0.52308193808244208       0.51379310000000000        0.0000000000000000        0.0000000000000000        46.412829695892341        742.60527513427746        16.000000000000000        0.0000000000000000     
           1          44   1.1003191789269905E-005   1.1738175674339170E-006   2.1390260859036314E-005   2.2614954345435896       0.52182829947486165       0.51379310000000000        0.0000000000000000        0.0000000000000000        48.052650799648305        768.84241279437288        16.000000000000000        0.0000000000000000     
           1          45   1.1027649841563239E-005   1.1847601028997190E-006   2.1429001265794372E-005   2.2763877767103406       0.51749223775421727       0.51379310000000000        0.0000000000000000        0.0000000000000000        46.672434840436168        746.75895744697868        16.000000000000000        0.0000000000000000     
           1          46   1.0382318727321884E-005   6.8433139490487427E-008   2.1281389162597962E-005   2.3885715997432628       0.51755403247426979       0.51379310000000000        0.0000000000000000        0.0000000000000000        40.354242161729104        645.66787458766566        16.000000000000000        0.0000000000000000     
           1          47  -1.2435613328735795E-005  -3.7367033333330247E-005   1.2495806675858683E-005   14.000000000032724       0.33345977011050332       0.50000000000000000        0.0000000000000000        1.0000000000000000        48.809835912946177        780.95737460713883        16.000000000000000        5.2500000000000000     
           1          48   1.1291939810095646E-005   1.6594589154149435E-006   2.1470944302974146E-005   2.2189548613284691       0.52005037163041845       0.51379310000000000        0.0000000000000000        0.0000000000000000        45.275486767274124        724.40778827638599        16.000000000000000        0.0000000000000000     
           1          49  -2.1665827394777143E-005  -6.3059982170752437E-005   1.9728327381198158E-005   21.500052438963351       0.50005243896334994       0.50000000000000000        0.0000000000000000        1.0000000000000000        56.089293241294250        897.42869186070800        16.000000000000000        3.6250000000000000     
           1          50   6.0571120357530933E-006  -8.1829229979240921E-006   2.0297147069430109E-005   3.1726652013965206       0.47239597763069585       0.50000000000000000        0.0000000000000000        1.0000000000000000        58.719506695892335        939.51210713427736        16.000000000000000        0.0000000000000000     
           1          51   1.2094889696757723E-005   3.0952438771479934E-006   2.1605153587622605E-005   2.0549639145707732       0.52513273641081137       0.51379310000000000        0.0000000000000000        0.0000000000000000        40.873868189593018        653.98189103348830        16.000000000000000        0.0000000000000000     
           1          52   1.1030147899315144E-005   1.1794416489684371E-006   2.1439759325139813E-005   2.2819546048375958       0.51661546679541426       0.51379310000000000        0.0000000000000000        0.0000000000000000        43.997929177294040        703.96686683670464        16.000000000000000        0.0000000000000000     
           1          53   1.1408176998818998E-005   1.8897818588787170E-006   2.1466622787997918E-005   2.1833937617590009       0.52308421574142694       0.51379310000000000        0.0000000000000000        0.0000000000000000        43.151021535090202        690.41634456144322        16.000000000000000        0.0000000000000000     
           1          54   1.0526246096819510E-005   3.3009441399487210E-007   2.1300902690933486E-005   2.3543405739485546       0.52014702046052941       0.51379310000000000        0.0000000000000000        0.0000000000000000        48.737199550417067        779.79519280667307        16.000000000000000        0.0000000000000000     
           1          55   1.1273706392471820E-005   1.6173182413618228E-006   2.1477974581512285E-005   2.2276054376639993       0.51893514302394828       0.51379310000000000        0.0000000000000000        0.0000000000000000        53.138445484761874        850.21512775618999        16.000000000000000        0.0000000000000000     
           1          56   1.0785441097897419E-005   6.2459367633446044E-007   2.1522790352611250E-005   2.3909735630752769       0.50392249425736557       0.51379310000000000        0.0000000000000000        0.0000000000000000        42.425461180526348        678.80737888842157        16.000000000000000        0.0000000000000000     
           1          57   1.1433206089827030E-005   1.9238396903232548E-006   2.1482110869740209E-005   2.1827180815607790       0.52301854952496574       0.51379310000000000        0.0000000000000000        0.0000000000000000        42.869240303169249        685.90784485070799        16.000000000000000        0.0000000000000000     
           1          58   9.6895475724993432E-006  -1.1617154264653445E-006   2.1156484909573716E-005   2.5349784156163477       0.51242519824436417       0.51379310000000000        0.0000000000000000        0.0000000000000000        45.838239445346218        733.41183112553949        16.000000000000000        0.0000000000000000     
           1          59   1.1738246652593901E-005   2.4609412588416233E-006   2.1541923848254478E-005   2.1252197562808983       0.52322962128004302       0.51379310000000000        0.0000000000000000        0.0000000000000000        46.689569207917671        747.03310732668274        16.000000000000000        0.0000000000000000     
           1          60   1.1371896242407325E-005   1.8180146920281521E-006   2.1467841854866122E-005   2.1943644534357674       0.52215116233406311       0.51379310000000000        0.0000000000000000        0.0000000000000000        50.772957210008258        812.36731536013212        16.000000000000000        0.0000000000000000     
           1          61  -1.4097552243100718E-005  -3.4109838967640797E-005   5.9147344814394131E-006   10.690043815467105       0.33271999956588477       0.50000000000000000        0.0000000000000000        1.0000000000000000        48.727964866406253        779.64743786250006        16.000000000000000        5.4375000000000000     
           1          62   1.1802624411829914E-005   2.5310963514892388E-006   2.1600196482196283E-005   2.1207582210840661       0.51951771162663019       0.51379310000000000        0.0000000000000000        0.0000000000000000        45.433180326736164        726.93088522777862        16.000000000000000        0.0000000000000000     
           1          63   1.1006282135937410E-005   1.1771095690918012E-006   2.1393138109298666E-005   2.2616847532090860       0.52179451315389491       0.51379310000000000        0.0000000000000000        0.0000000000000000        45.639091842193906        730.22546947510250        16.000000000000000        0.0000000000000000     
           1          64   1.1410285471137988E-005   1.8916692262484481E-006   2.1468964910224799E-005   2.1838269991311940       0.52302508669552294       0.51379310000000000        0.0000000000000000        0.0000000000000000        49.569740383392343        793.11584613427749        16.000000000000000        0.0000000000000000     
           1          65   1.1632095113633910E-005   2.2558709402102593E-006   2.1540303500553262E-005   2.1514218169098829       0.52096761781959877       0.51379310000000000        0.0000000000000000        0.0000000000000000        49.269573122545324        788.31316996072519        16.000000000000000        0.0000000000000000     
           1          66   1.1400327507109620E-005   1.8741069137575695E-006   2.1467042746943487E-005   2.1858497708953912       0.52286695904592584       0.51379310000000000        0.0000000000000000        1.0000000000000000        42.896770073441246        686.34832117505994        16.000000000000000        0.0000000000000000     
           1          67   1.1413175591797483E-005   1.8991725740824724E-006   2.1466980060391526E-005   2.1822399780352044       0.52317440328165499       0.51379310000000000        0.0000000000000000        0.0000000000000000        47.077717806094014        753.24348489750423        16.000000000000000        0.0000000000000000     
           1          68   1.1412891284754461E-005   1.8986008384114825E-006   2.1466999489979138E-005   2.1823324015473546       0.52316633798356749       0.51379310000000000        0.0000000000000000        0.0000000000000000        46.754249300667752        748.06798881068403        16.000000000000000        0.0000000000000000     
           1          69   1.1238184490921406E-005   1.5517382234659649E-006   2.1474216220909708E-005   2.2371248249291340       0.51869973534761649       0.51379310000000000        0.0000000000000000        0.0000000000000000        47.617747287633463        761.88395660213541        16.000000000000000        0.0000000000000000     
           1          70   1.1337453135864101E-005   1.7528751361553757E-006   2.1465836839719525E-005   2.2024947688592595       0.52146259562662045       0.51379310000000000        0.0000000000000000        0.0000000000000000        51.584962441721842        825.35939906754948        16.000000000000000        0.0000000000000000     
           1          71   1.1767993229697194E-005   2.5165776876138869E-006   2.1544311646312325E-005   2.1181175198862325       0.52384742450263400       0.51379310000000000        0.0000000000000000        0.0000000000000000        41.619652070892329        665.91443313427726        16.000000000000000        0.0000000000000000     
           1          72   1.1393493426048868E-005   1.8544749119429505E-006   2.1473732709612956E-005   2.1904143338646946       0.52242538886362277       0.51379310000000000        0.0000000000000000        0.0000000000000000        44.880566504978589        718.08906407965742        16.000000000000000        0.0000000000000000     
           1          73   1.1361994261821231E-005   1.8016651219322837E-006   2.1464753284376800E-005   2.1950282709245861       0.52214335006839663       0.51379310000000000        0.0000000000000000        0.0000000000000000        46.522307926337135        744.35692682139415        16.000000000000000        0.0000000000000000     
           1          74   1.1405878665101546E-005   1.8849308928505623E-006   2.1467021916755862E-005   2.1842955724355213       0.52299958541346281       0.51379310000000000        0.0000000000000000        0.0000000000000000        47.812172312273638        764.99475699637821        16.000000000000000        0.0000000000000000     
           1          75   1.1254133307182773E-005   1.5709484972740174E-006   2.1486718532435093E-005   2.2385790338966070       0.51774461795479421       0.51379310000000000        0.0000000000000000        0.0000000000000000        49.326172472819160        789.21875956510655        16.000000000000000        0.0000000000000000     
           1          76   1.1405144133216067E-005   1.8803674596978976E-006   2.1470333528706768E-005   2.1858089274933503       0.52284588562366541       0.51379310000000000        0.0000000000000000        0.0000000000000000        44.662355489349537        714.59768782959259        16.000000000000000        0.0000000000000000     
           1          77   1.0512994534121822E-005   3.0869375583603217E-007   2.1296262583604333E-005   2.3559790862640231       0.52007105947630961       0.51379310000000000        0.0000000000000000        0.0000000000000000        43.945764880745365        703.13223809192584        16.000000000000000        0.0000000000000000     
           1          78   1.0955731515263449E-005   1.0875777550292316E-006   2.1383780380360621E-005   2.2720876348549557       0.52103818667837154       0.51379310000000000        0.0000000000000000        0.0000000000000000        48.191652195892345        771.06643513427753        16.000000000000000        0.0000000000000000     
           1          79   1.1357720649817652E-005   1.7900937408716087E-006   2.1468191499143174E-005   2.1985722603761380       0.52179567010159467       0.51379310000000000        0.0000000000000000        0.0000000000000000        47.762424224613369        764.19878759381390        16.000000000000000        0.0000000000000000     
           1          80   9.4965648611134941E-006  -2.5370283202262131E-006   2.1530158042452943E-005   2.6284018227773496       0.51382304710126092       0.50000000000000000        0.0000000000000000        1.0000000000000000        50.977797840030341        815.64476544048546        16.000000000000000        0.0000000000000000     
           1          81   1.1417632083090444E-005   1.9059744308268859E-006   2.1468958115886873E-005   2.1817794156115879       0.52319853296362240       0.51379310000000000        0.0000000000000000        0.0000000000000000        43.503531563260488        696.05650501216780        16.000000000000000        0.0000000000000000     
           1          82   1.1339015322522007E-005   1.7527283299302428E-006   2.1469204983370576E-005   2.2044407089577018       0.52127647442159397       0.51379310000000000        0.0000000000000000        0.0000000000000000        45.900705023195549        734.41128037112878        16.000000000000000        0.0000000000000000     
           1          83   1.1250828050982699E-005   1.5646957158244464E-006   2.1486528036917075E-005   2.2396188358304845       0.51773750343539171       0.51379310000000000        0.0000000000000000        0.0000000000000000        45.551607978226244        728.82572765161990        16.000000000000000        0.0000000000000000     
           1          84   1.1282120667764000E-005   1.6320784139069315E-006   2.1479682908736466E-005   2.2264006892701649       0.51905750437337128       0.51379310000000000        0.0000000000000000        0.0000000000000000        48.997494915159464        783.95991864255143        16.000000000000000        0.0000000000000000     
           1          85   1.1587365788595449E-005   8.7280504526146056E-007   2.2301926531929056E-005   2.5063428310588467       0.48290488863368303       0.50000000000000000        0.0000000000000000        1.0000000000000000        47.063028722007751        753.00845955212401        16.000000000000000        0.0000000000000000     
           1          86   1.1185987800688338E-005   1.4547437876224277E-006   2.1469358991696606E-005   2.2498820523042498       0.51773787560793916       0.51379310000000000        0.0000000000000000        0.0000000000000000        42.384494314038243        678.15190902461188        16.000000000000000        0.0000000000000000     
           1          87   1.0908124940639872E-005   9.8664828112285612E-007   2.1392522116967389E-005   2.2890671383967534       0.51958662576173520       0.51379310000000000        0.0000000000000000        0.0000000000000000        44.189107817048360        707.02572507277375        16.000000000000000        0.0000000000000000     
           1          88   1.2011236294842622E-005   2.9288685684243359E-006   2.1608915532830212E-005   2.0765429853614892       0.52321357025598603       0.51379310000000000        0.0000000000000000        1.0000000000000000        47.135759328240646        754.17214925185033        16.000000000000000        0.0000000000000000     
           1          89   1.1379017398618276E-005   1.8311820715699310E-006   2.1468573739702525E-005   2.1926267075042909       0.52227542468563115       0.51379310000000000        0.0000000000000000        0.0000000000000000        48.488482817250656        775.81572507601049        16.000000000000000        0.0000000000000000     
           1          90   9.9143117368630828E-006  -7.5363449041434632E-007   2.1187531353339318E-005   2.4792352699131857       0.51684357458547869       0.51379310000000000        0.0000000000000000        0.0000000000000000        50.610192770790910        809.76308433265456        16.000000000000000        0.0000000000000000     
           1          91   1.0927029299768114E-005   1.0065265709977051E-006   2.1410397286881226E-005   2.2962841531965243       0.51679592109889161       0.51379310000000000        0.0000000000000000        0.0000000000000000        39.638879489847596        634.22207183756154        16.000000000000000        0.0000000000000000     
           1          92   1.1006087347596699E-005   1.1825436771834585E-006   2.1386995054597247E-005   2.2591609631474032       0.52204994022600981       0.51379310000000000        0.0000000000000000        0.0000000000000000        44.773425557365414        716.37480891784662        16.000000000000000        0.0000000000000000     
           1          93   1.0529093393080635E-005   3.3781318666734300E-007   2.1298602115029228E-005   2.3524459181653263       0.52032148231321995       0.51379310000000000        0.0000000000000000        0.0000000000000000        44.987597415433100        719.80155864692961        16.000000000000000        0.0000000000000000     
           1          94   1.1402819874687439E-005   1.8778357150447832E-006   2.1468228528561961E-005   2.1854260302332529       0.52290739975756284       0.51379310000000000        0.0000000000000000        0.0000000000000000        47.821984654486002        765.15175447177603        16.000000000000000        0.0000000000000000     
           1          95   1.1055025123218000E-005   1.1978000965981064E-006   2.1471525184867652E-005   2.2897634958906363       0.51472991661939882       0.51379310000000000        0.0000000000000000        0.0000000000000000        51.454217122612128        823.26747396179405        16.000000000000000        0.0000000000000000     
           1          96   1.1400352676509342E-005   1.8734397574169546E-006   2.1467799522965943E-005   2.1861688952544034       0.52283345504470602       0.51379310000000000        1.0000000000000000        0.0000000000000000        41.410394320630253        662.56630913008405        16.000000000000000        0.0000000000000000     
           1          97   1.1377064320118779E-005   1.8289726033784742E-006   2.1466891597823574E-005   2.1921966912892095       0.52232642511258787       0.51379310000000000        0.0000000000000000        0.0000000000000000        42.166781074772118        674.66849719635388        16.000000000000000        0.0000000000000000     
           1          98   1.1959083960816715E-005   2.8080321564444134E-006   2.1629344244718081E-005   2.1007338645154259       0.52069274220588879       0.51379310000000000        0.0000000000000000        0.0000000000000000        44.073178513813183        705.17085622101092        16.000000000000000        0.0000000000000000     
           1          99   1.1390246035467542E-005   1.8506346357506792E-006   2.1471111843533792E-005   2.1900402971440864       0.52249417432191203       0.51379310000000000        0.0000000000000000        0.0000000000000000        47.169422088615420        754.71075341784672        16.000000000000000        0.0000000000000000     
           1         100   1.1395438549114507E-005   1.8644194228261394E-006   2.1467224579001794E-005   2.1873290261524656       0.52273824678480252       0.51379310000000000        0.0000000000000000        0.0000000000000000        48.874454627276492        781.99127403642387        16.000000000000000        0.0000000000000000     
           1         101   1.1202341828365679E-005   1.4971664512278425E-006   2.1458165312284244E-005   2.2351587831208009       0.51875944637751648       0.51379310000000000        0.0000000000000000        0.0000000000000000        42.866838668990049        685.86941870384078        16.000000000000000        0.0000000000000000     
           1         102   1.1134743798654475E-005   1.3520144207689697E-006   2.1472521509182834E-005   2.2662494694816253       0.51651231450359780       0.51379310000000000        0.0000000000000000        0.0000000000000000        42.549765371619301        680.79624594590882        16.000000000000000        0.0000000000000000     
           1         103   1.1406163049360462E-005   1.8835112053882064E-006   2.1469107057631962E-005   2.1850687998203022       0.52291748153237605       0.51379310000000000        0.0000000000000000        0.0000000000000000        44.276918597251104        708.43069755601766        16.000000000000000        0.0000000000000000     
           1         104   1.1410711135796440E-005   1.8942654080122503E-006   2.1467096907902960E-005   2.1830074051144042       0.52310849738333010       0.51379310000000000        0.0000000000000000        0.0000000000000000        45.447001730451163        727.15202768721861        16.000000000000000        0.0000000000000000     
           1         105   1.1407620847992988E-005   1.8882538089374818E-006   2.1467093679485006E-005   2.1838623225459615       0.52303575356250287       0.51379310000000000        0.0000000000000000        0.0000000000000000        49.384631360946145        790.15410177513832        16.000000000000000        0.0000000000000000     
           1         106   1.1355681587656419E-005   1.7854972297141389E-006   2.1468854989429785E-005   2.1993929769721272       0.52166805616059497       0.51379310000000000        0.0000000000000000        0.0000000000000000        43.638660883392326        698.21857413427722        16.000000000000000        0.0000000000000000     
           1         107   1.0438129907647894E-005  -4.7830792357946962E-007   2.1973939938858488E-005   2.6791628452799383       0.46275692720588263       0.51379310000000000        0.0000000000000000        0.0000000000000000        46.233806125839834        739.74089801343735        16.000000000000000        0.0000000000000000     
           1         108   1.1272493114388644E-005   1.6189118670587600E-006   2.1473795142737656E-005   2.2271262224383794       0.51930532928805428       0.51379310000000000        0.0000000000000000        0.0000000000000000        44.815567959931933        717.04908735891092        16.000000000000000        0.0000000000000000     
           1         109   1.0527796647028955E-005   3.3154151571119889E-007   2.1302562559052266E-005   2.3546555151840436       0.52010657967706964       0.51379310000000000        0.0000000000000000        0.0000000000000000        47.871755623361437        765.94808997378300        16.000000000000000        0.0000000000000000     
           1         110   1.0348640156327509E-005  -1.0483908893480744E-008   2.1295515790454613E-005   2.4113982442071529       0.51513369506425455       0.51379310000000000        0.0000000000000000        0.0000000000000000        46.566543571026990        745.06469713643185        16.000000000000000        0.0000000000000000     
           1         111   1.1360847771045764E-005   1.7958925347043789E-006   2.1468495363543769E-005   2.1978324332947676       0.52183588747123322       0.51379310000000000        0.0000000000000000        0.0000000000000000        42.041691034170306        672.66705654672489        16.000000000000000        0.0000000000000000     
           1         112   1.1401971565127414E-005   1.8779037931318188E-006   2.1466411837742892E-005   2.1849824847306163       0.52295487334796475       0.51379310000000000        0.0000000000000000        0.0000000000000000        45.660135294620545        730.56216471392872        16.000000000000000        0.0000000000000000     
           1         113   1.0514465847052310E-005   3.1164041823860154E-007   2.1296174839312649E-005   2.3554092922341496       0.52012403584527545       0.51379310000000000        0.0000000000000000        0.0000000000000000        47.035828445892342        752.57325513427747        16.000000000000000        0.0000000000000000     
           1         114   1.1213009686421667E-005   1.5090847066210895E-006   2.1467511828491509E-005   2.2379701672583590       0.51824449094452474       0.51379310000000000        1.0000000000000000        0.0000000000000000        46.758821739513003        748.14114783220805        16.000000000000000        0.0000000000000000     
           1         115   1.1181618037614793E-005   1.4512821359696726E-006   2.1464029593164043E-005   2.2483172227104791       0.51811301645121566       0.51379310000000000        0.0000000000000000        0.0000000000000000        49.702422908698011        795.23876653916818        16.000000000000000        0.0000000000000000     
           1         116   1.0702074385071536E-005   4.4581870228919648E-007   2.1540245134292179E-005   2.4241676068854119       0.50074527601902563       0.51379310000000000        0.0000000000000000        0.0000000000000000        41.047017847270851        656.75228555633362        16.000000000000000        0.0000000000000000     
           1         117   5.3093078757960746E-006  -5.3979356319272188E-006   2.1370173137381023E-005   3.1299280690349724       0.50210909993354103       0.59999999999999998        0.0000000000000000        1.0000000000000000        47.271822928405328        756.34916685448525        16.000000000000000        0.0000000000000000     
           1         118   7.8043733512025541E-006  -4.5548044352680005E-006   2.0864780902723902E-005   2.8546123203357792       0.48244804719992440       0.51379310000000000        0.0000000000000000        1.0000000000000000        50.503651071407262        808.05841714251619        16.000000000000000        0.0000000000000000     
           1         119   6.2920404700431357E-006  -7.7549255957377850E-006   2.0339006535823901E-005   3.2229166164412053       0.49534679192606662       0.50000000000000000        0.0000000000000000        1.0000000000000000        53.626402670713503        858.02244273141605        16.000000000000000        0.0000000000000000     
           1         120   1.1419466878171706E-005   1.9108080884166260E-006   2.1467623900276087E-005   2.1807388186479835       0.52329638284176205       0.51379310000000000        0.0000000000000000        0.0000000000000000        49.486513008392343        791.78420813427749        16.000000000000000        0.0000000000000000     
           1         121   9.3208882097460182E-006  -1.9014611098736357E-006   2.1179966405078231E-005   2.6189027694647731       0.49409559954176507       0.51379310000000000        0.0000000000000000        0.0000000000000000        43.515985133878196        696.25576214205114        16.000000000000000        0.0000000000000000     
           1         122   1.0416663175110108E-005   1.3108896516681329E-007   2.1285815913598424E-005   2.3805507032719730       0.51815520028222761       0.51379310000000000        0.0000000000000000        0.0000000000000000        43.531746028084200        696.50793644934720        16.000000000000000        0.0000000000000000     
           1         123   1.1753198782290512E-005   2.4920797734307146E-006   2.1539771216846276E-005   2.1203317091802072       0.52368396696116615       0.51379310000000000        0.0000000000000000        0.0000000000000000        46.863459403604892        749.81535045767828        16.000000000000000        0.0000000000000000     
           1         124   1.1371255406713953E-005   1.8144091776554075E-006   2.1470333906528034E-005   2.1955978634941382       0.52200416869078992       0.51379310000000000        0.0000000000000000        0.0000000000000000        51.275661439837023        820.41058303739237        16.000000000000000        0.0000000000000000     
           1         125   1.0726019923070945E-005   6.5135392746817943E-007   2.1372298026786146E-005   2.3392457441660328       0.51629494620028393       0.51379310000000000        0.0000000000000000        0.0000000000000000        51.471140887468856        823.53825419950169        16.000000000000000        0.0000000000000000     
           1         126   1.0712170277280576E-005   6.3435292970238031E-007   2.1361778533036833E-005   2.3381109289753175       0.51675354205546331       0.51379310000000000        0.0000000000000000        0.0000000000000000        41.794367646661044        668.70988234657671        16.000000000000000        0.0000000000000000     
           1         127   5.9960049566205156E-006  -3.5393635007541927E-006   1.5531373413995147E-005   2.5075471512300944       0.50946296585395023       0.50000000000000000        0.0000000000000000        1.0000000000000000        50.349026026115411        805.58441641784657        16.000000000000000        0.0000000000000000     
           1         128   1.0974201748936346E-005   1.1123665469154231E-006   2.1395573556155672E-005   2.2714843210872360       0.52101964042802662       0.51379310000000000        0.0000000000000000        0.0000000000000000        45.444542936299193        727.11268698078709        16.000000000000000        0.0000000000000000     
           1         129   1.1729607982034684E-005   2.4408965880863962E-006   2.1545338326672204E-005   2.1281110568541326       0.52299882423108091       0.51379310000000000        0.0000000000000000        0.0000000000000000        48.847253414207145        781.55605462731432        16.000000000000000        0.0000000000000000     
           1         130   1.0983213576347629E-005   1.1388511042407017E-006   2.1386121293345188E-005   2.2655439740774921       0.52152710254349455       0.51379310000000000        0.0000000000000000        0.0000000000000000        51.915027979101403        830.64044766562245        16.000000000000000        0.0000000000000000     
           1         131   1.1398008736056432E-005   1.8694158757230275E-006   2.1467230839544643E-005   2.1866228562070735       0.52279899017943743       0.51379310000000000        0.0000000000000000        0.0000000000000000        42.403662638303835        678.45860221286136        16.000000000000000        0.0000000000000000     
           1         132   1.3968600038345882E-005   6.7842189466020516E-006   2.4745171675961849E-005   2.4285301906792172       0.42486892512878272       0.59999999999999998        0.0000000000000000        1.0000000000000000        49.922232083115411        798.75571332984657        16.000000000000000        0.0000000000000000     
           1         133  -3.2941017914861328E-005  -6.7809058688191948E-005   1.9361043245134104E-005   16.678981115491670       0.43731215554447295       0.59999999999999998        0.0000000000000000        1.0000000000000000        56.014173320499992        896.22677312799988        16.000000000000000        12.625000000000000     
           1         134   1.1411114327707579E-005   1.8951148973272099E-006   2.1467028480578064E-005   2.1828463456872953       0.52312251022613476       0.51379310000000000        0.0000000000000000        0.0000000000000000        47.817438695892335        765.07901913427736        16.000000000000000        0.0000000000000000     
           1         135   1.1390216467767206E-005   1.8526729273242870E-006   2.1468897091240545E-005   2.1890389468592835       0.52260884167499078       0.51379310000000000        0.0000000000000000        0.0000000000000000        52.291232002095221        836.65971203352353        16.000000000000000        0.0000000000000000     
           1         136  -3.9691618074776022E-005  -7.8765412924396697E-005   1.8919074199655097E-005   17.151194384949214       0.69216812552364171       0.59999999999999998        0.0000000000000000        1.0000000000000000        50.186871875748082        802.98995001196931        16.000000000000000        5.3750000000000000     
           1         137   1.1742532967374010E-005   2.4709631286675401E-006   2.1540149186509084E-005   2.1232405364697464       0.52342197065525342       0.51379310000000000        0.0000000000000000        0.0000000000000000        44.338967578283963        709.42348125254341        16.000000000000000        0.0000000000000000     
           1         138   1.1421297384764381E-005   1.9149958533460286E-006   2.1466963403412070E-005   2.1799688661510981       0.52336612288624995       0.51379310000000000        0.0000000000000000        0.0000000000000000        46.262440628829445        740.19905006127112        16.000000000000000        0.0000000000000000     
           1         139   1.1335608063062708E-005   1.7442845490473743E-006   2.1471120005342670E-005   2.2062103671578828       0.52112687497971033       0.51379310000000000        0.0000000000000000        0.0000000000000000        51.234214633650375        819.74743413840599        16.000000000000000        0.0000000000000000     
           1         140   1.2037851751681006E-005   2.9719449902318302E-006   2.1618136069480514E-005   2.0732406173402467       0.52345231775495937       0.51379310000000000        1.0000000000000000        0.0000000000000000        49.831051893694557        797.29683029911291        16.000000000000000        0.0000000000000000     
           1         141  -2.6353160833348799E-005  -5.0123597704150423E-005   9.3024944728537251E-006   9.2996770646028732       0.59493513749417215       0.59999999999999998        0.0000000000000000        1.0000000000000000        47.971277437499992        767.54043899999988        16.000000000000000        9.0000000000000000     
           1         142  -2.2681472983469721E-005  -6.4839296463519743E-005   1.9476350496580386E-005   20.422295461160875       0.49005409612646061       0.50000000000000000        0.0000000000000000        1.0000000000000000        50.678529034289909        810.85646454863854        16.000000000000000        18.062500000000000     
           1         143   1.0864146626961005E-005   9.0444310128828262E-007   2.1388939569093727E-005   2.3027844274593861       0.51823286612519082       0.51379310000000000        0.0000000000000000        0.0000000000000000        46.986280336651042        751.78048538641667        16.000000000000000        0.0000000000000000     
           1         144   1.1753949450813405E-005   2.4918608676451027E-006   2.1541546470972483E-005   2.1207238202672056       0.52363720915674805       0.51379310000000000        0.0000000000000000        0.0000000000000000        48.161374004808820        770.58198407694113        16.000000000000000        0.0000000000000000     
           1         145   1.1743759494634331E-005   2.4613676644031376E-006   2.1552811718839801E-005   2.1273930427987939       0.52298926707341697       0.51379310000000000        0.0000000000000000        0.0000000000000000        51.530091067603713        824.48145708165941        16.000000000000000        0.0000000000000000     
           1         146   9.6356253588032562E-006  -1.7379897371811910E-006   2.1654551783690699E-005   2.7970373836471309       0.46381417346785292       0.51379310000000000        0.0000000000000000        0.0000000000000000        42.912865062634758        686.60584100215613        16.000000000000000        0.0000000000000000     
           1         147   1.1413599999491149E-005   1.8999353944231301E-006   2.1467046854725005E-005   2.1821687293941152       0.52317974684233814       0.51379310000000000        0.0000000000000000        0.0000000000000000        46.398569388416327        742.37711021466123        16.000000000000000        0.0000000000000000     
           1         148   1.0445324180839742E-005  -2.0496571301693719E-007   2.1699885686370046E-005   2.5697648814128926       0.48163457478343130       0.51379310000000000        0.0000000000000000        0.0000000000000000        44.225451338615429        707.60722141784686        16.000000000000000        0.0000000000000000     
           1         149   9.8643785675585698E-006  -1.1832799508831668E-006   2.1538854429442921E-005   2.6822263968256976       0.47915687568038612       0.51379310000000000        0.0000000000000000        0.0000000000000000        49.643359714778995        794.29375543646393        16.000000000000000        0.0000000000000000     
           1         150  -2.0057041536169088E-005  -5.0299519279869973E-005   1.0185436207531804E-005   10.563819990562870       0.43766726594857525       0.50000000000000000        0.0000000000000000        1.0000000000000000        60.786183784687509        972.57894055500014        16.000000000000000        12.625000000000000     
           1         151  -3.1665000456033014E-005  -6.5734175340145985E-005   1.9438761870136805E-005   22.473565117444615       0.45064030860209309       0.59999999999999998        0.0000000000000000        1.0000000000000000        46.263189001767330        740.21102402827728        16.000000000000000        16.250000000000000     
           1         152   1.1002406946091514E-005   1.1755042146768001E-006   2.1386864299065997E-005   2.2601969867643783       0.52196517100165118       0.51379310000000000        0.0000000000000000        0.0000000000000000        45.521850641419711        728.34961026271537        16.000000000000000        0.0000000000000000     
           1         153   1.1727300658122179E-005   2.4399979208269612E-006   2.1541542422344853E-005   2.1280211568261489       0.52302423487827687       0.51379310000000000        0.0000000000000000        0.0000000000000000        46.464725182210003        743.43560291536005        16.000000000000000        0.0000000000000000     
           1         154   1.0526977786490893E-005   2.3262596028491573E-008   2.1626648295537004E-005   2.5152997182441124       0.48886561384613153       0.51379310000000000        0.0000000000000000        0.0000000000000000        46.172170518252130        738.75472829203409        16.000000000000000        0.0000000000000000     
           1         155   1.1349688718320063E-005   1.7734732520179927E-006   2.1469235418910319E-005   2.2013903802504977       0.52151163466791872       0.51379310000000000        0.0000000000000000        0.0000000000000000        49.587801695892338        793.40482713427741        16.000000000000000        0.0000000000000000     
           1         156   1.1279716361195937E-005   1.6410827399075509E-006   2.1465222671464006E-005   2.2176539821149563       0.52018481248875881       0.51379310000000000        0.0000000000000000        0.0000000000000000        43.094541540861229        689.51266465377967        16.000000000000000        0.0000000000000000     
           1         157   1.1361905717486980E-005   1.7943731609274771E-006   2.1472276861100147E-005   2.1990789837531364       0.52167179455600654       0.51379310000000000        0.0000000000000000        0.0000000000000000        45.091846690867527        721.46954705388043        16.000000000000000        0.0000000000000000     
           1         158   1.1385288560715519E-005   1.8443135053883547E-006   2.1467595394903569E-005   2.1903962512734565       0.52247166329504446       0.51379310000000000        0.0000000000000000        1.0000000000000000        48.362401249190363        773.79841998704580        16.000000000000000        0.0000000000000000     
           1         159   1.0679095670857022E-005   3.9421092902837948E-007   2.1547519822482384E-005   2.4320574390723997       0.49904194414191677       0.51379310000000000        0.0000000000000000        0.0000000000000000        48.561595987269577        776.98553579631323        16.000000000000000        0.0000000000000000     
           1         160   1.1310705052994898E-005   1.7009148704641603E-006   2.1465731417762611E-005   2.2098243049511090       0.52082273926127165       0.51379310000000000        0.0000000000000000        0.0000000000000000        49.890182343119434        798.24291748991095        16.000000000000000        0.0000000000000000     
           1         161   1.1329509289590219E-005   1.7392771044613278E-006   2.1463867983630064E-005   2.2034687859744611       0.52143624437868041       0.51379310000000000        0.0000000000000000        1.0000000000000000        41.943717630730895        671.09948209169431        16.000000000000000        0.0000000000000000     
           1         162   1.1208700205918783E-005   1.5116990229522511E-006   2.1455885711718683E-005   2.2317416324062647       0.51915974310685786       0.51379310000000000        0.0000000000000000        1.0000000000000000        45.434722383392334        726.95555813427734        16.000000000000000        0.0000000000000000     
           1         163   1.1421011119480782E-005   1.9111652988704239E-006   2.1470422521691096E-005   2.1814594422669269       0.52321388321047146       0.51379310000000000        0.0000000000000000        0.0000000000000000        48.144919872058537        770.31871795293659        16.000000000000000        0.0000000000000000     
           1         164   1.1777551160954358E-005   2.5394891363337382E-006   2.1539758413920751E-005   2.1137016315165695       0.52427450353584726       0.51379310000000000        0.0000000000000000        0.0000000000000000        50.342893985734825        805.48630377175721        16.000000000000000        0.0000000000000000     
           1         165   1.1513905860834584E-005   1.7210593371849210E-006   2.1862374739433649E-005   2.3185521828917053       0.49523645714344067       0.51379310000000000        0.0000000000000000        0.0000000000000000        48.757268668607054        780.11629869771286        16.000000000000000        0.0000000000000000     
           1         166   1.1394908096604662E-005   1.8626746336265352E-006   2.1467977361700621E-005   2.1878005229624948       0.52269198722631605       0.51379310000000000        0.0000000000000000        0.0000000000000000        42.060259946470993        672.96415914353588        16.000000000000000        0.0000000000000000     
           1         167   1.1719660946464034E-005   2.4208322680257514E-006   2.1546082605769481E-005   2.1313891735782851       0.52266048303031409       0.51379310000000000        0.0000000000000000        0.0000000000000000        42.269405575675833        676.31048921081333        16.000000000000000        0.0000000000000000     
           1         168   1.1351759150211046E-005   1.7777776677427439E-006   2.1468945116144121E-005   2.2006566314200291       0.52158751517921054       0.51379310000000000        0.0000000000000000        0.0000000000000000        47.369648883558142        757.91438213693027        16.000000000000000        0.0000000000000000     
           1         169   9.9370476889827760E-006  -7.1679162877402398E-007   2.1195360004115084E-005   2.4753312304737278       0.51706940450477701       0.51379310000000000        0.0000000000000000        0.0000000000000000        51.621378615669265        825.94205785070824        16.000000000000000        0.0000000000000000     
           1         170   1.1966664186935032E-005   2.8235634769199972E-006   2.1628522250674110E-005   2.0981740158129165       0.52115393902777840       0.51379310000000000        1.0000000000000000        0.0000000000000000        53.022957660270563        848.36732256432902        16.000000000000000        0.0000000000000000     
           1         171   1.0672367249736190E-005   3.3447985229310866E-007   2.1596801299074295E-005   2.4680137431547000       0.49502218478366072       0.51379310000000000        0.0000000000000000        0.0000000000000000        41.168144416308039        658.69031066092862        16.000000000000000        0.0000000000000000     
           1         172   1.0720192592205138E-005   3.9845140732673718E-007   2.1627564332047569E-005   2.4801724877888396       0.49284166739324758       0.51379310000000000        0.0000000000000000        0.0000000000000000        44.341793429869135        709.46869487790616        16.000000000000000        0.0000000000000000     
           1         173   1.1303679006000228E-005   1.6829864645676390E-006   2.1470226303065425E-005   2.2151518807570292       0.52038220381577094       0.51379310000000000        0.0000000000000000        0.0000000000000000        44.808126454210118        716.93002326736189        16.000000000000000        0.0000000000000000     
           1         174   1.1535402241703240E-005   1.8448639104280611E-006   2.1775758209285681E-005   2.2726013358661685       0.50164289988727007       0.51379310000000000        0.0000000000000000        0.0000000000000000        49.251572961018681        788.02516737629890        16.000000000000000        0.0000000000000000     
           1         175   1.1294093790755595E-005   1.6703356085682493E-006   2.1463880665595395E-005   2.2132727276161974       0.52057109060418083       0.51379310000000000        0.0000000000000000        1.0000000000000000        55.621831582838546        889.94930532541673        16.000000000000000        0.0000000000000000     
           1         176  -9.4492554416998872E-006  -3.9250011446571100E-005   2.0351500563171285E-005   17.499995421371541       0.49999542137156167       0.50000000000000000        0.0000000000000000        1.0000000000000000        56.460499472946161        903.36799156713857        16.000000000000000        3.6250000000000000     
           1         177   9.8397093239907050E-006  -1.0242952879820267E-006   2.1320111202284915E-005   2.5693937017630488       0.49598667355351089       0.51379310000000000        0.0000000000000000        0.0000000000000000        44.013787143848646        704.22059430157833        16.000000000000000        0.0000000000000000     
           1         178   1.1316599059896044E-005   1.7143275400128821E-006   2.1463680171336894E-005   2.2064808309509454       0.52122828992734127       0.51379310000000000        0.0000000000000000        0.0000000000000000        47.551475134849895        760.82360215759832        16.000000000000000        0.0000000000000000     
           1         179   1.1230328526743383E-005   1.5513496719329390E-006   2.1458469161208760E-005   2.2275490013085633       0.51944936938958453       0.51379310000000000        0.0000000000000000        0.0000000000000000        47.356496666212117        757.70394665939386        16.000000000000000        0.0000000000000000     
           1         180   1.1294378114308720E-005   1.6703562278652006E-006   2.1464443655344406E-005   2.2135427036820894       0.52053063851748305       0.51379310000000000        0.0000000000000000        1.0000000000000000        50.830069319961176        813.28110911937881        16.000000000000000        0.0000000000000000     
           1         181   1.1165685289784269E-005   1.4322108227083526E-006   2.1451413485352574E-005   2.2404335236533521       0.51851845383738049       0.51379310000000000        0.0000000000000000        1.0000000000000000        44.977768791985262        719.64430067176420        16.000000000000000        0.0000000000000000     
           1         182   1.2072166656600731E-005   3.0493485490413416E-006   2.1606917574818945E-005   2.0614512207957332       0.52452641901973296       0.51379310000000000        1.0000000000000000        0.0000000000000000        45.431656766545380        726.90650826472609        16.000000000000000        0.0000000000000000     
           1         183   1.1778504621762238E-005   2.5362977188620226E-006   2.1545091923346266E-005   2.1155255493999898       0.52407191191546021       0.51379310000000000        0.0000000000000000        0.0000000000000000        45.641772195892344        730.26835513427750        16.000000000000000        0.0000000000000000     
           1         184   1.1367600606971026E-005   1.8071276519302457E-006   2.1470511604401251E-005   2.1966984703002104       0.52189892092833767       0.51379310000000000        0.0000000000000000        0.0000000000000000        49.569608624160097        793.11373798656155        16.000000000000000        0.0000000000000000     
           1         185   1.1136473089663090E-005   1.3707553223887962E-006   2.1456273992062202E-005   2.2576827235518828       0.51777444768302006       0.51379310000000000        0.0000000000000000        0.0000000000000000        49.269292667112893        788.30868267380629        16.000000000000000        0.0000000000000000     
           1         186   1.1127718660890897E-005   1.3525505086117960E-006   2.1457506140214089E-005   2.2608884129819233       0.51751957483367794       0.51379310000000000        0.0000000000000000        0.0000000000000000        42.896478591000331        686.34365745600530        16.000000000000000        0.0000000000000000     
           1         187   1.1765833816368120E-005   2.5171508041156260E-006   2.1539264666038792E-005   2.1166818162695971       0.52401221682784738       0.51379310000000000        0.0000000000000000        0.0000000000000000        45.816248745705948        733.05997993129517        16.000000000000000        0.0000000000000000     
           1         188   9.7431375258501267E-006  -1.1978097306285359E-006   2.1304847587642309E-005   2.6255005027226614       0.49615144137162409       0.51379310000000000        0.0000000000000000        0.0000000000000000        46.315564869107661        741.04903790572257        16.000000000000000        0.0000000000000000     
           1         189   1.1737106105255470E-005   2.4559094224200650E-006   2.1544895372301332E-005   2.1267152660450535       0.52309839869378139       0.51379310000000000        0.0000000000000000        0.0000000000000000        47.409405471432443        758.55048754291909        16.000000000000000        0.0000000000000000     
           1         190   1.0973454543595986E-005   1.1212155776685201E-006   2.1384685647565109E-005   2.2674938174227464       0.52139666860296241       0.51379310000000000        0.0000000000000000        0.0000000000000000        52.990332695892327        847.84532313427724        16.000000000000000        0.0000000000000000     
           1         191   1.1721142573659647E-005   2.4313819079314832E-006   2.1537981723212110E-005   2.1274497288647396       0.52312356830425977       0.51379310000000000        0.0000000000000000        0.0000000000000000        42.014003164415797        672.22405063065275        16.000000000000000        0.0000000000000000     
           1         192   1.0726905094223868E-005   6.5915959853804259E-007   2.1365870045645738E-005   2.3356496250903209       0.51671572435578716       0.51379310000000000        0.0000000000000000        0.0000000000000000        46.141340770750972        738.26145233201555        16.000000000000000        0.0000000000000000     
           1         193   1.1178236284066755E-005   1.4461022329096533E-006   2.1462548011768359E-005   2.2483297452186060       0.51827358654762856       0.51379310000000000        0.0000000000000000        0.0000000000000000        45.829983112385392        733.27972979816627        16.000000000000000        0.0000000000000000     
           1         194   1.0101601747702684E-005  -1.5787920657029505E-006   2.2444712770212922E-005   2.8813675183139251       0.42911844925085391       0.51379310000000000        0.0000000000000000        0.0000000000000000        48.248648394479780        771.97837431167648        16.000000000000000        0.0000000000000000     
           1         195   1.1299440043545777E-005   1.6803127119784070E-006   2.1464333324535846E-005   2.2120744246028270       0.52066402059144579       0.51379310000000000        0.0000000000000000        1.0000000000000000        50.168991689808486        802.70386703693578        16.000000000000000        0.0000000000000000     
           1         196   1.2004096051649999E-005   2.9036818081017680E-006   2.1620845722370559E-005   2.0847388920648142       0.52216015152599415       0.51379310000000000        0.0000000000000000        0.0000000000000000        44.941027446408398        719.05643914253437        16.000000000000000        0.0000000000000000     
           1         197   1.0606598536744491E-005   2.9753541642036731E-007   2.1500572889406149E-005   2.4242680653074427       0.50101735051022522       0.51379310000000000        0.0000000000000000        0.0000000000000000        44.019422477142328        704.31075963427725        16.000000000000000        0.0000000000000000     
           1         198   1.0970986386742573E-005   1.1135236281339754E-006   2.1387737668717512E-005   2.2699007275829191       0.52114650998350132       0.51379310000000000        0.0000000000000000        0.0000000000000000        48.752344071827459        780.03750514923934        16.000000000000000        0.0000000000000000     
           1         199   1.1417852691967996E-005   1.9082941335001029E-006   2.1466960533478979E-005   2.1809257572202156       0.52328561234120630       0.51379310000000000        0.0000000000000000        0.0000000000000000        46.041252146420952        736.66003434273523        16.000000000000000        0.0000000000000000     
           1         200   1.1325353655600181E-005   1.7323208039830636E-006   2.1462671919150241E-005   2.2038744993078803       0.52143979677313801       0.51379310000000000        0.0000000000000000        0.0000000000000000        50.965222992990185        815.44356788784296        16.000000000000000        0.0000000000000000     
           1         201   1.1288418034469509E-005   1.6446936104579242E-006   2.1479303987257047E-005   2.2242570942502331       0.51931487945469423       0.51379310000000000        1.0000000000000000        0.0000000000000000        42.308451221767058        676.93521954827293        16.000000000000000        0.0000000000000000     
           1         202   1.1333825395073736E-005   1.7451093791146805E-006   2.1466581896183037E-005   2.2039611250138127       0.52131411916906190       0.51379310000000000        0.0000000000000000        0.0000000000000000        45.484284983174156        727.74855973078650        16.000000000000000        0.0000000000000000     
           1         203   1.0363086797089182E-005   3.5740187080243446E-008   2.1276382000285114E-005   2.3912329040578633       0.51745075357518788       0.51379310000000000        0.0000000000000000        0.0000000000000000        46.680538536654105        746.88861658646567        16.000000000000000        0.0000000000000000     
           1         204   1.1421925151595870E-005   1.9163654105990997E-006   2.1466807292433092E-005   2.1796899607522975       0.52339268086390556       0.51379310000000000        0.0000000000000000        0.0000000000000000        50.338986869865437        805.42378991784699        16.000000000000000        0.0000000000000000     
           1         205   1.1374845412453822E-005   1.8247303782577165E-006   2.1466810805738465E-005   2.1927594025082540       0.52227992247732058       0.51379310000000000        0.0000000000000000        0.0000000000000000        47.748573114049741        763.97716982479585        16.000000000000000        0.0000000000000000     
           1         206   9.9545876003285102E-006  -6.7855146445722041E-007   2.1191025180353212E-005   2.4654040576214897       0.51797369382670932       0.51379310000000000        0.0000000000000000        0.0000000000000000        43.578876940052311        697.26203104083697        16.000000000000000        0.0000000000000000     
           1         207   1.1354023404410136E-005   1.7800427590662341E-006   2.1471208485722655E-005   2.2001466219848544       0.52161895894201382       0.51379310000000000        0.0000000000000000        0.0000000000000000        43.531382215002509        696.50211544004014        16.000000000000000        0.0000000000000000     
           1         208   1.1655493046817962E-005   2.2877200981284504E-006   2.1554770707014261E-005   2.1530790091068610       0.52047548877292038       0.51379310000000000        0.0000000000000000        0.0000000000000000        46.990854881287682        751.85367810060291        16.000000000000000        0.0000000000000000     
           1         209   1.1255378702862367E-005   1.5703786330744188E-006   2.1489882181435562E-005   2.2399837033761534       0.51761762130718381       0.51379310000000000        0.0000000000000000        0.0000000000000000        49.366753846521149        789.86806154433839        16.000000000000000        0.0000000000000000     
           1         210   1.0959709531747365E-005   1.0931259182949055E-006   2.1386099163743618E-005   2.2725285406890223       0.52093745927064450       0.51379310000000000        0.0000000000000000        0.0000000000000000        48.387328636162444        774.19725817859910        16.000000000000000        0.0000000000000000     
           1         211   1.1342456899959342E-005   1.7590071636872318E-006   2.1469648325447707E-005   2.2035388060320065       0.52128678441693566       0.51379310000000000        0.0000000000000000        0.0000000000000000        39.294394151115412        628.71030641784660        16.000000000000000        0.0000000000000000     
           1         212   1.1071669668437932E-005   1.0812956131976081E-006   2.1628873311581796E-005   2.3415876544069869       0.50189325434536580       0.51379310000000000        0.0000000000000000        0.0000000000000000        43.512196877519699        696.19515004031518        16.000000000000000        0.0000000000000000     
           1         213   1.1272468313402343E-005   1.6136385193317451E-006   2.1479316678302510E-005   2.2291576317322477       0.51886499059958968       0.51379310000000000        0.0000000000000000        1.0000000000000000        44.987291842920413        719.79666948672661        16.000000000000000        0.0000000000000000     
           1         214   1.1389171225329787E-005   1.8526027156000549E-006   2.1466821497212823E-005   2.1887974896789055       0.52261958759655858       0.51379310000000000        0.0000000000000000        0.0000000000000000        47.361662703513836        757.78660325622138        16.000000000000000        0.0000000000000000     
           1         215   1.1413560057743245E-005   1.9002390807424827E-006   2.1466643788287238E-005   2.1819109655170932       0.52320922440433015       0.51379310000000000        0.0000000000000000        0.0000000000000000        49.993639244876313        799.89822791802101        16.000000000000000        0.0000000000000000     
           1         216   1.1381985533953235E-005   1.8378437928092572E-006   2.1467638724028383E-005   2.1913333883707073       0.52238891011295474       0.51379310000000000        0.0000000000000000        0.0000000000000000        41.015547790558223        656.24876464893157        16.000000000000000        0.0000000000000000     
           1         217   1.1297840500511853E-005   1.6745210938235585E-006   2.1467163704795457E-005   2.2138390789165889       0.52046835789787982       0.51379310000000000        0.0000000000000000        1.0000000000000000        43.239310648068560        691.82897036909696        16.000000000000000        0.0000000000000000     
           1         218   1.1360841039162751E-005   1.7986197557473876E-006   2.1465599560878405E-005   2.1958750419818833       0.52204416110193219       0.51379310000000000        0.0000000000000000        0.0000000000000000        45.351495088615430        725.62392141784687        16.000000000000000        0.0000000000000000     
           1         219  -1.7789689257202574E-005  -3.5288624761936729E-005   8.4587139998986093E-006   11.005994648638875       0.40301647842650468       0.59999999999999998        0.0000000000000000        1.0000000000000000        58.511741033637499        936.18785653819998        16.000000000000000        9.0000000000000000     
           1         220   1.0011314029137303E-005  -5.7767987758970428E-007   2.1201101761928432E-005   2.4525353869931399       0.51886782649041741       0.51379310000000000        0.0000000000000000        0.0000000000000000        50.334590500369373        805.35344800590997        16.000000000000000        0.0000000000000000     
           1         221  -2.6683392712672997E-005  -5.5005618605373041E-005   1.5799946126377001E-005   17.211253166075004       0.50066699714195673       0.59999999999999998        0.0000000000000000        1.0000000000000000        49.203876418874991        787.26202270199985        16.000000000000000        21.000000000000000     
           1         222   1.1412610313095014E-005   1.8953406340847047E-006   2.1469866785421115E-005   2.1834291395625263       0.52305872780673812       0.51379310000000000        0.0000000000000000        0.0000000000000000        41.288319801071999        660.61311681715199        16.000000000000000        0.0000000000000000     
           1         223   1.1384181612377775E-005   1.8425562634908219E-006   2.1467175636204371E-005   2.1902460938866444       0.52249818973821860       0.51379310000000000        0.0000000000000000        0.0000000000000000        43.838276082084242        701.41241731334787        16.000000000000000        0.0000000000000000     
           1         224  -1.2328353067762683E-005  -5.3378374821055950E-005   1.5038328101099624E-005   16.489159490330849       0.53910187763137285       0.40000000000000002        0.0000000000000000        1.0000000000000000        55.452328193499994        887.23725109599991        16.000000000000000        22.750000000000000     
           1         225   1.0620009065041515E-005  -7.9840585882403317E-007   2.2686277151362921E-005   2.8511801053559749       0.42237600047656304       0.51379310000000000        0.0000000000000000        0.0000000000000000        48.905314526115419        782.48503241784670        16.000000000000000        0.0000000000000000     
           1         226  -1.7148149566435404E-005  -5.0405694959909609E-005   1.6109395827038733E-005   20.527085083601879       0.50031870465449446       0.50000000000000000        0.0000000000000000        1.0000000000000000        50.540332130312507        808.64531408500011        16.000000000000000        35.000000000000000     
           1         227   1.0924955343626062E-005  -1.9318073617350007E-007   2.2673907492725756E-005   2.7863251069973760       0.42928511769667060       0.51379310000000000        0.0000000000000000        0.0000000000000000        44.972385861577649        719.55817378524239        16.000000000000000        0.0000000000000000     
           1         228   1.1301898587433008E-005   1.6754809823597820E-006   2.1474495774361927E-005   2.2179247712097148       0.51994873217564941       0.51379310000000000        0.0000000000000000        1.0000000000000000        44.376916453919428        710.03066326271085        16.000000000000000        0.0000000000000000     
           1         229   1.1224452806759854E-005   1.5214939311297170E-006   2.1477934030252594E-005   2.2433724273108870       0.51787170256158177       0.51379310000000000        0.0000000000000000        1.0000000000000000        47.871412342423582        765.94259747877732        16.000000000000000        0.0000000000000000     
           1         230  -1.8585306050439300E-005  -5.1213508786178484E-005   1.4042896685299997E-005   14.101148396506316       0.50088432616673983       0.50000000000000000        1.0000000000000000        0.0000000000000000        59.923655135312494        958.77848216499990        16.000000000000000        24.500000000000000     
           1         231   1.1341625784529859E-005   1.7568796675259299E-006   2.1470187144248455E-005   2.2041355730886316       0.52127834250626848       0.51379310000000000        0.0000000000000000        0.0000000000000000        43.057580183042013        688.92128292867221        16.000000000000000        0.0000000000000000     
           1         232   1.0524738620770300E-005   3.2914879864224128E-007   2.1298801475574396E-005   2.3536330815219260       0.52023100784526743       0.51379310000000000        0.0000000000000000        0.0000000000000000        46.874781664642335        749.99650663427735        16.000000000000000        0.0000000000000000     
           1         233   1.1406680923953767E-005   1.8839131470121736E-006   2.1469747442949687E-005   2.1850016070695109       0.52292838784617768       0.51379310000000000        0.0000000000000000        0.0000000000000000        46.343625348688484        741.49800557901574        16.000000000000000        0.0000000000000000     
           1         234   1.1014020578857713E-005   1.1946042768949763E-006   2.1390566740534467E-005   2.2583791904639208       0.52208410021871143       0.51379310000000000        0.0000000000000000        0.0000000000000000        48.000287759999452        768.00460415999123        16.000000000000000        0.0000000000000000     
           1         235   1.1664863949410112E-005   2.3232750732773376E-006   2.1536471916293459E-005   2.1409037677107632       0.52201518331973407       0.51379310000000000        0.0000000000000000        0.0000000000000000        51.104883631501941        817.67813810403106        16.000000000000000        0.0000000000000000     
           1         236   1.2084009163308082E-005   3.0763455491005077E-006   2.1602745758985189E-005   2.0568913812967264       0.52497240324485828       0.51379310000000000        0.0000000000000000        0.0000000000000000        40.423889295701684        646.78222873122695        16.000000000000000        0.0000000000000000     
           1         237   1.1644566635983569E-005   2.2605554394225109E-006   2.1561003862842472E-005   2.1598077376914735       0.51978279362976487       0.51379310000000000        0.0000000000000000        1.0000000000000000        44.879282523002388        718.06852036803821        16.000000000000000        0.0000000000000000     
           1         238   1.1686648188179432E-005   2.3569781234400878E-006   2.1545661099225017E-005   2.1408091636918742       0.52186648408649183       0.51379310000000000        0.0000000000000000        0.0000000000000000        49.174664082439335        786.79462531902936        16.000000000000000        0.0000000000000000     
           1         239   1.1302888526299675E-005   1.6793390591017256E-006   2.1472454844167444E-005   2.2161580203326148       0.52009626145427601       0.51379310000000000        0.0000000000000000        0.0000000000000000        49.460023258392347        791.36037213427755        16.000000000000000        0.0000000000000000     
           1         240   1.1307006971232221E-005   1.6882214848687443E-006   2.1471539011550513E-005   2.2148879377777027       0.52034037509126352       0.51379310000000000        0.0000000000000000        0.0000000000000000        49.486378854062160        791.78206166499456        16.000000000000000        0.0000000000000000     
           1         241   1.1366476175541149E-005   1.8083298248903725E-006   2.1466928562692856E-005   2.1951506888533183       0.52207089713180865       0.51379310000000000        0.0000000000000000        1.0000000000000000        43.515715502227984        696.25144803564774        16.000000000000000        0.0000000000000000     
           1         242   1.1313637283187195E-005   1.7003952943947664E-006   2.1472311301329567E-005   2.2133730543150580       0.52041588659580251       0.51379310000000000        0.0000000000000000        0.0000000000000000        43.531452634995610        696.50324215992975        16.000000000000000        0.0000000000000000     
           1         243   9.4107579214574163E-006  -1.8593877299932742E-006   2.1320344296538381E-005   2.7259852626984151       0.48645120828795174       0.51379310000000000        0.0000000000000000        0.0000000000000000        46.863072567272148        749.80916107635437        16.000000000000000        0.0000000000000000     
           1         244   1.1354833622514803E-005   1.7837107624027087E-006   2.1468998774794208E-005   2.1997906953751216       0.52164884144546242       0.51379310000000000        0.0000000000000000        0.0000000000000000        51.275251801968125        820.40402883149000        16.000000000000000        0.0000000000000000     
           1         245  -2.6526323041296658E-005  -5.5054895320759349E-005   1.6266535377897285E-005   18.135149475859780       0.50029741414881468       0.59999999999999998        0.0000000000000000        1.0000000000000000        61.087363830000015        977.39782128000024        16.000000000000000        45.500000000000000     
           1         246   8.5989488836431101E-006  -4.3380359583031624E-006   2.2269946861245758E-005   3.2041140548268410       0.41048746529504460       0.51379310000000000        0.0000000000000000        1.0000000000000000        42.861373070892327        685.78196913427723        16.000000000000000        0.0000000000000000     
           1         247   1.1355311219335317E-005   1.7851365401804386E-006   2.1468474393169843E-005   2.1992314661913945       0.52168479682549140       0.51379310000000000        0.0000000000000000        0.0000000000000000        46.745286074700743        747.92457719521190        16.000000000000000        0.0000000000000000     
           1         248   1.1304545981509317E-005   1.6824759863549747E-006   2.1472548885678794E-005   2.2143180482183435       0.52036989177304016       0.51379310000000000        1.0000000000000000        0.0000000000000000        45.882588657699998        734.12141852319996        16.000000000000000        0.0000000000000000     
           1         249   1.0966417569953070E-005   1.1064254719221731E-006   2.1385841699932852E-005   2.2704872454225655       0.52111092512661250       0.51379310000000000        0.0000000000000000        0.0000000000000000        50.240770831052217        803.85233329683547        16.000000000000000        0.0000000000000000     
           1         250   1.1352672085198451E-005   1.7802552119402106E-006   2.1468204669790727E-005   2.1997803992819494       0.52164076246329816       0.51379310000000000        0.0000000000000000        0.0000000000000000        49.693233344794649        795.09173351671438        16.000000000000000        0.0000000000000000     
           1         251   1.0994084237814202E-005   1.1589024414609844E-006   2.1387290389788035E-005   2.2628782431379726       0.52173823019459831       0.51379310000000000        0.0000000000000000        0.0000000000000000        42.055876472059211        672.89402355294737        16.000000000000000        0.0000000000000000     
           1         252  -2.5276119020979744E-005  -5.2325971662568783E-005   1.5298659941404050E-005   16.382030987257167       0.50046111834357399       0.59999999999999998        0.0000000000000000        1.0000000000000000        52.086098606249990        833.37757769999985        16.000000000000000        49.000000000000000     
           1         253   1.1310758406020266E-005   1.6952466757883127E-006   2.1471830945225278E-005   2.2139575006825920       0.52039771994767015       0.51379310000000000        0.0000000000000000        0.0000000000000000        47.499619070892344        759.99390513427750        16.000000000000000        0.0000000000000000     
           1         254   1.1233895861520892E-005   1.5515260870834755E-006   2.1465619808166473E-005   2.2303365686818091       0.51905708483552648       0.51379310000000000        0.0000000000000000        0.0000000000000000        47.817296043505905        765.07673669609449        16.000000000000000        0.0000000000000000     
           1         255   1.1352906947845630E-005   1.7800931410180544E-006   2.1468858987055000E-005   2.2001499540527254       0.52159901433332001       0.51379310000000000        0.0000000000000000        0.0000000000000000        52.290928088733132        836.65484941973011        16.000000000000000        0.0000000000000000     
           1         256   1.1319998670164490E-005   1.7183997229683729E-006   2.1466369048776247E-005   2.2076501115286402       0.52099649016714811       0.51379310000000000        0.0000000000000000        0.0000000000000000        41.966337916958729        671.46140667133966        16.000000000000000        0.0000000000000000     
           1         257   1.1414613841376461E-005   1.9019292941760619E-006   2.1467025032637099E-005   2.1818714147606992       0.52320504829834702       0.51379310000000000        0.0000000000000000        0.0000000000000000        45.412402949880445        726.59844719808711        16.000000000000000        0.0000000000000000     
           1         258   1.1389694980592510E-005   1.8531630196346141E-006   2.1467306630014998E-005   2.1884918709792243       0.52267399811735271       0.51379310000000000        0.0000000000000000        0.0000000000000000        47.537195433180401        760.59512693088641        16.000000000000000        0.0000000000000000     
           1         259   1.0139925537119902E-005  -5.5081645884178925E-007   2.1437234298894703E-005   2.5452976762131203       0.49584873930731416       0.51379310000000000        0.0000000000000000        0.0000000000000000        49.974959259366194        799.59934814985911        16.000000000000000        0.0000000000000000     
           1         260   1.0812007584387753E-005   8.1056641938707454E-007   2.1380906258251235E-005   2.3136269269577996       0.51740321859694416       0.51379310000000000        0.0000000000000000        1.0000000000000000        50.452280276115417        807.23648441784667        16.000000000000000        0.0000000000000000     
           1         261   1.1364029218799997E-005   1.8021411259256758E-006   2.1468435645551753E-005   2.1968230157876838       0.52190119651204758       0.51379310000000000        0.0000000000000000        0.0000000000000000        44.432274585470779        710.91639336753246        16.000000000000000        0.0000000000000000     
           1         262   1.0652673790140179E-005   5.3980732120806738E-007   2.1339319769369549E-005   2.3549288398077803       0.51541527956297428       0.51379310000000000        0.0000000000000000        0.0000000000000000        42.463439055826811        679.41502489322897        16.000000000000000        0.0000000000000000     
           1         263   2.0602058835594420E-005  -4.4239566643236875E-006   2.0602058835594420E-005   2.7306557934049280       0.49531179773711004        0.0000000000000000        0.0000000000000000        1.0000000000000000        46.467422703392330        743.47876325427728        16.000000000000000        0.0000000000000000     
           1         264   1.0788352326786770E-005   7.5982973297190040E-007   2.1385868964037475E-005   2.3237978098965670       0.51636338186626318       0.51379310000000000        0.0000000000000000        0.0000000000000000        47.356015519910009        757.69624831856015        16.000000000000000        0.0000000000000000     
           1         265   3.2099999999999964E-006   4.1136999999999955E-004   3.2099999999999964E-006   9.9999999999999947        1.0000000000000000        0.0000000000000000        0.0000000000000000        1.0000000000000000        46.902455011740415        750.43928018784663        16.000000000000000        1.7500000000000000     
           1         266   1.2041132645471596E-005   2.9922752570191892E-006   2.1603400250210674E-005   2.0672790572774598       0.52408530684631427       0.51379310000000000        0.0000000000000000        0.0000000000000000        42.449943221967310        679.19909155147695        16.000000000000000        0.0000000000000000     
           1         267   1.1348421696634149E-005   1.7754986324209854E-006   2.1464489192227830E-005   2.1986217222462408       0.52183989852130030       0.51379310000000000        0.0000000000000000        0.0000000000000000        43.675392994865419        698.80628791784670        16.000000000000000        0.0000000000000000     
           1         268   1.1286651978297136E-005   1.6514725930127032E-006   2.1468508067590019E-005   2.2181757551093377       0.52000740556230729       0.51379310000000000        0.0000000000000000        0.0000000000000000        42.608821957052456        681.74115131283929        16.000000000000000        0.0000000000000000     
           1         269   1.1748153791535455E-005   2.4818295939779446E-006   2.1540226744568922E-005   2.1218762534667981       0.52354345478077557       0.51379310000000000        0.0000000000000000        1.0000000000000000        47.145503365608441        754.32805384973506        16.000000000000000        0.0000000000000000     
           1         270   1.1116844105649819E-005   1.3435248066676747E-006   2.1444677832225245E-005   2.2500675439708879       0.51775395357084941       0.51379310000000000        0.0000000000000000        0.0000000000000000        48.586466901239390        777.38347041983025        16.000000000000000        0.0000000000000000     
           1         271   1.1284835307566406E-005   1.6410144123162917E-006   2.1475823205136745E-005   2.2236251433051875       0.51945643364117544       0.51379310000000000        0.0000000000000000        0.0000000000000000        42.017833333112534        672.28533332980055        16.000000000000000        0.0000000000000000     
           1         272   1.0848387119944209E-005   8.7934898600801010E-007   2.1383044293368010E-005   2.3075071985157343       0.51821671093292254       0.51379310000000000        0.0000000000000000        0.0000000000000000        45.663141896591469        730.61027034546350        16.000000000000000        0.0000000000000000     
           1         273   1.1441236691076226E-005   1.9393860021031604E-006   2.1482199337276214E-005   2.1805358342038552       0.52320181899257301       0.51379310000000000        0.0000000000000000        0.0000000000000000        45.210440700733415        723.36705121173463        16.000000000000000        0.0000000000000000     
           1         274   1.1653047913040800E-005   2.2872846026194521E-006   2.1550201912968681E-005   2.1506462591396187       0.52086235120128432       0.51379310000000000        1.0000000000000000        0.0000000000000000        46.847017619865426        749.55228191784681        16.000000000000000        0.0000000000000000     
           1         275   1.1389877472175624E-005   1.8535740446111718E-006   2.1467247621774027E-005   2.1888829526765328       0.52260431320805112       0.51379310000000000        0.0000000000000000        0.0000000000000000        48.987188468289197        783.79501549262716        16.000000000000000        0.0000000000000000     
           1         276   1.1763606871144270E-005   2.5064734303360760E-006   2.1545967606186386E-005   2.1198169720180648       0.52368703461230792       0.51379310000000000        0.0000000000000000        0.0000000000000000        42.109713501560314        673.75541602496503        16.000000000000000        0.0000000000000000     
           1         277   1.0459307459731255E-005  -6.3200065176124071E-008   2.1578836534689872E-005   2.5088529685874148       0.49262609303132987       0.51379310000000000        0.0000000000000000        0.0000000000000000        44.451760352015718        711.22816563225149        16.000000000000000        0.0000000000000000     
           1         278   1.1294743064594912E-005   1.6571562932490583E-006   2.1479143129194215E-005   2.2218696255772881       0.51948560067052085       0.51379310000000000        0.0000000000000000        0.0000000000000000        46.191618233862087        739.06589174179339        16.000000000000000        0.0000000000000000     
           1         279   1.1753189532375265E-005   2.4481061608449753E-006   2.1586220760885188E-005   2.1325734167961916       0.52043220186010519       0.51379310000000000        0.0000000000000000        0.0000000000000000        44.876908156871778        718.03053050994845        16.000000000000000        0.0000000000000000     
           1         280   1.0977810228740696E-005   1.1254970819302702E-006   2.1389119722437257E-005   2.2679869935510251       0.52133115736867797       0.51379310000000000        0.0000000000000000        0.0000000000000000        47.321714318570180        757.14742909712288        16.000000000000000        0.0000000000000000     
           1         281   1.1405751269296868E-005   1.8845606011704995E-006   2.1467151198149696E-005   2.1844226213338152       0.52298790071120582       0.51379310000000000        0.0000000000000000        0.0000000000000000        39.045892901115415        624.73428641784665        16.000000000000000        0.0000000000000000     
           1         282   1.1730724300635800E-005   2.4472599248455487E-006   2.1540909924033535E-005   2.1259966905558301       0.52323717948049597       0.51379310000000000        0.0000000000000000        0.0000000000000000        43.462576912731294        695.40123060370070        16.000000000000000        0.0000000000000000     
           1         283   7.4381742884065708E-006  -5.4432528690280928E-006   2.1050462373258032E-005   2.9929816510195937       0.43926464531121129       0.51379310000000000        0.0000000000000000        1.0000000000000000        45.699445005752501        731.19112009204002        16.000000000000000        0.0000000000000000     
           1         284   1.1398904372679804E-005   1.8722513506678840E-006   2.1466076576126395E-005   2.1856218866077222       0.52291001316273023       0.51379310000000000        0.0000000000000000        0.0000000000000000        50.342549773970333        805.48079638352533        16.000000000000000        0.0000000000000000     
           1         285   1.1400532636658005E-005   1.8748928972776644E-006   2.1466634066274279E-005   2.1855243840969814       0.52290306525155383       0.51379310000000000        0.0000000000000000        0.0000000000000000        48.756865732597490        780.10985172155983        16.000000000000000        0.0000000000000000     
           1         286   1.0491938905176234E-005   2.6553696448915748E-007   2.1298562083398636E-005   2.3641236143821267       0.51935702695776476       0.51379310000000000        0.0000000000000000        0.0000000000000000        42.059925842231351        672.95881347570162        16.000000000000000        0.0000000000000000     
           1         287   1.1708393726143480E-005   2.4011191599948452E-006   2.1543740472338844E-005   2.1337867585347263       0.52243385635843731       0.51379310000000000        0.0000000000000000        0.0000000000000000        41.440993343264545        663.05589349223271        16.000000000000000        0.0000000000000000     
           1         288   1.0966317645513628E-005   1.0920294437671917E-006   2.1400849005452542E-005   2.2774820755588392       0.52042972885039784       0.51379310000000000        0.0000000000000000        0.0000000000000000        46.845596338615429        749.52954141784687        16.000000000000000        0.0000000000000000     
           1         289   1.2091653685120896E-005   3.0912870297037359E-006   2.1602679310268207E-005   2.0549442509201210       0.52514946903284609       0.51379310000000000        0.0000000000000000        0.0000000000000000        51.051501199779295        816.82401919646873        16.000000000000000        0.0000000000000000     
           1         290   1.1546954275848779E-005   2.0939518333291497E-006   2.1536297144593800E-005   2.1710350853063289       0.51930554254406003       0.51379310000000000        0.0000000000000000        0.0000000000000000        50.258229793587439        804.13167669739903        16.000000000000000        0.0000000000000000     
           1         291   1.1306492496025209E-005   1.6853958957848025E-006   2.1473466777214570E-005   2.2158414095447676       0.52011180440126270       0.51379310000000000        0.0000000000000000        0.0000000000000000        40.896323692559832        654.34117908095732        16.000000000000000        0.0000000000000000     
           1         292   1.2055566161004930E-005   3.0138552218541177E-006   2.1610281844245884E-005   2.0668131691258349       0.52400232043033090       0.51379310000000000        0.0000000000000000        0.0000000000000000        43.905352191796538        702.48563506874461        16.000000000000000        0.0000000000000000     
           1         293   9.6026506415757854E-006  -1.4406113183131258E-006   2.1272480494840394E-005   2.5349553023089726       0.49506401730894878       0.51379310000000000        0.0000000000000000        0.0000000000000000        44.807774423476758        716.92439077562813        16.000000000000000        0.0000000000000000     
           1         294   1.1427146444873671E-005   1.9233827907426841E-006   2.1470130593233147E-005   2.1795529530109086       0.52337968513103339       0.51379310000000000        0.0000000000000000        0.0000000000000000        48.789782908605986        780.63652653769577        16.000000000000000        0.0000000000000000     
           1         295   1.1368112000299839E-005   1.8085486638598695E-006   2.1470061769576161E-005   2.1963774612487850       0.52196387015224499       0.51379310000000000        0.0000000000000000        0.0000000000000000        53.376012633392335        854.01620213427736        16.000000000000000        0.0000000000000000     
           1         296   1.1291453646959869E-005   1.6532139788153103E-006   2.1476543652138673E-005   2.2219445848570238       0.51950444899886128       0.51379310000000000        0.0000000000000000        0.0000000000000000        43.421917740226711        694.75068384362737        16.000000000000000        0.0000000000000000     
           1         297   1.1376487972720935E-005   1.8262433564269655E-006   2.1468590300277712E-005   2.1933704180760740       0.52221942175336689       0.51379310000000000        0.0000000000000000        0.0000000000000000        43.718999736587563        699.50399578540100        16.000000000000000        0.0000000000000000     
           1         298   1.1021046719964796E-005   1.1989486614089978E-006   2.1400426794598264E-005   2.2605795654457599       0.52182185181231744       0.51379310000000000        0.0000000000000000        0.0000000000000000        47.551199858946717        760.81919774314747        16.000000000000000        0.0000000000000000     
           1         299   1.1396413463482971E-005   1.8662727636860774E-006   2.1467271227091547E-005   2.1869140752022989       0.52278049953317463       0.51379310000000000        0.0000000000000000        0.0000000000000000        47.356127958289697        757.69804733263516        16.000000000000000        0.0000000000000000     
           1         300   1.1421892560299846E-005   1.9112534546111361E-006   2.1472142256659791E-005   2.1819140334838503       0.52316246901955565       0.51379310000000000        0.0000000000000000        0.0000000000000000        50.829679766888681        813.27487627021890        16.000000000000000        0.0000000000000000     
           1         301   1.1295706177852573E-005   1.6660875126099567E-006   2.1471686045338351E-005   2.2176403921478745       0.51997779595671667       0.51379310000000000        0.0000000000000000        0.0000000000000000        44.976160074199079        719.61856118718526        16.000000000000000        0.0000000000000000     
           1         302   1.1335741996698405E-005   1.7508832309606311E-006   2.1464422396566295E-005   2.2020890194388332       0.52153968435300091       0.51379310000000000        0.0000000000000000        0.0000000000000000        44.777290914642336        716.43665463427737        16.000000000000000        0.0000000000000000     
           1         303   1.0881439312421723E-005   9.2901917643377703E-007   2.1398535623008356E-005   2.2918742413256949       0.51766085820301933       0.51379310000000000        1.0000000000000000        0.0000000000000000        45.693893058191449        731.10228893106319        16.000000000000000        0.0000000000000000     
           1         304   1.1124732094999685E-005   1.3557958048679373E-006   2.1447934131435645E-005   2.2570250973541284       0.51820727007820622       0.51379310000000000        0.0000000000000000        0.0000000000000000        49.569342432766767        793.10947892426827        16.000000000000000        0.0000000000000000     
           1         305   1.0833272589726286E-005   7.3585926266285193E-007   2.1503588653305524E-005   2.3647443601504952       0.50637785854523476       0.51379310000000000        0.0000000000000000        0.0000000000000000        49.269016709176540        788.30426734682464        16.000000000000000        0.0000000000000000     
           1         306   1.1463024470258768E-005   1.9336835131051299E-006   2.1533037115766293E-005   2.1897130573918235       0.51776223384191000       0.51379310000000000        0.0000000000000000        0.0000000000000000        42.896101092164287        686.33761747462859        16.000000000000000        0.0000000000000000     
           1         307   1.0733385401140596E-005   6.6597630302751869E-007   2.1371994868607532E-005   2.3248676730534772       0.51661699999361321       0.51379310000000000        0.0000000000000000        0.0000000000000000        44.554753578625011        712.87605725800017        16.000000000000000        0.0000000000000000     
           1         308   1.1209160165482874E-005   1.4931108004320717E-006   2.1476474601009289E-005   2.2449266323109138       0.51719525225697438       0.51379310000000000        0.0000000000000000        0.0000000000000000        45.875739036417556        734.01182458268090        16.000000000000000        0.0000000000000000     
           1         309   1.1706800460713332E-005   2.3959268127473411E-006   2.1545950491897159E-005   2.1354746429590143       0.52225087007822335       0.51379310000000000        0.0000000000000000        0.0000000000000000        47.412058633392341        758.59293813427746        16.000000000000000        0.0000000000000000     
           1         310   1.0858207559348101E-005   9.0548266581416559E-007   2.1375625918684153E-005   2.2961620973849786       0.51912681061266797       0.51379310000000000        0.0000000000000000        0.0000000000000000        52.990188950238050        847.84302320380880        16.000000000000000        0.0000000000000000     
           1         311   1.1391990661143510E-005   1.8580055040667825E-006   2.1466911007211306E-005   2.1879120865467399       0.52270487908503382       0.51379310000000000        0.0000000000000000        0.0000000000000000        42.013720886120289        672.21953417792463        16.000000000000000        0.0000000000000000     
           1         312   1.1756417307131461E-005   2.4992904838148019E-006   2.1538771049221398E-005   2.1189299226185381       0.52382176143673786       0.51379310000000000        0.0000000000000000        0.0000000000000000        46.141039968585638        738.25663949737020        16.000000000000000        0.0000000000000000     
           1         313   1.1005789858208506E-005   1.1788716069305739E-006   2.1390263611605594E-005   2.2606921876062009       0.52189539259616391       0.51379310000000000        0.0000000000000000        0.0000000000000000        45.829591005050062        733.27345608080100        16.000000000000000        0.0000000000000000     
           1         314   1.1355915410169913E-005   1.7851182515004896E-006   2.1469736381497274E-005   2.1997773913757390       0.52163657203964453       0.51379310000000000        0.0000000000000000        0.0000000000000000        49.435107846000001        790.96172553600002        16.000000000000000        0.0000000000000000     
           1         315   1.0857188786472762E-005   8.8515948815299269E-007   2.1395006835691299E-005   2.3092883174706573       0.51752473384353526       0.51379310000000000        0.0000000000000000        0.0000000000000000        51.570099665364950        825.12159464583920        16.000000000000000        0.0000000000000000     
           1         316   1.1269706551051551E-005   1.6157108059407128E-006   2.1471446594780266E-005   2.2246426313365784       0.51935202222609089       0.51379310000000000        0.0000000000000000        0.0000000000000000        43.863583820892330        701.81734113427729        16.000000000000000        0.0000000000000000     
           1         317   1.1413624922529234E-005   1.8999664685577777E-006   2.1467065277668236E-005   2.1821751156966815       0.52317913167955854       0.51379310000000000        0.0000000000000000        0.0000000000000000        43.724769377576500        699.59631004122400        16.000000000000000        0.0000000000000000     
           1         318   1.0962723814948924E-005   1.0959149321876552E-006   2.1389351497487764E-005   2.2733820576772654       0.52085899911216837       0.51379310000000000        0.0000000000000000        0.0000000000000000        47.094550526659532        753.51280842655251        16.000000000000000        0.0000000000000000     
           1         319   1.0822591966191409E-005   8.2795842461825052E-007   2.1384296768588993E-005   2.3127244402957707       0.51739879102752695       0.51379310000000000        0.0000000000000000        0.0000000000000000        45.526189089747078        728.41902543595324        16.000000000000000        0.0000000000000000     
           1         320   1.1729659231364339E-005   2.4407329368947821E-006   2.1545616669457565E-005   2.1285854161615458       0.52291446720037660       0.51379310000000000        0.0000000000000000        0.0000000000000000        50.203518769486621        803.25630031178594        16.000000000000000        0.0000000000000000     
           1         321   1.1368185891092574E-005   1.8119865320339692E-006   2.1466580819072827E-005   2.1944571725860391       0.52213941431462008       0.51379310000000000        0.0000000000000000        1.0000000000000000        42.240842808079066        675.85348492926505        16.000000000000000        0.0000000000000000     
           1         322   1.1424607327648881E-005   1.9182208637945267E-006   2.1470363097592757E-005   2.1804157869368472       0.52330240240645554       0.51379310000000000        0.0000000000000000        0.0000000000000000        45.138341506535582        722.21346410456931        16.000000000000000        0.0000000000000000     
           1         323   7.8758545956091615E-006  -4.0951962835119242E-006   2.0526113860628953E-005   2.7136747216591743       0.50227206180046480       0.51379310000000000        0.0000000000000000        1.0000000000000000        42.225781106338502        675.61249770141603        16.000000000000000        0.0000000000000000     
           1         324   1.1055078301940376E-005   1.2349060906525947E-006   2.1432423261403961E-005   2.2708283756839891       0.51788401916156646       0.51379310000000000        0.0000000000000000        0.0000000000000000        48.719835594332970        779.51736950932752        16.000000000000000        0.0000000000000000     
           1         325   1.1107939570205466E-005   1.3211739212215678E-006   2.1449982560061882E-005   2.2640548760055346       0.51811708614644592       0.51379310000000000        0.0000000000000000        0.0000000000000000        46.452283658175247        743.23653853080395        16.000000000000000        0.0000000000000000     
           1         326   1.1319619936394457E-005   1.7120573962985903E-006   2.1472292267699317E-005   2.2115765780010697       0.52053991244092512       0.51379310000000000        0.0000000000000000        0.0000000000000000        42.889478872552765        686.23166196084424        16.000000000000000        0.0000000000000000     
           1         327   1.1378601044378449E-005   1.8276679828968406E-006   2.1471430877832259E-005   2.1939485279966511       0.52214224412483945       0.51379310000000000        0.0000000000000000        0.0000000000000000        43.186869383498014        690.98991013596822        16.000000000000000        0.0000000000000000     
           1         328   1.1355260673051706E-005   1.7898120816450138E-006   2.1463429612384463E-005   2.1960716010165977       0.52209797832873461       0.51379310000000000        0.0000000000000000        0.0000000000000000        45.887041016204591        734.19265625927346        16.000000000000000        0.0000000000000000     
           1         329   1.1323503942354919E-005   1.7268307590568158E-006   2.1464669081174257E-005   2.2056275323161452       0.52122241178928541       0.51379310000000000        0.0000000000000000        0.0000000000000000        49.521694755852245        792.34711609363592        16.000000000000000        0.0000000000000000     
           1         330   1.1214584732537859E-005   1.5137651538333880E-006   2.1465805280586783E-005   2.2397051979503440       0.51868158000350917       0.51379310000000000        0.0000000000000000        0.0000000000000000        49.015347258392346        784.24555613427754        16.000000000000000        0.0000000000000000     
           1         331   1.1349945383670386E-005   1.7756252863722195E-006   2.1467489176617554E-005   2.1996234004154496       0.52170742919396518       0.51379310000000000        0.0000000000000000        0.0000000000000000        40.421849349731090        646.74958959569744        16.000000000000000        0.0000000000000000     
           1         332   1.1194397183934674E-005   1.4853947822876745E-006   2.1454264828448706E-005   2.2343254242863697       0.51900463302346644       0.51379310000000000        1.0000000000000000        0.0000000000000000        42.321662602395079        677.14660163832127        16.000000000000000        0.0000000000000000     
           1         333   1.1168229698723723E-005   1.4330038623813072E-006   2.1455808632001830E-005   2.2419389852512266       0.51830562385635526       0.51379310000000000        0.0000000000000000        1.0000000000000000        45.350772099256382        725.61235358810211        16.000000000000000        0.0000000000000000     
           1         334   1.1423558090599376E-005   1.9146596260504632E-006   2.1471968386063824E-005   2.1813285438543732       0.52321384060565612       0.51379310000000000        0.0000000000000000        0.0000000000000000        46.979685743773565        751.67497190037705        16.000000000000000        0.0000000000000000     
           1         335   1.1323917912738082E-005   1.7268756480097154E-006   2.1465473073772977E-005   2.2060116981373694       0.52116529412777901       0.51379310000000000        0.0000000000000000        0.0000000000000000        50.393348856530878        806.29358170449404        16.000000000000000        0.0000000000000000     
           1         336   8.3980373288761723E-006  -3.5503007213931720E-006   2.1024295094234785E-005   2.7198683308052809       0.49091771979261400       0.51379310000000000        0.0000000000000000        1.0000000000000000        40.686647523800218        650.98636038080349        16.000000000000000        0.0000000000000000     
           1         337   1.1352056155272753E-005   1.7756053037422140E-006   2.1471851596278333E-005   2.2017440062033762       0.52150241267180619       0.51379310000000000        0.0000000000000000        0.0000000000000000        42.513589307365422        680.21742891784675        16.000000000000000        0.0000000000000000     
           1         338   1.1093814514156977E-005   1.3042142968064096E-006   2.1438852898913791E-005   2.2623374314011664       0.51815151697108930       0.51379310000000000        0.0000000000000000        1.0000000000000000        43.712398955923987        699.39838329478380        16.000000000000000        0.0000000000000000     
           1         339   1.1419789597178584E-005   1.9114522874867581E-006   2.1467606899220521E-005   2.1806374466311165       0.52330520074794296       0.51379310000000000        0.0000000000000000        0.0000000000000000        47.550929307590032        760.81486892144051        16.000000000000000        0.0000000000000000     
           1         340   1.0233780675914445E-005  -4.7011920030463507E-007   2.1544993864152119E-005   2.5554728357955132       0.48740830825713044       0.51379310000000000        0.0000000000000000        0.0000000000000000        51.736518478489714        827.78429565583542        16.000000000000000        0.0000000000000000     
           1         341   1.1421342398840696E-005   1.9152020636289138E-006   2.1466838075400145E-005   2.1798724092407444       0.52337662307968358       0.51379310000000000        0.0000000000000000        0.0000000000000000        44.177967451748557        706.84747922797692        16.000000000000000        0.0000000000000000     
           1         342   1.1416497471890654E-005   1.9055903857155582E-006   2.1467030353299118E-005   2.1813514243642356       0.52324892355621933       0.51379310000000000        0.0000000000000000        0.0000000000000000        42.843405690294873        685.49449104471796        16.000000000000000        0.0000000000000000     
           1         343   8.8817823576891448E-006  -2.7068912828441287E-006   2.1127969227225591E-005   2.6251134478522249       0.50461977528318114       0.51379310000000000        0.0000000000000000        1.0000000000000000        45.932652280768757        734.92243649230011        16.000000000000000        0.0000000000000000     
           1         344   1.2045792559682718E-005   2.9955855354646271E-006   2.1609486375247419E-005   2.0681114067331641       0.52399251718616813       0.51379310000000000        0.0000000000000000        0.0000000000000000        44.859656369865426        717.75450191784682        16.000000000000000        0.0000000000000000     
           1         345   1.1381698578663893E-005   1.8322231737136991E-006   2.1472988051690988E-005   2.1936353082461455       0.52214598699255210       0.51379310000000000        0.0000000000000000        0.0000000000000000        49.387337164420920        790.19739463073472        16.000000000000000        0.0000000000000000     
           1         346   1.1389055581283315E-005   1.8456906116063853E-006   2.1473887927763074E-005   2.1917465401058305       0.52230754135135427       0.51379310000000000        0.0000000000000000        0.0000000000000000        43.638179571639064        698.21087314622503        16.000000000000000        0.0000000000000000     
           1         347   1.1417414356513096E-005   1.9068878366057849E-006   2.1467545079247793E-005   2.1812570235618445       0.52325410513351589       0.51379310000000000        0.0000000000000000        0.0000000000000000        45.042858681932856        720.68573891092569        16.000000000000000        0.0000000000000000     
           1         348   1.1335728909642755E-005   1.7451265487738751E-006   2.1470478782295727E-005   2.2060178295649311       0.52107653388532704       0.51379310000000000        0.0000000000000000        0.0000000000000000        44.788265544497342        716.61224871195748        16.000000000000000        0.0000000000000000     
           1         349   1.1003838242213769E-005   1.1750064013691312E-006   2.1390334157607472E-005   2.2613550915780518       0.52183936920788709       0.51379310000000000        0.0000000000000000        0.0000000000000000        47.769475926077902        764.31161481724644        16.000000000000000        0.0000000000000000     
           1         350   1.1397320319767265E-005   1.8663511871321906E-006   2.1469053519482971E-005   2.1874854469171101       0.52271192358945973       0.51379310000000000        0.0000000000000000        0.0000000000000000        48.567705738906419        777.08329182250270        16.000000000000000        0.0000000000000000     
           1         351   1.1357055393196215E-005   1.7890016577700367E-006   2.1467977286101321E-005   2.1982646750291623       0.52178695006120657       0.51379310000000000        0.0000000000000000        0.0000000000000000        43.244692633392333        691.91508213427733        16.000000000000000        0.0000000000000000     
           1         352   1.1268704997470251E-005   1.6208159695981836E-006   2.1463991843638756E-005   2.2203674447360107       0.51993500667793668       0.51379310000000000        0.0000000000000000        0.0000000000000000        48.339439302193831        773.43102883510130        16.000000000000000        0.0000000000000000     
           1         353   1.1265196305614018E-005   1.5993752099970125E-006   2.1479432641549321E-005   2.2313289756307144       0.51869893224087082       0.51379310000000000        0.0000000000000000        1.0000000000000000        47.885246103557108        766.16393765691373        16.000000000000000        0.0000000000000000     
           1         354   1.1378889100244191E-005   1.8304708767546976E-006   2.1469061409899217E-005   2.1925979555872686       0.52227292272414783       0.51379310000000000        0.0000000000000000        0.0000000000000000        47.563491491196032        761.01586385913652        16.000000000000000        0.0000000000000000     
           1         355   1.1348453211678376E-005   1.7767983113238652E-006   2.1463180590872634E-005   2.1978008738767336       0.52195568869985665       0.51379310000000000        0.0000000000000000        0.0000000000000000        51.586639980786238        825.38623969257981        16.000000000000000        0.0000000000000000     
           1         356   1.0842492803061358E-005   8.5664070997303953E-007   2.1394917918890246E-005   2.3145635976431058       0.51705098345705269       0.51379310000000000        0.0000000000000000        1.0000000000000000        41.618245261531904        665.89192418451046        16.000000000000000        0.0000000000000000     
           1         357   1.1424218842705677E-005   1.9207708963033405E-006   2.1466869370847092E-005   2.1790921676341370       0.52344158655660289       0.51379310000000000        0.0000000000000000        1.0000000000000000        44.877720057992562        718.04352092788099        16.000000000000000        0.0000000000000000     
           1         358   1.0950309146574963E-005   1.0769661540914862E-006   2.1383841668370638E-005   2.2737800300569924       0.52088746171215927       0.51379310000000000        0.0000000000000000        0.0000000000000000        49.177680945892348        786.84289513427757        16.000000000000000        0.0000000000000000     
           1         359   1.1390750792022199E-005   1.8554614090596211E-006   2.1467049362588367E-005   2.1885084848691894       0.52263960181033542       0.51379310000000000        0.0000000000000000        0.0000000000000000        49.459869977549978        791.35791964079965        16.000000000000000        0.0000000000000000     
           1         360   1.1392240123487277E-005   1.8592684007728797E-006   2.1466089535385495E-005   2.1874796684765974       0.52275115975812791       0.51379310000000000        0.0000000000000000        0.0000000000000000        49.486113447882644        791.77781516612231        16.000000000000000        0.0000000000000000     
           1         361   1.1360094873784936E-005   1.7917241480660172E-006   2.1471351742242644E-005   2.1985543585392580       0.52175337483266171       0.51379310000000000        0.0000000000000000        0.0000000000000000        43.515456399731157        696.24730239569851        16.000000000000000        0.0000000000000000     
           1         362   1.1365047420881284E-005   1.8043818119602067E-006   2.1468162002905467E-005   2.1963489732179644       0.52194357660666446       0.51379310000000000        0.0000000000000000        0.0000000000000000        43.531109561443714        696.49775298309942        16.000000000000000        0.0000000000000000     
           1         363   1.1391283576931392E-005   1.8564606372166699E-006   2.1467089239391839E-005   2.1882213847832310       0.52267363262634403       0.51379310000000000        0.0000000000000000        0.0000000000000000        46.862717611108344        749.80348177773351        16.000000000000000        0.0000000000000000     
           1         364   1.1766453303499836E-005   2.5185037555720025E-006   2.1539109073859077E-005   2.1164344375246884       0.52403658674810227       0.51379310000000000        0.0000000000000000        0.0000000000000000        49.879844734978633        798.07751575965813        16.000000000000000        0.0000000000000000     
           1         365   1.1111993124327490E-005   1.3372696785756120E-006   2.1441310665554314E-005   2.2580945973609929       0.51836762308571938       0.51379310000000000        1.0000000000000000        0.0000000000000000        50.229282508392330        803.66852013427729        16.000000000000000        0.0000000000000000     
           1         366   1.0538051816546357E-005   3.5633684933267407E-007   2.1297452590827937E-005   2.3490529883247353       0.52060625780993341       0.51379310000000000        0.0000000000000000        0.0000000000000000        41.666541037794332        666.66465660470931        16.000000000000000        0.0000000000000000     
           1         367   1.1128394247620399E-005   1.3622802604787833E-006   2.1448613850441502E-005   2.2562535449663508       0.51823576752832767       0.51379310000000000        0.0000000000000000        1.0000000000000000        46.745002901080305        747.92004641728488        16.000000000000000        0.0000000000000000     
           1         368   1.0863161355001689E-005   9.1636451332172741E-007   2.1374315319202432E-005   2.2937445567745862       0.51939283390773372       0.51379310000000000        0.0000000000000000        0.0000000000000000        45.882310788509628        734.11697261615404        16.000000000000000        0.0000000000000000     
           1         369   1.0861894670760224E-005   8.9412440687900374E-007   2.1395212038258128E-005   2.3040590513680095       0.51688892705109157       0.51379310000000000        0.0000000000000000        0.0000000000000000        50.240399054913929        803.84638487862287        16.000000000000000        0.0000000000000000     
           1         370   1.1695288258133011E-005   2.3384328553975051E-006   2.1583028937303044E-005   2.1442909138387565       0.51983630864351071       0.51379310000000000        0.0000000000000000        0.0000000000000000        49.692845528878472        795.08552846205555        16.000000000000000        0.0000000000000000     
           1         371   1.1657519901541994E-005   2.2941645152750550E-006   2.1552129357540324E-005   2.1486902352554149       0.52119941623194666       0.51379310000000000        0.0000000000000000        0.0000000000000000        42.381842850458831        678.10948560734130        16.000000000000000        0.0000000000000000     
           1         372   1.1298352233203961E-005   1.6687489246521936E-006   2.1474315872698747E-005   2.2188761132854435       0.51989154005580929       0.51379310000000000        0.0000000000000000        1.0000000000000000        44.310081508392337        708.96130413427738        16.000000000000000        0.0000000000000000     
           1         373   1.1363253139051873E-005   1.8005061077786193E-006   2.1468567238283093E-005   2.1971469126755085       0.52187682197339569       0.51379310000000000        0.0000000000000000        0.0000000000000000        49.138406449043131        786.21450318469010        16.000000000000000        0.0000000000000000     
           1         374   1.1374116071680912E-005   1.8214570193476866E-006   2.1468769824520054E-005   2.1941067448619784       0.52214312391694739       0.51379310000000000        0.0000000000000000        0.0000000000000000        47.895316391187663        766.32506225900261        16.000000000000000        0.0000000000000000     
           1         375   1.2066054162859865E-005   3.0408300350065141E-006   2.1603347613127244E-005   2.0612842094586914       0.52460077864149590       0.51379310000000000        0.0000000000000000        0.0000000000000000        52.907588763067920        846.52142020908673        16.000000000000000        0.0000000000000000     
           1         376   9.7472446985833920E-006  -1.0593303924455458E-006   2.1166958644236188E-005   2.5286498382767211       0.51369985216174441       0.51379310000000000        0.0000000000000000        0.0000000000000000        40.490977619088881        647.85564190542209        16.000000000000000        0.0000000000000000     
           1         377   1.0282068951747108E-005  -1.1840722614133771E-007   2.1272642917096912E-005   2.4216888604760651       0.51548119268969783       0.51379310000000000        0.0000000000000000        0.0000000000000000        44.995637383838037        719.93019814140860        16.000000000000000        0.0000000000000000     
           1         378   1.1425195740733768E-005   1.9196268234365233E-006   2.1470087578512191E-005   2.1800684363888427       0.52333729636238624       0.51379310000000000        0.0000000000000000        0.0000000000000000        46.208227806558249        739.33164490493198        16.000000000000000        0.0000000000000000     
           1         379   1.1378544056915655E-005   1.8343212902153720E-006   2.1464282869741099E-005   2.1901534056520946       0.52258168620365253       0.51379310000000000        0.0000000000000000        0.0000000000000000        49.514881820892342        792.23810913427747        16.000000000000000        0.0000000000000000     
           1         380   1.0862129558350937E-005   8.8594297586230759E-007   2.1404340765956760E-005   2.3220213249655526       0.51514478154536469       0.51379310000000000        0.0000000000000000        0.0000000000000000        50.452144667267348        807.23431467627756        16.000000000000000        0.0000000000000000     
           1         381   1.0844699730177498E-005   8.4690020235571560E-007   2.1409750149203162E-005   2.3329352197136837       0.51381744252348205       0.51379310000000000        0.0000000000000000        0.0000000000000000        44.432005875773058        710.91209401236893        16.000000000000000        0.0000000000000000     
           1         382   1.0908549728944850E-005   9.6484690672164196E-007   2.1416434126531361E-005   2.3114294353725628       0.51525335042090281       0.51379310000000000        0.0000000000000000        0.0000000000000000        42.463187278287016        679.41099645259226        16.000000000000000        0.0000000000000000     
           1         383   1.0791136093013324E-005   6.0732752098408921E-007   2.1552749258168909E-005   2.4073083837784757       0.50148141421665404       0.51379310000000000        0.0000000000000000        0.0000000000000000        47.620938431292274        761.93501490067638        16.000000000000000        0.0000000000000000     
           1         384   1.0742694555026865E-005   4.3288572623557856E-007   2.1637456925844718E-005   2.4824248356756446       0.49210017487924035       0.51379310000000000        0.0000000000000000        0.0000000000000000        47.355628359112686        757.69005374580297        16.000000000000000        0.0000000000000000     
           1         385  -4.7741111579569459E-006  -4.7741111579569459E-006   2.0271150709711657E-005   2.9192442215426628       0.45551758196446512        1.0000000000000000        1.0000000000000000        0.0000000000000000        42.391263152230835        678.26021043569335        16.000000000000000        0.0000000000000000     
           1         386   1.1292234967721942E-005   1.6548189718542938E-006   2.1476454567456995E-005   2.2217780746601572       0.51954978513668981       0.51379310000000000        0.0000000000000000        1.0000000000000000        43.600289463615418        697.60463141784669        16.000000000000000        0.0000000000000000     
           1         387   1.0915805460860223E-005   1.0081433667386069E-006   2.1385604266864931E-005   2.2851661587522405       0.51986518713733643       0.51379310000000000        0.0000000000000000        0.0000000000000000        44.502551307024099        712.04082091238558        16.000000000000000        0.0000000000000000     
           1         388   1.0777210763093036E-005   6.3071535067121765E-007   2.1499393710484166E-005   2.3773103988230768       0.50529592963734893       0.51379310000000000        0.0000000000000000        0.0000000000000000        44.318352042683799        709.09363268294078        16.000000000000000        0.0000000000000000     
           1         389   1.1377896741035194E-005   1.8289719969737131E-006   2.1468604310010234E-005   2.1925806623478352       0.52228535125163311       0.51379310000000000        1.0000000000000000        0.0000000000000000        47.659969941168868        762.55951905870188        16.000000000000000        0.0000000000000000     
           1         390   1.1377543086547311E-005   1.8309623405095116E-006   2.1465773664737982E-005   2.1912063503909502       0.52245699128464018       0.51379310000000000        0.0000000000000000        0.0000000000000000        51.071358439409032        817.14173503054451        16.000000000000000        0.0000000000000000     
           1         391   1.0427331635326589E-005   1.4605007999546807E-007   2.1291948164393371E-005   2.3814845833915093       0.51793693500612847       0.51379310000000000        0.0000000000000000        0.0000000000000000        43.002239762163512        688.03583619461619        16.000000000000000        0.0000000000000000     
           1         392   8.8097920862698802E-006  -2.3557756599982447E-006   2.0608867059527624E-005   2.7316304644932838       0.46859763557596917       0.51379310000000000        0.0000000000000000        1.0000000000000000        40.717182979646012        651.47492767433619        16.000000000000000        0.0000000000000000     
           1         393   1.1736703529499036E-005   2.4585708813496639E-006   2.1541254915963937E-005   2.1254047572932691       0.52323187769604096       0.51379310000000000        0.0000000000000000        0.0000000000000000        46.507249303169267        744.11598885070828        16.000000000000000        0.0000000000000000     
           1         394   1.1420763057417431E-005   1.9140128604119467E-006   2.1466903197849194E-005   2.1800769246155505       0.52335806845872324       0.51379310000000000        0.0000000000000000        0.0000000000000000        47.950611073115049        767.20977716984078        16.000000000000000        0.0000000000000000     
           1         395   8.0946729870489019E-006  -3.6555699945127171E-006   2.0511596250066966E-005   2.7370072603195243       0.47724001251689674       0.51379310000000000        1.0000000000000000        0.0000000000000000        46.581707408530605        745.30731853648967        16.000000000000000        0.0000000000000000     
           1         396   9.9908653139781378E-006  -8.0867885805666010E-007   2.1403149423349404E-005   2.5590812433449210       0.49101061173938654       0.51379310000000000        0.0000000000000000        0.0000000000000000        43.421301583771097        694.74082534033755        16.000000000000000        0.0000000000000000     
           1         397   1.1375200290501326E-005   1.8236241434811740E-006   2.1468709696607344E-005   2.1937584347350034       0.52217195890029322       0.51379310000000000        0.0000000000000000        0.0000000000000000        46.007187882338883        736.11500611742213        16.000000000000000        0.0000000000000000     
           1         398   1.0916858365537969E-005   1.0032887149308459E-006   2.1392899908452069E-005   2.2870945160094620       0.51971333943977249       0.51379310000000000        0.0000000000000000        1.0000000000000000        48.286968995367303        772.59150392587685        16.000000000000000        0.0000000000000000     
           1         399   1.1319589186219264E-005   1.7137191656232811E-006   2.1470472968573919E-005   2.2103262748503365       0.52066138203680412       0.51379310000000000        0.0000000000000000        0.0000000000000000        46.783794483670476        748.54071173872762        16.000000000000000        0.0000000000000000     
           1         400   1.1714381513555638E-005   2.4117166242033886E-006   2.1544857041075531E-005   2.1329448529147998       0.52249958096139570       0.51379310000000000        0.0000000000000000        0.0000000000000000        49.809490883392336        796.95185413427737        16.000000000000000        0.0000000000000000     
           1         401   1.1387984585005156E-005   1.8446016326137887E-006   2.1472835934495196E-005   2.1918029293234524       0.52230907462203402       0.51379310000000000        0.0000000000000000        0.0000000000000000        40.424783602620693        646.79653764193108        16.000000000000000        0.0000000000000000     
           1         402   1.0446181901662549E-005   1.7349389548197368E-007   2.1301717304447351E-005   2.3796175065877931       0.51803879283821119       0.51379310000000000        0.0000000000000000        0.0000000000000000        45.363402292792202        725.81443668467523        16.000000000000000        0.0000000000000000     
           1         403   1.1086164424314427E-005   1.2867586174813871E-006   2.1441564743912462E-005   2.2655013229554775       0.51775860439184540       0.51379310000000000        0.0000000000000000        0.0000000000000000        49.419209258186740        790.70734813098784        16.000000000000000        0.0000000000000000     
           1         404   7.8690610300501732E-006  -4.5546430667101343E-006   2.0997655958171203E-005   2.7455823088149947       0.48508718993984951       0.51379310000000000        0.0000000000000000        1.0000000000000000        50.856861106429093        813.70977770286549        16.000000000000000        0.0000000000000000     
           1         405   1.1391406889603064E-005   1.8558273579622744E-006   2.1468012071180056E-005   2.1887919989296685       0.52260606507172258       0.51379310000000000        0.0000000000000000        0.0000000000000000        49.516176054985742        792.25881687977187        16.000000000000000        0.0000000000000000     
           1         406   1.1374765832979023E-005   1.8237063210092625E-006   2.1467729291414910E-005   2.1928970143393105       0.52228226149926482       0.51379310000000000        0.0000000000000000        0.0000000000000000        42.289859559968747        676.63775295949995        16.000000000000000        0.0000000000000000     
           1         407   1.1186218377321013E-005   1.4350583956257763E-006   2.1490635520704149E-005   2.2603735787762189       0.51625882197403616       0.51379310000000000        0.0000000000000000        0.0000000000000000        42.928527977142330        686.85644763427729        16.000000000000000        0.0000000000000000     
           1         408   7.3726329789973884E-006  -5.3218952034228281E-006   2.0787417894396529E-005   2.8744581929505655       0.50304307980172203       0.51379310000000000        0.0000000000000000        1.0000000000000000        47.250133919279975        756.00214270847960        16.000000000000000        0.0000000000000000     
           1         409   1.0907895218406182E-005   9.9110395567731484E-007   2.1387341159897635E-005   2.2884478080786068       0.51955436511029507       0.51379310000000000        0.0000000000000000        0.0000000000000000        53.341728329494650        853.46765327191440        16.000000000000000        0.0000000000000000     
           1         410   1.0730779905145933E-005   6.6216560997732119E-007   2.1370662949625281E-005   2.3370901585091737       0.51635966254470633       0.51379310000000000        0.0000000000000000        0.0000000000000000        52.743146990435314        843.89035184696502        16.000000000000000        0.0000000000000000     
           1         411   1.1114771664329131E-005   1.3381148204254870E-006   2.1446132300028349E-005   2.2591787354198334       0.51817898618859393       0.51379310000000000        0.0000000000000000        0.0000000000000000        41.980349045764648        671.68558473223436        16.000000000000000        0.0000000000000000     
           2           1   1.1383342504835997E-005   1.8483926081773711E-006   2.1459282327469497E-005   2.1884223044157052       0.52253270209308966       0.51379310000000000        0.0000000000000000        0.0000000000000000        43.883902890251605        746.02634913427732        17.000000000000000        0.0000000000000000     
           2           2   9.9185024710988210E-006  -7.3942867581454861E-007   2.1181138775847109E-005   2.4749179632738025       0.51701875551533849       0.51379310000000000        0.0000000000000000        0.0000000000000000        42.941297364806879        730.00205520171698        17.000000000000000        0.0000000000000000     
           2           3   1.1293049068779203E-005   1.6685411697217249E-006   2.1463628197605694E-005   2.2166522974951040       0.52005361926316351       0.51379310000000000        0.0000000000000000        0.0000000000000000        47.772430459879118        812.13131781794505        17.000000000000000        0.0000000000000000     
           2           4   1.0445279341567438E-005   1.9164511969613811E-007   2.1280679894544760E-005   2.3692731701959571       0.51898185798246665       0.51379310000000000        0.0000000000000000        0.0000000000000000        51.748974732531217        879.73257045303069        17.000000000000000        0.0000000000000000     
           2           5   1.1396768119436147E-005   1.8765055990544136E-006   2.1457187239693573E-005   2.1841423290192372       0.52292246572122114       0.51379310000000000        0.0000000000000000        0.0000000000000000        52.475607012480815        892.08531921217389        17.000000000000000        0.0000000000000000     
           2           6   1.1381464930387656E-005   1.8463022177225749E-006   2.1457629643691486E-005   2.1884427830587030       0.52254107334915256       0.51379310000000000        0.0000000000000000        0.0000000000000000        42.327725410975276        719.57133198657971        17.000000000000000        0.0000000000000000     
           2           7   1.1336959839183501E-005   1.7582692327973337E-006   2.1459122113302511E-005   2.2009546719022688       0.52141065694247402       0.51379310000000000        0.0000000000000000        0.0000000000000000        45.324361878822280        770.51415193997877        17.000000000000000        0.0000000000000000     
           2           8   1.1584592669515794E-005   2.5494480991662740E-006   2.1132369424118795E-005   1.9354524831268152       0.51748652873309053       0.51379310000000000        0.0000000000000000        1.0000000000000000        49.871761176470592        847.81994000000009        17.000000000000000        0.0000000000000000     
           2           9   1.1411060138404395E-005   1.9047460724927106E-006   2.1456739402722781E-005   2.1800322033401200       0.52328023408771884       0.51379310000000000        0.0000000000000000        0.0000000000000000        49.389637293614889        839.62383399145313        17.000000000000000        0.0000000000000000     
           2          10   1.1343938163611089E-005   1.7705530515088306E-006   2.1460493922570481E-005   2.1994671154221046       0.52154084302417758       0.51379310000000000        0.0000000000000000        0.0000000000000000        52.516801875772813        892.78563188813780        17.000000000000000        0.0000000000000000     
           2          11   1.1375579278720090E-005   1.8325861990462080E-006   2.1460018635060754E-005   2.1905274243896891       0.52235512739284806       0.51379310000000000        0.0000000000000000        0.0000000000000000        43.208452583044426        734.54369391175521        17.000000000000000        0.0000000000000000     
           2          12   1.2005656840391178E-005   2.9224086403897090E-006   2.1604266507897577E-005   2.0766557424439767       0.52296308112398993       0.51379310000000000        1.0000000000000000        0.0000000000000000        44.174017838244168        750.95830325015083        17.000000000000000        0.0000000000000000     
           2          13   1.1758445990193420E-005   2.5093081538476696E-006   2.1532357469572653E-005   2.1171581168216922       0.52384817019160335       0.51379310000000000        0.0000000000000000        0.0000000000000000        49.618806129087034        843.51970419447957        17.000000000000000        0.0000000000000000     
           2          14   1.2017854783117916E-005   2.9481758220425805E-006   2.1602125326000274E-005   2.0745501041425851       0.52318751765563598       0.51379310000000000        0.0000000000000000        0.0000000000000000        48.490962772282650        824.34636712880501        17.000000000000000        0.0000000000000000     
           2          15   1.1003000562823931E-005   1.1858254210898674E-006   2.1377178406278265E-005   2.2572976782630967       0.52212705189324793       0.51379310000000000        0.0000000000000000        0.0000000000000000        53.247338007898662        905.20474613427723        17.000000000000000        0.0000000000000000     
           2          16   1.1688419761155226E-005   2.3736479789689970E-006   2.1531689097238213E-005   2.1336569300652792       0.52241706205671679       0.51379310000000000        0.0000000000000000        0.0000000000000000        42.489037895903209        722.31364423035450        17.000000000000000        0.0000000000000000     
           2          17   1.1386299307729667E-005   1.8513796263793261E-006   2.1462207200711316E-005   2.1887100788269263       0.52248660459369634       0.51379310000000000        0.0000000000000000        0.0000000000000000        44.887901917360878        763.09433259513492        17.000000000000000        0.0000000000000000     
           2          18   1.1364428240899620E-005   1.8128681495194728E-006   2.1457920680407778E-005   2.1930482405373839       0.52213233000305059       0.51379310000000000        0.0000000000000000        0.0000000000000000        46.142960637054131        784.43033082992019        17.000000000000000        0.0000000000000000     
           2          19   1.1389736455090993E-005   1.8620706719169269E-006   2.1457978881311480E-005   2.1862961244958043       0.52272720747950940       0.51379310000000000        0.0000000000000000        0.0000000000000000        50.449769453451218        857.64608070867075        17.000000000000000        0.0000000000000000     
           2          20   1.1431452404810187E-005   1.9299623379332247E-006   2.1472033968091215E-005   2.1804788655938681       0.52312405262643524       0.51379310000000000        0.0000000000000000        0.0000000000000000        50.479160247253191        858.14572420330421        17.000000000000000        0.0000000000000000     
           2          21   1.2092513584596686E-005   3.1050519320071234E-006   2.1589902008362841E-005   2.0512292739302267       0.52541061665231426       0.51379310000000000        0.0000000000000000        0.0000000000000000        43.836728670984265        745.22438740673249        17.000000000000000        0.0000000000000000     
           2          22   1.1379371020944228E-005   1.8385051168826555E-006   2.1461562510888567E-005   2.1907085190098017       0.52231235467694437       0.51379310000000000        0.0000000000000000        0.0000000000000000        43.333355154957488        736.66703763427734        17.000000000000000        0.0000000000000000     
           2          23   1.1326679698685196E-005   1.7294274717376356E-006   2.1468456734686654E-005   2.2086375233476994       0.52061559692370551       0.51379310000000000        0.0000000000000000        0.0000000000000000        47.888027061147270        814.09646003950354        17.000000000000000        0.0000000000000000     
           2          24   1.1323935672355225E-005   1.7293922528158297E-006   2.1462850209786762E-005   2.2072539151419948       0.52084145696498285       0.51379310000000000        0.0000000000000000        0.0000000000000000        48.817788415494995        829.90240306341491        17.000000000000000        0.0000000000000000     
           2          25   1.1406510576286827E-005   1.8958482494584590E-006   2.1456784811297637E-005   2.1812600557220985       0.52317431892890776       0.51379310000000000        0.0000000000000000        0.0000000000000000        52.012259024260807        832.19614438817291        16.000000000000000        0.0000000000000000     
           2          26   1.1416780432669308E-005   1.9162499642956763E-006   2.1456347952156213E-005   2.1782266342729248       0.52344120387558135       0.51379310000000000        0.0000000000000000        0.0000000000000000        42.913194280776004        686.61110849241607        16.000000000000000        0.0000000000000000     
           2          27   1.1209238473684453E-005   1.3432777607024962E-006   2.1634969863348707E-005   2.3057857006498690       0.50473679693470885       0.51379310000000000        0.0000000000000000        0.0000000000000000        46.399906400918972        742.39850241470356        16.000000000000000        0.0000000000000000     
           2          28   1.1298308652867156E-005   1.6771801372778548E-006   2.1465316660205370E-005   2.2159090394006649       0.52005758017881232       0.51379310000000000        0.0000000000000000        0.0000000000000000        44.222868203358040        707.56589125372864        16.000000000000000        0.0000000000000000     
           2          29   1.1354656898063387E-005   1.7877201794985747E-006   2.1464398397279484E-005   2.1990198724777859       0.52159614494479956       0.51379310000000000        0.0000000000000000        0.0000000000000000        49.643518633392347        794.29629813427755        16.000000000000000        0.0000000000000000     
           2          30   7.2099997792338537E-006  -2.3758768534364623E-006   1.6795876411904249E-005   2.0059242040753653       0.61547760965427178       0.50000000000000000        0.0000000000000000        1.0000000000000000        51.131026233642338        818.09641973827740        16.000000000000000        0.0000000000000000     
           2          31  -9.7386000487949866E-006  -3.1937496394863395E-005   1.2460296297273459E-005   11.500045167267293       0.50004516726729542       0.50000000000000000        0.0000000000000000        1.0000000000000000        51.997681870968748        831.96290993549997        16.000000000000000        3.6250000000000000     
           2          32   1.1722853147146432E-005   2.4371482232313010E-006   2.1535406441934606E-005   2.1278587294773792       0.52290424078435560       0.51379310000000000        0.0000000000000000        0.0000000000000000        44.310814403203381        708.97303045125409        16.000000000000000        0.0000000000000000     
           2          33   1.1676365701572663E-005   2.3399147247507904E-006   2.1542544257202906E-005   2.1420442199523784       0.52144536893635118       0.51379310000000000        0.0000000000000000        0.0000000000000000        45.499596312922591        727.99354100676146        16.000000000000000        0.0000000000000000     
           2          34   1.1414399862027161E-005   1.9064977549040474E-006   2.1461757269162274E-005   2.1810215153597396       0.52315713857337498       0.51379310000000000        0.0000000000000000        0.0000000000000000        44.288250366735774        708.61200586777238        16.000000000000000        0.0000000000000000     
           2          35   1.1314022817329276E-005   1.7091696210467114E-006   2.1463832083226415E-005   2.2105620826110712       0.52050401021191794       0.51379310000000000        0.0000000000000000        0.0000000000000000        48.959641622735525        783.35426596376840        16.000000000000000        0.0000000000000000     
           2          36   1.0962713394997013E-005   1.1070562533935679E-006   2.1377556613638216E-005   2.2692183592130535       0.52110775855173996       0.51379310000000000        0.0000000000000000        0.0000000000000000        41.388270026115414        662.21232041784663        16.000000000000000        0.0000000000000000     
           2          37   1.0971385600892646E-005   1.1244868801923868E-006   2.1376973467076601E-005   2.2664885885386745       0.52134853788524493       0.51379310000000000        0.0000000000000000        0.0000000000000000        43.952758005855031        703.24412809368050        16.000000000000000        0.0000000000000000     
           2          38   1.1323731745968054E-005   1.7303077491897775E-006   2.1461463347307486E-005   2.2067149008798572       0.52092606623342008       0.51379310000000000        0.0000000000000000        0.0000000000000000        47.594357565383241        761.50972104613186        16.000000000000000        0.0000000000000000     
           2          39   1.1399554377847878E-005   1.8821608287782856E-006   2.1456941748320832E-005   2.1832033543476048       0.52300505628619709       0.51379310000000000        0.0000000000000000        0.0000000000000000        47.113643728352606        753.81829965364170        16.000000000000000        0.0000000000000000     
           2          40   1.1343129368825319E-005   1.7697916976228503E-006   2.1459634995203807E-005   2.1987148962134495       0.52165443384415255       0.51379310000000000        0.0000000000000000        0.0000000000000000        48.648627272937325        778.37803636699721        16.000000000000000        0.0000000000000000     
           2          41   1.1360866997019823E-005   1.8049944741788965E-006   2.1458916544887881E-005   2.1949493024339519       0.52197326745601913       0.51379310000000000        0.0000000000000000        0.0000000000000000        41.714034885353264        667.42455816565223        16.000000000000000        0.0000000000000000     
           2          42   1.0991075457400643E-005   1.1625548771963077E-006   2.1377242451980427E-005   2.2606078641013059       0.52185299522394812       0.51379310000000000        0.0000000000000000        0.0000000000000000        43.947188883248053        703.15502213196885        16.000000000000000        0.0000000000000000     
           2          43   1.1358464929320707E-005   1.8003230586100936E-006   2.1458912582350935E-005   2.1946398063038024       0.52200265062959017       0.51379310000000000        0.0000000000000000        0.0000000000000000        46.412829695892341        742.60527513427746        16.000000000000000        0.0000000000000000     
           2          44   1.1410385492068797E-005   1.9001174001625325E-006   2.1460243124224632E-005   2.1815801985584127       0.52311989724822161       0.51379310000000000        0.0000000000000000        0.0000000000000000        48.052650799648305        768.84241279437288        16.000000000000000        0.0000000000000000     
           2          45   1.1037006049788855E-005   1.2067930841683308E-006   2.1424961451627850E-005   2.2719991141085214       0.51761605192609417       0.51379310000000000        0.0000000000000000        0.0000000000000000        46.672434840436168        746.75895744697868        16.000000000000000        0.0000000000000000     
           2          46   1.1301668115095580E-005   1.6807103645797794E-006   2.1468495668564195E-005   2.2123782818134172       0.52040138248668899       0.51379310000000000        0.0000000000000000        0.0000000000000000        40.354242161729104        645.66787458766566        16.000000000000000        0.0000000000000000     
           2          47  -1.2435547091998769E-005  -3.7366898403209913E-005   1.2495804219212385E-005   13.999999999910266       0.33341324249546883       0.50000000000000000        0.0000000000000000        1.0000000000000000        48.809835912946177        780.95737460713883        16.000000000000000        5.2500000000000000     
           2          48   1.1290789796344207E-005   1.6656272966509043E-006   2.1462060666258786E-005   2.2165315486990309       0.52013422022316202       0.51379310000000000        0.0000000000000000        0.0000000000000000        45.275486767274124        724.40778827638599        16.000000000000000        0.0000000000000000     
           2          49  -2.1665828650087824E-005  -6.3059985113630745E-005   1.9728327813455063E-005   21.500043783439118       0.50004378343910894       0.50000000000000000        0.0000000000000000        1.0000000000000000        56.089293241294250        897.42869186070800        16.000000000000000        3.6250000000000000     
           2          50   6.1225508714443237E-006  -8.1322572696500427E-006   2.0377359012538876E-005   3.1303247057505645       0.47249768030580602       0.50000000000000000        0.0000000000000000        1.0000000000000000        58.719506695892335        939.51210713427736        16.000000000000000        0.0000000000000000     
           2          51   1.1402598668491983E-005   1.8882555660236673E-006   2.1456762517423598E-005   2.1822669676505146       0.52308830270869344       0.51379310000000000        0.0000000000000000        0.0000000000000000        40.873868189593018        653.98189103348830        16.000000000000000        0.0000000000000000     
           2          52   1.0108622825365587E-005  -4.1841717603772461E-007   2.1232941538541237E-005   2.4616673292776277       0.51359630643224108       0.51379310000000000        0.0000000000000000        0.0000000000000000        43.997929177294040        703.96686683670464        16.000000000000000        0.0000000000000000     
           2          53   1.1405155014844951E-005   1.8928262429740299E-006   2.1457190244947083E-005   2.1816679065151003       0.52313951409285409       0.51379310000000000        0.0000000000000000        0.0000000000000000        43.151021535090202        690.41634456144322        16.000000000000000        0.0000000000000000     
           2          54   1.0992684991648365E-005   1.1596058024051627E-006   2.1383669239684952E-005   2.2630416966108009       0.52158708691052802       0.51379310000000000        0.0000000000000000        0.0000000000000000        48.737199550417067        779.79519280667307        16.000000000000000        0.0000000000000000     
           2          55   1.1274823099648306E-005   1.6260222313954107E-006   2.1471073521808777E-005   2.2245878682732627       0.51902507943012532       0.51379310000000000        0.0000000000000000        0.0000000000000000        53.138445484761874        850.21512775618999        16.000000000000000        0.0000000000000000     
           2          56   1.0799132257772467E-005   6.5284629327184329E-007   2.1521093873676223E-005   2.3848375154299353       0.50412559527180545       0.51379310000000000        0.0000000000000000        0.0000000000000000        42.425461180526348        678.80737888842157        16.000000000000000        0.0000000000000000     
           2          57   1.1405082006603348E-005   1.8930699187969933E-006   2.1456782584755990E-005   2.1816320743823092       0.52314241287508700       0.51379310000000000        0.0000000000000000        0.0000000000000000        42.869240303169249        685.90784485070799        16.000000000000000        0.0000000000000000     
           2          58   1.1177706043946886E-005   1.4404128286450691E-006   2.1467469654251449E-005   2.2448719685067497       0.51731276143944316       0.51379310000000000        0.0000000000000000        0.0000000000000000        45.838239445346218        733.41183112553949        16.000000000000000        0.0000000000000000     
           2          59   1.1367782531710844E-005   1.8187749108852980E-006   2.1458577679677060E-005   2.1927518432603761       0.52215494835968290       0.51379310000000000        0.0000000000000000        0.0000000000000000        46.689569207917671        747.03310732668274        16.000000000000000        0.0000000000000000     
           2          60   1.2060680535634950E-005   3.0349372671627418E-006   2.1598522581300253E-005   2.0622753988103808       0.52435343391097400       0.51379310000000000        0.0000000000000000        0.0000000000000000        50.772957210008258        812.36731536013212        16.000000000000000        0.0000000000000000     
           2          61  -1.4062113419819323E-005  -3.4012010251678215E-005   5.8877834120395574E-006   10.680352204868003       0.33306403109585686       0.50000000000000000        0.0000000000000000        1.0000000000000000        48.727964866406253        779.64743786250006        16.000000000000000        5.4375000000000000     
           2          62   1.1082007481839973E-005   1.2703604248757026E-006   2.1450343590405147E-005   2.2544917406663489       0.51696242505819179       0.51379310000000000        0.0000000000000000        0.0000000000000000        45.433180326736164        726.93088522777862        16.000000000000000        0.0000000000000000     
           2          63   1.0004446538874505E-005  -5.7878172090894824E-007   2.1188141495901592E-005   2.4499226074427538       0.51904188481693347       0.51379310000000000        0.0000000000000000        0.0000000000000000        45.639091842193906        730.22546947510250        16.000000000000000        0.0000000000000000     
           2          64   1.0531353989484355E-005   3.5058129819495565E-007   2.1289759025391844E-005   2.3491549955621540       0.52050569600729057       0.51379310000000000        0.0000000000000000        0.0000000000000000        49.569740383392343        793.11584613427749        16.000000000000000        0.0000000000000000     
           2          65   1.1964107898889184E-005   2.8424381918649992E-006   2.1603319016518761E-005   2.0857714304184243       0.52212822532235603       0.51379310000000000        0.0000000000000000        0.0000000000000000        49.269573122545324        788.31316996072519        16.000000000000000        0.0000000000000000     
           2          66   1.2081854980224285E-005   3.0807699184457322E-006   2.1593639772366789E-005   2.0551254470006648       0.52502745831660447       0.51379310000000000        0.0000000000000000        1.0000000000000000        42.896770073441246        686.34832117505994        16.000000000000000        0.0000000000000000     
           2          67   1.2092316430183844E-005   3.1023826496787942E-006   2.1592317244405766E-005   2.0521129725611740       0.52531332554948551       0.51379310000000000        0.0000000000000000        0.0000000000000000        47.077717806094014        753.24348489750423        16.000000000000000        0.0000000000000000     
           2          68   1.1408720432049022E-005   1.9001497119123505E-006   2.1456784387678886E-005   2.1806822264460299       0.52322400343810616       0.51379310000000000        0.0000000000000000        0.0000000000000000        46.754249300667752        748.06798881068403        16.000000000000000        0.0000000000000000     
           2          69   1.1607995818094525E-005   2.2089276051495185E-006   2.1540344359919927E-005   2.1619644449097408       0.52006088371860149       0.51379310000000000        0.0000000000000000        0.0000000000000000        47.617747287633463        761.88395660213541        16.000000000000000        0.0000000000000000     
           2          70   1.0923834164242668E-005   1.0312206202486777E-006   2.1377730601892721E-005   2.2795225276804043       0.52023669681753393       0.51379310000000000        0.0000000000000000        0.0000000000000000        51.584962441721842        825.35939906754948        16.000000000000000        0.0000000000000000     
           2          71   1.1392277727250140E-005   1.8676049456955080E-006   2.1457357336200168E-005   2.1854525311732318       0.52280753924819379       0.51379310000000000        0.0000000000000000        0.0000000000000000        41.619652070892329        665.91443313427726        16.000000000000000        0.0000000000000000     
           2          72   1.0505453108904457E-005   3.0061778130435323E-007   2.1289286036732497E-005   2.3567039044281231       0.51988206875097076       0.51379310000000000        0.0000000000000000        0.0000000000000000        44.880566504978589        718.08906407965742        16.000000000000000        0.0000000000000000     
           2          73   1.1358828551329943E-005   1.8042302272354541E-006   2.1455531605506245E-005   2.1929038930065308       0.52220862694431036       0.51379310000000000        0.0000000000000000        0.0000000000000000        46.522307926337135        744.35692682139415        16.000000000000000        0.0000000000000000     
           2          74   1.1772002609952315E-005   2.5350926441744406E-006   2.1532992439051705E-005   2.1138215845970172       0.52414173749174964       0.51379310000000000        0.0000000000000000        0.0000000000000000        47.812172312273638        764.99475699637821        16.000000000000000        0.0000000000000000     
           2          75   1.1256363044103579E-005   1.5816550090876810E-006   2.1479990542819984E-005   2.2354196292967980       0.51784494139042703       0.51379310000000000        0.0000000000000000        0.0000000000000000        49.326172472819160        789.21875956510655        16.000000000000000        0.0000000000000000     
           2          76   1.1395926130273845E-005   1.8750657522132741E-006   2.1456977029204315E-005   2.1841768153822878       0.52292054464565352       0.51379310000000000        0.0000000000000000        0.0000000000000000        44.662355489349537        714.59768782959259        16.000000000000000        0.0000000000000000     
           2          77   1.1389366330346827E-005   1.8611703106118493E-006   2.1458169077463764E-005   2.1860765358543195       0.52276245923120623       0.51379310000000000        0.0000000000000000        0.0000000000000000        43.945764880745365        703.13223809192584        16.000000000000000        0.0000000000000000     
           2          78   1.0485718728855042E-005   2.6722243688249385E-007   2.1283987711033381E-005   2.3595133037957785       0.51972700795844695       0.51379310000000000        0.0000000000000000        0.0000000000000000        48.191652195892345        771.06643513427753        16.000000000000000        0.0000000000000000     
           2          79   1.1360279957423125E-005   1.8009239124202045E-006   2.1462010674049818E-005   2.1964138321022868       0.52185040263848392       0.51379310000000000        0.0000000000000000        0.0000000000000000        47.762424224613369        764.19878759381390        16.000000000000000        0.0000000000000000     
           2          80   9.5098758927548288E-006  -2.5089925267139169E-006   2.1528744312223781E-005   2.6231357044863399       0.51386760116842267       0.50000000000000000        0.0000000000000000        1.0000000000000000        50.977797840030341        815.64476544048546        16.000000000000000        0.0000000000000000     
           2          81   1.1410218808276571E-005   1.9031461942469674E-006   2.1456699658893209E-005   2.1802195057826950       0.52326460414882847       0.51379310000000000        0.0000000000000000        0.0000000000000000        43.503531563260488        696.05650501216780        16.000000000000000        0.0000000000000000     
           2          82   1.1705577189968970E-005   2.4042701923779489E-006   2.1534617782243636E-005   2.1322360645675400       0.52250518421824510       0.51379310000000000        0.0000000000000000        0.0000000000000000        45.900705023195549        734.41128037112878        16.000000000000000        0.0000000000000000     
           2          83   1.1253010865129631E-005   1.5757781781616286E-006   2.1479306258425662E-005   2.2366451598806503       0.51783822564498139       0.51379310000000000        0.0000000000000000        0.0000000000000000        45.551607978226244        728.82572765161990        16.000000000000000        0.0000000000000000     
           2          84   1.1281953261801443E-005   1.6394295167259520E-006   2.1471570412043369E-005   2.2236292458434521       0.51914956280658453       0.51379310000000000        0.0000000000000000        0.0000000000000000        48.997494915159464        783.95991864255143        16.000000000000000        0.0000000000000000     
           2          85   1.0389247444373795E-005  -1.3409829793667639E-006   2.2119477868114287E-005   2.8202910483036554       0.48202965041196322       0.50000000000000000        0.0000000000000000        1.0000000000000000        47.063028722007751        753.00845955212401        16.000000000000000        0.0000000000000000     
           2          86   1.1187669803596389E-005   1.4657801409381923E-006   2.1461155901048832E-005   2.2467576501571780       0.51785056887525416       0.51379310000000000        0.0000000000000000        0.0000000000000000        42.384494314038243        678.15190902461188        16.000000000000000        0.0000000000000000     
           2          87   1.1301711109976883E-005   1.6944617123637622E-006   2.1454052531855254E-005   2.2067359681282941       0.52104215295927925       0.51379310000000000        0.0000000000000000        0.0000000000000000        44.189107817048360        707.02572507277375        16.000000000000000        0.0000000000000000     
           2          88   1.1312989510530786E-005   1.7108278777001367E-006   2.1459954500194841E-005   2.2062544180305124       0.52101826042264010       0.51379310000000000        0.0000000000000000        1.0000000000000000        47.135759328240646        754.17214925185033        16.000000000000000        0.0000000000000000     
           2          89   1.1375719025495313E-005   1.8339578317176624E-006   2.1458856601722355E-005   2.1907104746314876       0.52234048206832184       0.51379310000000000        0.0000000000000000        0.0000000000000000        48.488482817250656        775.81572507601049        16.000000000000000        0.0000000000000000     
           2          90   1.1335260475423885E-005   1.7533108234812627E-006   2.1460866705437502E-005   2.2031062678149356       0.52123414849770255       0.51379310000000000        0.0000000000000000        0.0000000000000000        50.610192770790910        809.76308433265456        16.000000000000000        0.0000000000000000     
           2          91   1.0930935520410703E-005   1.0212944727944510E-006   2.1402825560930316E-005   2.2922267978053235       0.51692648745016356       0.51379310000000000        0.0000000000000000        0.0000000000000000        39.638879489847596        634.22207183756154        16.000000000000000        0.0000000000000000     
           2          92   1.1779091368310487E-005   2.5513535574890106E-006   2.1530388636632362E-005   2.1109722419288266       0.52441557643333536       0.51379310000000000        0.0000000000000000        0.0000000000000000        44.773425557365414        716.37480891784662        16.000000000000000        0.0000000000000000     
           2          93   1.1410370592456932E-005   1.8967078875213478E-006   2.1463815439750152E-005   2.1830157361261091       0.52296841624266321       0.51379310000000000        0.0000000000000000        0.0000000000000000        44.987597415433100        719.80155864692961        16.000000000000000        0.0000000000000000     
           2          94   1.1395687099718839E-005   1.8752793497879768E-006   2.1456259689497288E-005   2.1837288687401979       0.52297560484536476       0.51379310000000000        0.0000000000000000        0.0000000000000000        47.821984654486002        765.15175447177603        16.000000000000000        0.0000000000000000     
           2          95   1.1446547486705882E-005   1.8870592498363548E-006   2.1548417895445175E-005   2.2102313523246377       0.51623503863641917       0.51379310000000000        0.0000000000000000        0.0000000000000000        51.454217122612128        823.26747396179405        16.000000000000000        0.0000000000000000     
           2          96   1.1395437712936927E-005   1.8739671754861679E-006   2.1457133390220173E-005   2.1844313688762407       0.52289672168352708       0.51379310000000000        1.0000000000000000        0.0000000000000000        41.410394320630253        662.56630913008405        16.000000000000000        0.0000000000000000     
           2          97   1.0960536067523467E-005   1.1040405352873812E-006   2.1376265245048592E-005   2.2690057076334416       0.52114062514867376       0.51379310000000000        0.0000000000000000        0.0000000000000000        42.166781074772118        674.66849719635388        16.000000000000000        0.0000000000000000     
           2          98   1.1254533774889968E-005   1.5836425424064133E-006   2.1474127914957745E-005   2.2338999549216041       0.51840415125943640       0.51379310000000000        0.0000000000000000        0.0000000000000000        44.073178513813183        705.17085622101092        16.000000000000000        0.0000000000000000     
           2          99   1.1378674866675840E-005   1.8420053007040155E-006   2.1456431928487401E-005   2.1883058904771722       0.52257854582448660       0.51379310000000000        0.0000000000000000        0.0000000000000000        47.169422088615420        754.71075341784672        16.000000000000000        0.0000000000000000     
           2         100   1.1402395123806834E-005   1.8809763856834470E-006   2.1464036062795531E-005   2.1852680319549718       0.52277028594630770       0.51379310000000000        0.0000000000000000        0.0000000000000000        48.874454627276492        781.99127403642387        16.000000000000000        0.0000000000000000     
           2         101   1.1921977502590439E-005   2.7585751443165483E-006   2.1605289080861110E-005   2.0955599026419205       0.52122597386431613       0.51379310000000000        0.0000000000000000        0.0000000000000000        42.866838668990049        685.86941870384078        16.000000000000000        0.0000000000000000     
           2         102   1.1129226591667643E-005   1.3536939433087111E-006   2.1459399247694894E-005   2.2631652062418826       0.51665649012652515       0.51379310000000000        0.0000000000000000        0.0000000000000000        42.549765371619301        680.79624594590882        16.000000000000000        0.0000000000000000     
           2         103   1.1407038514115519E-005   1.8918554843096794E-006   2.1462089945824117E-005   2.1832165936777610       0.52296394713659855       0.51379310000000000        0.0000000000000000        0.0000000000000000        44.276918597251104        708.43069755601766        16.000000000000000        0.0000000000000000     
           2         104   1.2097495083083600E-005   3.1076610860204817E-006   2.1597390452393179E-005   2.0526430913414471       0.52522987925390729       0.51379310000000000        0.0000000000000000        0.0000000000000000        45.447001730451163        727.15202768721861        16.000000000000000        0.0000000000000000     
           2         105   1.1768855361247926E-005   2.5318694808439011E-006   2.1529925412185152E-005   2.1135341711240025       0.52418993405795866       0.51379310000000000        0.0000000000000000        0.0000000000000000        49.384631360946145        790.15410177513832        16.000000000000000        0.0000000000000000     
           2         106   1.1352988058579947E-005   1.7890428000261506E-006   2.1459568369601928E-005   2.1972626891223612       0.52173809472168298       0.51379310000000000        0.0000000000000000        0.0000000000000000        43.638660883392326        698.21857413427722        16.000000000000000        0.0000000000000000     
           2         107   1.0487987060543740E-005  -3.9559583047580999E-007   2.1989078041943194E-005   2.6660251582555028       0.46318324572575792       0.51379310000000000        0.0000000000000000        0.0000000000000000        46.233806125839834        739.74089801343735        16.000000000000000        0.0000000000000000     
           2         108   1.0855418047929910E-005   8.9399643306173707E-007   2.1382026559471720E-005   2.3056414296192389       0.51804267792228531       0.51379310000000000        0.0000000000000000        0.0000000000000000        44.815567959931933        717.04908735891092        16.000000000000000        0.0000000000000000     
           2         109   1.1392139200472785E-005   1.8674838509522266E-006   2.1457200388337174E-005   2.1853398377040247       0.52281692982815020       0.51379310000000000        0.0000000000000000        0.0000000000000000        47.871755623361437        765.94808997378300        16.000000000000000        0.0000000000000000     
           2         110   1.0841362316810900E-005   8.5581324446284252E-007   2.1393467219238013E-005   2.3143854779242159       0.51675942358302851       0.51379310000000000        0.0000000000000000        0.0000000000000000        46.566543571026990        745.06469713643185        16.000000000000000        0.0000000000000000     
           2         111   1.1366062731534764E-005   1.8102764333063343E-006   2.1464021162615029E-005   2.1956038143170860       0.52188302727595981       0.51379310000000000        0.0000000000000000        0.0000000000000000        42.041691034170306        672.66705654672489        16.000000000000000        0.0000000000000000     
           2         112   1.0988161576538008E-005   1.1569184430429941E-006   2.1377205595477721E-005   2.2614332708458211       0.52178285549663150       0.51379310000000000        0.0000000000000000        0.0000000000000000        45.660135294620545        730.56216471392872        16.000000000000000        0.0000000000000000     
           2         113   1.1395318273289607E-005   1.8701473655448371E-006   2.1460924270901051E-005   2.1854756319490414       0.52279900640294408       0.51379310000000000        0.0000000000000000        0.0000000000000000        47.035828445892342        752.57325513427747        16.000000000000000        0.0000000000000000     
           2         114   1.1219416604326703E-005   1.5235196680304994E-006   2.1465435211179136E-005   2.2339367054793260       0.51832710255712511       0.51379310000000000        1.0000000000000000        0.0000000000000000        46.758821739513003        748.14114783220805        16.000000000000000        0.0000000000000000     
           2         115   1.1564516701873326E-005   2.1268727483444055E-006   2.1537629678221491E-005   2.1718808117903441       0.51948473761447933       0.51379310000000000        0.0000000000000000        0.0000000000000000        49.702422908698011        795.23876653916818        16.000000000000000        0.0000000000000000     
           2         116   1.0264531689052337E-005  -3.0189532856279571E-007   2.1430472142189633E-005   2.5126567457984801       0.49910706162031615       0.51379310000000000        0.0000000000000000        0.0000000000000000        41.047017847270851        656.75228555633362        16.000000000000000        0.0000000000000000     
           2         117   7.6559688777461400E-006  -1.6659815844659926E-006   2.1638894571064559E-005   2.5705996882064093       0.50199005137182717       0.59999999999999998        0.0000000000000000        1.0000000000000000        47.271822928405328        756.34916685448525        16.000000000000000        0.0000000000000000     
           2         118   7.8634894509733499E-006  -4.4937808745120153E-006   2.0921881316800726E-005   2.8227595695661911       0.48279430469745288       0.51379310000000000        0.0000000000000000        1.0000000000000000        50.503651071407262        808.05841714251619        16.000000000000000        0.0000000000000000     
           2         119   6.3107244328022640E-006  -7.7100735749265424E-006   2.0331522440531377E-005   3.2181336181015840       0.49554661745015666       0.50000000000000000        0.0000000000000000        1.0000000000000000        53.626402670713503        858.02244273141605        16.000000000000000        0.0000000000000000     
           2         120   1.1015467827762964E-005   1.2034362378957315E-006   2.1384210286695230E-005   2.2567522281821111       0.52211272870253578       0.51379310000000000        0.0000000000000000        0.0000000000000000        49.486513008392343        791.78420813427749        16.000000000000000        0.0000000000000000     
           2         121   9.8766628162965772E-006  -9.8665883305728386E-007   2.1356342982330403E-005   2.4931855927971940       0.49660411233669732       0.51379310000000000        0.0000000000000000        0.0000000000000000        43.515985133878196        696.25576214205114        16.000000000000000        0.0000000000000000     
           2         122   9.9057704922730692E-006  -7.6998378731237071E-007   2.1187241171004004E-005   2.4796097496351037       0.51662156115072633       0.51379310000000000        0.0000000000000000        0.0000000000000000        43.531746028084200        696.50793644934720        16.000000000000000        0.0000000000000000     
           2         123   1.0973781877805920E-005   1.1284587192236425E-006   2.1377704788299118E-005   2.2661459753453257       0.52137328171519703       0.51379310000000000        0.0000000000000000        0.0000000000000000        46.863459403604892        749.81535045767828        16.000000000000000        0.0000000000000000     
           2         124   1.1366063384574432E-005   1.8146402202713745E-006   2.1459411128095251E-005   2.1936592384877329       0.52207721033138144       0.51379310000000000        0.0000000000000000        0.0000000000000000        51.275661439837023        820.41058303739237        16.000000000000000        0.0000000000000000     
           2         125   1.0721045145277097E-005   6.5344285144288068E-007   2.1359858769921840E-005   2.3358892449938171       0.51644752952832906       0.51379310000000000        0.0000000000000000        0.0000000000000000        51.471140887468856        823.53825419950169        16.000000000000000        0.0000000000000000     
           2         126   1.1148053727063464E-005   1.4022974420754130E-006   2.1446760581097663E-005   2.2504608213249422       0.51830227777486515       0.51379310000000000        0.0000000000000000        0.0000000000000000        41.794367646661044        668.70988234657671        16.000000000000000        0.0000000000000000     
           2         127   6.8916107633489060E-006  -2.6576638306258251E-006   1.6440885357323264E-005   2.4457159998609690       0.50759089916666944       0.50000000000000000        0.0000000000000000        1.0000000000000000        50.349026026115411        805.58441641784657        16.000000000000000        0.0000000000000000     
           2         128   1.1739458958178791E-005   2.4711544630023287E-006   2.1533624566113554E-005   2.1215672048058112       0.52350795034620101       0.51379310000000000        0.0000000000000000        0.0000000000000000        45.444542936299193        727.11268698078709        16.000000000000000        0.0000000000000000     
           2         129   1.1720380866850885E-005   2.4351829249467998E-006   2.1532398414698737E-005   2.1261782219706777       0.52307042311092011       0.51379310000000000        0.0000000000000000        0.0000000000000000        48.847253414207145        781.55605462731432        16.000000000000000        0.0000000000000000     
           2         130   1.2082776354898763E-005   3.0794485649505735E-006   2.1596931122166811E-005   2.0559927634254835       0.52492608206365265       0.51379310000000000        0.0000000000000000        0.0000000000000000        51.915027979101403        830.64044766562245        16.000000000000000        0.0000000000000000     
           2         131   1.1757144611764652E-005   2.5103204746172938E-006   2.1528611118266619E-005   2.1160856259800669       0.52397172925549895       0.51379310000000000        0.0000000000000000        0.0000000000000000        42.403662638303835        678.45860221286136        16.000000000000000        0.0000000000000000     
           2         132   1.3958408290871096E-005   6.7742843395682368E-006   2.4734594217826088E-005   2.4191737674305109       0.42482331870640211       0.59999999999999998        0.0000000000000000        1.0000000000000000        49.922232083115411        798.75571332984657        16.000000000000000        0.0000000000000000     
           2         133  -3.2936258543136171E-005  -6.7801333416737169E-005   1.9361353767265139E-005   16.680820949504138       0.43737728736826892       0.59999999999999998        0.0000000000000000        1.0000000000000000        56.014173320499992        896.22677312799988        16.000000000000000        12.625000000000000     
           2         134   1.1776674751340372E-005   2.5444725766854364E-006   2.1532689680669640E-005   2.1125204082862652       0.52425959945957434       0.51379310000000000        0.0000000000000000        0.0000000000000000        47.817438695892335        765.07901913427736        16.000000000000000        0.0000000000000000     
           2         135   1.1384434469281041E-005   1.8518443993022830E-006   2.1457880574393555E-005   2.1871824379209421       0.52267627439706932       0.51379310000000000        0.0000000000000000        0.0000000000000000        52.291232002095221        836.65971203352353        16.000000000000000        0.0000000000000000     
           2         136  -3.9601022514736294E-005  -7.8618360105374825E-005   1.8924983871221416E-005   17.197125727402256       0.69458556460011855       0.59999999999999998        0.0000000000000000        1.0000000000000000        50.186871875748082        802.98995001196931        16.000000000000000        5.3750000000000000     
           2         137   1.1743467261523232E-005   2.4791544178305120E-006   2.1533414741352812E-005   2.1213270655067156       0.52346136831531143       0.51379310000000000        0.0000000000000000        0.0000000000000000        44.338967578283963        709.42348125254341        16.000000000000000        0.0000000000000000     
           2         138   1.1416929114211693E-005   1.9162867840086475E-006   2.1456614842296982E-005   2.1783872366735535       0.52342215483849452       0.51379310000000000        0.0000000000000000        0.0000000000000000        46.262440628829445        740.19905006127112        16.000000000000000        0.0000000000000000     
           2         139   1.0935333495627946E-005   1.0420507412507970E-006   2.1389937113034529E-005   2.2833178679782349       0.51986691702418308       0.51379310000000000        0.0000000000000000        0.0000000000000000        51.234214633650375        819.74743413840599        16.000000000000000        0.0000000000000000     
           2         140   1.1317880665436670E-005   1.7251961708653667E-006   2.1454830807006939E-005   2.2030660427061992       0.52134235718760258       0.51379310000000000        1.0000000000000000        0.0000000000000000        49.831051893694557        797.29683029911291        16.000000000000000        0.0000000000000000     
           2         141  -2.6358116488941639E-005  -5.0133123765323019E-005   9.3043944256305582E-006   9.2996121502796676       0.59499886045269290       0.59999999999999998        0.0000000000000000        1.0000000000000000        47.971277437499992        767.54043899999988        16.000000000000000        9.0000000000000000     
           2         142  -2.2681741683475366E-005  -6.4839813098912616E-005   1.9476329731961876E-005   20.422147311603485       0.49006070846943894       0.50000000000000000        0.0000000000000000        1.0000000000000000        50.678529034289909        810.85646454863854        16.000000000000000        18.062500000000000     
           2         143   1.0870517500873882E-005   9.2007200000927518E-007   2.1385527140330338E-005   2.2993820514576915       0.51832004054139746       0.51379310000000000        0.0000000000000000        0.0000000000000000        46.986280336651042        751.78048538641667        16.000000000000000        0.0000000000000000     
           2         144   1.2068018030198528E-005   3.0536384336796201E-006   2.1593851656731613E-005   2.0585731399631775       0.52470578474499541       0.51379310000000000        0.0000000000000000        0.0000000000000000        48.161374004808820        770.58198407694113        16.000000000000000        0.0000000000000000     
           2         145   1.0940501156918470E-005   1.0645844010203849E-006   2.1376753471221173E-005   2.2744540780234646       0.52068558167179069       0.51379310000000000        0.0000000000000000        0.0000000000000000        51.530091067603713        824.48145708165941        16.000000000000000        0.0000000000000000     
           2         146   9.6889351521390423E-006  -1.6483671186321999E-006   2.1669488450203063E-005   2.7838502986773648       0.46425673247325966       0.51379310000000000        0.0000000000000000        0.0000000000000000        42.912865062634758        686.60584100215613        16.000000000000000        0.0000000000000000     
           2         147   1.1409415762893474E-005   1.9014759259797837E-006   2.1456813040516588E-005   2.1805269403156844       0.52323732107446841       0.51379310000000000        0.0000000000000000        0.0000000000000000        46.398569388416327        742.37711021466123        16.000000000000000        0.0000000000000000     
           2         148   1.0471569961712482E-005  -1.6340423968664265E-007   2.1709946799550296E-005   2.5569629344470530       0.48198968313899515       0.51379310000000000        0.0000000000000000        0.0000000000000000        44.225451338615429        707.60722141784686        16.000000000000000        0.0000000000000000     
           2         149   1.0903365795206556E-005   5.5807909093450939E-007   2.1835618970093273E-005   2.4699037288754790       0.48362258672130926       0.51379310000000000        0.0000000000000000        0.0000000000000000        49.643359714778995        794.29375543646393        16.000000000000000        0.0000000000000000     
           2         150  -2.0051956473161590E-005  -5.0288709090176852E-005   1.0184796143853737E-005   10.565327455150864       0.43775970776634837       0.50000000000000000        0.0000000000000000        1.0000000000000000        60.786183784687509        972.57894055500014        16.000000000000000        12.625000000000000     
           2         151  -3.1703092376852706E-005  -6.5796005455122334E-005   1.9436277240551325E-005   22.452714294850690       0.45011864314581090       0.59999999999999998        0.0000000000000000        1.0000000000000000        46.263189001767330        740.21102402827728        16.000000000000000        16.250000000000000     
           2         152   1.0999247237020410E-005   1.1785306878591706E-006   2.1377167418768182E-005   2.2584006036133140       0.52203335080121749       0.51379310000000000        0.0000000000000000        0.0000000000000000        45.521850641419711        728.34961026271537        16.000000000000000        0.0000000000000000     
           2         153   1.1357350677627631E-005   1.7986433111841900E-006   2.1458395911247325E-005   2.1957433544607561       0.52194126462264667       0.51379310000000000        0.0000000000000000        0.0000000000000000        46.464725182210003        743.43560291536005        16.000000000000000        0.0000000000000000     
           2         154   1.0555578429108515E-005   6.8550641788234843E-008   2.1637614732241036E-005   2.5037004643040111       0.48916627386350220       0.51379310000000000        0.0000000000000000        0.0000000000000000        46.172170518252130        738.75472829203409        16.000000000000000        0.0000000000000000     
           2         155   1.1347138129312135E-005   1.7773526259618124E-006   2.1459890046452226E-005   2.1992686424057983       0.52158313224661257       0.51379310000000000        0.0000000000000000        0.0000000000000000        49.587801695892338        793.40482713427741        16.000000000000000        0.0000000000000000     
           2         156   1.0864364603135072E-005   9.1577733330014869E-007   2.1377410580040909E-005   2.2950745451138199       0.51891335736188349       0.51379310000000000        0.0000000000000000        0.0000000000000000        43.094541540861229        689.51266465377967        16.000000000000000        0.0000000000000000     
           2         157   1.1354874320282606E-005   1.7920669484836155E-006   2.1460252183615026E-005   2.1970752675193932       0.52175321335778646       0.51379310000000000        0.0000000000000000        0.0000000000000000        45.091846690867527        721.46954705388043        16.000000000000000        0.0000000000000000     
           2         158   1.1745822600438641E-005   2.4872214043868063E-006   2.1529734367595695E-005   2.1194938580868219       0.52365721914260699       0.51379310000000000        0.0000000000000000        1.0000000000000000        48.362401249190363        773.79841998704580        16.000000000000000        0.0000000000000000     
           2         159   1.0205539353711332E-005  -4.1412842685666839E-007   2.1427741321532762E-005   2.5187095139810021       0.49741576222372524       0.51379310000000000        0.0000000000000000        0.0000000000000000        48.561595987269577        776.98553579631323        16.000000000000000        0.0000000000000000     
           2         160   1.0889767389948785E-005   9.6876903640003869E-007   2.1373659122387932E-005   2.2872779662726033       0.51959262253102012       0.51379310000000000        0.0000000000000000        0.0000000000000000        49.890182343119434        798.24291748991095        16.000000000000000        0.0000000000000000     
           2         161   1.1351333747137029E-005   1.7754972829911527E-006   2.1470479941907556E-005   2.2004104418954866       0.52144223250402977       0.51379310000000000        0.0000000000000000        1.0000000000000000        41.943717630730895        671.09948209169431        16.000000000000000        0.0000000000000000     
           2         162   1.1212762020564703E-005   1.5222428052884073E-006   2.1453097787552540E-005   2.2277965243515165       0.51923356337739957       0.51379310000000000        0.0000000000000000        1.0000000000000000        45.434722383392334        726.95555813427734        16.000000000000000        0.0000000000000000     
           2         163   1.1411442694739771E-005   1.9054534718729997E-006   2.1456778685207124E-005   2.1799681665448261       0.52328566384475439       0.51379310000000000        0.0000000000000000        0.0000000000000000        48.144919872058537        770.31871795293659        16.000000000000000        0.0000000000000000     
           2         164   1.1408582616762524E-005   1.8996212663392418E-006   2.1457059366093186E-005   2.1806725035590517       0.52322749951140135       0.51379310000000000        0.0000000000000000        0.0000000000000000        50.342893985734825        805.48630377175721        16.000000000000000        0.0000000000000000     
           2         165   1.0669417374401397E-005   2.9928870850936697E-007   2.1627921983545901E-005   2.4765565940150100       0.49213867630996561       0.51379310000000000        0.0000000000000000        0.0000000000000000        48.757268668607054        780.11629869771286        16.000000000000000        0.0000000000000000     
           2         166   1.1390131304709098E-005   1.8633979426012292E-006   2.1457388406554225E-005   2.1860216052164700       0.52275643693531038       0.51379310000000000        0.0000000000000000        0.0000000000000000        42.060259946470993        672.96415914353588        16.000000000000000        0.0000000000000000     
           2         167   1.1340528064197712E-005   1.7663039640327121E-006   2.1457970413367702E-005   2.1992490521172323       0.52158786320386497       0.51379310000000000        0.0000000000000000        0.0000000000000000        42.269405575675833        676.31048921081333        16.000000000000000        0.0000000000000000     
           2         168   1.1357230723002057E-005   1.7925506756495266E-006   2.1464587512956281E-005   2.1983618063324650       0.52163678959269300       0.51379310000000000        0.0000000000000000        0.0000000000000000        47.369648883558142        757.91438213693027        16.000000000000000        0.0000000000000000     
           2         169   1.0457409174769172E-005   2.1116327928595999E-007   2.1285002205642888E-005   2.3703933869396772       0.51876613520750470       0.51379310000000000        0.0000000000000000        0.0000000000000000        51.621378615669265        825.94205785070824        16.000000000000000        0.0000000000000000     
           2         170   1.1250210567062841E-005   1.5830326508000019E-006   2.1465880706355672E-005   2.2314485613757822       0.51890727747605547       0.51379310000000000        1.0000000000000000        0.0000000000000000        53.022957660270563        848.36732256432902        16.000000000000000        0.0000000000000000     
           2         171   1.0694292938064861E-005   3.7746051027335235E-007   2.1596477409852314E-005   2.4609495692709014       0.49529482693150356       0.51379310000000000        0.0000000000000000        0.0000000000000000        41.168144416308039        658.69031066092862        16.000000000000000        0.0000000000000000     
           2         172   1.0745463359300298E-005   4.4611386758996418E-007   2.1629172955624946E-005   2.4725119109437532       0.49312755983583323       0.51379310000000000        0.0000000000000000        0.0000000000000000        44.341793429869135        709.46869487790616        16.000000000000000        0.0000000000000000     
           2         173   1.0886047999870208E-005   9.5700836225377928E-007   2.1378437259326980E-005   2.2932452607516915       0.51914218977203908       0.51379310000000000        0.0000000000000000        0.0000000000000000        44.808126454210118        716.93002326736189        16.000000000000000        0.0000000000000000     
           2         174   1.0737013329486605E-005   4.8747744861488486E-007   2.1568083011538545E-005   2.4256666724254718       0.49862548356783243       0.51379310000000000        0.0000000000000000        0.0000000000000000        49.251572961018681        788.02516737629890        16.000000000000000        0.0000000000000000     
           2         175   1.0875390404415837E-005   9.4078123327267289E-007   2.1373665199220444E-005   2.2907122833757461       0.51932193313751385       0.51379310000000000        0.0000000000000000        1.0000000000000000        55.621831582838546        889.94930532541673        16.000000000000000        0.0000000000000000     
           2         176  -9.4492552218293498E-006  -3.9250010984075166E-005   2.0351500540416487E-005   17.499995606369911       0.49999560636991797       0.50000000000000000        0.0000000000000000        1.0000000000000000        56.460499472946161        903.36799156713857        16.000000000000000        3.6250000000000000     
           2         177   1.0820312742185290E-005   6.3517924913563441E-007   2.1583326001166336E-005   2.3671063592270749       0.50018585803330073       0.51379310000000000        0.0000000000000000        0.0000000000000000        44.013787143848646        704.22059430157833        16.000000000000000        0.0000000000000000     
           2         178   1.1314301748611375E-005   1.7176315904317635E-006   2.1455463690674826E-005   2.2038869016707183       0.52129978937362820       0.51379310000000000        0.0000000000000000        0.0000000000000000        47.551475134849895        760.82360215759832        16.000000000000000        0.0000000000000000     
           2         179   1.1229801790606663E-005   1.5560498267598785E-006   2.1452418972995763E-005   2.2239683147788356       0.51953354553746112       0.51379310000000000        0.0000000000000000        0.0000000000000000        47.356496666212117        757.70394665939386        16.000000000000000        0.0000000000000000     
           2         180   1.1293917454949221E-005   1.6761132527423428E-006   2.1457412535427817E-005   2.2106727482060458       0.52060557016224540       0.51379310000000000        0.0000000000000000        1.0000000000000000        50.830069319961176        813.28110911937881        16.000000000000000        0.0000000000000000     
           2         181   1.1168009644909709E-005   1.4394838511101195E-006   2.1448508391484871E-005   2.2360081784583294       0.51859982996215370       0.51379310000000000        0.0000000000000000        1.0000000000000000        44.977768791985262        719.64430067176420        16.000000000000000        0.0000000000000000     
           2         182   1.2063735583181127E-005   3.0449807103559662E-006   2.1594192728583716E-005   2.0599062688260519       0.52458045145133403       0.51379310000000000        1.0000000000000000        0.0000000000000000        45.431656766545380        726.90650826472609        16.000000000000000        0.0000000000000000     
           2         183   1.0536445081107290E-005   3.5625377522040370E-007   2.1294235745215005E-005   2.3495464425719517       0.52043504794479301       0.51379310000000000        0.0000000000000000        0.0000000000000000        45.641772195892344        730.26835513427750        16.000000000000000        0.0000000000000000     
           2         184   1.1361435825919133E-005   1.8060069130937955E-006   2.1459016594415999E-005   2.1947399224091910       0.52197567373577514       0.51379310000000000        0.0000000000000000        0.0000000000000000        49.569608624160097        793.11373798656155        16.000000000000000        0.0000000000000000     
           2         185   1.1140793447456775E-005   1.3855355481109913E-006   2.1449541014396921E-005   2.2542332008163015       0.51788675955298391       0.51379310000000000        0.0000000000000000        0.0000000000000000        49.269292667112893        788.30868267380629        16.000000000000000        0.0000000000000000     
           2         186   1.1124480628186956E-005   1.3570442377987275E-006   2.1446097664207553E-005   2.2576232478424316       0.51765294308008025       0.51379310000000000        0.0000000000000000        0.0000000000000000        42.896478591000331        686.34365745600530        16.000000000000000        0.0000000000000000     
           2         187   1.1397235672474487E-005   1.8776799726302129E-006   2.1456907868911673E-005   2.1837815099096090       0.52295572148212366       0.51379310000000000        0.0000000000000000        0.0000000000000000        45.816248745705948        733.05997993129517        16.000000000000000        0.0000000000000000     
           2         188   1.0777234945910770E-005   5.7275548859541624E-007   2.1560691812237803E-005   2.4151593387748060       0.50024954317124837       0.51379310000000000        0.0000000000000000        0.0000000000000000        46.315564869107661        741.04903790572257        16.000000000000000        0.0000000000000000     
           2         189   1.1365372568399985E-005   1.8121842303174982E-006   2.1460585637378054E-005   2.1943847155803229       0.52202423350372318       0.51379310000000000        0.0000000000000000        0.0000000000000000        47.409405471432443        758.55048754291909        16.000000000000000        0.0000000000000000     
           2         190   1.1383106247809825E-005   1.8509840491522531E-006   2.1456057935717485E-005   2.1868984712174879       0.52271016124254044       0.51379310000000000        0.0000000000000000        0.0000000000000000        52.990332695892327        847.84532313427724        16.000000000000000        0.0000000000000000     
           2         191   1.1350649702976255E-005   1.7884384252610579E-006   2.1455397651292706E-005   2.1949466242238915       0.52203554484285986       0.51379310000000000        0.0000000000000000        0.0000000000000000        42.014003164415797        672.22405063065275        16.000000000000000        0.0000000000000000     
           2         192   1.1159742509798667E-005   1.4228810159573594E-006   2.1449049903813901E-005   2.2484574402349478       0.51825942607372066       0.51379310000000000        0.0000000000000000        0.0000000000000000        46.141340770750972        738.26145233201555        16.000000000000000        0.0000000000000000     
           2         193   1.1185189668960685E-005   1.4642375554228067E-006   2.1457685023029710E-005   2.2449828126613958       0.51837088765323203       0.51379310000000000        0.0000000000000000        0.0000000000000000        45.829983112385392        733.27972979816627        16.000000000000000        0.0000000000000000     
           2         194   9.5713444329164045E-006  -2.4343512158915671E-006   2.2258214127808735E-005   2.9883513444212850       0.42752065618280888       0.51379310000000000        0.0000000000000000        0.0000000000000000        48.248648394479780        771.97837431167648        16.000000000000000        0.0000000000000000     
           2         195   1.1297756373460138E-005   1.6844435692504500E-006   2.1456505224914929E-005   2.2092903599170466       0.52074073489712658       0.51379310000000000        0.0000000000000000        1.0000000000000000        50.168991689808486        802.70386703693578        16.000000000000000        0.0000000000000000     
           2         196   1.1300037787090682E-005   1.6793717984839130E-006   2.1466557024787421E-005   2.2158101548559452       0.51995514400381360       0.51379310000000000        0.0000000000000000        0.0000000000000000        44.941027446408398        719.05643914253437        16.000000000000000        0.0000000000000000     
           2         197   1.1054994330679135E-005   1.0614336232977560E-006   2.1615565428876025E-005   2.3293808652424390       0.50295935582906881       0.51379310000000000        0.0000000000000000        0.0000000000000000        44.019422477142328        704.31075963427725        16.000000000000000        0.0000000000000000     
           2         198   1.2063562411988362E-005   3.0451886321774495E-006   2.1593616842083537E-005   2.0595707933788034       0.52461436290765295       0.51379310000000000        0.0000000000000000        0.0000000000000000        48.752344071827459        780.03750514923934        16.000000000000000        0.0000000000000000     
           2         199   1.1413563998040022E-005   1.9096870154681705E-006   2.1456667904822062E-005   2.1793156414135839       0.52334229828860968       0.51379310000000000        0.0000000000000000        0.0000000000000000        46.041252146420952        736.66003434273523        16.000000000000000        0.0000000000000000     
           2         200   1.1322868532328739E-005   1.7354954269514557E-006   2.1454205929368215E-005   2.2013955180488436       0.52151003657564088       0.51379310000000000        0.0000000000000000        0.0000000000000000        50.965222992990185        815.44356788784296        16.000000000000000        0.0000000000000000     
           2         201   1.1285781311947583E-005   1.6487686720965775E-006   2.1469574670224521E-005   2.2216617632407285       0.51941042521261660       0.51379310000000000        1.0000000000000000        0.0000000000000000        42.308451221767058        676.93521954827293        16.000000000000000        0.0000000000000000     
           2         202   1.1331497568451331E-005   1.7487619474439654E-006   2.1457934361508129E-005   2.2015512392736989       0.52138635044076731       0.51379310000000000        0.0000000000000000        0.0000000000000000        45.484284983174156        727.74855973078650        16.000000000000000        0.0000000000000000     
           2         203   1.1267288830185438E-005   1.6276275045408573E-006   2.1453881154261958E-005   2.2149109489896457       0.52036357088832463       0.51379310000000000        0.0000000000000000        0.0000000000000000        46.680538536654105        746.88861658646567        16.000000000000000        0.0000000000000000     
           2         204   1.1417530513736039E-005   1.9176028355465830E-006   2.1456461042185982E-005   2.1781094902796578       0.52344845095108283       0.51379310000000000        0.0000000000000000        0.0000000000000000        50.338986869865437        805.42378991784699        16.000000000000000        0.0000000000000000     
           2         205   1.1371553176909713E-005   1.8273196940624061E-006   2.1457303313890807E-005   2.1907613845741625       0.52234462031666418       0.51379310000000000        0.0000000000000000        0.0000000000000000        47.748573114049741        763.97716982479585        16.000000000000000        0.0000000000000000     
           2         206   1.1749476878765938E-005   2.4819608631890977E-006   2.1542809270681394E-005   2.1224713132813515       0.52334433725358775       0.51379310000000000        0.0000000000000000        0.0000000000000000        43.578876940052311        697.26203104083697        16.000000000000000        0.0000000000000000     
           2         207   1.1711610358056287E-005   2.4190841203732449E-006   2.1531371991406954E-005   2.1283116979725816       0.52285883548846801       0.51379310000000000        0.0000000000000000        0.0000000000000000        43.531382215002509        696.50211544004014        16.000000000000000        0.0000000000000000     
           2         208   1.2001891234795498E-005   2.8939124222920912E-006   2.1626634669762179E-005   2.0874088584122168       0.52159487188082154       0.51379310000000000        0.0000000000000000        0.0000000000000000        46.990854881287682        751.85367810060291        16.000000000000000        0.0000000000000000     
           2         209   1.1253222407368700E-005   1.5753539656760151E-006   2.1480189626570337E-005   2.2370376580807529       0.51773022462227714       0.51379310000000000        0.0000000000000000        0.0000000000000000        49.366753846521149        789.86806154433839        16.000000000000000        0.0000000000000000     
           2         210   1.1375444897810489E-005   1.8312498581540274E-006   2.1461154410426953E-005   2.1913591144715201       0.52225657565521255       0.51379310000000000        0.0000000000000000        0.0000000000000000        48.387328636162444        774.19725817859910        16.000000000000000        0.0000000000000000     
           2         211   1.1348254628625900E-005   1.7740646849467049E-006   2.1465660883353602E-005   2.2010796094920630       0.52133842086041193       0.51379310000000000        0.0000000000000000        0.0000000000000000        39.294394151115412        628.71030641784660        16.000000000000000        0.0000000000000000     
           2         212   1.1088470899447304E-005   1.1085726346908442E-006   2.1634604381168613E-005   2.3326952163386068       0.50209008406389788       0.51379310000000000        0.0000000000000000        0.0000000000000000        43.512196877519699        696.19515004031518        16.000000000000000        0.0000000000000000     
           2         213   1.1272462826605389E-005   1.6214713518847943E-006   2.1471028144929660E-005   2.2264361953639109       0.51895886254492229       0.51379310000000000        0.0000000000000000        1.0000000000000000        44.987291842920413        719.79666948672661        16.000000000000000        0.0000000000000000     
           2         214   1.1750260568757654E-005   2.4961668974696963E-006   2.1529409065131364E-005   2.1179914477784672       0.52379721591905259       0.51379310000000000        0.0000000000000000        0.0000000000000000        47.361662703513836        757.78660325622138        16.000000000000000        0.0000000000000000     
           2         215   1.1409346632919739E-005   1.9016905976064248E-006   2.1456444006727980E-005   2.1802579776582518       0.52326644163410929       0.51379310000000000        0.0000000000000000        0.0000000000000000        49.993639244876313        799.89822791802101        16.000000000000000        0.0000000000000000     
           2         216   1.1378581778242196E-005   1.8404217708710484E-006   2.1457913845482327E-005   2.1894294945233028       0.52245298155879194       0.51379310000000000        0.0000000000000000        0.0000000000000000        41.015547790558223        656.24876464893157        16.000000000000000        0.0000000000000000     
           2         217   1.0883686397640461E-005   9.5138251236366173E-007   2.1379525110250756E-005   2.2911710626601809       0.51920876226340784       0.51379310000000000        0.0000000000000000        1.0000000000000000        43.239310648068560        691.82897036909696        16.000000000000000        0.0000000000000000     
           2         218   1.1357779831679473E-005   1.8013667626810369E-006   2.1456400594982912E-005   2.1937357062527627       0.52211042726974277       0.51379310000000000        0.0000000000000000        0.0000000000000000        45.351495088615430        725.62392141784687        16.000000000000000        0.0000000000000000     
           2         219  -1.7791895892544974E-005  -3.5293139544968655E-005   8.4599695860905418E-006   11.006314142381925       0.40300845686432490       0.59999999999999998        0.0000000000000000        1.0000000000000000        58.511741033637499        936.18785653819998        16.000000000000000        9.0000000000000000     
           2         220   1.1412706450107446E-005   1.9013490351646757E-006   2.1463715210845942E-005   2.1823192187600582       0.52302924061990197       0.51379310000000000        0.0000000000000000        0.0000000000000000        50.334590500369373        805.35344800590997        16.000000000000000        0.0000000000000000     
           2         221  -2.6665923955159642E-005  -5.4965155955895394E-005   1.5782924045943809E-005   17.201344917544482       0.50051566958189908       0.59999999999999998        0.0000000000000000        1.0000000000000000        49.203876418874991        787.26202270199985        16.000000000000000        21.000000000000000     
           2         222   1.1408528682521523E-005   1.8969418010271158E-006   2.1459779929187100E-005   2.1817211346748144       0.52311696411889219       0.51379310000000000        0.0000000000000000        0.0000000000000000        41.288319801071999        660.61311681715199        16.000000000000000        0.0000000000000000     
           2         223   1.2065674869402334E-005   3.0495193369911755E-006   2.1593385194121450E-005   2.0588173838924946       0.52469527411361083       0.51379310000000000        0.0000000000000000        0.0000000000000000        43.838276082084242        701.41241731334787        16.000000000000000        0.0000000000000000     
           2         224  -1.2328519275490440E-005  -5.3379477906757982E-005   1.5038786478687923E-005   16.489422356413211       0.53910054738041902       0.40000000000000002        0.0000000000000000        1.0000000000000000        55.452328193499994        887.23725109599991        16.000000000000000        22.750000000000000     
           2         225   8.6832315998883742E-006  -3.9762490479317497E-006   2.2060980468597556E-005   3.2186720149109882       0.41593863843630458       0.51379310000000000        0.0000000000000000        0.0000000000000000        48.905314526115419        782.48503241784670        16.000000000000000        0.0000000000000000     
           2         226  -1.7148719321624596E-005  -5.0407584093156742E-005   1.6110145449907408E-005   20.527696108086239       0.50032265910159623       0.50000000000000000        0.0000000000000000        1.0000000000000000        50.540332130312507        808.64531408500011        16.000000000000000        35.000000000000000     
           2         227   9.1044903882775703E-006  -3.1817407310133958E-006   2.2087812455688030E-005   3.1401492932135482       0.42322780619711320       0.51379310000000000        0.0000000000000000        0.0000000000000000        44.972385861577649        719.55817378524239        16.000000000000000        0.0000000000000000     
           2         228   1.2000158248825440E-005   2.9065422247681893E-006   2.1609723985571732E-005   2.0822313844615903       0.52230020338403271       0.51379310000000000        0.0000000000000000        1.0000000000000000        44.376916453919428        710.03066326271085        16.000000000000000        0.0000000000000000     
           2         229   1.1603668283419182E-005   2.1917553327348732E-006   2.1549590342242440E-005   2.1675635801524562       0.51923441402309700       0.51379310000000000        0.0000000000000000        1.0000000000000000        47.871412342423582        765.94259747877732        16.000000000000000        0.0000000000000000     
           2         230  -1.8586618316967486E-005  -5.1217463180094723E-005   1.4044226546159836E-005   14.101695609830454       0.50089568428905262       0.50000000000000000        1.0000000000000000        0.0000000000000000        59.923655135312494        958.77848216499990        16.000000000000000        24.500000000000000     
           2         231   1.1338213680280468E-005   1.7596528494700222E-006   2.1460238815671907E-005   2.2019943066359455       0.52135466558938481       0.51379310000000000        0.0000000000000000        0.0000000000000000        43.057580183042013        688.92128292867221        16.000000000000000        0.0000000000000000     
           2         232   1.1402126841518629E-005   1.8828208231715075E-006   2.1461535190135969E-005   2.1840912533559975       0.52289987647037162       0.51379310000000000        0.0000000000000000        0.0000000000000000        46.874781664642335        749.99650663427735        16.000000000000000        0.0000000000000000     
           2         233   1.0526986452639424E-005   3.4161345486850834E-007   2.1290252805258055E-005   2.3504449142170900       0.52040095575270828       0.51379310000000000        0.0000000000000000        0.0000000000000000        46.343625348688484        741.49800557901574        16.000000000000000        0.0000000000000000     
           2         234   1.1420070371033412E-005   1.9192796283287862E-006   2.1459912932185451E-005   2.1787708861543180       0.52336485713352021       0.51379310000000000        0.0000000000000000        0.0000000000000000        48.000287759999452        768.00460415999123        16.000000000000000        0.0000000000000000     
           2         235   1.0895294198724051E-005   9.6998143024130233E-007   2.1383745135533365E-005   2.2884178056325295       0.51951298481563313       0.51379310000000000        0.0000000000000000        0.0000000000000000        51.104883631501941        817.67813810403106        16.000000000000000        0.0000000000000000     
           2         236   1.1396935042745613E-005   1.8762048957840880E-006   2.1457848321580288E-005   2.1843312811569597       0.52290019960736533       0.51379310000000000        0.0000000000000000        0.0000000000000000        40.423889295701684        646.78222873122695        16.000000000000000        0.0000000000000000     
           2         237   1.1272965371068725E-005   1.6170665430146969E-006   2.1476716474050023E-005   2.2290024916571718       0.51862950567868848       0.51379310000000000        0.0000000000000000        1.0000000000000000        44.879282523002388        718.06852036803821        16.000000000000000        0.0000000000000000     
           2         238   1.0422657541558858E-005   1.4598054302607035E-007   2.1282408262445376E-005   2.3806904877463797       0.51801450598370158       0.51379310000000000        0.0000000000000000        0.0000000000000000        49.174664082439335        786.79462531902936        16.000000000000000        0.0000000000000000     
           2         239   1.1309947542783832E-005   1.6960284519117542E-006   2.1469337080135774E-005   2.2132686195478510       0.52015788576316058       0.51379310000000000        0.0000000000000000        0.0000000000000000        49.460023258392347        791.36037213427755        16.000000000000000        0.0000000000000000     
           2         240   1.1677271658998329E-005   2.3451298599240526E-006   2.1538896544589297E-005   2.1417394876125941       0.52160330742556715       0.51379310000000000        0.0000000000000000        0.0000000000000000        49.486378854062160        791.78206166499456        16.000000000000000        0.0000000000000000     
           2         241   1.1363391866368811E-005   1.8111723631457732E-006   2.1457581131146383E-005   2.1930738110519505       0.52213727565879564       0.51379310000000000        0.0000000000000000        1.0000000000000000        43.515715502227984        696.25144803564774        16.000000000000000        0.0000000000000000     
           2         242   1.1312146450594503E-005   1.7058846494979429E-006   2.1463444242125681E-005   2.2109830472159717       0.52049660890444638       0.51379310000000000        0.0000000000000000        0.0000000000000000        43.531452634995610        696.50324215992975        16.000000000000000        0.0000000000000000     
           2         243   1.0863991195710020E-005   5.8565078108126300E-007   2.1725499710886666E-005   2.4243633910694578       0.49288206337602763       0.51379310000000000        0.0000000000000000        0.0000000000000000        46.863072567272148        749.80916107635437        16.000000000000000        0.0000000000000000     
           2         244   1.1352150697510842E-005   1.7873789966451315E-006   2.1459604341176175E-005   2.1976992089385892       0.52171917302524473       0.51379310000000000        0.0000000000000000        0.0000000000000000        51.275251801968125        820.40402883149000        16.000000000000000        0.0000000000000000     
           2         245  -2.6522151425650652E-005  -5.5045507550071842E-005   1.6262882760981360E-005   18.132882451486825       0.50026164238356585       0.59999999999999998        0.0000000000000000        1.0000000000000000        61.087363830000015        977.39782128000024        16.000000000000000        45.500000000000000     
           2         246   1.0756184996490647E-005  -7.3312966349393461E-007   2.2897375497960113E-005   2.8179840358581445       0.41846216828902333       0.51379310000000000        0.0000000000000000        1.0000000000000000        42.861373070892327        685.78196913427723        16.000000000000000        0.0000000000000000     
           2         247   1.1355841674276549E-005   1.7929821443732481E-006   2.1461274655037639E-005   2.1969957933743416       0.52174593835684824       0.51379310000000000        0.0000000000000000        0.0000000000000000        46.745286074700743        747.92457719521190        16.000000000000000        0.0000000000000000     
           2         248   1.0872691042542479E-005   9.3515706529245386E-007   2.1374056589857230E-005   2.2921743914064305       0.51915385738641373       0.51379310000000000        1.0000000000000000        0.0000000000000000        45.882588657699998        734.12141852319996        16.000000000000000        0.0000000000000000     
           2         249   1.0965246536763858E-005   1.1121097577205703E-006   2.1377426393587321E-005   2.2683482268383099       0.52118380382335550       0.51379310000000000        0.0000000000000000        0.0000000000000000        50.240770831052217        803.85233329683547        16.000000000000000        0.0000000000000000     
           2         250   1.1716869178449193E-005   2.4283267342130507E-006   2.1532420987577969E-005   2.1279055460946417       0.52285911860097833       0.51379310000000000        0.0000000000000000        0.0000000000000000        49.693233344794649        795.09173351671438        16.000000000000000        0.0000000000000000     
           2         251   1.1000996704403393E-005   1.1756391551374354E-006   2.1383821205342634E-005   2.2607144930426482       0.52178313399241216       0.51379310000000000        0.0000000000000000        0.0000000000000000        42.055876472059211        672.89402355294737        16.000000000000000        0.0000000000000000     
           2         252  -2.5293745053449928E-005  -5.2365156426971749E-005   1.5313372006833013E-005   16.389958961702892       0.50060772292762923       0.59999999999999998        0.0000000000000000        1.0000000000000000        52.086098606249990        833.37757769999985        16.000000000000000        49.000000000000000     
           2         253   1.1309280615028348E-005   1.7008086185231223E-006   2.1462914003093994E-005   2.2115825148131298       0.52047862297215408       0.51379310000000000        0.0000000000000000        0.0000000000000000        47.499619070892344        759.99390513427750        16.000000000000000        0.0000000000000000     
           2         254   1.1228367011651184E-005   1.5495285060548210E-006   2.1456359333829218E-005   2.2268188580021122       0.51915954478245196       0.51379310000000000        0.0000000000000000        0.0000000000000000        47.817296043505905        765.07673669609449        16.000000000000000        0.0000000000000000     
           2         255   1.1358378941586391E-005   1.7946792065608721E-006   2.1464699798670485E-005   2.1977824428143196       0.52164797271938601       0.51379310000000000        0.0000000000000000        0.0000000000000000        52.290928088733132        836.65484941973011        16.000000000000000        0.0000000000000000     
           2         256   9.8939723274201035E-006  -7.8255801002341736E-007   2.1176263095649618E-005   2.4788856885701858       0.51675535198587608       0.51379310000000000        0.0000000000000000        0.0000000000000000        41.966337916958729        671.46140667133966        16.000000000000000        0.0000000000000000     
           2         257   1.1421073406723006E-005   1.9178117169652315E-006   2.1463527110469121E-005   2.1799722214327959       0.52323313894980095       0.51379310000000000        0.0000000000000000        0.0000000000000000        45.412402949880445        726.59844719808711        16.000000000000000        0.0000000000000000     
           2         258   1.1385995539947948E-005   1.8551419016371914E-006   2.1457606692471453E-005   2.1865985975118831       0.52273510125061662       0.51379310000000000        0.0000000000000000        0.0000000000000000        47.537195433180401        760.59512693088641        16.000000000000000        0.0000000000000000     
           2         259   1.0150390897844400E-005  -5.2008792443701271E-007   2.1426286802621516E-005   2.5398117653423937       0.49608908396892121       0.51379310000000000        0.0000000000000000        0.0000000000000000        49.974959259366194        799.59934814985911        16.000000000000000        0.0000000000000000     
           2         260   1.1238772390467254E-005   1.5639899030453089E-006   2.1462478565838005E-005   2.2280676781300697       0.51888496728790168       0.51379310000000000        0.0000000000000000        1.0000000000000000        50.452280276115417        807.23648441784667        16.000000000000000        0.0000000000000000     
           2         261   1.1361105272332469E-005   1.8053834125807049E-006   2.1458995608853773E-005   2.1947701498626908       0.52196931983890471       0.51379310000000000        0.0000000000000000        0.0000000000000000        44.432274585470779        710.91639336753246        16.000000000000000        0.0000000000000000     
           2         262   1.0661097757130201E-005   5.6188353088098006E-007   2.1333316898546864E-005   2.3498328966631767       0.51555104635239590       0.51379310000000000        0.0000000000000000        0.0000000000000000        42.463439055826811        679.41502489322897        16.000000000000000        0.0000000000000000     
           2         263   2.0602566763680259E-005  -4.3876100758520901E-006   2.0602566763680259E-005   2.7243760666127468       0.49546586159596401        0.0000000000000000        0.0000000000000000        1.0000000000000000        46.467422703392330        743.47876325427728        16.000000000000000        0.0000000000000000     
           2         264   1.1216726856914286E-005   1.5155090444210956E-006   2.1468368233571488E-005   2.2372920003888943       0.51788564358020373       0.51379310000000000        0.0000000000000000        0.0000000000000000        47.356015519910009        757.69624831856015        16.000000000000000        0.0000000000000000     
           2         265   3.2099999999999985E-006   4.1136999999999977E-004   3.2099999999999985E-006   9.9999999999999947        1.0000000000000000        0.0000000000000000        0.0000000000000000        1.0000000000000000        46.902455011740415        750.43928018784663        16.000000000000000        1.7500000000000000     
           2         266   1.1723348329510170E-005   2.4384867548318995E-006   2.1535010425471663E-005   2.1261887900039538       0.52306885774590006       0.51379310000000000        0.0000000000000000        0.0000000000000000        42.449943221967310        679.19909155147695        16.000000000000000        0.0000000000000000     
           2         267   1.0461388548099355E-005   2.2166548816553614E-007   2.1282088653558416E-005   2.3657320689067927       0.51922667744827733       0.51379310000000000        0.0000000000000000        0.0000000000000000        43.675392994865419        698.80628791784670        16.000000000000000        0.0000000000000000     
           2         268   1.0865179806863675E-005   9.1842754289954690E-007   2.1376286664117272E-005   2.2959337171065206       0.51875782700324358       0.51379310000000000        0.0000000000000000        0.0000000000000000        42.608821957052456        681.74115131283929        16.000000000000000        0.0000000000000000     
           2         269   1.0501153329820261E-005   2.9436981823121155E-007   2.1287044976870228E-005   2.3573916482930430       0.51984744328882693       0.51379310000000000        0.0000000000000000        1.0000000000000000        47.145503365608441        754.32805384973506        16.000000000000000        0.0000000000000000     
           2         270   1.0682252283551905E-005   5.8600769113027688E-007   2.1351333301321600E-005   2.3282243460617194       0.51639076158652786       0.51379310000000000        0.0000000000000000        0.0000000000000000        48.586466901239390        777.38347041983025        16.000000000000000        0.0000000000000000     
           2         271   1.0884906145668357E-005   9.3957961737522039E-007   2.1394506374468326E-005   2.3015195404049451       0.51815593127794535       0.51379310000000000        0.0000000000000000        0.0000000000000000        42.017833333112534        672.28533332980055        16.000000000000000        0.0000000000000000     
           2         272   1.1271781789656640E-005   1.6290853441670014E-006   2.1461581438915772E-005   2.2230961335910999       0.51966832653484096       0.51379310000000000        0.0000000000000000        0.0000000000000000        45.663141896591469        730.61027034546350        16.000000000000000        0.0000000000000000     
           2         273   1.1416161601381801E-005   1.9127749182143929E-006   2.1458747390360077E-005   2.1794405861852129       0.52331556295637605       0.51379310000000000        0.0000000000000000        0.0000000000000000        45.210440700733415        723.36705121173463        16.000000000000000        0.0000000000000000     
           2         274   1.1269078286336708E-005   1.6247988271746904E-006   2.1460550765623109E-005   2.2191887154223622       0.51974379857833342       0.51379310000000000        1.0000000000000000        0.0000000000000000        46.847017619865426        749.55228191784681        16.000000000000000        0.0000000000000000     
           2         275   1.1386262283365342E-005   1.8558386351929759E-006   2.1457419049154393E-005   2.1870365906677489       0.52266655582377519       0.51379310000000000        0.0000000000000000        0.0000000000000000        48.987188468289197        783.79501549262716        16.000000000000000        0.0000000000000000     
           2         276   1.1756381856886518E-005   2.5037295015187793E-006   2.1534007260570980E-005   2.1181569342958460       0.52374664419886141       0.51379310000000000        0.0000000000000000        0.0000000000000000        42.109713501560314        673.75541602496503        16.000000000000000        0.0000000000000000     
           2         277   1.0481878779898841E-005  -1.6598128678962144E-008   2.1576013799654546E-005   2.5023893118229203       0.49291885844195954       0.51379310000000000        0.0000000000000000        0.0000000000000000        44.451760352015718        711.22816563225149        16.000000000000000        0.0000000000000000     
           2         278   1.1288706345559226E-005   1.6561251575783971E-006   2.1467816822137377E-005   2.2192101396695234       0.51958772492168193       0.51379310000000000        0.0000000000000000        0.0000000000000000        46.191618233862087        739.06589174179339        16.000000000000000        0.0000000000000000     
           2         279   1.1024072689676720E-005   1.1894349982596720E-006   2.1416703865520186E-005   2.2706544313228196       0.51801494277227156       0.51379310000000000        0.0000000000000000        0.0000000000000000        44.876908156871778        718.03053050994845        16.000000000000000        0.0000000000000000     
           2         280   1.1379543336568128E-005   1.8444694153227941E-006   2.1455614220642152E-005   2.1875470596687601       0.52266824587748417       0.51379310000000000        0.0000000000000000        0.0000000000000000        47.321714318570180        757.14742909712288        16.000000000000000        0.0000000000000000     
           2         281   1.1401756280534217E-005   1.8863573415888069E-006   2.1457035871542859E-005   2.1827188824856218       0.52304705933344986       0.51379310000000000        0.0000000000000000        0.0000000000000000        39.045892901115415        624.73428641784665        16.000000000000000        0.0000000000000000     
           2         282   1.0943985743532205E-005   1.0725925805807159E-006   2.1375457807198249E-005   2.2725149555020567       0.52089566781320673       0.51379310000000000        0.0000000000000000        0.0000000000000000        43.462576912731294        695.40123060370070        16.000000000000000        0.0000000000000000     
           2         283   5.6700045813826864E-006  -8.2688442859933731E-006   2.0399709918761773E-005   3.2684054905723325       0.43087511707271586       0.51379310000000000        0.0000000000000000        1.0000000000000000        45.699445005752501        731.19112009204002        16.000000000000000        0.0000000000000000     
           2         284   1.0992007732850829E-005   1.1606077561670217E-006   2.1381217493881321E-005   2.2618845956506051       0.52171781671327611       0.51379310000000000        0.0000000000000000        0.0000000000000000        50.342549773970333        805.48079638352533        16.000000000000000        0.0000000000000000     
           2         285   1.1762469385009385E-005   2.5194824039873012E-006   2.1529881024455532E-005   2.1150034723472051       0.52406334369587426       0.51379310000000000        0.0000000000000000        0.0000000000000000        48.756865732597490        780.10985172155983        16.000000000000000        0.0000000000000000     
           2         286   1.0954290106039305E-005   1.0895640386816694E-006   2.1378716799281410E-005   2.2720536433715930       0.52085155445321896       0.51379310000000000        0.0000000000000000        0.0000000000000000        42.059925842231351        672.95881347570162        16.000000000000000        0.0000000000000000     
           2         287   1.1335802549422261E-005   1.7554965981778383E-006   2.1459671819147736E-005   2.2016370979161173       0.52133866511171367       0.51379310000000000        0.0000000000000000        0.0000000000000000        41.440993343264545        663.05589349223271        16.000000000000000        0.0000000000000000     
           2         288   1.1354686128336239E-005   1.7930055039296750E-006   2.1458873315363050E-005   2.1967067416227426       0.52184018541009070       0.51379310000000000        0.0000000000000000        0.0000000000000000        46.845596338615429        749.52954141784687        16.000000000000000        0.0000000000000000     
           2         289   1.1403614913617696E-005   1.8900333335922351E-006   2.1456974033170502E-005   2.1821803532390751       0.52309386343663322       0.51379310000000000        0.0000000000000000        0.0000000000000000        51.051501199779295        816.82401919646873        16.000000000000000        0.0000000000000000     
           2         290   1.0735397411573289E-005   6.7781735248870174E-007   2.1363620164181394E-005   2.3222781186018140       0.51666682385436391       0.51379310000000000        0.0000000000000000        0.0000000000000000        50.258229793587439        804.13167669739903        16.000000000000000        0.0000000000000000     
           2         291   1.2005108026605305E-005   2.9168449646725973E-006   2.1609017087142915E-005   2.0803464100408098       0.52245215740097550       0.51379310000000000        0.0000000000000000        0.0000000000000000        40.896323692559832        654.34117908095732        16.000000000000000        0.0000000000000000     
           2         292   9.9431881995590756E-006  -6.9229555830437886E-007   2.1182103504859443E-005   2.4670024071947463       0.51768393309954008       0.51379310000000000        0.0000000000000000        0.0000000000000000        43.905352191796538        702.48563506874461        16.000000000000000        0.0000000000000000     
           2         293   1.0114773350001925E-005  -6.0436717434077705E-007   2.1442091903765569E-005   2.4195164675937710       0.49735040974181793       0.51379310000000000        0.0000000000000000        0.0000000000000000        44.807774423476758        716.92439077562813        16.000000000000000        0.0000000000000000     
           2         294   1.1417420732632499E-005   1.9174347550250138E-006   2.1456412868268181E-005   2.1781034442454326       0.52345005218586182       0.51379310000000000        0.0000000000000000        0.0000000000000000        48.789782908605986        780.63652653769577        16.000000000000000        0.0000000000000000     
           2         295   1.1361877994810118E-005   1.8074362181492226E-006   2.1458415619430999E-005   2.1944791178447409       0.52204020571168641       0.51379310000000000        0.0000000000000000        0.0000000000000000        53.376012633392335        854.01620213427736        16.000000000000000        0.0000000000000000     
           2         296   1.1664666055748567E-005   2.3141393810187699E-006   2.1545718930239198E-005   2.1480208070785207       0.52079321649851584       0.51379310000000000        0.0000000000000000        0.0000000000000000        43.421917740226711        694.75068384362737        16.000000000000000        0.0000000000000000     
           2         297   1.1372167991049442E-005   1.8276718300759604E-006   2.1458195709876484E-005   2.1914769291813903       0.52228788336810816       0.51379310000000000        0.0000000000000000        0.0000000000000000        43.718999736587563        699.50399578540100        16.000000000000000        0.0000000000000000     
           2         298   1.1406356758515175E-005   1.8955225538340976E-006   2.1456812623311336E-005   2.1813232313733955       0.52316858075338757       0.51379310000000000        0.0000000000000000        0.0000000000000000        47.551199858946717        760.81919774314747        16.000000000000000        0.0000000000000000     
           2         299   1.1394761077834882E-005   1.8711304738234620E-006   2.1458739378615791E-005   2.1850487148012308       0.52283529579577326       0.51379310000000000        0.0000000000000000        0.0000000000000000        47.356127958289697        757.69804733263516        16.000000000000000        0.0000000000000000     
           2         300   1.1420367560758870E-005   1.9163836748388267E-006   2.1463584436325409E-005   2.1802114295424935       0.52321264324803007       0.51379310000000000        0.0000000000000000        0.0000000000000000        50.829679766888681        813.27487627021890        16.000000000000000        0.0000000000000000     
           2         301   1.0879304628738254E-005   9.4060518294244178E-007   2.1381901770456573E-005   2.2953527289916749       0.51872295785191358       0.51379310000000000        0.0000000000000000        0.0000000000000000        44.976160074199079        719.61856118718526        16.000000000000000        0.0000000000000000     
           2         302   1.1722275835111541E-005   2.4289225269458600E-006   2.1542911464917984E-005   2.1294036788800539       0.52270787857612655       0.51379310000000000        0.0000000000000000        0.0000000000000000        44.777290914642336        716.43665463427737        16.000000000000000        0.0000000000000000     
           2         303   1.0883881849199470E-005   9.4078259404256152E-007   2.1391128434787764E-005   2.2880777025471701       0.51777555875824921       0.51379310000000000        1.0000000000000000        0.0000000000000000        45.693893058191449        731.10228893106319        16.000000000000000        0.0000000000000000     
           2         304   1.1123857692712271E-005   1.3633607733401393E-006   2.1438141528966061E-005   2.2533678805128727       0.51833981808426055       0.51379310000000000        0.0000000000000000        0.0000000000000000        49.569342432766767        793.10947892426827        16.000000000000000        0.0000000000000000     
           2         305   1.0845076737622116E-005   7.5840660211491954E-007   2.1504040067019282E-005   2.3579034841493587       0.50655998845714312       0.51379310000000000        0.0000000000000000        0.0000000000000000        49.269016709176540        788.30426734682464        16.000000000000000        0.0000000000000000     
           2         306   1.1474821624078442E-005   1.9517449866776846E-006   2.1538214527527110E-005   2.1838935047036880       0.51781928119747056       0.51379310000000000        0.0000000000000000        0.0000000000000000        42.896101092164287        686.33761747462859        16.000000000000000        0.0000000000000000     
           2         307   1.1133744311108876E-005   1.3657541725889760E-006   2.1455946513586066E-005   2.2417642135685960       0.51818433914015205       0.51379310000000000        0.0000000000000000        0.0000000000000000        44.554753578625011        712.87605725800017        16.000000000000000        0.0000000000000000     
           2         308   1.0367764682954289E-005   4.6940587369821891E-008   2.1274167300081083E-005   2.4103455450785409       0.51427828518941354       0.51379310000000000        0.0000000000000000        0.0000000000000000        45.875739036417556        734.01182458268090        16.000000000000000        0.0000000000000000     
           2         309   1.2027338591881089E-005   2.9669467314732129E-006   2.1601795106533370E-005   2.0719279455133846       0.52336492879247853       0.51379310000000000        0.0000000000000000        0.0000000000000000        47.412058633392341        758.59293813427746        16.000000000000000        0.0000000000000000     
           2         310   1.1673023686198104E-005   2.3329302776991539E-006   2.1543051336242342E-005   2.1411213379489520       0.52168318650632650       0.51379310000000000        0.0000000000000000        0.0000000000000000        52.990188950238050        847.84302320380880        16.000000000000000        0.0000000000000000     
           2         311   1.1392554372078190E-005   1.8658125097061768E-006   2.1459820456471299E-005   2.1859505419083542       0.52275437266185687       0.51379310000000000        0.0000000000000000        0.0000000000000000        42.013720886120289        672.21953417792463        16.000000000000000        0.0000000000000000     
           2         312   1.1752770190151387E-005   2.5013219877802663E-006   2.1529123120119487E-005   2.1172184835172283       0.52387004488407451       0.51379310000000000        0.0000000000000000        0.0000000000000000        46.141039968585638        738.25663949737020        16.000000000000000        0.0000000000000000     
           2         313   1.1407363836533590E-005   1.8975709674571042E-006   2.1456719282869044E-005   2.1809840848219122       0.52319889175866163       0.51379310000000000        0.0000000000000000        0.0000000000000000        45.829591005050062        733.27345608080100        16.000000000000000        0.0000000000000000     
           2         314   1.1352164288426880E-005   1.7873080086550733E-006   2.1459707309800511E-005   2.1976979255706284       0.52170982231506613       0.51379310000000000        0.0000000000000000        0.0000000000000000        49.435107846000001        790.96172553600002        16.000000000000000        0.0000000000000000     
           2         315   1.1279632798561230E-005   1.6330682725903828E-006   2.1473519993803861E-005   2.2247969832477255       0.51898620360000514       0.51379310000000000        0.0000000000000000        0.0000000000000000        51.570099665364950        825.12159464583920        16.000000000000000        0.0000000000000000     
           2         316   1.1270473246218078E-005   1.6233601901081259E-006   2.1464940093869371E-005   2.2214918126626215       0.51943770362594532       0.51379310000000000        0.0000000000000000        0.0000000000000000        43.863583820892330        701.81734113427729        16.000000000000000        0.0000000000000000     
           2         317   1.0535571260077120E-005   3.6015246162186934E-007   2.1288318636259725E-005   2.3473264802902074       0.52066941471175798       0.51379310000000000        0.0000000000000000        0.0000000000000000        43.724769377576500        699.59631004122400        16.000000000000000        0.0000000000000000     
           2         318   1.0963441302000092E-005   1.1043531902403234E-006   2.1381910155721170E-005   2.2711864290071171       0.52092996940545466       0.51379310000000000        0.0000000000000000        0.0000000000000000        47.094550526659532        753.51280842655251        16.000000000000000        0.0000000000000000     
           2         319   1.1248693708026521E-005   1.5805893958386460E-006   2.1465342804702599E-005   2.2273960044025429       0.51887570140416550       0.51379310000000000        0.0000000000000000        0.0000000000000000        45.526189089747078        728.41902543595324        16.000000000000000        0.0000000000000000     
           2         320   1.1351237204957103E-005   1.7873562111622925E-006   2.1457749604993202E-005   2.1963350930649961       0.52184863899960121       0.51379310000000000        0.0000000000000000        0.0000000000000000        50.203518769486621        803.25630031178594        16.000000000000000        0.0000000000000000     
           2         321   1.1738345451935997E-005   2.4678645365314575E-006   2.1534810964902678E-005   2.1229131956596277       0.52331741251367891       0.51379310000000000        0.0000000000000000        1.0000000000000000        42.240842808079066        675.85348492926505        16.000000000000000        0.0000000000000000     
           2         322   1.0553273172848957E-005   3.8782770235207065E-007   2.1295481358638918E-005   2.3450984359602223       0.52078934379193775       0.51379310000000000        0.0000000000000000        0.0000000000000000        45.138341506535582        722.21346410456931        16.000000000000000        0.0000000000000000     
           2         323   7.2622259465236277E-006  -5.0609622564000865E-006   2.0284601952835492E-005   2.8242239278180152       0.49948936802502059       0.51379310000000000        0.0000000000000000        1.0000000000000000        42.225781106338502        675.61249770141603        16.000000000000000        0.0000000000000000     
           2         324   1.1057664893553788E-005   1.2476850455054279E-006   2.1424239199813806E-005   2.2659971498246301       0.51804489636185602       0.51379310000000000        0.0000000000000000        0.0000000000000000        48.719835594332970        779.51736950932752        16.000000000000000        0.0000000000000000     
           2         325   1.1089203022643942E-005   1.3046766230171681E-006   2.1428879713566982E-005   2.2596042427884777       0.51833771420447883       0.51379310000000000        0.0000000000000000        0.0000000000000000        46.452283658175247        743.23653853080395        16.000000000000000        0.0000000000000000     
           2         326   1.1318022029357992E-005   1.7172561519937216E-006   2.1463512071776787E-005   2.2091654504381348       0.52061948856484297       0.51379310000000000        0.0000000000000000        0.0000000000000000        42.889478872552765        686.23166196084424        16.000000000000000        0.0000000000000000     
           2         327   1.1735060217531047E-005   2.4651890239277796E-006   2.1530881414561159E-005   2.1228450443837583       0.52335438578766580       0.51379310000000000        0.0000000000000000        0.0000000000000000        43.186869383498014        690.98991013596822        16.000000000000000        0.0000000000000000     
           2         328   1.1719359292841893E-005   2.4375561087973987E-006   2.1527789472504096E-005   2.1244296839380743       0.52330171565581640       0.51379310000000000        0.0000000000000000        0.0000000000000000        45.887041016204591        734.19265625927346        16.000000000000000        0.0000000000000000     
           2         329   1.1322339895030793E-005   1.7318721600367988E-006   2.1456947503463712E-005   2.2030809950491195       0.52129201115662538       0.51379310000000000        0.0000000000000000        0.0000000000000000        49.521694755852245        792.34711609363592        16.000000000000000        0.0000000000000000     
           2         330   1.0797627431004835E-005   7.8931711596048332E-007   2.1373784993821631E-005   2.3189955729585758       0.51738625862377230       0.51379310000000000        0.0000000000000000        0.0000000000000000        49.015347258392346        784.24555613427754        16.000000000000000        0.0000000000000000     
           2         331   1.1343975961270433E-005   1.7743469250747784E-006   2.1456562533688707E-005   2.1974248901414519       0.52178486482327835       0.51379310000000000        0.0000000000000000        0.0000000000000000        40.421849349731090        646.74958959569744        16.000000000000000        0.0000000000000000     
           2         332   1.1913405605847812E-005   2.7460425941535927E-006   2.1600902555405606E-005   2.0947779611410287       0.52147167760567537       0.51379310000000000        1.0000000000000000        0.0000000000000000        42.321662602395079        677.14660163832127        16.000000000000000        0.0000000000000000     
           2         333   1.1163697703139259E-005   1.4308417693885574E-006   2.1448772271301608E-005   2.2375983197369833       0.51840735258308590       0.51379310000000000        0.0000000000000000        1.0000000000000000        45.350772099256382        725.61235358810211        16.000000000000000        0.0000000000000000     
           2         334   1.1411315471731469E-005   1.9053218125136424E-006   2.1456656150257618E-005   2.1798967819977433       0.52329281333478495       0.51379310000000000        0.0000000000000000        0.0000000000000000        46.979685743773565        751.67497190037705        16.000000000000000        0.0000000000000000     
           2         335   1.1690844258101710E-005   2.3786734888215815E-006   2.1531365006116855E-005   2.1333690887343102       0.52240676904455885       0.51379310000000000        0.0000000000000000        0.0000000000000000        50.393348856530878        806.29358170449404        16.000000000000000        0.0000000000000000     
           2         336   8.4153562628201582E-006  -3.5288724391240097E-006   2.1037271525397749E-005   2.7063117927972606       0.49114164529241711       0.51379310000000000        0.0000000000000000        1.0000000000000000        40.686647523800218        650.98636038080349        16.000000000000000        0.0000000000000000     
           2         337   1.1344092110470569E-005   1.7722112243857712E-006   2.1459058297277818E-005   2.1997852906747974       0.52158827515483486       0.51379310000000000        0.0000000000000000        0.0000000000000000        42.513589307365422        680.21742891784675        16.000000000000000        0.0000000000000000     
           2         338   1.0183813393521683E-005  -2.7903520014996855E-007   2.1240298634214644E-005   2.4381502611245254       0.51524119474525631       0.51379310000000000        0.0000000000000000        1.0000000000000000        43.712398955923987        699.39838329478380        16.000000000000000        0.0000000000000000     
           2         339   1.1775627471367079E-005   2.5477291787199695E-006   2.1527094326864122E-005   2.1107128586101211       0.52446045870430735       0.51379310000000000        0.0000000000000000        0.0000000000000000        47.550929307590032        760.81486892144051        16.000000000000000        0.0000000000000000     
           2         340   1.0743443993270506E-005   3.7693940208248713E-007   2.1698118906503558E-005   2.4463174633444846       0.48971026519944594       0.51379310000000000        0.0000000000000000        0.0000000000000000        51.736518478489714        827.78429565583542        16.000000000000000        0.0000000000000000     
           2         341   1.1781088958861403E-005   2.5566790697750515E-006   2.1528869487242210E-005   2.1099321235243766       0.52451717608452830       0.51379310000000000        0.0000000000000000        0.0000000000000000        44.177967451748557        706.84747922797692        16.000000000000000        0.0000000000000000     
           2         342   1.1412244915590731E-005   1.9070412172822062E-006   2.1456750812742056E-005   2.1797331704629488       0.52330593165314077       0.51379310000000000        0.0000000000000000        0.0000000000000000        42.843405690294873        685.49449104471796        16.000000000000000        0.0000000000000000     
           2         343   8.3735261362545973E-006  -3.5531046603989041E-006   2.0976845031086989E-005   2.7300344915031016       0.50235405594299620       0.51379310000000000        0.0000000000000000        1.0000000000000000        45.932652280768757        734.92243649230011        16.000000000000000        0.0000000000000000     
           2         344   1.0464751688051332E-005   2.2393850395810059E-007   2.1286603768669889E-005   2.3662974346784891       0.51917047798826232       0.51379310000000000        0.0000000000000000        0.0000000000000000        44.859656369865426        717.75450191784682        16.000000000000000        0.0000000000000000     
           2         345   1.1370447326665201E-005   1.8241781850414642E-006   2.1458348620763361E-005   2.1918612250911962       0.52223354410102740       0.51379310000000000        0.0000000000000000        0.0000000000000000        49.387337164420920        790.19739463073472        16.000000000000000        0.0000000000000000     
           2         346   1.0962971270864972E-005   1.1079087018355820E-006   2.1377186182327045E-005   2.2687937129448961       0.52114870490096998       0.51379310000000000        0.0000000000000000        0.0000000000000000        43.638179571639064        698.21087314622503        16.000000000000000        0.0000000000000000     
           2         347   1.1420085394957233E-005   1.9176432029475409E-006   2.1461673104640940E-005   2.1794596101064290       0.52329195102323822       0.51379310000000000        0.0000000000000000        0.0000000000000000        45.042858681932856        720.68573891092569        16.000000000000000        0.0000000000000000     
           2         348   1.1336855865528925E-005   1.7540167341443134E-006   2.1463402041889808E-005   2.2036858929086836       0.52114304722916882       0.51379310000000000        0.0000000000000000        0.0000000000000000        44.788265544497342        716.61224871195748        16.000000000000000        0.0000000000000000     
           2         349   1.2089508560720284E-005   3.0965069970380019E-006   2.1592751216694826E-005   2.0529736721008311       0.52523154947292605       0.51379310000000000        0.0000000000000000        0.0000000000000000        47.769475926077902        764.31161481724644        16.000000000000000        0.0000000000000000     
           2         350   1.0978697606644923E-005   1.1388520661522408E-006   2.1376832112286647E-005   2.2641841402496050       0.52154618063235136       0.51379310000000000        0.0000000000000000        0.0000000000000000        48.567705738906419        777.08329182250270        16.000000000000000        0.0000000000000000     
           2         351   1.1727597737745713E-005   2.4455117640939089E-006   2.1536326751811902E-005   2.1263710671012896       0.52298100907832801       0.51379310000000000        0.0000000000000000        0.0000000000000000        43.244692633392333        691.91508213427733        16.000000000000000        0.0000000000000000     
           2         352   1.1267766528096539E-005   1.6256534617748763E-006   2.1456949698668545E-005   2.2172209101772813       0.52001727851416490       0.51379310000000000        0.0000000000000000        0.0000000000000000        48.339439302193831        773.43102883510130        16.000000000000000        0.0000000000000000     
           2         353   1.1265341656001862E-005   1.6075288424677505E-006   2.1471115339355669E-005   2.2286041438678086       0.51879424417823272       0.51379310000000000        0.0000000000000000        1.0000000000000000        47.885246103557108        766.16393765691373        16.000000000000000        0.0000000000000000     
           2         354   1.1372372013508588E-005   1.8287238944476694E-006   2.1457503574581887E-005   2.1906920011897748       0.52234633969271682       0.51379310000000000        0.0000000000000000        0.0000000000000000        47.563491491196032        761.01586385913652        16.000000000000000        0.0000000000000000     
           2         355   1.0931204035445239E-005   1.0501509687528348E-006   2.1372884082356305E-005   2.2747579106750488       0.52074896956259487       0.51379310000000000        0.0000000000000000        0.0000000000000000        51.586639980786238        825.38623969257981        16.000000000000000        0.0000000000000000     
           2         356   1.1267560001000315E-005   1.6084273983764282E-006   2.1474728355075544E-005   2.2296915321491118       0.51852514098118163       0.51379310000000000        0.0000000000000000        1.0000000000000000        41.618245261531904        665.89192418451046        16.000000000000000        0.0000000000000000     
           2         357   1.1419775921756785E-005   1.9219529766768010E-006   2.1456482299645590E-005   2.1775317550907860       0.52349697500446146       0.51379310000000000        0.0000000000000000        1.0000000000000000        44.877720057992562        718.04352092788099        16.000000000000000        0.0000000000000000     
           2         358   1.1732190505452644E-005   2.4586158711869733E-006   2.1531925267384023E-005   2.1230948886645380       0.52334766615734074       0.51379310000000000        0.0000000000000000        0.0000000000000000        49.177680945892348        786.84289513427757        16.000000000000000        0.0000000000000000     
           2         359   1.2070978779346219E-005   3.0606109710778085E-006   2.1592572998495476E-005   2.0573902861513096       0.52482548641001059       0.51379310000000000        0.0000000000000000        0.0000000000000000        49.459869977549978        791.35791964079965        16.000000000000000        0.0000000000000000     
           2         360   1.0536133997602409E-005   3.4908765065517708E-007   2.1301168641170234E-005   2.3524024844087430       0.52014837818258175       0.51379310000000000        0.0000000000000000        0.0000000000000000        49.486113447882644        791.77781516612231        16.000000000000000        0.0000000000000000     
           2         361   9.9401706419027413E-006  -6.9959044738198657E-007   2.1183605964032323E-005   2.4679471943180364       0.51760592230582203       0.51379310000000000        0.0000000000000000        0.0000000000000000        43.515456399731157        696.24730239569851        16.000000000000000        0.0000000000000000     
           2         362   1.1365314488459092E-005   1.8118982917252646E-006   2.1460768344235761E-005   2.1942091360630034       0.52200260379481145       0.51379310000000000        0.0000000000000000        0.0000000000000000        43.531109561443714        696.49775298309942        16.000000000000000        0.0000000000000000     
           2         363   1.0975639577073707E-005   1.1328512599093154E-006   2.1376883825396411E-005   2.2648425752885162       0.52149673636515415       0.51379310000000000        0.0000000000000000        0.0000000000000000        46.862717611108344        749.80348177773351        16.000000000000000        0.0000000000000000     
           2         364   1.2079950585653299E-005   3.0793702449491997E-006   2.1591202020072499E-005   2.0546806880123847       0.52508770196944876       0.51379310000000000        0.0000000000000000        0.0000000000000000        49.879844734978633        798.07751575965813        16.000000000000000        0.0000000000000000     
           2         365   1.1115252537145683E-005   1.3505989799354615E-006   2.1433928848783315E-005   2.2538622053333590       0.51850430461825403       0.51379310000000000        1.0000000000000000        0.0000000000000000        50.229282508392330        803.66852013427729        16.000000000000000        0.0000000000000000     
           2         366   1.0999903317129528E-005   1.1796499577358850E-006   2.1377334028846021E-005   2.2583585979350072       0.52203430748295332       0.51379310000000000        0.0000000000000000        0.0000000000000000        41.666541037794332        666.66465660470931        16.000000000000000        0.0000000000000000     
           2         367   1.1127432628120305E-005   1.3697045013851579E-006   2.1438790577158192E-005   2.2526337627482351       0.51836726657361454       0.51379310000000000        0.0000000000000000        1.0000000000000000        46.745002901080305        747.92004641728488        16.000000000000000        0.0000000000000000     
           2         368   1.1283335380403311E-005   1.6606212215208226E-006   2.1452018996588415E-005   2.2101916648784501       0.52080152051963635       0.51379310000000000        0.0000000000000000        0.0000000000000000        45.882310788509628        734.11697261615404        16.000000000000000        0.0000000000000000     
           2         369   1.1261460660029853E-005   1.5931974544738278E-006   2.1478277665297710E-005   2.2223028276696351       0.51840638840926345       0.51379310000000000        0.0000000000000000        0.0000000000000000        50.240399054913929        803.84638487862287        16.000000000000000        0.0000000000000000     
           2         370   1.1693191803446072E-005   2.3442985790256657E-006   2.1572518549619381E-005   2.1409732267517048       0.51994198925696866       0.51379310000000000        0.0000000000000000        0.0000000000000000        49.692845528878472        795.08552846205555        16.000000000000000        0.0000000000000000     
           2         371   1.0841965386168948E-005   8.7713148789115798E-007   2.1372179785802725E-005   2.2981184894861397       0.51875361225405781       0.51379310000000000        0.0000000000000000        0.0000000000000000        42.381842850458831        678.10948560734130        16.000000000000000        0.0000000000000000     
           2         372   1.1670135853477146E-005   2.3277934040932365E-006   2.1542540149529984E-005   2.1453431783558723       0.52116824960065888       0.51379310000000000        0.0000000000000000        1.0000000000000000        44.310081508392337        708.96130413427738        16.000000000000000        0.0000000000000000     
           2         373   1.1360350120282699E-005   1.8038209024941804E-006   2.1459093622376740E-005   2.1951047151343333       0.52194520637592490       0.51379310000000000        0.0000000000000000        0.0000000000000000        49.138406449043131        786.21450318469010        16.000000000000000        0.0000000000000000     
           2         374   1.1369872991088331E-005   1.8229499017468319E-006   2.1458465336311205E-005   2.1921733962354075       0.52221216432108053       0.51379310000000000        0.0000000000000000        0.0000000000000000        47.895316391187663        766.32506225900261        16.000000000000000        0.0000000000000000     
           2         375   1.0496974577219554E-005   2.8684569212165494E-007   2.1286401406156147E-005   2.3574178891850468       0.51986942297831096       0.51379310000000000        0.0000000000000000        0.0000000000000000        52.907588763067920        846.52142020908673        16.000000000000000        0.0000000000000000     
           2         376   1.1195547031662796E-005   1.4862198422061797E-006   2.1455757891659347E-005   2.2414758344083809       0.51851174077171858       0.51379310000000000        0.0000000000000000        0.0000000000000000        40.490977619088881        647.85564190542209        16.000000000000000        0.0000000000000000     
           2         377   9.7524675995662408E-006  -1.0421968172178958E-006   2.1159595088211911E-005   2.5240396745552909       0.51391123644910253       0.51379310000000000        0.0000000000000000        0.0000000000000000        44.995637383838037        719.93019814140860        16.000000000000000        0.0000000000000000     
           2         378   1.1009387055023368E-005   1.1962230456279442E-006   2.1379326184220438E-005   2.2563775960311281       0.52218600767011536       0.51379310000000000        0.0000000000000000        0.0000000000000000        46.208227806558249        739.33164490493198        16.000000000000000        0.0000000000000000     
           2         379   1.0503710215203169E-005   2.9793155378933316E-007   2.1288539999317401E-005   2.3559910939187994       0.52000016165309715       0.51379310000000000        0.0000000000000000        0.0000000000000000        49.514881820892342        792.23810913427747        16.000000000000000        0.0000000000000000     
           2         380   1.0864751442071095E-005   8.9992492210001970E-007   2.1394958044771034E-005   2.3179451853757200       0.51528819321746888       0.51379310000000000        0.0000000000000000        0.0000000000000000        50.452144667267348        807.23431467627756        16.000000000000000        0.0000000000000000     
           2         381   1.0858718043418717E-005   8.7759509060173925E-007   2.1406145699030170E-005   2.3289873027613819       0.51393767654585698       0.51379310000000000        0.0000000000000000        0.0000000000000000        44.432005875773058        710.91209401236893        16.000000000000000        0.0000000000000000     
           2         382   1.1316483132798560E-005   1.6765057286055593E-006   2.1503409468953706E-005   2.2291320791741072       0.51677708148379575       0.51379310000000000        0.0000000000000000        0.0000000000000000        42.463187278287016        679.41099645259226        16.000000000000000        0.0000000000000000     
           2         383   1.0800897550886878E-005   6.2901867549502650E-007   2.1549904157358711E-005   2.4004164720118011       0.50171303494966224       0.51379310000000000        0.0000000000000000        0.0000000000000000        47.620938431292274        761.93501490067638        16.000000000000000        0.0000000000000000     
           2         384   1.0798300389568006E-005   5.2489302119946338E-007   2.1654595969406505E-005   2.4734247874155604       0.49234545875496277       0.51379310000000000        0.0000000000000000        0.0000000000000000        47.355628359112686        757.69005374580297        16.000000000000000        0.0000000000000000     
           2         385  -2.4425936480794250E-006  -2.4425936480794250E-006   2.0852570767937240E-005   2.7019087860205189       0.46545009949655552        1.0000000000000000        1.0000000000000000        0.0000000000000000        42.391263152230835        678.26021043569335        16.000000000000000        0.0000000000000000     
           2         386   1.1291589717433502E-005   1.6614984760664670E-006   2.1468068973866324E-005   2.2191441285283493       0.51963775497239084       0.51379310000000000        0.0000000000000000        1.0000000000000000        43.600289463615418        697.60463141784669        16.000000000000000        0.0000000000000000     
           2         387   1.1337021010319468E-005   1.7538592512818260E-006   2.1463908119444139E-005   2.2026359574188961       0.52122823271944763       0.51379310000000000        0.0000000000000000        0.0000000000000000        44.502551307024099        712.04082091238558        16.000000000000000        0.0000000000000000     
           2         388   1.0322424654921438E-005  -1.5194031599143399E-007   2.1391079684162266E-005   2.4616606179027496       0.50372101936478264       0.51379310000000000        0.0000000000000000        0.0000000000000000        44.318352042683799        709.09363268294078        16.000000000000000        0.0000000000000000     
           2         389   1.1371367860082346E-005   1.8271631006185941E-006   2.1457087643984011E-005   2.1906589295773853       0.52235855638000150       0.51379310000000000        1.0000000000000000        0.0000000000000000        47.659969941168868        762.55951905870188        16.000000000000000        0.0000000000000000     
           2         390   9.9654096116638508E-006  -6.4946605803801134E-007   2.1182547575873639E-005   2.4590802022368607       0.51837101406150632       0.51379310000000000        0.0000000000000000        0.0000000000000000        51.071358439409032        817.14173503054451        16.000000000000000        0.0000000000000000     
           2         391   1.0899018756922598E-005   9.8296877754177527E-007   2.1377681356447776E-005   2.2875037297018213       0.51948703806291185       0.51379310000000000        0.0000000000000000        0.0000000000000000        43.002239762163512        688.03583619461619        16.000000000000000        0.0000000000000000     
           2         392   8.8290067084644788E-006  -2.3186973320951764E-006   2.0609204432687509E-005   2.7257047533725749       0.46890359000228060       0.51379310000000000        0.0000000000000000        1.0000000000000000        40.717182979646012        651.47492767433619        16.000000000000000        0.0000000000000000     
           2         393   1.1367309895672105E-005   1.8179420010936033E-006   2.1458485758450418E-005   2.1929579832204324       0.52215434515395287       0.51379310000000000        0.0000000000000000        0.0000000000000000        46.507249303169267        744.11598885070828        16.000000000000000        0.0000000000000000     
           2         394   1.1416402750722830E-005   1.9153057364137249E-006   2.1456568960587031E-005   2.1784890027664789       0.52341414737303804       0.51379310000000000        0.0000000000000000        0.0000000000000000        47.950611073115049        767.20977716984078        16.000000000000000        0.0000000000000000     
           2         395   7.6036414023395166E-006  -4.3471053593522784E-006   2.0232444543563384E-005   2.8472722593868842       0.47001753243482763       0.51379310000000000        1.0000000000000000        0.0000000000000000        46.581707408530605        745.30731853648967        16.000000000000000        0.0000000000000000     
           2         396   1.0001788006953038E-005  -8.1395862210389854E-007   2.1431193861452216E-005   2.5360417227987084       0.49136773733909272       0.51379310000000000        0.0000000000000000        0.0000000000000000        43.421301583771097        694.74082534033755        16.000000000000000        0.0000000000000000     
           2         397   1.0962949739658396E-005   1.1047790128608422E-006   2.1380449158220002E-005   2.2705712012180350       0.52097341744385528       0.51379310000000000        0.0000000000000000        0.0000000000000000        46.007187882338883        736.11500611742213        16.000000000000000        0.0000000000000000     
           2         398   1.0897127268529292E-005   9.8279501255801519E-007   2.1373974685185478E-005   2.2847990755308074       0.51984577019271627       0.51379310000000000        0.0000000000000000        1.0000000000000000        48.286968995367303        772.59150392587685        16.000000000000000        0.0000000000000000     
           2         399   1.1690975593917323E-005   2.3717594042163500E-006   2.1538941502415655E-005   2.1373394872645024       0.52190695141858989       0.51379310000000000        0.0000000000000000        0.0000000000000000        46.783794483670476        748.54071173872762        16.000000000000000        0.0000000000000000     
           2         400   1.1342266009252219E-005   1.7671740035524898E-006   2.1460625506811469E-005   2.2008586958895799       0.52140887332634600       0.51379310000000000        0.0000000000000000        0.0000000000000000        49.809490883392336        796.95185413427737        16.000000000000000        0.0000000000000000     
           2         401   1.1376580684860518E-005   1.8363793305397615E-006   2.1458069920124243E-005   2.1900899285500648       0.52239535641307910       0.51379310000000000        0.0000000000000000        0.0000000000000000        40.424783602620693        646.79653764193108        16.000000000000000        0.0000000000000000     
           2         402   1.0898241008345726E-005   9.8312163875057166E-007   2.1375920197543853E-005   2.2863485570399700       0.51962968479697413       0.51379310000000000        0.0000000000000000        0.0000000000000000        45.363402292792202        725.81443668467523        16.000000000000000        0.0000000000000000     
           2         403   1.1472724335437944E-005   1.9679655946344988E-006   2.1516760029274381E-005   2.1869895119631519       0.51919643828764694       0.51379310000000000        0.0000000000000000        0.0000000000000000        49.419209258186740        790.70734813098784        16.000000000000000        0.0000000000000000     
           2         404   7.8937461109475293E-006  -4.5250567923253039E-006   2.1017161763751515E-005   2.7296002091684479       0.48533025132903279       0.51379310000000000        0.0000000000000000        1.0000000000000000        50.856861106429093        813.70977770286549        16.000000000000000        0.0000000000000000     
           2         405   1.1751357956128771E-005   2.4978791201293897E-006   2.1529856732950923E-005   2.1180387171381638       0.52378628400551364       0.51379310000000000        0.0000000000000000        0.0000000000000000        49.516176054985742        792.25881687977187        16.000000000000000        0.0000000000000000     
           2         406   1.0488064181554108E-005   2.7105006394353229E-007   2.1284766894392921E-005   2.3594113077949794       0.51971300424229905       0.51379310000000000        0.0000000000000000        0.0000000000000000        42.289859559968747        676.63775295949995        16.000000000000000        0.0000000000000000     
           2         407   1.1179071758140351E-005   1.4343422333955716E-006   2.1476693596045706E-005   2.2573679107955353       0.51640749893530646       0.51379310000000000        0.0000000000000000        0.0000000000000000        42.928527977142330        686.85644763427729        16.000000000000000        0.0000000000000000     
           2         408   7.3567491953864656E-006  -5.3194559616344229E-006   2.0752171481375582E-005   2.8846536424039595       0.50300002957602397       0.51379310000000000        0.0000000000000000        1.0000000000000000        47.250133919279975        756.00214270847960        16.000000000000000        0.0000000000000000     
           2         409   1.0437562032039291E-005   1.7011076901914786E-007   2.1287563571560755E-005   2.3764487360123185       0.51820171247619062       0.51379310000000000        0.0000000000000000        0.0000000000000000        53.341728329494650        853.46765327191440        16.000000000000000        0.0000000000000000     
           2         410   1.1165226226530395E-005   1.4281812368428817E-006   2.1454727527501193E-005   2.2498992669519651       0.51790339088659887       0.51379310000000000        0.0000000000000000        0.0000000000000000        52.743146990435314        843.89035184696502        16.000000000000000        0.0000000000000000     
           2         411   1.1499529219140586E-005   2.0166533398280060E-006   2.1520440471011350E-005   2.1810444421872557       0.51960352311611024       0.51379310000000000        0.0000000000000000        0.0000000000000000        41.980349045764648        671.68558473223436        16.000000000000000        0.0000000000000000     
