  economy_id district_id avg_expect_cont avg_C1 avg_C2 avg_expect_exp avg_expect_MA lambda urban suburban budg_per_teach budget capacity share_tenured
           1           1   1.1337073867530030E-005   1.7679007871385069E-006   2.1449178614317931E-005   2.1977248149164001       0.52235792918207247       0.51379310000000000        0.0000000000000000        0.0000000000000000        48.007540302016324        816.12818513427749        17.000000000000000        0.0000000000000000     
           1           2   1.1289063311883308E-005   1.6730893346725816E-006   2.1450624324839985E-005   2.2121227027751798       0.52107596473536555       0.51379310000000000        0.0000000000000000        0.0000000000000000        44.845142066722204        762.36741513427751        17.000000000000000        0.0000000000000000     
           1           3   1.1241056707746368E-005   1.5780498450326640E-006   2.1452319138030714E-005   2.2276040679805211       0.51980341720202261       0.51379310000000000        0.0000000000000000        0.0000000000000000        47.772872654957496        812.13883513427743        17.000000000000000        0.0000000000000000     
           1           4   1.1283249806269544E-005   1.6677955928563343E-006   2.1444261565291382E-005   2.2094426999604639       0.52148336941632267       0.51379310000000000        0.0000000000000000        0.0000000000000000        49.607909713781027        843.33446513427748        17.000000000000000        0.0000000000000000     
           1           5   1.1355142576380182E-005   1.8025683522293607E-006   2.1449706688091662E-005   2.1930625391505365       0.52274963076537195       0.51379310000000000        0.0000000000000000        0.0000000000000000        48.321733243192796        821.46946513427758        17.000000000000000        0.0000000000000000     
           1           6   1.1338433985599526E-005   1.7701652463409608E-006   2.1449583081132525E-005   2.1976526025653302       0.52235770633403145       0.51379310000000000        0.0000000000000000        0.0000000000000000        46.279995596133972        786.75992513427752        17.000000000000000        0.0000000000000000     
           1           7   1.1289778243843245E-005   1.6756636542402723E-006   2.1449374372050142E-005   2.2110244192990756       0.52119631223452179       0.51379310000000000        0.0000000000000000        0.0000000000000000        47.356215007898676        805.05565513427746        17.000000000000000        0.0000000000000000     
           1           8   1.1445182872013347E-005   2.3203618337996548E-006   2.1087724119718973E-005   1.9506504013710459       0.51679046793135930       0.51379310000000000        0.0000000000000000        1.0000000000000000        49.871761176470592        847.81994000000009        17.000000000000000        0.0000000000000000     
           1           9   1.1370753557432548E-005   1.8328893693084688E-006   2.1449773021358609E-005   2.1886843154028326       0.52311730796089173       0.51379310000000000        0.0000000000000000        0.0000000000000000        47.360333831428093        805.12567513427757        17.000000000000000        0.0000000000000000     
           1          10   1.1293997552216107E-005   1.6843246808295153E-006   2.1448899949889633E-005   2.2095268330468243       0.52133873934566954       0.51379310000000000        0.0000000000000000        0.0000000000000000        48.358550890251621        822.09536513427759        17.000000000000000        0.0000000000000000     
           1          11   1.1326478851808808E-005   1.7481582911860955E-006   2.1448250084665066E-005   2.2000390912748968       0.52218110395271966       0.51379310000000000        0.0000000000000000        0.0000000000000000        47.257869125545739        803.38377513427758        17.000000000000000        0.0000000000000000     
           1          12   1.1249605570497775E-005   1.6006206044192285E-006   2.1446050535747666E-005   2.2198952813556012       0.52049790686901942       0.51379310000000000        1.0000000000000000        0.0000000000000000        46.143673831428089        784.44245513427745        17.000000000000000        0.0000000000000000     
           1          13   1.1347618767570402E-005   1.7879349442005532E-006   2.1449695859912980E-005   2.1951754574828515       0.52257006078439361       0.51379310000000000        0.0000000000000000        0.0000000000000000        49.620265007898681        843.54450513427753        17.000000000000000        0.0000000000000000     
           1          14   1.1274638298742394E-005   1.6448617696124669E-006   2.1450784986929733E-005   2.2168925307991150       0.52073884316749630       0.51379310000000000        0.0000000000000000        0.0000000000000000        46.507039713781026        790.61967513427749        17.000000000000000        0.0000000000000000     
           1          15   1.1372558473240710E-005   1.8366448041899042E-006   2.1449516750373402E-005   2.1879780805240920       0.52318175291698243       0.51379310000000000        0.0000000000000000        0.0000000000000000        49.022231478486916        833.37793513427755        17.000000000000000        0.0000000000000000     
           1          16   1.1267829859570051E-005   1.6370545218551554E-006   2.1445032026318933E-005   2.2141975155727422       0.52103491111808642       0.51379310000000000        0.0000000000000000        0.0000000000000000        46.457866772604554        789.78373513427744        17.000000000000000        0.0000000000000000     
           1          17   1.1335072997898886E-005   1.7641673495233385E-006   2.1449008614374599E-005   2.1981626037703288       0.52232393261924137       0.51379310000000000        0.0000000000000000        0.0000000000000000        46.894503243192787        797.20655513427744        17.000000000000000        0.0000000000000000     
           1          18   1.1319880933418043E-005   1.7343770839308029E-006   2.1449243017522580E-005   2.2025761977905924       0.52193764092886985       0.51379310000000000        0.0000000000000000        0.0000000000000000        46.143673831428089        784.44245513427757        17.000000000000000        0.0000000000000000     
           1          19   1.1346324933466978E-005   1.7855761173638220E-006   2.1449527443647413E-005   2.1953929332351501       0.52255193240773934       0.51379310000000000        0.0000000000000000        0.0000000000000000        48.370906184369268        822.30540513427752        17.000000000000000        0.0000000000000000     
           1          20   1.1366795881293408E-005   1.8252047158223641E-006   2.1449753782220155E-005   2.1897946775220349       0.52302439732907946       0.51379310000000000        0.0000000000000000        0.0000000000000000        46.507039713781026        790.61967513427749        17.000000000000000        0.0000000000000000     
           1          21   1.1372774872284263E-005   1.8368072389561320E-006   2.1449790175496311E-005   2.1881230981351063       0.52316416974865465       0.51379310000000000        0.0000000000000000        0.0000000000000000        47.958367360839851        815.29224513427744        17.000000000000000        0.0000000000000000     
           1          22   1.1330198463447716E-005   1.7538697169282440E-006   2.1449864871500240E-005   2.2002021183511120       0.52213769829358880       0.51379310000000000        0.0000000000000000        0.0000000000000000        45.257680890251613        769.38057513427748        17.000000000000000        0.0000000000000000     
           1          23   1.1268714130183752E-005   1.6314150374838798E-006   2.1452810193948864E-005   2.2193800701915936       0.52040289631052083       0.51379310000000000        0.0000000000000000        0.0000000000000000        47.888177360839848        814.09901513427747        17.000000000000000        0.0000000000000000     
           1          24   1.1273734556375373E-005   1.6420555723732752E-006   2.1451891640109601E-005   2.2176764936915703       0.52061542797731408       0.51379310000000000        0.0000000000000000        0.0000000000000000        46.816016184369268        795.87227513427752        17.000000000000000        0.0000000000000000     
           1          25   1.1365808485212016E-005   1.8233740829681794E-006   2.1449657466120169E-005   2.1899946526939043       0.52300842652757151       0.51379310000000000        0.0000000000000000        0.0000000000000000        47.937941570892335        767.00706513427735        16.000000000000000        0.0000000000000000     
           1          26   1.1377057172046710E-005   1.8453241876108089E-006   2.1449597562661636E-005   2.1867638416368242       0.52328268173645520       0.51379310000000000        0.0000000000000000        0.0000000000000000        46.683250713615429        746.93201141784687        16.000000000000000        0.0000000000000000     
           1          27   1.0669127662112246E-005   4.2690791420823215E-007   2.1492466111559963E-005   2.4108494903311222       0.50247408604216959       0.51379310000000000        0.0000000000000000        0.0000000000000000        48.370128213615423        773.92205141784677        16.000000000000000        0.0000000000000000     
           1          28   1.1245318512033117E-005   1.5853530288881360E-006   2.1453367002249899E-005   2.2268620324399655       0.51981084029138169       0.51379310000000000        0.0000000000000000        0.0000000000000000        44.225451338615422        707.60722141784674        16.000000000000000        0.0000000000000000     
           1          29   1.1300159261682379E-005   1.6952028760960846E-006   2.1450077571593822E-005   2.2090915024170936       0.52140918794259816       0.51379310000000000        0.0000000000000000        0.0000000000000000        47.622130320892346        761.95408513427753        16.000000000000000        0.0000000000000000     
           1          30   7.1625869148009184E-006  -2.4581079035314579E-006   1.6783281733133498E-005   2.0158180890905535       0.61526994441255956       0.50000000000000000        0.0000000000000000        1.0000000000000000        47.136921570892333        754.19074513427734        16.000000000000000        0.0000000000000000     
           1          31  -9.7385747361551155E-006  -3.1937438951644153E-005   1.2460289479333915E-005   11.500044127947262       0.50004412794724340       0.50000000000000000        0.0000000000000000        1.0000000000000000        57.775014375000005        924.40023000000008        16.000000000000000        3.6250000000000000     
           1          32   1.1305191208531246E-005   1.7054052715992493E-006   2.1449645711074712E-005   2.2074268759292486       0.52156877275447155       0.51379310000000000        0.0000000000000000        0.0000000000000000        46.170351338615433        738.72562141784692        16.000000000000000        0.0000000000000000     
           1          33   1.1245345625228006E-005   1.5882894606093278E-006   2.1450319729243132E-005   2.2239001031520629       0.52002983491638266       0.51379310000000000        0.0000000000000000        0.0000000000000000        45.500784463615425        728.01255141784679        16.000000000000000        0.0000000000000000     
           1          34   1.1365704458818999E-005   1.8232566466708061E-006   2.1449567610477223E-005   2.1899541659729587       0.52301328486725707       0.51379310000000000        0.0000000000000000        0.0000000000000000        42.608974463615425        681.74359141784680        16.000000000000000        0.0000000000000000     
           1          35   1.1263742177743903E-005   1.6214591111017861E-006   2.1453104994042021E-005   2.2211809331561576       0.52026639671508867       0.51379310000000000        0.0000000000000000        0.0000000000000000        45.329164463615420        725.26663141784672        16.000000000000000        0.0000000000000000     
           1          36   1.1331063462391440E-005   1.7557258072790881E-006   2.1449682546914564E-005   2.1997939272550924       0.52217214336139128       0.51379310000000000        0.0000000000000000        0.0000000000000000        44.987749463615422        719.80399141784676        16.000000000000000        0.0000000000000000     
           1          37   1.1340844349909807E-005   1.7747668220496430E-006   2.1449677910024907E-005   2.1970589057003376       0.52240843078584698       0.51379310000000000        0.0000000000000000        0.0000000000000000        45.887454070892339        734.19926513427743        16.000000000000000        0.0000000000000000     
           1          38   1.1274874687155329E-005   1.6448529158406602E-006   2.1451280531974409E-005   2.2170623895143313       0.52069913563373893       0.51379310000000000        0.0000000000000000        0.0000000000000000        47.594838213615432        761.51741141784692        16.000000000000000        0.0000000000000000     
           1          39   1.1358225263751639E-005   1.8087030562385842E-006   2.1449564194804893E-005   2.1920670376195224       0.52283445823645780       0.51379310000000000        0.0000000000000000        0.0000000000000000        45.213439695892340        723.41503513427745        16.000000000000000        0.0000000000000000     
           1          40   1.1291350250115963E-005   1.6812270531384627E-006   2.1446728523762463E-005   2.2087985562684533       0.52146059583460880       0.51379310000000000        0.0000000000000000        0.0000000000000000        45.044443213615423        720.71109141784677        16.000000000000000        0.0000000000000000     
           1          41   1.1315780451122126E-005   1.7255625378018016E-006   2.1450124063605583E-005   2.2045599120939801       0.52177448585794917       0.51379310000000000        0.0000000000000000        0.0000000000000000        45.351495088615430        725.62392141784687        16.000000000000000        0.0000000000000000     
           1          42   1.1359602162506323E-005   1.8118965334996537E-006   2.1449021446796244E-005   2.1912833731480945       0.52291319213057552       0.51379310000000000        0.0000000000000000        0.0000000000000000        45.789817588615421        732.63708141784673        16.000000000000000        0.0000000000000000     
           1          43   1.1310172613069998E-005   1.7167132520676756E-006   2.1447941585113562E-005   2.2043771155762211       0.52181286729669052       0.51379310000000000        0.0000000000000000        0.0000000000000000        46.412829695892341        742.60527513427746        16.000000000000000        0.0000000000000000     
           1          44   1.1364199199255896E-005   1.8202131776497876E-006   2.1449687834644572E-005   2.1904760549263167       0.52296753265446072       0.51379310000000000        0.0000000000000000        0.0000000000000000        46.192817588615419        739.08508141784671        16.000000000000000        0.0000000000000000     
           1          45   1.0966796264744687E-005   1.0891253096678650E-006   2.1404902307231801E-005   2.2863855209892643       0.51728583369656789       0.51379310000000000        0.0000000000000000        0.0000000000000000        43.083927820892342        689.34284513427747        16.000000000000000        0.0000000000000000     
           1          46   1.1228918675799026E-005   1.5628194818200852E-006   2.1443448888722649E-005   2.2238889140033291       0.52021584803371679       0.51379310000000000        0.0000000000000000        0.0000000000000000        43.839510713615425        701.43217141784680        16.000000000000000        0.0000000000000000     
           1          47  -1.2435562716555895E-005  -3.7366930231815000E-005   1.2495804798703218E-005   14.000000000001636       0.33342421786708037       0.50000000000000000        0.0000000000000000        1.0000000000000000        51.190535160446160        819.04856256713856        16.000000000000000        5.2500000000000000     
           1          48   1.1238997461449337E-005   1.5754633598479312E-006   2.1450817044876467E-005   2.2274575150650802       0.51988559935391754       0.51379310000000000        0.0000000000000000        0.0000000000000000        45.276918213615431        724.43069141784690        16.000000000000000        0.0000000000000000     
           1          49  -2.1665828811898063E-005  -6.3059985492969274E-005   1.9728327869173216E-005   21.500042667737315       0.50004266773732531       0.50000000000000000        0.0000000000000000        1.0000000000000000        53.677591178169251        858.84145885070802        16.000000000000000        3.6250000000000000     
           1          50   5.8727392313928787E-006  -8.5231002886829533E-006   2.0268578751468841E-005   3.1869186641774916       0.47122038674779376       0.50000000000000000        0.0000000000000000        1.0000000000000000        54.035402820892330        864.56644513427727        16.000000000000000        0.0000000000000000     
           1          51   1.1361572057120336E-005   1.8152787689139603E-006   2.1449498867819291E-005   2.1910705566558688       0.52291998253523619       0.51379310000000000        0.0000000000000000        0.0000000000000000        44.816059928169260        717.05695885070816        16.000000000000000        0.0000000000000000     
           1          52   1.0962901130112937E-005   1.0745357351558138E-006   2.1412308389054711E-005   2.2929620307116343       0.51639156522245777       0.51379310000000000        0.0000000000000000        0.0000000000000000        45.935388445892343        734.96621513427749        16.000000000000000        0.0000000000000000     
           1          53   1.1363249889926173E-005   1.8187172503688394E-006   2.1449316157042797E-005   2.1904628210754686       0.52297555423177411       0.51379310000000000        0.0000000000000000        0.0000000000000000        43.151718213615425        690.42749141784680        16.000000000000000        0.0000000000000000     
           1          54   1.1351255129030522E-005   1.7952083171235628E-006   2.1449488854703565E-005   2.1939744737687326       0.52267341933759903       0.51379310000000000        0.0000000000000000        0.0000000000000000        46.845596338615429        749.52954141784687        16.000000000000000        0.0000000000000000     
           1          55   1.1218345276276330E-005   1.5288257659633179E-006   2.1457624617466559E-005   2.2362450256136821       0.51875240940407785       0.51379310000000000        0.0000000000000000        0.0000000000000000        48.963224695892343        783.41159513427749        16.000000000000000        0.0000000000000000     
           1          56   1.0692177740455868E-005   4.7482402695966446E-007   2.1489239317026761E-005   2.4061528331589339       0.50348816881364256       0.51379310000000000        0.0000000000000000        0.0000000000000000        46.343795320892347        741.50072513427756        16.000000000000000        0.0000000000000000     
           1          57   1.1364259888797550E-005   1.8204095216533240E-006   2.1449605173019489E-005   2.1903920727981938       0.52297562192447822       0.51379310000000000        0.0000000000000000        0.0000000000000000        44.841528053169256        717.46444885070810        16.000000000000000        0.0000000000000000     
           1          58   1.1104075993402240E-005   1.3192760115364917E-006   2.1444041788957304E-005   2.2585908443216112       0.51701343126239774       0.51379310000000000        0.0000000000000000        0.0000000000000000        45.838345320892337        733.41352513427739        16.000000000000000        0.0000000000000000     
           1          59   1.1323359383412533E-005   1.7404185859663319E-006   2.1450012994121044E-005   2.2022354376414306       0.52196113074389761       0.51379310000000000        0.0000000000000000        0.0000000000000000        44.809273445892345        716.94837513427751        16.000000000000000        0.0000000000000000     
           1          60   1.1324497708423993E-005   1.7429530844692736E-006   2.1449675930144292E-005   2.2018723064241321       0.52202506594473419       0.51379310000000000        0.0000000000000000        0.0000000000000000        46.811962195892342        748.99139513427747        16.000000000000000        0.0000000000000000     
           1          61  -1.4085967439662263E-005  -3.4077856475942616E-005   5.9059215966180796E-006   10.686872100296419       0.33283001240151483       0.50000000000000000        0.0000000000000000        1.0000000000000000        54.143027500000002        866.28844000000004        16.000000000000000        5.4375000000000000     
           1          62   1.0992032454556035E-005   1.1274808792045297E-006   2.1416274755538995E-005   2.2695443653787635       0.51668027078168866       0.51379310000000000        0.0000000000000000        0.0000000000000000        47.447372820892348        759.15796513427756        16.000000000000000        0.0000000000000000     
           1          63   1.1361922394822684E-005   1.8161885126083182E-006   2.1449258060190703E-005   2.1907956894756730       0.52294863254167212       0.51379310000000000        0.0000000000000000        0.0000000000000000        45.641772195892344        730.26835513427750        16.000000000000000        0.0000000000000000     
           1          64   1.1362033012038989E-005   1.8160991732627083E-006   2.1449579979019181E-005   2.1910026680013450       0.52292436846886825       0.51379310000000000        0.0000000000000000        0.0000000000000000        47.551865320892347        760.82984513427755        16.000000000000000        0.0000000000000000     
           1          65   1.1201948669802572E-005   1.5104806381172942E-006   2.1443287086741049E-005   2.2311937451697408       0.51955948413479403       0.51379310000000000        0.0000000000000000        0.0000000000000000        45.444684070892343        727.11494513427749        16.000000000000000        0.0000000000000000     
           1          66   1.1354836363529167E-005   1.8021194866751907E-006   2.1449551221712827E-005   2.1930139170830700       0.52275429137194751       0.51379310000000000        0.0000000000000000        1.0000000000000000        46.864208445892345        749.82733513427752        16.000000000000000        0.0000000000000000     
           1          67   1.1368510217529134E-005   1.8285703327944274E-006   2.1449723148056343E-005   2.1892809901896082       0.52306772045405625       0.51379310000000000        0.0000000000000000        0.0000000000000000        49.177680945892348        786.84289513427757        16.000000000000000        0.0000000000000000     
           1          68   1.1368205015667732E-005   1.8279653198726193E-006   2.1449734767807579E-005   2.1893773734632513       0.52305950915081012       0.51379310000000000        0.0000000000000000        0.0000000000000000        46.755339695892346        748.08543513427753        16.000000000000000        0.0000000000000000     
           1          69   1.1173757015974015E-005   1.4514068685123288E-006   2.1447729725019797E-005   2.2463809424000218       0.51853718403842408       0.51379310000000000        0.0000000000000000        0.0000000000000000        45.694018445892340        731.10429513427744        16.000000000000000        0.0000000000000000     
           1          70   1.1288130012962599E-005   1.6743017308811903E-006   2.1447423589253290E-005   2.2101534436768460       0.52132179489138541       0.51379310000000000        0.0000000000000000        0.0000000000000000        47.551865320892347        760.82984513427755        16.000000000000000        0.0000000000000000     
           1          71   1.1350230418022009E-005   1.7930015996692060E-006   2.1449713214318487E-005   2.1944580513050558       0.52263153794229067       0.51379310000000000        0.0000000000000000        0.0000000000000000        45.444684070892336        727.11494513427738        16.000000000000000        0.0000000000000000     
           1          72   1.1336160558526992E-005   1.7660964644832340E-006   2.1449206872920098E-005   2.1980013752202683       0.52233357652135792       0.51379310000000000        0.0000000000000000        0.0000000000000000        46.864208445892345        749.82733513427752        16.000000000000000        0.0000000000000000     
           1          73   1.1314426898795760E-005   1.7260651004104814E-006   2.1446809084885753E-005   2.2024403672633506       0.52201520306077465       0.51379310000000000        0.0000000000000000        0.0000000000000000        46.522793445892340        744.36469513427744        16.000000000000000        0.0000000000000000     
           1          74   1.1360743706742469E-005   1.8135427084762936E-006   2.1449629728767678E-005   2.1914074677919553       0.52288950298465542       0.51379310000000000        0.0000000000000000        0.0000000000000000        45.878694695892342        734.05911513427748        16.000000000000000        0.0000000000000000     
           1          75   1.1196061594340567E-005   1.4781533839037224E-006   2.1465340341630650E-005   2.2477219853184747       0.51754384811084397       0.51379310000000000        0.0000000000000000        0.0000000000000000        45.496930320892339        727.95088513427743        16.000000000000000        0.0000000000000000     
           1          76   1.1354281614029915E-005   1.8011168133477298E-006   2.1449469810152628E-005   2.1931065407405765       0.52274758482894379       0.51379310000000000        0.0000000000000000        0.0000000000000000        48.827062820892344        781.23300513427751        16.000000000000000        0.0000000000000000     
           1          77   1.1343900986142686E-005   1.7819778603856604E-006   2.1448344433457923E-005   2.1952293731548300       0.52259374620433507       0.51379310000000000        0.0000000000000000        0.0000000000000000        45.883006570892341        734.12810513427746        16.000000000000000        0.0000000000000000     
           1          78   1.1322313756200233E-005   1.7411536557261828E-006   2.1447085637510555E-005   2.2004256748594235       0.52218224640336253       0.51379310000000000        0.0000000000000000        0.0000000000000000        48.191652195892345        771.06643513427753        16.000000000000000        0.0000000000000000     
           1          79   1.1309374516939726E-005   1.7134928005196508E-006   2.1449703282970760E-005   2.2062447959971458       0.52166288827888996       0.51379310000000000        0.0000000000000000        0.0000000000000000        45.830760320892345        733.29216513427752        16.000000000000000        0.0000000000000000     
           1          80   9.4020645398712390E-006  -2.6910840919457919E-006   2.1495213171688607E-005   2.6488024893844249       0.51345450841068208       0.50000000000000000        0.0000000000000000        1.0000000000000000        47.488325874061594        759.81321398498551        16.000000000000000        0.0000000000000000     
           1          81   1.1369851277923406E-005   1.8311976782412515E-006   2.1449704942704431E-005   2.1888854058249483       0.52310122455503394       0.51379310000000000        0.0000000000000000        0.0000000000000000        47.538737820892344        760.61980513427750        16.000000000000000        0.0000000000000000     
           1          82   1.1289320426012455E-005   1.6739244839029398E-006   2.1450270607558246E-005   2.2123412364905142       0.52113419329033472       0.51379310000000000        0.0000000000000000        0.0000000000000000        47.937941570892335        767.00706513427735        16.000000000000000        0.0000000000000000     
           1          83   1.1192617768088089E-005   1.4719658894150920E-006   2.1464795852694144E-005   2.2489262948252837       0.51753650088008951       0.51379310000000000        0.0000000000000000        0.0000000000000000        45.552895088615422        728.84632141784675        16.000000000000000        0.0000000000000000     
           1          84   1.1225977476168795E-005   1.5428563872307754E-006   2.1458495365077622E-005   2.2351366389384468       0.51888051116008105       0.51379310000000000        0.0000000000000000        0.0000000000000000        47.094930713615426        753.51889141784682        16.000000000000000        0.0000000000000000     
           1          85   1.0691663321463552E-005  -7.5765425134383759E-007   2.2140980894270839E-005   2.7294350784881614       0.48184143844373567       0.50000000000000000        0.0000000000000000        1.0000000000000000        44.256146034507751        708.09833655212401        16.000000000000000        0.0000000000000000     
           1          86   1.1127087764051521E-005   1.3615301467123226E-006   2.1446719429997510E-005   2.2594962279301658       0.51753653392705801       0.51379310000000000        0.0000000000000000        0.0000000000000000        46.294686570892345        740.71498513427753        16.000000000000000        0.0000000000000000     
           1          87   1.1252847885752462E-005   1.6094739830252536E-006   2.1443363429528416E-005   2.2172479986839386       0.52081573076521193       0.51379310000000000        0.0000000000000000        0.0000000000000000        46.136717195892345        738.18747513427752        16.000000000000000        0.0000000000000000     
           1          88   1.1256041004041081E-005   1.6148370343665199E-006   2.1444263498028284E-005   2.2169510913215884       0.52081348863473331       0.51379310000000000        0.0000000000000000        1.0000000000000000        47.135873445892337        754.17397513427738        16.000000000000000        0.0000000000000000     
           1          89   1.1330903449229340E-005   1.7552140328285323E-006   2.1449894253123165E-005   2.2000813900709715       0.52215467364696666       0.51379310000000000        0.0000000000000000        0.0000000000000000        46.608673838615424        745.73878141784678        16.000000000000000        0.0000000000000000     
           1          90   1.1287523422304867E-005   1.6696547747903895E-006   2.1451086604562031E-005   2.2132361111707688       0.52101554906135594       0.51379310000000000        0.0000000000000000        0.0000000000000000        46.828228213615425        749.25165141784680        16.000000000000000        0.0000000000000000     
           1          91   1.0860925062392338E-005   9.0333906014055825E-007   2.1383480337962214E-005   2.3076014057246215       0.51655864068357249       0.51379310000000000        0.0000000000000000        0.0000000000000000        43.047296963615423        688.75675141784677        16.000000000000000        0.0000000000000000     
           1          92   1.1372384911280182E-005   1.8362451096559793E-006   2.1449582151199805E-005   2.1880744181310510       0.52317204046869281       0.51379310000000000        0.0000000000000000        0.0000000000000000        46.656608213615428        746.50573141784685        16.000000000000000        0.0000000000000000     
           1          93   1.1358331277485428E-005   1.8087869580903143E-006   2.1449693574995733E-005   2.1921461170694010       0.52282684429037274       0.51379310000000000        0.0000000000000000        0.0000000000000000        44.987749463615430        719.80399141784687        16.000000000000000        0.0000000000000000     
           1          94   1.1354207804026292E-005   1.8016220729469882E-006   2.1448784075541647E-005   2.1926366018378585       0.52280393665116953       0.51379310000000000        0.0000000000000000        0.0000000000000000        45.887454070892339        734.19926513427743        16.000000000000000        0.0000000000000000     
           1          95   1.0978701471029940E-005   1.0794156089510857E-006   2.1439648797905760E-005   2.3017110674331360       0.51449046564244216       0.51379310000000000        0.0000000000000000        0.0000000000000000        47.594838213615432        761.51741141784692        16.000000000000000        0.0000000000000000     
           1          96   1.1353712689200249E-005   1.7998823350806362E-006   2.1449604200647695E-005   2.1933745240990805       0.52272314740982595       0.51379310000000000        1.0000000000000000        0.0000000000000000        45.213439695892347        723.41503513427756        16.000000000000000        0.0000000000000000     
           1          97   1.1330113302744054E-005   1.7545003905020466E-006   2.1449023261818711E-005   2.1995610548945397       0.52220309366649809       0.51379310000000000        0.0000000000000000        0.0000000000000000        43.914087588615423        702.62540141784677        16.000000000000000        0.0000000000000000     
           1          98   1.1191331993474831E-005   1.4763647695535834E-006   2.1457502889809163E-005   2.2460693069207984       0.51812489460903577       0.51379310000000000        0.0000000000000000        0.0000000000000000        44.076297588615432        705.22076141784692        16.000000000000000        0.0000000000000000     
           1          99   1.1335713795219167E-005   1.7660398597666050E-006   2.1448347814369030E-005   2.1975237158389320       0.52239579347758713       0.51379310000000000        0.0000000000000000        0.0000000000000000        45.351495088615430        725.62392141784687        16.000000000000000        0.0000000000000000     
           1         100   1.1349609322087389E-005   1.7918767791236157E-006   2.1449624423107802E-005   2.1945491691698313       0.52262317038257577       0.51379310000000000        0.0000000000000000        0.0000000000000000        45.085385945892348        721.36617513427757        16.000000000000000        0.0000000000000000     
           1         101   1.1145332113475804E-005   1.4048439724228551E-006   2.1438471921867873E-005   2.2435465984577960       0.51856121673153155       0.51379310000000000        0.0000000000000000        0.0000000000000000        46.631140088615425        746.09824141784679        16.000000000000000        0.0000000000000000     
           1         102   1.1063905382379874E-005   1.2418541278243745E-006   2.1443235997467602E-005   2.2768812336543895       0.51630841669912142       0.51379310000000000        0.0000000000000000        0.0000000000000000        44.411371570892342        710.58194513427748        16.000000000000000        0.0000000000000000     
           1         103   1.1357624646143637E-005   1.8074706242996648E-006   2.1449631239140705E-005   2.1922916150270662       0.52281473306844872       0.51379310000000000        0.0000000000000000        0.0000000000000000        44.277833213615423        708.44533141784677        16.000000000000000        0.0000000000000000     
           1         104   1.1365872740581039E-005   1.8233853069495509E-006   2.1449777761749340E-005   2.1900801191999326       0.52300059737056048       0.51379310000000000        0.0000000000000000        0.0000000000000000        43.712551963615425        699.40083141784680        16.000000000000000        0.0000000000000000     
           1         105   1.1362586358477296E-005   1.8170425159799251E-006   2.1449721201735536E-005   2.1909632100039738       0.52292642512296728       0.51379310000000000        0.0000000000000000        0.0000000000000000        45.715240713615430        731.44385141784687        16.000000000000000        0.0000000000000000     
           1         106   1.1307063365773925E-005   1.7083203031855403E-006   2.1450415823813465E-005   2.2070478669116489       0.52153303665881767       0.51379310000000000        0.0000000000000000        0.0000000000000000        47.688027195892339        763.00843513427742        16.000000000000000        0.0000000000000000     
           1         107   1.0254732166283877E-005  -7.7470236069296830E-007   2.1909950051637922E-005   2.7061821729641364       0.46191278221763782       0.51379310000000000        0.0000000000000000        0.0000000000000000        48.288695320892344        772.61912513427751        16.000000000000000        0.0000000000000000     
           1         108   1.1218134629922448E-005   1.5325910089572835E-006   2.1453212499448423E-005   2.2357671998730564       0.51913308794665036       0.51379310000000000        0.0000000000000000        0.0000000000000000        44.816059928169260        717.05695885070816        16.000000000000000        0.0000000000000000     
           1         109   1.1350118493320926E-005   1.7929371594011779E-006   2.1449551111033607E-005   2.1943443396959208       0.52264114013745799       0.51379310000000000        0.0000000000000000        0.0000000000000000        45.935388445892336        734.96621513427738        16.000000000000000        0.0000000000000000     
           1         110   1.1200152031351963E-005   1.4884169306149049E-006   2.1462907421673611E-005   2.2448102216899177       0.51785283186365560       0.51379310000000000        0.0000000000000000        0.0000000000000000        43.151718213615425        690.42749141784680        16.000000000000000        0.0000000000000000     
           1         111   1.1312638335624784E-005   1.7194822015726954E-006   2.1450086876356250E-005   2.2054658515769163       0.52170400366766112       0.51379310000000000        0.0000000000000000        0.0000000000000000        45.715240713615430        731.44385141784687        16.000000000000000        0.0000000000000000     
           1         112   1.1356684016287421E-005   1.8062229245179519E-006   2.1449015101612514E-005   2.1920998304904851       0.52284355654038839       0.51379310000000000        0.0000000000000000        0.0000000000000000        47.688027195892346        763.00843513427753        16.000000000000000        0.0000000000000000     
           1         113   1.1345209552202343E-005   1.7847328085981955E-006   2.1448124553150300E-005   2.1947164588995123       0.52264470184123757       0.51379310000000000        0.0000000000000000        0.0000000000000000        47.035828445892342        752.57325513427747        16.000000000000000        0.0000000000000000     
           1         114   1.1155312259223128E-005   1.4159013880676489E-006   2.1447313676036991E-005   2.2465956803668763       0.51804272131594276       0.51379310000000000        1.0000000000000000        0.0000000000000000        44.789281803169260        716.62850885070816        16.000000000000000        0.0000000000000000     
           1         115   1.1122346246660329E-005   1.3577879305328244E-006   2.1440921913467609E-005   2.2578367264936401       0.51791993765816835       0.51379310000000000        0.0000000000000000        0.0000000000000000        45.838345320892337        733.41352513427739        16.000000000000000        0.0000000000000000     
           1         116   1.0597298679391882E-005   2.7871433101576384E-007   2.1501334471487304E-005   2.4410441573876014       0.50027211142935990       0.51379310000000000        0.0000000000000000        0.0000000000000000        44.809273445892345        716.94837513427751        16.000000000000000        0.0000000000000000     
           1         117   6.5271968125220457E-006  -3.4470771681807189E-006   2.1488607783576111E-005   2.8329154801085159       0.50162058500407802       0.59999999999999998        0.0000000000000000        1.0000000000000000        49.098337124061587        785.57339398498539        16.000000000000000        0.0000000000000000     
           1         118   8.3171130756268650E-006  -3.6965738511212562E-006   2.1012427454183884E-005   2.7443931716707914       0.48492156500451050       0.51379310000000000        0.0000000000000000        1.0000000000000000        50.505124695892349        808.08199513427758        16.000000000000000        0.0000000000000000     
           1         119   6.1038073801208631E-006  -8.0518585620159252E-006   2.0259473322257701E-005   3.2641400907141596       0.49438870953121827       0.50000000000000000        0.0000000000000000        1.0000000000000000        51.588882981338500        825.42212770141600        16.000000000000000        0.0000000000000000     
           1         120   1.1374070774540117E-005   1.8393289527660988E-006   2.1449790716624441E-005   2.1877547186115418       0.52319505113221443       0.51379310000000000        0.0000000000000000        0.0000000000000000        45.641772195892337        730.26835513427739        16.000000000000000        0.0000000000000000     
           1         121   9.7290301617974671E-006  -1.2133519226382605E-006   2.1292256460204062E-005   2.5269311896282902       0.49573764745869447       0.51379310000000000        0.0000000000000000        0.0000000000000000        47.551865320892347        760.82984513427755        16.000000000000000        0.0000000000000000     
           1         122   1.1259655255980914E-005   1.6205569896922391E-006   2.1445652574079615E-005   2.2168610920872571       0.52077949705575299       0.51379310000000000        0.0000000000000000        0.0000000000000000        45.444684070892343        727.11494513427749        16.000000000000000        0.0000000000000000     
           1         123   1.1342130694758041E-005   1.7772213467699248E-006   2.1449729795309316E-005   2.1967492674038076       0.52243566580767242       0.51379310000000000        0.0000000000000000        0.0000000000000000        46.864208445892345        749.82733513427752        16.000000000000000        0.0000000000000000     
           1         124   1.1320291453106919E-005   1.7343778852713915E-006   2.1450086501984994E-005   2.2032200717927952       0.52188424453121063       0.51379310000000000        0.0000000000000000        0.0000000000000000        49.177680945892348        786.84289513427757        16.000000000000000        0.0000000000000000     
           1         125   1.1090272468154149E-005   1.2998703305237927E-006   2.1436158272201175E-005   2.2651161865441423       0.51754993710873598       0.51379310000000000        0.0000000000000000        0.0000000000000000        47.447372820892348        759.15796513427756        16.000000000000000        0.0000000000000000     
           1         126   1.1082302938771358E-005   1.2913633807572133E-006   2.1428756655130952E-005   2.2635644256117406       0.51800472217684945       0.51379310000000000        0.0000000000000000        0.0000000000000000        45.641772195892344        730.26835513427750        16.000000000000000        0.0000000000000000     
           1         127   6.7810972209491858E-006  -2.8601380563515525E-006   1.6422332498250260E-005   2.4789502576578664       0.50710258055026602       0.50000000000000000        0.0000000000000000        1.0000000000000000        52.525661338615421        840.41058141784674        16.000000000000000        0.0000000000000000     
           1         128   1.1320013246503319E-005   1.7376251508970666E-006   2.1446082796410445E-005   2.2004231611408835       0.52221709606409616       0.51379310000000000        0.0000000000000000        0.0000000000000000        45.444684070892336        727.11494513427738        16.000000000000000        0.0000000000000000     
           1         129   1.1303021332071404E-005   1.7038721126673730E-006   2.1446802991279217E-005   2.2056074080885528       0.52173829756527290       0.51379310000000000        0.0000000000000000        0.0000000000000000        46.864208445892345        749.82733513427752        16.000000000000000        0.0000000000000000     
           1         130   1.1350058114492491E-005   1.7930299413989821E-006   2.1449328881404929E-005   2.1941896291975498       0.52265780155882313       0.51379310000000000        0.0000000000000000        0.0000000000000000        47.850237195892340        765.60379513427745        16.000000000000000        0.0000000000000000     
           1         131   1.1352342751546106E-005   1.7971517722429222E-006   2.1449672086749624E-005   2.1938209354803000       0.52268510856867878       0.51379310000000000        0.0000000000000000        0.0000000000000000        46.317017195892340        741.07227513427745        16.000000000000000        0.0000000000000000     
           1         132   1.3863515808231179E-005   6.6340478559375291E-006   2.4707717736670907E-005   2.4396616899074668       0.42472608713021937       0.59999999999999998        0.0000000000000000        1.0000000000000000        52.077293213615413        833.23669141784660        16.000000000000000        0.0000000000000000     
           1         133  -3.2944831177620202E-005  -6.7815248263547267E-005   1.9360794451270775E-005   16.677507405083844       0.43725958565739448       0.59999999999999998        0.0000000000000000        1.0000000000000000        56.016718125000004        896.26749000000007        16.000000000000000        12.625000000000000     
           1         134   1.1366311057164109E-005   1.8242856897525065E-006   2.1449727795595824E-005   2.1899099992483979       0.52301484062306736       0.51379310000000000        0.0000000000000000        0.0000000000000000        45.883006570892341        734.12810513427746        16.000000000000000        0.0000000000000000     
           1         135   1.1338627008954259E-005   1.7721298958611850E-006   2.1447903960550782E-005   2.1964114729589719       0.52250503305606444       0.51379310000000000        0.0000000000000000        0.0000000000000000        48.191652195892345        771.06643513427753        16.000000000000000        0.0000000000000000     
           1         136  -3.9613693382984596E-005  -7.8638927193811978E-005   1.8924157333256727E-005   17.190701682024812       0.69424745694867451       0.59999999999999998        0.0000000000000000        1.0000000000000000        55.564007267723092        889.02411628356947        16.000000000000000        5.3750000000000000     
           1         137   1.1329715071701402E-005   1.7533302722147471E-006   2.1449440713030435E-005   2.1999790002741921       0.52215894014911080       0.51379310000000000        0.0000000000000000        0.0000000000000000        46.294686570892345        740.71498513427753        16.000000000000000        0.0000000000000000     
           1         138   1.1377149273255725E-005   1.8452583839675724E-006   2.1449856527860964E-005   2.1869312576504742       0.52326318721349108       0.51379310000000000        0.0000000000000000        0.0000000000000000        46.263540320892346        740.21664513427754        16.000000000000000        0.0000000000000000     
           1         139   1.1282265378323317E-005   1.6604399627333020E-006   2.1450009826077400E-005   2.2142716947949919       0.52099043484001073       0.51379310000000000        0.0000000000000000        0.0000000000000000        49.138562195892341        786.21699513427745        16.000000000000000        0.0000000000000000     
           1         140   1.1270187449528248E-005   1.6419792959152340E-006   2.1444676776376846E-005   2.2133154996797990       0.52112453846014040       0.51379310000000000        1.0000000000000000        0.0000000000000000        45.957583445892340        735.32133513427743        16.000000000000000        0.0000000000000000     
           1         141  -2.6353904255542826E-005  -5.0125019856248433E-005   9.3027691455156816E-006   9.2996593157307714       0.59495047247839761       0.59999999999999998        0.0000000000000000        1.0000000000000000        53.301419374999995        852.82270999999992        16.000000000000000        9.0000000000000000     
           1         142  -2.2681571343261180E-005  -6.4839485582047601E-005   1.9476342895525316E-005   20.422240533910166       0.49005616866892404       0.50000000000000000        0.0000000000000000        1.0000000000000000        53.156652035446172        850.50643256713875        16.000000000000000        18.062500000000000     
           1         143   1.1228324107970400E-005   1.5530607751126085E-006   2.1452538410781651E-005   2.2300417864975266       0.51942438875648989       0.51379310000000000        0.0000000000000000        0.0000000000000000        46.986719695892340        751.78751513427744        16.000000000000000        0.0000000000000000     
           1         144   1.1339389196186209E-005   1.7721928643618176E-006   2.1449405038488291E-005   2.1972445477069655       0.52239501294641888       0.51379310000000000        0.0000000000000000        0.0000000000000000        46.211294070892343        739.38070513427749        16.000000000000000        0.0000000000000000     
           1         145   1.1306989195867716E-005   1.7108030901966908E-006   2.1447639621457517E-005   2.2050598931717271       0.52176170065879479       0.51379310000000000        0.0000000000000000        0.0000000000000000        47.499619070892344        759.99390513427750        16.000000000000000        0.0000000000000000     
           1         146   9.4298048029326021E-006  -2.0631530378099386E-006   2.1574845190398351E-005   2.8285387356138920       0.46297177597285688       0.51379310000000000        0.0000000000000000        0.0000000000000000        46.683250713615429        746.93201141784687        16.000000000000000        0.0000000000000000     
           1         147   1.1368951920442076E-005   1.8293689874241122E-006   2.1449787646678295E-005   2.1892104021872045       0.52307321076945590       0.51379310000000000        0.0000000000000000        0.0000000000000000        48.370128213615430        773.92205141784689        16.000000000000000        0.0000000000000000     
           1         148   1.0295785169547957E-005  -4.4868675734484762E-007   2.1649872368189455E-005   2.5905109548772747       0.48094539690048588       0.51379310000000000        0.0000000000000000        0.0000000000000000        44.225451338615429        707.60722141784686        16.000000000000000        0.0000000000000000     
           1         149   1.0246029963964329E-005  -5.3472269173251916E-007   2.1638456371947694E-005   2.5973097580062214       0.48063197303970062       0.51379310000000000        0.0000000000000000        0.0000000000000000        47.622130320892346        761.95408513427753        16.000000000000000        0.0000000000000000     
           1         150  -2.0029162980890656E-005  -5.0241676437823461E-005   1.0183350476042196E-005   10.573265915877540       0.43827155935025225       0.50000000000000000        0.0000000000000000        1.0000000000000000        55.260341249999996        884.16545999999994        16.000000000000000        12.625000000000000     
           1         151  -3.1675557207457987E-005  -6.5751310867584551E-005   1.9438073282731601E-005   22.467784428800698       0.45049361934605248       0.59999999999999998        0.0000000000000000        1.0000000000000000        50.604427820892326        809.67084513427722        16.000000000000000        16.250000000000000     
           1         152   1.1368790666384416E-005   1.8292799993115758E-006   2.1449550026480925E-005   2.1890677400253007       0.52308865416770089       0.51379310000000000        0.0000000000000000        0.0000000000000000        47.445548838615430        759.12878141784688        16.000000000000000        0.0000000000000000     
           1         153   1.1312106097848065E-005   1.7189465730855830E-006   2.1449558221670644E-005   2.2053869030090403       0.52174134514854631       0.51379310000000000        0.0000000000000000        0.0000000000000000        46.466306570892350        743.46090513427760        16.000000000000000        0.0000000000000000     
           1         154   1.0402103449648895E-005  -1.8149898477594356E-007   2.1586193811078968E-005   2.5336759518065666       0.48823802950777045       0.51379310000000000        0.0000000000000000        0.0000000000000000        44.318775945892348        709.10041513427757        16.000000000000000        0.0000000000000000     
           1         155   1.1300648546579169E-005   1.6956879297826132E-006   2.1450571327769518E-005   2.2091554259123947       0.52137385358510679       0.51379310000000000        0.0000000000000000        0.0000000000000000        45.733852820892345        731.74164513427752        16.000000000000000        0.0000000000000000     
           1         156   1.1223582626227712E-005   1.5518203513415251E-006   2.1444097229531219E-005   2.2257801834859019       0.52002620372076414       0.51379310000000000        0.0000000000000000        0.0000000000000000        47.083627195892340        753.33803513427745        16.000000000000000        0.0000000000000000     
           1         157   1.1307938577097155E-005   1.7099774178145950E-006   2.1450464768534337E-005   2.2068706634495943       0.52155154087168065       0.51379310000000000        0.0000000000000000        0.0000000000000000        47.181263678169266        754.90021885070826        16.000000000000000        0.0000000000000000     
           1         158   1.1338758675204476E-005   1.7706205490978773E-006   2.1449769746912610E-005   2.1977325207512308       0.52235160023268545       0.51379310000000000        0.0000000000000000        1.0000000000000000        48.363272195892343        773.81235513427748        16.000000000000000        0.0000000000000000     
           1         159   1.0565962693103096E-005   2.1083035650194633E-007   2.1508620117612226E-005   2.4477608007553640       0.49855242697860414       0.51379310000000000        0.0000000000000000        0.0000000000000000        46.507249303169267        744.11598885070828        16.000000000000000        0.0000000000000000     
           1         160   1.1259670819602305E-005   1.6193836859200581E-006   2.1446924458546475E-005   2.2176945675569981       0.52066942917018377       0.51379310000000000        0.0000000000000000        0.0000000000000000        46.009965320892341        736.15944513427746        16.000000000000000        0.0000000000000000     
           1         161   1.1279994054359787E-005   1.6603106582749023E-006   2.1445474949618726E-005   2.2111229996499566       0.52129376275660966       0.51379310000000000        0.0000000000000000        1.0000000000000000        45.808429695892343        732.93487513427749        16.000000000000000        0.0000000000000000     
           1         162   1.1151426171564629E-005   1.4192897172542289E-006   2.1435740438769658E-005   2.2400423309361122       0.51896998875363165       0.51379310000000000        0.0000000000000000        1.0000000000000000        47.447372820892348        759.15796513427756        16.000000000000000        0.0000000000000000     
           1         163   1.1371158618877432E-005   1.8336282043332356E-006   2.1449825371720691E-005   2.1886144637015126       0.52312290313830290       0.51379310000000000        0.0000000000000000        0.0000000000000000        48.144961803169259        770.31938885070815        16.000000000000000        0.0000000000000000     
           1         164   1.1367001470820598E-005   1.8260230516331191E-006   2.1449311859725954E-005   2.1894016502446840       0.52306597368902730       0.51379310000000000        0.0000000000000000        0.0000000000000000        48.288695320892344        772.61912513427751        16.000000000000000        0.0000000000000000     
           1         165   1.0526094695462000E-005   6.4019600923585302E-008   2.1581762550557701E-005   2.5042560471606117       0.49127005774083571       0.51379310000000000        0.0000000000000000        0.0000000000000000        44.816059928169260        717.05695885070816        16.000000000000000        0.0000000000000000     
           1         166   1.1347894241691370E-005   1.7885014326674688E-006   2.1449663808240378E-005   2.1950673027868732       0.52257901560698372       0.51379310000000000        0.0000000000000000        0.0000000000000000        45.935388445892336        734.96621513427738        16.000000000000000        0.0000000000000000     
           1         167   1.1293939747541162E-005   1.6846674280452487E-006   2.1448418866981653E-005   2.2092129056229770       0.52137800489323882       0.51379310000000000        0.0000000000000000        0.0000000000000000        44.117240320892343        705.87584513427748        16.000000000000000        0.0000000000000000     
           1         168   1.1302902385004410E-005   1.7003098514195061E-006   2.1450322723686373E-005   2.2083994445828892       0.52145106524461660       0.51379310000000000        0.0000000000000000        0.0000000000000000        47.372795945892349        757.96473513427759        16.000000000000000        0.0000000000000000     
           1         169   1.1296868086339592E-005   1.6879654055432568E-006   2.1450956594677910E-005   2.2103698102440288       0.52124562444203493       0.51379310000000000        0.0000000000000000        0.0000000000000000        49.420159303169264        790.72254885070822        16.000000000000000        0.0000000000000000     
           1         170   1.1190715556206320E-005   1.4812580948209565E-006   2.1451064079444443E-005   2.2433397640010138       0.51863361858878887       0.51379310000000000        1.0000000000000000        0.0000000000000000        48.693383678169262        779.09413885070819        16.000000000000000        0.0000000000000000     
           1         171   1.0559823667629539E-005   1.5416587761427953E-007   2.1555873237207803E-005   2.4865323154727608       0.49447824707949700       0.51379310000000000        0.0000000000000000        0.0000000000000000        45.343259535446180        725.49215256713887        16.000000000000000        0.0000000000000000     
           1         172   1.0603895000153901E-005   2.1139238635382709E-007   2.1586043000732633E-005   2.4988852167369000       0.49227766157536623       0.51379310000000000        0.0000000000000000        0.0000000000000000        46.392323053169257        742.27716885070811        16.000000000000000        0.0000000000000000     
           1         173   1.1251597781917619E-005   1.6003697112586988E-006   2.1450413120060282E-005   2.2234962531081117       0.52022337252227635       0.51379310000000000        0.0000000000000000        0.0000000000000000        44.809273445892345        716.94837513427751        16.000000000000000        0.0000000000000000     
           1         174   1.0613223118999277E-005   2.8339396576079804E-007   2.1529141718905627E-005   2.4500907520659081       0.49787820912005454       0.51379310000000000        0.0000000000000000        0.0000000000000000        47.250284695892340        756.00455513427744        16.000000000000000        0.0000000000000000     
           1         175   1.1242273931035958E-005   1.5873745128758989E-006   2.1444968920030983E-005   2.2212064516869128       0.52041176241648368       0.51379310000000000        0.0000000000000000        1.0000000000000000        51.059102428169261        816.94563885070818        16.000000000000000        0.0000000000000000     
           1         176  -9.4492553770048574E-006  -3.9250011310485621E-005   2.0351500556475896E-005   17.499995475805740       0.49999547580575909       0.50000000000000000        0.0000000000000000        1.0000000000000000        62.334201410446163        997.34722256713860        16.000000000000000        3.6250000000000000     
           1         177   1.0225592818833134E-005  -3.6201248830475019E-007   2.1413913166262716E-005   2.4837121174757706       0.49752684899794308       0.51379310000000000        0.0000000000000000        0.0000000000000000        46.046460553169254        736.74336885070807        16.000000000000000        0.0000000000000000     
           1         178   1.1263164859699936E-005   1.6297446205153098E-006   2.1443161993211273E-005   2.2142789572249795       0.52108917827124346       0.51379310000000000        0.0000000000000000        0.0000000000000000        47.551865320892340        760.82984513427743        16.000000000000000        0.0000000000000000     
           1         179   1.1175158263561609E-005   1.4623265140201899E-006   2.1439072523880340E-005   2.2357675038159432       0.51926470618748077       0.51379310000000000        0.0000000000000000        0.0000000000000000        45.444684070892343        727.11494513427749        16.000000000000000        0.0000000000000000     
           1         180   1.1242487056399993E-005   1.5872899665252045E-006   2.1445496606281104E-005   2.2214935270984149       0.52037087194535259       0.51379310000000000        0.0000000000000000        1.0000000000000000        46.864208445892338        749.82733513427740        16.000000000000000        0.0000000000000000     
           1         181   1.1104035965264493E-005   1.3327080854895014E-006   2.1429765284338715E-005   2.2489040404169405       0.51831733230254873       0.51379310000000000        0.0000000000000000        1.0000000000000000        49.177680945892341        786.84289513427746        16.000000000000000        0.0000000000000000     
           1         182   1.1334992016871384E-005   1.7632293630416664E-006   2.1449833263211741E-005   2.1988523226732930       0.52225645944269317       0.51379310000000000        1.0000000000000000        0.0000000000000000        47.447372820892348        759.15796513427756        16.000000000000000        0.0000000000000000     
           1         183   1.1359516351209873E-005   1.8113287700736170E-006   2.1449444932423943E-005   2.1916105174847131       0.52287517285312368       0.51379310000000000        0.0000000000000000        0.0000000000000000        45.641772195892344        730.26835513427750        16.000000000000000        0.0000000000000000     
           1         184   1.1316366959090349E-005   1.7266234266449124E-006   2.1450209275479026E-005   2.2043508985513611       0.52177701733290938       0.51379310000000000        0.0000000000000000        0.0000000000000000        47.551865320892340        760.82984513427743        16.000000000000000        0.0000000000000000     
           1         185   1.1073664140776925E-005   1.2723301658847356E-006   2.1431102028012316E-005   2.2675599196658456       0.51757961986450407       0.51379310000000000        0.0000000000000000        0.0000000000000000        45.444684070892336        727.11494513427738        16.000000000000000        0.0000000000000000     
           1         186   1.1061930897882627E-005   1.2499151531732183E-006   2.1430656612641290E-005   2.2710003698994741       0.51732509745701105       0.51379310000000000        0.0000000000000000        0.0000000000000000        46.864208445892345        749.82733513427752        16.000000000000000        0.0000000000000000     
           1         187   1.1355719290880126E-005   1.8039340669818549E-006   2.1449449636379484E-005   2.1926855814885560       0.52278372537334350       0.51379310000000000        0.0000000000000000        0.0000000000000000        47.850237195892348        765.60379513427756        16.000000000000000        0.0000000000000000     
           1         188   1.0652187371933030E-005   3.6635614373052557E-007   2.1521611711272449E-005   2.4384986073985693       0.49954562520106111       0.51379310000000000        0.0000000000000000        0.0000000000000000        46.317017195892340        741.07227513427745        16.000000000000000        0.0000000000000000     
           1         189   1.1317255724448607E-005   1.7286866412925336E-006   2.1449856956144258E-005   2.2040359783749719       0.52183564027877349       0.51379310000000000        0.0000000000000000        0.0000000000000000        45.496930320892339        727.95088513427743        16.000000000000000        0.0000000000000000     
           1         190   1.1340617927626258E-005   1.7757663757606607E-006   2.1448155952843052E-005   2.1960221147853103       0.52253096667376475       0.51379310000000000        0.0000000000000000        0.0000000000000000        48.827062820892344        781.23300513427751        16.000000000000000        0.0000000000000000     
           1         191   1.1305590734466438E-005   1.7092615198750680E-006   2.1446392388629714E-005   2.2046247698707573       0.52183723876850485       0.51379310000000000        0.0000000000000000        0.0000000000000000        45.883006570892341        734.12810513427746        16.000000000000000        0.0000000000000000     
           1         192   1.1098610413822076E-005   1.3182363229763522E-006   2.1433899204037229E-005   2.2613164253485531       0.51795241547364879       0.51379310000000000        0.0000000000000000        0.0000000000000000        48.191652195892345        771.06643513427753        16.000000000000000        0.0000000000000000     
           1         193   1.1114856893791403E-005   1.3470872269878960E-006   2.1436826115521828E-005   2.2579036832235913       0.51809436587308588       0.51379310000000000        0.0000000000000000        0.0000000000000000        45.830760320892338        733.29216513427741        16.000000000000000        0.0000000000000000     
           1         194   9.8700062041645832E-006  -1.9425394828646012E-006   2.2352767077015939E-005   2.9201843881797078       0.42817689273231047       0.51379310000000000        0.0000000000000000        0.0000000000000000        46.294686570892345        740.71498513427753        16.000000000000000        0.0000000000000000     
           1         195   1.1247896297773621E-005   1.5978471637856121E-006   2.1445465809239043E-005   2.2199826159533500       0.52050677731227524       0.51379310000000000        0.0000000000000000        1.0000000000000000        46.263540320892346        740.21664513427754        16.000000000000000        0.0000000000000000     
           1         196   1.1247881830002241E-005   1.5886872552927248E-006   2.1455115672309069E-005   2.2267889540261474       0.51970352911291351       0.51379310000000000        0.0000000000000000        0.0000000000000000        49.138562195892341        786.21699513427745        16.000000000000000        0.0000000000000000     
           1         197   1.0493447401969035E-005   1.1306616334966826E-007   2.1462786289944540E-005   2.4388807844816092       0.50054230957509049       0.51379310000000000        0.0000000000000000        0.0000000000000000        45.957583445892340        735.32133513427743        16.000000000000000        0.0000000000000000     
           1         198   1.1334897983312426E-005   1.7635042305561915E-006   2.1449349398027604E-005   2.1984606609606496       0.52229138875221570       0.51379310000000000        0.0000000000000000        0.0000000000000000        48.752485945892339        780.03977513427742        16.000000000000000        0.0000000000000000     
           1         199   1.1373486788088445E-005   1.8381921351782024E-006   2.1449790927606667E-005   2.1879210633199451       0.52318109690171766       0.51379310000000000        0.0000000000000000        0.0000000000000000        44.191817195892341        707.06907513427745        16.000000000000000        0.0000000000000000     
           1         200   1.1275771592523382E-005   1.6532128840464905E-006   2.1444290938424058E-005   2.2115250597548108       0.52129668056736922       0.51379310000000000        0.0000000000000000        0.0000000000000000        46.986719695892340        751.78751513427744        16.000000000000000        0.0000000000000000     
           1         201   1.1230646263572506E-005   1.5535031712049773E-006   2.1456846978887331E-005   2.2330073792960925       0.51914765914043526       0.51379310000000000        1.0000000000000000        0.0000000000000000        46.211294070892343        739.38070513427749        16.000000000000000        0.0000000000000000     
           1         202   1.1284150218232333E-005   1.6659601293929800E-006   2.1448053079615419E-005   2.2116786061414655       0.52117086774314925       0.51379310000000000        0.0000000000000000        0.0000000000000000        47.499619070892344        759.99390513427750        16.000000000000000        0.0000000000000000     
           1         203   1.1212529411333401E-005   1.5342417213087076E-006   2.1439939665999785E-005   2.2261062648351908       0.52012637540821671       0.51379310000000000        0.0000000000000000        0.0000000000000000        46.683250713615429        746.93201141784687        16.000000000000000        0.0000000000000000     
           1         204   1.1377840969944496E-005   1.8467242808992735E-006   2.1449730098063113E-005   2.1866376489795414       0.52329017279882106       0.51379310000000000        0.0000000000000000        0.0000000000000000        48.370128213615423        773.92205141784677        16.000000000000000        0.0000000000000000     
           1         205   1.1327765321189081E-005   1.7500342526698658E-006   2.1448913615589732E-005   2.2001394599329775       0.52215563519702113       0.51379310000000000        0.0000000000000000        0.0000000000000000        44.225451338615429        707.60722141784686        16.000000000000000        0.0000000000000000     
           1         206   1.1316049575366874E-005   1.7295334917626974E-006   2.1446481325296851E-005   2.2017767180684888       0.52208405905050725       0.51379310000000000        0.0000000000000000        0.0000000000000000        47.622130320892346        761.95408513427753        16.000000000000000        0.0000000000000000     
           1         207   1.1297102490545190E-005   1.6913604468228494E-006   2.1447851034929539E-005   2.2079502829837292       0.52150334793640007       0.51379310000000000        0.0000000000000000        0.0000000000000000        45.444684070892343        727.11494513427749        16.000000000000000        0.0000000000000000     
           1         208   1.1222316514039423E-005   1.5391411295500420E-006   2.1454891779097285E-005   2.2332679760128440       0.51907914398256239       0.51379310000000000        0.0000000000000000        0.0000000000000000        46.991031570892339        751.85650513427743        16.000000000000000        0.0000000000000000     
           1         209   1.1193644013800573E-005   1.4726347166740441E-006   2.1466199795916205E-005   2.2493491106411247       0.51742345792469446       0.51379310000000000        0.0000000000000000        0.0000000000000000        47.445548838615430        759.12878141784688        16.000000000000000        0.0000000000000000     
           1         210   1.1326037774411869E-005   1.7462889918004113E-006   2.1449318263107347E-005   2.2009141159578229       0.52208020320121273       0.51379310000000000        0.0000000000000000        0.0000000000000000        44.808751338615430        716.94002141784688        16.000000000000000        0.0000000000000000     
           1         211   1.1292864429492440E-005   1.6801944351011648E-006   2.1450933999659718E-005   2.2113367717506915       0.52114479400743463       0.51379310000000000        0.0000000000000000        0.0000000000000000        42.661220713615421        682.57953141784674        16.000000000000000        0.0000000000000000     
           1         212   1.0534705862699075E-005   1.7123331637377594E-007   2.1486176700199547E-005   2.4419454633665794       0.49965967440857867       0.51379310000000000        0.0000000000000000        0.0000000000000000        45.329164463615427        725.26663141784684        16.000000000000000        0.0000000000000000     
           1         213   1.1216860856748113E-005   1.5251638333098834E-006   2.1458441257876853E-005   2.2380395083616422       0.51868167669543674       0.51379310000000000        0.0000000000000000        1.0000000000000000        44.987749463615422        719.80399141784676        16.000000000000000        0.0000000000000000     
           1         214   1.1343003612649899E-005   1.7794560809355371E-006   2.1449163630775454E-005   2.1960507981542179       0.52250194657778737       0.51379310000000000        0.0000000000000000        0.0000000000000000        45.449131570892348        727.18610513427757        16.000000000000000        0.0000000000000000     
           1         215   1.1368971425869831E-005   1.8297441444332320E-006   2.1449431321716218E-005   2.1889304102439713       0.52310302474934878       0.51379310000000000        0.0000000000000000        0.0000000000000000        46.267394463615425        740.27831141784679        16.000000000000000        0.0000000000000000     
           1         216   1.1335236896510235E-005   1.7637770929091625E-006   2.1449758109635080E-005   2.1986989112030790       0.52226725015131237       0.51379310000000000        0.0000000000000000        0.0000000000000000        44.775117195892342        716.40187513427747        16.000000000000000        0.0000000000000000     
           1         217   1.1242589734295035E-005   1.5868696300072554E-006   2.1446151973157912E-005   2.2218954207923121       0.52031648734300573       0.51379310000000000        0.0000000000000000        1.0000000000000000        45.044443213615423        720.71109141784677        16.000000000000000        0.0000000000000000     
           1         218   1.1313059193626703E-005   1.7226779663492880E-006   2.1447575386104783E-005   2.2033272240613266       0.52191456437604333       0.51379310000000000        0.0000000000000000        0.0000000000000000        45.351495088615430        725.62392141784687        16.000000000000000        0.0000000000000000     
           1         219  -1.7788391706046108E-005  -3.5285965817027122E-005   8.4579694604255052E-006   11.005800658597135       0.40300600419868682       0.59999999999999998        0.0000000000000000        1.0000000000000000        55.725624375000002        891.60999000000004        16.000000000000000        9.0000000000000000     
           1         220   1.1360894838907660E-005   1.8137916753956549E-006   2.1449677475272182E-005   2.1914047686964122       0.52288936192938618       0.51379310000000000        0.0000000000000000        0.0000000000000000        46.412829695892341        742.60527513427746        16.000000000000000        0.0000000000000000     
           1         221  -2.6673091640927862E-005  -5.4981762440849423E-005   1.5789914558954373E-005   17.205416952432312       0.50057421141635106       0.59999999999999998        0.0000000000000000        1.0000000000000000        54.671841875000005        874.74947000000009        16.000000000000000        21.000000000000000     
           1         222   1.1362305179962380E-005   1.8170057077496155E-006   2.1449181787959029E-005   2.1906340096587193       0.52296435252368578       0.51379310000000000        0.0000000000000000        0.0000000000000000        43.083927820892342        689.34284513427747        16.000000000000000        0.0000000000000000     
           1         223   1.1336605510006442E-005   1.7673745663775163E-006   2.1448771403051271E-005   2.1975657961723254       0.52238094278315239       0.51379310000000000        0.0000000000000000        0.0000000000000000        43.839510713615418        701.43217141784669        16.000000000000000        0.0000000000000000     
           1         224  -1.2327728680810370E-005  -5.3374508848589913E-005   1.5036791431042634E-005   16.488305493430094       0.53907275614129890       0.40000000000000002        0.0000000000000000        1.0000000000000000        52.813146874999987        845.01034999999979        16.000000000000000        22.750000000000000     
           1         225   1.0363607778321536E-005  -1.2093520789435041E-006   2.2593189302647636E-005   2.8884275570507967       0.42130712705879936       0.51379310000000000        0.0000000000000000        0.0000000000000000        45.276918213615431        724.43069141784690        16.000000000000000        0.0000000000000000     
           1         226  -1.7151359881540112E-005  -5.0416263239094835E-005   1.6113543476014592E-005   20.530408453634877       0.50035373676540595       0.50000000000000000        0.0000000000000000        1.0000000000000000        56.156055625000008        898.49689000000012        16.000000000000000        35.000000000000000     
           1         227   1.0699499029032800E-005  -5.5657480796064832E-007   2.2594215189041656E-005   2.8175284531392149       0.42833053664203269       0.51379310000000000        0.0000000000000000        0.0000000000000000        46.961251570892344        751.38002513427750        16.000000000000000        0.0000000000000000     
           1         228   1.1248953642811606E-005   1.5912812995383070E-006   2.1454578885964065E-005   2.2263277261684351       0.51978359864201307       0.51379310000000000        0.0000000000000000        1.0000000000000000        44.377737428169262        710.04379885070819        16.000000000000000        0.0000000000000000     
           1         229   1.1166462653598528E-005   1.4294658596276526E-006   2.1455913024345134E-005   2.2527086719909706       0.51767551094689757       0.51379310000000000        0.0000000000000000        1.0000000000000000        45.935388445892343        734.96621513427749        16.000000000000000        0.0000000000000000     
           1         230  -1.8585299148930608E-005  -5.1213526061923297E-005   1.4042927764062004E-005   14.101173331278199       0.50088158182902220       0.50000000000000000        1.0000000000000000        0.0000000000000000        54.477133750000007        871.63414000000012        16.000000000000000        24.500000000000000     
           1         231   1.1290886617505820E-005   1.6766443832730512E-006   2.1450617632588953E-005   2.2120450416327939       0.52113914964213182       0.51379310000000000        0.0000000000000000        0.0000000000000000        46.845596338615422        749.52954141784676        16.000000000000000        0.0000000000000000     
           1         232   1.1352437406349872E-005   1.7980375396036805E-006   2.1448930743188777E-005   2.1932350223730026       0.52274864748704664       0.51379310000000000        0.0000000000000000        0.0000000000000000        48.963224695892343        783.41159513427749        16.000000000000000        0.0000000000000000     
           1         233   1.1356012858489121E-005   1.8049601462062323E-006   2.1448969131440417E-005   2.1922566365191427       0.52283137079518294       0.51379310000000000        0.0000000000000000        0.0000000000000000        46.343795320892340        741.50072513427745        16.000000000000000        0.0000000000000000     
           1         234   1.1374796017600791E-005   1.8408202636567859E-006   2.1449706427024785E-005   2.1874834359522528       0.52321931538799016       0.51379310000000000        0.0000000000000000        0.0000000000000000        45.971883678169256        735.55013885070809        16.000000000000000        0.0000000000000000     
           1         235   1.1241026768740044E-005   1.5878765359423671E-006   2.1441873327838527E-005   2.2195404610504212       0.52065906439137832       0.51379310000000000        0.0000000000000000        0.0000000000000000        47.113542820892341        753.81668513427746        16.000000000000000        0.0000000000000000     
           1         236   1.1354166565853116E-005   1.8007132431552481E-006   2.1449659654030680E-005   2.1932943034789654       0.52272973566169156       0.51379310000000000        0.0000000000000000        0.0000000000000000        44.117240320892343        705.87584513427748        16.000000000000000        0.0000000000000000     
           1         237   1.1210811887318405E-005   1.5115198487895798E-006   2.1460418226268678E-005   2.2409253282978949       0.51835865884257426       0.51379310000000000        0.0000000000000000        1.0000000000000000        46.864208445892338        749.82733513427740        16.000000000000000        0.0000000000000000     
           1         238   1.1264483182485785E-005   1.6253918454703082E-006   2.1450473178161390E-005   2.2197213163857827       0.52052557074042050       0.51379310000000000        0.0000000000000000        0.0000000000000000        49.177680945892341        786.84289513427746        16.000000000000000        0.0000000000000000     
           1         239   1.1250297487567372E-005   1.5954351182164162E-006   2.1452953325693222E-005   2.2243674969804066       0.51993278885181848       0.51379310000000000        0.0000000000000000        0.0000000000000000        47.447372820892348        759.15796513427756        16.000000000000000        0.0000000000000000     
           1         240   1.1254905123458337E-005   1.6055199636997949E-006   2.1451772988406917E-005   2.2232100621487025       0.52018132609105194       0.51379310000000000        0.0000000000000000        0.0000000000000000        45.641772195892344        730.26835513427750        16.000000000000000        0.0000000000000000     
           1         241   1.1318842405069992E-005   1.7326963466609697E-006   2.1448883135473248E-005   2.2026088667682218       0.52194259693569944       0.51379310000000000        0.0000000000000000        1.0000000000000000        47.551865320892340        760.82984513427743        16.000000000000000        0.0000000000000000     
           1         242   1.1261809703101312E-005   1.6180664917534510E-006   2.1452715509174022E-005   2.2216117109209863       0.52025860962900028       0.51379310000000000        0.0000000000000000        0.0000000000000000        45.444684070892343        727.11494513427749        16.000000000000000        0.0000000000000000     
           1         243   9.7923506635612312E-006  -1.1990076331224220E-006   2.1407331965685623E-005   2.6439365634097447       0.48801285186565957       0.51379310000000000        0.0000000000000000        0.0000000000000000        46.864208445892345        749.82733513427752        16.000000000000000        0.0000000000000000     
           1         244   1.1306154406381857E-005   1.7065046486819746E-006   2.1450465003214163E-005   2.2074897299359488       0.52151357826132916       0.51379310000000000        0.0000000000000000        0.0000000000000000        49.177680945892348        786.84289513427757        16.000000000000000        0.0000000000000000     
           1         245  -2.6526126617593597E-005  -5.5054463833399008E-005   1.6266379206114605E-005   18.135060499477671       0.50029542642733227       0.59999999999999998        0.0000000000000000        1.0000000000000000        55.536856875000005        888.58971000000008        16.000000000000000        45.500000000000000     
           1         246   1.0418222102197654E-005  -1.3047295725395554E-006   2.2806305615849015E-005   2.8617352204088391       0.41671798093511714       0.51379310000000000        0.0000000000000000        1.0000000000000000        46.824374070892340        749.18998513427744        16.000000000000000        0.0000000000000000     
           1         247   1.1306723806091904E-005   1.7079692850653169E-006   2.1450088372693630E-005   2.2068618708486865       0.52154987229019156       0.51379310000000000        0.0000000000000000        0.0000000000000000        48.827062820892344        781.23300513427751        16.000000000000000        0.0000000000000000     
           1         248   1.1241511851856721E-005   1.5841878837312812E-006   2.1446768953899898E-005   2.2225979007641348       0.52023673391463743       0.51379310000000000        1.0000000000000000        0.0000000000000000        45.883006570892341        734.12810513427746        16.000000000000000        0.0000000000000000     
           1         249   1.1333636689256740E-005   1.7608975591512143E-006   2.1449509814768175E-005   2.1989363354162572       0.52224794104672689       0.51379310000000000        0.0000000000000000        0.0000000000000000        48.191652195892345        771.06643513427753        16.000000000000000        0.0000000000000000     
           1         250   1.1303955506124711E-005   1.7028422794538803E-006   2.1449812605607021E-005   2.2074162280286940       0.52150481993931963       0.51379310000000000        0.0000000000000000        0.0000000000000000        45.830760320892338        733.29216513427741        16.000000000000000        0.0000000000000000     
           1         251   1.1359586527452811E-005   1.8113639266151259E-006   2.1449552115301226E-005   2.1916727243624505       0.52286804547548593       0.51379310000000000        0.0000000000000000        0.0000000000000000        45.930940945892338        734.89505513427741        16.000000000000000        0.0000000000000000     
           1         252  -2.5292425141005900E-005  -5.2362221259098518E-005   1.5312269036132959E-005   16.389364582021784       0.50059715949555106       0.59999999999999998        0.0000000000000000        1.0000000000000000        54.830253749999997        877.28405999999995        16.000000000000000        49.000000000000000     
           1         253   1.1258838617069548E-005   1.6128121544819885E-006   2.1452157220518065E-005   2.2222339091546486       0.52023988640548946       0.51379310000000000        0.0000000000000000        0.0000000000000000        47.499619070892344        759.99390513427750        16.000000000000000        0.0000000000000000     
           1         254   1.1172521277280543E-005   1.4538481828525434E-006   2.1442608306223958E-005   2.2388251450040109       0.51888165321889845       0.51379310000000000        0.0000000000000000        0.0000000000000000        45.883006570892341        734.12810513427746        16.000000000000000        0.0000000000000000     
           1         255   1.1304107652948908E-005   1.7025945523664059E-006   2.1450387314218546E-005   2.2078230840707356       0.52146264569143741       0.51379310000000000        0.0000000000000000        0.0000000000000000        48.191652195892338        771.06643513427741        16.000000000000000        0.0000000000000000     
           1         256   1.1269465076570676E-005   1.6377602437367934E-006   2.1447649475736728E-005   2.2154707750395697       0.52084693689588679       0.51379310000000000        0.0000000000000000        0.0000000000000000        45.830760320892345        733.29216513427752        16.000000000000000        0.0000000000000000     
           1         257   1.1370033172821816E-005   1.8314735894540306E-006   2.1449787487030955E-005   2.1889018962774678       0.52309899416537831       0.51379310000000000        0.0000000000000000        0.0000000000000000        47.425042195892338        758.80067513427741        16.000000000000000        0.0000000000000000     
           1         258   1.1340394995256457E-005   1.7757579709094430E-006   2.1447706321183951E-005   2.1957879516157330       0.52256542027999708       0.51379310000000000        0.0000000000000000        0.0000000000000000        47.538737820892344        760.61980513427750        16.000000000000000        0.0000000000000000     
           1         259   9.5103553488843886E-006  -1.5774749448068699E-006   2.1227282235091813E-005   2.6784174765418984       0.49302314772599631       0.51379310000000000        0.0000000000000000        0.0000000000000000        47.937941570892335        767.00706513427735        16.000000000000000        0.0000000000000000     
           1         260   1.1182282214366111E-005   1.4670693256145153E-006   2.1448712713957559E-005   2.2401110515454592       0.51860195692917832       0.51379310000000000        0.0000000000000000        1.0000000000000000        46.683250713615429        746.93201141784687        16.000000000000000        0.0000000000000000     
           1         261   1.1316011853884498E-005   1.7259714026005083E-006   2.1450167935566199E-005   2.2043886923794318       0.52177048300712325       0.51379310000000000        0.0000000000000000        0.0000000000000000        48.370128213615423        773.92205141784677        16.000000000000000        0.0000000000000000     
           1         262   1.0578745329965434E-005   4.2590114389706225E-007   2.1307637265018253E-005   2.3691925043691309       0.51510841633558113       0.51379310000000000        0.0000000000000000        0.0000000000000000        44.225451338615422        707.60722141784674        16.000000000000000        0.0000000000000000     
           1         263   2.0536340022327448E-005  -4.6777039784134266E-006   2.0536340022327448E-005   2.7580424279024900       0.49437356664726162        0.0000000000000000        0.0000000000000000        1.0000000000000000        46.466917820892341        743.47068513427746        16.000000000000000        0.0000000000000000     
           1         264   1.1156852250659626E-005   1.4132219521986666E-006   2.1453312494848238E-005   2.2499813096463686       0.51757763978946802       0.51379310000000000        0.0000000000000000        0.0000000000000000        45.444684070892343        727.11494513427749        16.000000000000000        0.0000000000000000     
           1         265   3.2100000000000006E-006   4.1137000000000020E-004   3.2100000000000006E-006   9.9999999999999982        1.0000000000000000        0.0000000000000000        0.0000000000000000        1.0000000000000000        43.455281963615420        695.28451141784672        16.000000000000000        1.7500000000000000     
           1         266   1.1300611686170950E-005   1.6999411992023003E-006   2.1446000925974095E-005   2.2057526267734646       0.52175081824171554       0.51379310000000000        0.0000000000000000        0.0000000000000000        46.170351338615433        738.72562141784692        16.000000000000000        0.0000000000000000     
           1         267   1.1300024981468364E-005   1.6984721764603677E-006   2.1446346599896181E-005   2.2061402531078751       0.52170566602803226       0.51379310000000000        0.0000000000000000        0.0000000000000000        45.500784463615425        728.01255141784679        16.000000000000000        0.0000000000000000     
           1         268   1.1233623258867888E-005   1.5665846115444789E-006   2.1449146227439809E-005   2.2263336523838571       0.51983996712746494       0.51379310000000000        0.0000000000000000        0.0000000000000000        42.608974463615425        681.74359141784680        16.000000000000000        0.0000000000000000     
           1         269   1.1336223833670868E-005   1.7656526671122022E-006   2.1449805990643886E-005   2.1984770657183343       0.52228792298468707       0.51379310000000000        0.0000000000000000        1.0000000000000000        45.329164463615420        725.26663141784672        16.000000000000000        0.0000000000000000     
           1         270   1.1055990970727438E-005   1.2437988632852947E-006   2.1424903054612334E-005   2.2585606244488079       0.51752525970739793       0.51379310000000000        0.0000000000000000        0.0000000000000000        44.987749463615422        719.80399141784676        16.000000000000000        0.0000000000000000     
           1         271   1.1230605694974234E-005   1.5548166359211668E-006   2.1455375552409368E-005   2.2322919571661024       0.51928262338344766       0.51379310000000000        0.0000000000000000        0.0000000000000000        45.887454070892339        734.19926513427743        16.000000000000000        0.0000000000000000     
           1         272   1.1218285964834276E-005   1.5361873617858458E-006   2.1449723354484524E-005   2.2343895713965929       0.51940622331896158       0.51379310000000000        0.0000000000000000        0.0000000000000000        47.594838213615432        761.51741141784692        16.000000000000000        0.0000000000000000     
           1         273   1.1372820624490436E-005   1.8368651850047152E-006   2.1449823042011356E-005   2.1881377093195202       0.52316266285520874       0.51379310000000000        0.0000000000000000        0.0000000000000000        45.213439695892340        723.41503513427745        16.000000000000000        0.0000000000000000     
           1         274   1.1215712996905354E-005   1.5326910026412729E-006   2.1448126168748675E-005   2.2305766501766402       0.51948376897319404       0.51379310000000000        1.0000000000000000        0.0000000000000000        45.044443213615423        720.71109141784677        16.000000000000000        0.0000000000000000     
           1         275   1.1343689852833342E-005   1.7804240053872428E-006   2.1449552204608931E-005   2.1961534779864738       0.52248662762962650       0.51379310000000000        0.0000000000000000        0.0000000000000000        45.351495088615430        725.62392141784687        16.000000000000000        0.0000000000000000     
           1         276   1.1342118193846582E-005   1.7776045217523530E-006   2.1449299168813746E-005   2.1963990428965650       0.52246937689596895       0.51379310000000000        0.0000000000000000        0.0000000000000000        45.789817588615421        732.63708141784673        16.000000000000000        0.0000000000000000     
           1         277   1.0337116950449384E-005  -2.5658432098191589E-007   2.1531879132398601E-005   2.5300020524806053       0.49203804604028628       0.51379310000000000        0.0000000000000000        0.0000000000000000        46.412829695892341        742.60527513427746        16.000000000000000        0.0000000000000000     
           1         278   1.1235256888350141E-005   1.5634753996690230E-006   2.1455791795592685E-005   2.2304635091863561       0.51932653473694934       0.51379310000000000        0.0000000000000000        0.0000000000000000        46.192817588615419        739.08508141784671        16.000000000000000        0.0000000000000000     
           1         279   1.0960498428608675E-005   1.0812240743612532E-006   2.1400298843245365E-005   2.2847800672254839       0.51767616482221324       0.51379310000000000        0.0000000000000000        0.0000000000000000        43.083927820892342        689.34284513427747        16.000000000000000        0.0000000000000000     
           1         280   1.1336872357003171E-005   1.7689828889458335E-006   2.1447620662406947E-005   2.1967155801695899       0.52248772054462789       0.51379310000000000        0.0000000000000000        0.0000000000000000        43.839510713615425        701.43217141784680        16.000000000000000        0.0000000000000000     
           1         281   1.1360590001622595E-005   1.8131427950359707E-006   2.1449736201231695E-005   2.1915453414248818       0.52287767188975454       0.51379310000000000        0.0000000000000000        0.0000000000000000        42.385108213615418        678.16173141784668        16.000000000000000        0.0000000000000000     
           1         282   1.1310696076488850E-005   1.7193111838249190E-006   2.1446272879892915E-005   2.2031295605240873       0.52197238130087698       0.51379310000000000        0.0000000000000000        0.0000000000000000        45.276918213615431        724.43069141784690        16.000000000000000        0.0000000000000000     
           1         283   7.1256445986270045E-006  -5.9373703311486417E-006   2.0929823305502467E-005   3.0368789562397871       0.43798978973755825       0.51379310000000000        0.0000000000000000        1.0000000000000000        45.699971570892330        731.19954513427729        16.000000000000000        0.0000000000000000     
           1         284   1.1353476683681727E-005   1.8003218232619299E-006   2.1448654375555612E-005   2.1927537858562358       0.52279762645444106       0.51379310000000000        0.0000000000000000        0.0000000000000000        48.288695320892344        772.61912513427751        16.000000000000000        0.0000000000000000     
           1         285   1.1355117831327414E-005   1.8030077842272672E-006   2.1449191429708942E-005   2.1926650131328498       0.52279086233007088       0.51379310000000000        0.0000000000000000        0.0000000000000000        44.816059928169260        717.05695885070816        16.000000000000000        0.0000000000000000     
           1         286   1.1320450990185516E-005   1.7351641973207927E-006   2.1449583702401857E-005   2.2026700123526708       0.52192346538585432       0.51379310000000000        0.0000000000000000        0.0000000000000000        45.935388445892343        734.96621513427749        16.000000000000000        0.0000000000000000     
           1         287   1.1288385745380878E-005   1.6724999353146786E-006   2.1449853588802906E-005   2.2117464668854896       0.52112253561591237       0.51379310000000000        0.0000000000000000        0.0000000000000000        43.151718213615425        690.42749141784680        16.000000000000000        0.0000000000000000     
           1         288   1.1309093954639971E-005   1.7127588280046672E-006   2.1449901856281970E-005   2.2064176127384458       0.52163764664073375       0.51379310000000000        0.0000000000000000        0.0000000000000000        46.845596338615429        749.52954141784687        16.000000000000000        0.0000000000000000     
           1         289   1.1362621002298833E-005   1.8170911250213851E-006   2.1449741087984410E-005   2.1909719022095251       0.52292577097211879       0.51379310000000000        0.0000000000000000        0.0000000000000000        48.963224695892343        783.41159513427749        16.000000000000000        0.0000000000000000     
           1         290   1.1103844549664829E-005   1.3271834270995953E-006   2.1435209706787329E-005   2.2527533568439657       0.51778947515614515       0.51379310000000000        0.0000000000000000        0.0000000000000000        46.343795320892347        741.50072513427756        16.000000000000000        0.0000000000000000     
           1         291   1.1253979341096641E-005   1.6017230605161792E-006   2.1453881227297892E-005   2.2240865678348674       0.51994919537983963       0.51379310000000000        0.0000000000000000        0.0000000000000000        44.841528053169256        717.46444885070810        16.000000000000000        0.0000000000000000     
           1         292   1.1310958955051411E-005   1.7166793153267801E-006   2.1449594746442126E-005   2.2053149713323204       0.52169263931838317       0.51379310000000000        0.0000000000000000        0.0000000000000000        45.838345320892337        733.41352513427739        16.000000000000000        0.0000000000000000     
           1         293   9.4557664759160685E-006  -1.7034445287040896E-006   2.1248124041425474E-005   2.5466900834142336       0.49418362218139911       0.51379310000000000        0.0000000000000000        0.0000000000000000        44.809273445892345        716.94837513427751        16.000000000000000        0.0000000000000000     
           1         294   1.1377734472597687E-005   1.8465637099069226E-006   2.1449680742369437E-005   2.1866317791504155       0.52329180246359985       0.51379310000000000        0.0000000000000000        0.0000000000000000        46.811962195892342        748.99139513427747        16.000000000000000        0.0000000000000000     
           1         295   1.1317008024272575E-005   1.7283371005591306E-006   2.1449716874712191E-005   2.2040470593320429       0.52184307193500801       0.51379310000000000        0.0000000000000000        0.0000000000000000        49.177680945892341        786.84289513427746        16.000000000000000        0.0000000000000000     
           1         296   1.1237480026445381E-005   1.5671857823281508E-006   2.1456443306475376E-005   2.2304471500634486       0.51933183734844435       0.51379310000000000        0.0000000000000000        0.0000000000000000        47.447372820892348        759.15796513427756        16.000000000000000        0.0000000000000000     
           1         297   1.1328217281981020E-005   1.7500394156799685E-006   2.1449837724385799E-005   2.2008614369039554       0.52209761219609674       0.51379310000000000        0.0000000000000000        0.0000000000000000        45.641772195892344        730.26835513427750        16.000000000000000        0.0000000000000000     
           1         298   1.1365634662535536E-005   1.8230153281861760E-006   2.1449679068148112E-005   2.1900614100089806       0.52300253631402638       0.51379310000000000        0.0000000000000000        0.0000000000000000        47.551865320892347        760.82984513427755        16.000000000000000        0.0000000000000000     
           1         299   1.1349603906824146E-005   1.7923935285177082E-006   2.1449067216831192E-005   2.1941273618768915       0.52266883926812358       0.51379310000000000        0.0000000000000000        0.0000000000000000        45.444684070892343        727.11494513427749        16.000000000000000        0.0000000000000000     
           1         300   1.1369251593030005E-005   1.8299215944043075E-006   2.1449820033989932E-005   2.1891551607658806       0.52307793383639334       0.51379310000000000        0.0000000000000000        0.0000000000000000        46.864208445892345        749.82733513427752        16.000000000000000        0.0000000000000000     
           1         301   1.1242769777997298E-005   1.5815224708309374E-006   2.1452172819821005E-005   2.2258624205912270       0.51981161193566894       0.51379310000000000        0.0000000000000000        0.0000000000000000        49.177680945892348        786.84289513427757        16.000000000000000        0.0000000000000000     
           1         302   1.1286538068563587E-005   1.6724681174514264E-006   2.1446087025599825E-005   2.2097107777869214       0.52139954984906711       0.51379310000000000        0.0000000000000000        0.0000000000000000        46.755339695892346        748.08543513427753        16.000000000000000        0.0000000000000000     
           1         303   1.0818082322156999E-005   8.2943876997603159E-007   2.1373457277695415E-005   2.3026708667122180       0.51742562017179050       0.51379310000000000        1.0000000000000000        0.0000000000000000        45.694018445892340        731.10429513427744        16.000000000000000        0.0000000000000000     
           1         304   1.1063268647378700E-005   1.2595294602065749E-006   2.1423248212803760E-005   2.2665075715191518       0.51802500113195937       0.51379310000000000        0.0000000000000000        0.0000000000000000        47.551865320892347        760.82984513427755        16.000000000000000        0.0000000000000000     
           1         305   1.0746000602889602E-005   5.9412764222452584E-007   2.1473866207566018E-005   2.3781431358210749       0.50597615909073901       0.51379310000000000        0.0000000000000000        0.0000000000000000        45.444684070892336        727.11494513427738        16.000000000000000        0.0000000000000000     
           1         306   1.0995175171777698E-005   1.1284199208932643E-006   2.1421746179497169E-005   2.2733558189759462       0.51615872056895507       0.51379310000000000        0.0000000000000000        0.0000000000000000        46.864208445892345        749.82733513427752        16.000000000000000        0.0000000000000000     
           1         307   1.0655838115075070E-005   5.4688054551472112E-007   2.1338353413465049E-005   2.3377776145721878       0.51636138746847338       0.51379310000000000        0.0000000000000000        0.0000000000000000        46.522793445892340        744.36469513427744        16.000000000000000        0.0000000000000000     
           1         308   1.0738648810049975E-005   6.9326835402512424E-007   2.1353979783716484E-005   2.3377431054136872       0.51546273902772288       0.51379310000000000        0.0000000000000000        0.0000000000000000        45.878694695892342        734.05911513427748        16.000000000000000        0.0000000000000000     
           1         309   1.1286144220530736E-005   1.6665457462297047E-006   2.1451535375749797E-005   2.2136865421853518       0.52093432495498371       0.51379310000000000        0.0000000000000000        0.0000000000000000        45.496930320892339        727.95088513427743        16.000000000000000        0.0000000000000000     
           1         310   1.1228598308821091E-005   1.5632097540361350E-006   2.1442377562606928E-005   2.2232788789379847       0.52030398280772283       0.51379310000000000        0.0000000000000000        0.0000000000000000        48.827062820892344        781.23300513427751        16.000000000000000        0.0000000000000000     
           1         311   1.1344956855729409E-005   1.7837313064237401E-006   2.1448663147797355E-005   2.1951500106787298       0.52259152830242761       0.51379310000000000        0.0000000000000000        0.0000000000000000        45.883006570892341        734.12810513427746        16.000000000000000        0.0000000000000000     
           1         312   1.1346031587678958E-005   1.7853982263806486E-006   2.1449112092428957E-005   2.1951632546185871       0.52257912187418532       0.51379310000000000        0.0000000000000000        0.0000000000000000        48.191652195892345        771.06643513427753        16.000000000000000        0.0000000000000000     
           1         313   1.1366750397587602E-005   1.8252388932700609E-006   2.1449624117579819E-005   2.1897014105324510       0.52303366851046007       0.51379310000000000        0.0000000000000000        0.0000000000000000        45.830760320892345        733.29216513427752        16.000000000000000        0.0000000000000000     
           1         314   1.1306140633420722E-005   1.7064000295028497E-006   2.1450547230864860E-005   2.2074955105093519       0.52150401717730910       0.51379310000000000        0.0000000000000000        0.0000000000000000        47.425042195892338        758.80067513427741        16.000000000000000        0.0000000000000000     
           1         315   1.1220903942437644E-005   1.5326812995849457E-006   2.1458812835053999E-005   2.2364858986582723       0.51871871042950624       0.51379310000000000        0.0000000000000000        0.0000000000000000        47.538737820892344        760.61980513427750        16.000000000000000        0.0000000000000000     
           1         316   1.1215119970281073E-005   1.5282218328273041E-006   2.1451629208275321E-005   2.2330337818229409       0.51917368556012189       0.51379310000000000        0.0000000000000000        0.0000000000000000        47.937941570892335        767.00706513427735        16.000000000000000        0.0000000000000000     
           1         317   1.1368975887930004E-005   1.8294007366748830E-006   2.1449803390884645E-005   2.1892180156926111       0.52307259555776553       0.51379310000000000        0.0000000000000000        0.0000000000000000        45.552895088615422        728.84632141784675        16.000000000000000        0.0000000000000000     
           1         318   1.1324527926041552E-005   1.7428868694445951E-006   2.1449808051758129E-005   2.2019165728835794       0.52201301641418452       0.51379310000000000        0.0000000000000000        0.0000000000000000        47.094930713615426        753.51889141784682        16.000000000000000        0.0000000000000000     
           1         319   1.1192371370850396E-005   1.4837813937421364E-006   2.1451803190858249E-005   2.2393480037402531       0.51859371286499889       0.51379310000000000        0.0000000000000000        0.0000000000000000        43.787128838615423        700.59406141784677        16.000000000000000        0.0000000000000000     
           1         320   1.1305614444904126E-005   1.7072166769209278E-006   2.1448602017160307E-005   2.2060962018431298       0.52164596581249301       0.51379310000000000        0.0000000000000000        0.0000000000000000        46.294686570892345        740.71498513427753        16.000000000000000        0.0000000000000000     
           1         321   1.1320716411754996E-005   1.7366161146020058E-006   2.1448595309371906E-005   2.2018851261677610       0.52201224868515428       0.51379310000000000        0.0000000000000000        1.0000000000000000        46.136717195892345        738.18747513427752        16.000000000000000        0.0000000000000000     
           1         322   1.1374994994779756E-005   1.8410809591050377E-006   2.1449840184189536E-005   2.1875319773305328       0.52321313244987833       0.51379310000000000        0.0000000000000000        0.0000000000000000        47.135873445892337        754.17397513427738        16.000000000000000        0.0000000000000000     
           1         323   7.0653227732117594E-006  -5.3677719873248268E-006   2.0203841168590609E-005   2.8621748441118977       0.49862968383807854       0.51379310000000000        0.0000000000000000        1.0000000000000000        42.225781106338502        675.61249770141603        16.000000000000000        0.0000000000000000     
           1         324   1.0993522142904800E-005   1.1386818018520778E-006   2.1407502217713590E-005   2.2799972610721682       0.51771174350119897       0.51379310000000000        0.0000000000000000        0.0000000000000000        46.828228213615425        749.25165141784680        16.000000000000000        0.0000000000000000     
           1         325   1.1026470660485333E-005   1.1978389242551275E-006   2.1412755117814605E-005   2.2732948740743359       0.51801319961206382       0.51379310000000000        0.0000000000000000        0.0000000000000000        43.047296963615423        688.75675141784677        16.000000000000000        0.0000000000000000     
           1         326   1.1268155263546084E-005   1.6302289785063088E-006   2.1452914105023121E-005   2.2197092964372396       0.52038495228982862       0.51379310000000000        0.0000000000000000        0.0000000000000000        46.656608213615428        746.50573141784685        16.000000000000000        0.0000000000000000     
           1         327   1.1325861428691052E-005   1.7453538653362654E-006   2.1449943749508634E-005   2.2015680082085747       0.52203077629253991       0.51379310000000000        0.0000000000000000        0.0000000000000000        44.987749463615430        719.80399141784687        16.000000000000000        0.0000000000000000     
           1         328   1.1307489366212367E-005   1.7138401672174365E-006   2.1445458947195567E-005   2.2035003676249043       0.52196819629309166       0.51379310000000000        0.0000000000000000        0.0000000000000000        45.887454070892339        734.19926513427743        16.000000000000000        0.0000000000000000     
           1         329   1.1273468311980212E-005   1.6469894913642879E-006   2.1446130187672587E-005   2.2133575916369819       0.52107623769140410       0.51379310000000000        0.0000000000000000        0.0000000000000000        47.594838213615432        761.51741141784692        16.000000000000000        0.0000000000000000     
           1         330   1.1158109403256335E-005   1.4243548228390235E-006   2.1444133605117712E-005   2.2488373838416473       0.51849646489146717       0.51379310000000000        0.0000000000000000        0.0000000000000000        45.213439695892347        723.41503513427756        16.000000000000000        0.0000000000000000     
           1         331   1.1298042526948725E-005   1.6937792958433106E-006   2.1447228354475567E-005   2.2072722841792980       0.52157997319035443       0.51379310000000000        0.0000000000000000        0.0000000000000000        43.914087588615423        702.62540141784677        16.000000000000000        0.0000000000000000     
           1         332   1.1134296592170586E-005   1.3887817630048333E-006   2.1432748290764358E-005   2.2427072000327839       0.51881536222470104       0.51379310000000000        1.0000000000000000        0.0000000000000000        44.076297588615432        705.22076141784692        16.000000000000000        0.0000000000000000     
           1         333   1.1101210833705037E-005   1.3259773066793288E-006   2.1431067396980289E-005   2.2505805143689170       0.51811404796919824       0.51379310000000000        0.0000000000000000        1.0000000000000000        45.351495088615430        725.62392141784687        16.000000000000000        0.0000000000000000     
           1         334   1.1371051549751076E-005   1.8335372845081603E-006   2.1449701237021084E-005   2.1885417939304967       0.52313021355627254       0.51379310000000000        0.0000000000000000        0.0000000000000000        45.085385945892348        721.36617513427757        16.000000000000000        0.0000000000000000     
           1         335   1.1273779743529107E-005   1.6468847986103406E-006   2.1446881353407852E-005   2.2137672806178754       0.52101848902409709       0.51379310000000000        0.0000000000000000        0.0000000000000000        46.631140088615425        746.09824141784679        16.000000000000000        0.0000000000000000     
           1         336   8.2718292700385220E-006  -3.7551295084403887E-006   2.0981168512997038E-005   2.7388242085841159       0.49025811953135584       0.51379310000000000        0.0000000000000000        1.0000000000000000        44.411371570892342        710.58194513427748        16.000000000000000        0.0000000000000000     
           1         337   1.1297562895921971E-005   1.6904693746402191E-006   2.1449739597423680E-005   2.2096832920088323       0.52137876272054640       0.51379310000000000        0.0000000000000000        0.0000000000000000        44.277833213615423        708.44533141784677        16.000000000000000        0.0000000000000000     
           1         338   1.1036028603791625E-005   1.2131396628161948E-006   2.1416244433594940E-005   2.2714622516022280       0.51796918910124223       0.51379310000000000        0.0000000000000000        1.0000000000000000        43.712551963615425        699.40083141784680        16.000000000000000        0.0000000000000000     
           1         339   1.1374416585652887E-005   1.8400104672643013E-006   2.1449781777356356E-005   2.1876492196280122       0.52320403178648733       0.51379310000000000        0.0000000000000000        0.0000000000000000        45.715240713615430        731.44385141784687        16.000000000000000        0.0000000000000000     
           1         340   1.0100231400061069E-005  -6.9263274079280930E-007   2.1505456469488014E-005   2.5730072776850865       0.48673845137636029       0.51379310000000000        0.0000000000000000        0.0000000000000000        47.688027195892339        763.00843513427742        16.000000000000000        0.0000000000000000     
           1         341   1.1377216421564563E-005   1.8454927864274321E-006   2.1449746932423953E-005   2.1868272673993205       0.52327381819037044       0.51379310000000000        0.0000000000000000        0.0000000000000000        48.288695320892344        772.61912513427751        16.000000000000000        0.0000000000000000     
           1         342   1.1372035512121339E-005   1.8353343286475144E-006   2.1449825985334882E-005   2.1883644317554873       0.52314373277852655       0.51379310000000000        0.0000000000000000        0.0000000000000000        44.816059928169260        717.05695885070816        16.000000000000000        0.0000000000000000     
           1         343   8.7630051376095377E-006  -2.8915112548631043E-006   2.1078770517100252E-005   2.6476637105100083       0.50397920329325396       0.51379310000000000        0.0000000000000000        1.0000000000000000        45.935388445892336        734.96621513427738        16.000000000000000        0.0000000000000000     
           1         344   1.1293825196402143E-005   1.6877196328922508E-006   2.1444957885804726E-005   2.2069633805384541       0.52167927895694444       0.51379310000000000        0.0000000000000000        0.0000000000000000        43.151718213615425        690.42749141784680        16.000000000000000        0.0000000000000000     
           1         345   1.1326305471309305E-005   1.7462761593915159E-006   2.1449882405863758E-005   2.2012911615670485       0.52204183927087111       0.51379310000000000        0.0000000000000000        0.0000000000000000        45.715240713615430        731.44385141784687        16.000000000000000        0.0000000000000000     
           1         346   1.1331405369452834E-005   1.7567789058403000E-006   2.1449272911196389E-005   2.1993809590676157       0.52221348210446050       0.51379310000000000        0.0000000000000000        0.0000000000000000        47.688027195892346        763.00843513427753        16.000000000000000        0.0000000000000000     
           1         347   1.1371899841261012E-005   1.8352044340667670E-006   2.1449684210463220E-005   2.1882879651389366       0.52315189602028866       0.51379310000000000        0.0000000000000000        0.0000000000000000        47.035828445892342        752.57325513427747        16.000000000000000        0.0000000000000000     
           1         348   1.1285593484060015E-005   1.6655181786161157E-006   2.1451488524663995E-005   2.2139509548455965       0.52093098154490658       0.51379310000000000        0.0000000000000000        0.0000000000000000        44.789281803169260        716.62850885070816        16.000000000000000        0.0000000000000000     
           1         349   1.1364823506708019E-005   1.8213783730658698E-006   2.1449740565462240E-005   2.1903443818794335       0.52297835320198294       0.51379310000000000        0.0000000000000000        0.0000000000000000        45.838345320892337        733.41352513427739        16.000000000000000        0.0000000000000000     
           1         350   1.1348221847078641E-005   1.7893571190211940E-006   2.1449433370628270E-005   2.1947854211314723       0.52260509820742040       0.51379310000000000        0.0000000000000000        0.0000000000000000        44.809273445892345        716.94837513427751        16.000000000000000        0.0000000000000000     
           1         351   1.1307612212828112E-005   1.7106763434621361E-006   2.1449054941886108E-005   2.2058562420120444       0.52165626329468873       0.51379310000000000        0.0000000000000000        0.0000000000000000        47.250284695892340        756.00455513427744        16.000000000000000        0.0000000000000000     
           1         352   1.1215206303831249E-005   1.5349229073125089E-006   2.1444725496536748E-005   2.2284937361062909       0.51976341092808598       0.51379310000000000        0.0000000000000000        0.0000000000000000        50.505124695892349        808.08199513427758        16.000000000000000        0.0000000000000000     
           1         353   1.1209121714129536E-005   1.5102068269769826E-006   2.1458329503049564E-005   2.2403231508157124       0.51851254350982290       0.51379310000000000        0.0000000000000000        1.0000000000000000        47.885695320892346        766.17112513427753        16.000000000000000        0.0000000000000000     
           1         354   1.1328602680863844E-005   1.7514564544509939E-006   2.1449132950635788E-005   2.2000622874334423       0.52215747702618065       0.51379310000000000        0.0000000000000000        0.0000000000000000        45.641772195892337        730.26835513427739        16.000000000000000        0.0000000000000000     
           1         355   1.1300284761511014E-005   1.7001399376515557E-006   2.1445118513355470E-005   2.2052790258105639       0.52182297555575474       0.51379310000000000        0.0000000000000000        0.0000000000000000        47.551865320892347        760.82984513427755        16.000000000000000        0.0000000000000000     
           1         356   1.1210591227188849E-005   1.5099593655046267E-006   2.1461613407610378E-005   2.2415456307619226       0.51823772362270681       0.51379310000000000        0.0000000000000000        1.0000000000000000        45.444684070892343        727.11494513427749        16.000000000000000        0.0000000000000000     
           1         357   1.1380270175109801E-005   1.8513599586526512E-006   2.1449827640738906E-005   2.1860209584973602       0.52334007390245485       0.51379310000000000        0.0000000000000000        1.0000000000000000        46.864208445892345        749.82733513427752        16.000000000000000        0.0000000000000000     
           1         358   1.1317012889609119E-005   1.7306232098086141E-006   2.1447311063889731E-005   2.2020502903876631       0.52203360734660242       0.51379310000000000        0.0000000000000000        0.0000000000000000        49.177680945892348        786.84289513427757        16.000000000000000        0.0000000000000000     
           1         359   1.1344648628269154E-005   1.7824403069570805E-006   2.1449393452443522E-005   2.1957594775988216       0.52252248714070548       0.51379310000000000        0.0000000000000000        0.0000000000000000        47.447372820892348        759.15796513427756        16.000000000000000        0.0000000000000000     
           1         360   1.1346385545491999E-005   1.7866179674453543E-006   2.1448551144549140E-005   2.1946728738637953       0.52263566942303086       0.51379310000000000        0.0000000000000000        0.0000000000000000        45.641772195892344        730.26835513427750        16.000000000000000        0.0000000000000000     
           1         361   1.1303548929444133E-005   1.7036927452864796E-006   2.1448077664870403E-005   2.2063121669188321       0.52164049931539180       0.51379310000000000        0.0000000000000000        0.0000000000000000        47.551865320892340        760.82984513427743        16.000000000000000        0.0000000000000000     
           1         362   1.1317133755255304E-005   1.7283561704845400E-006   2.1449955318441155E-005   2.2038850798501231       0.52181352025079997       0.51379310000000000        0.0000000000000000        0.0000000000000000        45.444684070892336        727.11494513427738        16.000000000000000        0.0000000000000000     
           1         363   1.1344175582068901E-005   1.7820682515579327E-006   2.1448813685468930E-005   2.1954732857123989       0.52255977231432493       0.51379310000000000        0.0000000000000000        0.0000000000000000        46.864208445892345        749.82733513427752        16.000000000000000        0.0000000000000000     
           1         364   1.1356466351747883E-005   1.8054738446873807E-006   2.1449359003578632E-005   2.1924069664876424       0.52280915715300058       0.51379310000000000        0.0000000000000000        0.0000000000000000        47.850237195892340        765.60379513427745        16.000000000000000        0.0000000000000000     
           1         365   1.1054875301259797E-005   1.2471831021532520E-006   2.1419032162926710E-005   2.2670806286252776       0.51818914999736332       0.51379310000000000        1.0000000000000000        0.0000000000000000        46.317017195892340        741.07227513427745        16.000000000000000        0.0000000000000000     
           1         366   1.1369413612950893E-005   1.8303288352640678E-006   2.1449722919730525E-005   2.1890241236632746       0.52308931537530912       0.51379310000000000        0.0000000000000000        0.0000000000000000        45.496930320892339        727.95088513427743        16.000000000000000        0.0000000000000000     
           1         367   1.1067004822087488E-005   1.2661191125158517E-006   2.1423969010515791E-005   2.2657276900420684       0.51805369323701334       0.51379310000000000        0.0000000000000000        1.0000000000000000        48.827062820892344        781.23300513427751        16.000000000000000        0.0000000000000000     
           1         368   1.1233464222425739E-005   1.5741465709378157E-006   2.1440828124589049E-005   2.2209472692915200       0.52056779047024926       0.51379310000000000        0.0000000000000000        0.0000000000000000        45.883006570892341        734.12810513427746        16.000000000000000        0.0000000000000000     
           1         369   1.0795983774979866E-005   7.9116375993203141E-007   2.1368453006645396E-005   2.3156642016755979       0.51663961483043808       0.51379310000000000        0.0000000000000000        0.0000000000000000        48.191652195892345        771.06643513427753        16.000000000000000        0.0000000000000000     
           1         370   1.0887287290244096E-005   9.5057146674785120E-007   2.1387788263745798E-005   2.2998006143010743       0.51700266868881517       0.51379310000000000        0.0000000000000000        0.0000000000000000        45.830760320892345        733.29216513427752        16.000000000000000        0.0000000000000000     
           1         371   1.1204533431362776E-005   1.5180688397819347E-006   2.1440584525143289E-005   2.2287142128824788       0.51986628739069252       0.51379310000000000        0.0000000000000000        0.0000000000000000        46.294686570892345        740.71498513427753        16.000000000000000        0.0000000000000000     
           1         372   1.1245223495023298E-005   1.5843044729883641E-006   2.1454279625614189E-005   2.2273371302951581       0.51972524920548091       0.51379310000000000        0.0000000000000000        1.0000000000000000        46.263540320892346        740.21664513427754        16.000000000000000        0.0000000000000000     
           1         373   1.1315171326054022E-005   1.7242577220597130E-006   2.1450250101012582E-005   2.2047362338123624       0.52174572628318983       0.51379310000000000        0.0000000000000000        0.0000000000000000        49.138562195892341        786.21699513427745        16.000000000000000        0.0000000000000000     
           1         374   1.1325656777279166E-005   1.7449105781720164E-006   2.1449991273462657E-005   2.2016131476373868       0.52201989564250884       0.51379310000000000        0.0000000000000000        0.0000000000000000        45.957583445892340        735.32133513427743        16.000000000000000        0.0000000000000000     
           1         375   1.1330551718064214E-005   1.7565392190805464E-006   2.1447770460314766E-005   2.1985789870630303       0.52232136947196672       0.51379310000000000        0.0000000000000000        0.0000000000000000        48.752485945892339        780.03977513427742        16.000000000000000        0.0000000000000000     
           1         376   1.1135929288375640E-005   1.3838775505508743E-006   2.1441288783967822E-005   2.2539171151807653       0.51821573016347444       0.51379310000000000        0.0000000000000000        0.0000000000000000        44.191817195892341        707.06907513427745        16.000000000000000        0.0000000000000000     
           1         377   1.1137716817398277E-005   1.3873187341385452E-006   2.1441328834076674E-005   2.2533981008655646       0.51825529232518397       0.51379310000000000        0.0000000000000000        0.0000000000000000        46.986719695892340        751.78751513427744        16.000000000000000        0.0000000000000000     
           1         378   1.1375665273695955E-005   1.8426065807565413E-006   2.1449606590298638E-005   2.1871639719127551       0.52324855107542401       0.51379310000000000        0.0000000000000000        0.0000000000000000        46.211294070892343        739.38070513427749        16.000000000000000        0.0000000000000000     
           1         379   1.1332124382573136E-005   1.7606748393068413E-006   2.1446634753216549E-005   2.1974086360241145       0.52246186960135921       0.51379310000000000        0.0000000000000000        0.0000000000000000        47.499619070892344        759.99390513427750        16.000000000000000        0.0000000000000000     
           1         380   1.0782596299222323E-005   7.6385517758662721E-007   2.1369776487291947E-005   2.3353667776997002       0.51488269776809159       0.51379310000000000        0.0000000000000000        0.0000000000000000        46.683250713615429        746.93201141784687        16.000000000000000        0.0000000000000000     
           1         381   1.0769583823399752E-005   7.3063750607457208E-007   2.1378115600945501E-005   2.3471277880436769       0.51350985326597742       0.51379310000000000        0.0000000000000000        0.0000000000000000        48.370128213615430        773.92205141784689        16.000000000000000        0.0000000000000000     
           1         382   1.0838769253550946E-005   8.5616785913006745E-007   2.1387759233956053E-005   2.3240687430004394       0.51498045019419003       0.51379310000000000        0.0000000000000000        0.0000000000000000        44.225451338615429        707.60722141784686        16.000000000000000        0.0000000000000000     
           1         383   1.0680648095339422E-005   4.3080994173726645E-007   2.1512037200342924E-005   2.4230799953334525       0.50104041063479976       0.51379310000000000        0.0000000000000000        0.0000000000000000        47.622130320892346        761.95408513427753        16.000000000000000        0.0000000000000000     
           1         384   1.0625279178111844E-005   2.4297072308498688E-007   2.1596654628078966E-005   2.5007935336768408       0.49152769594553092       0.51379310000000000        0.0000000000000000        0.0000000000000000        45.444684070892343        727.11494513427749        16.000000000000000        0.0000000000000000     
           1         385  -4.0540929264109116E-006  -4.0540929264109116E-006   2.0451618577370317E-005   2.8547884355367179       0.45914765635616361        1.0000000000000000        1.0000000000000000        0.0000000000000000        40.170868927230835        642.73390283569336        16.000000000000000        0.0000000000000000     
           1         386   1.1238342818416146E-005   1.5690344394465158E-006   2.1456264297701894E-005   2.2303203519479329       0.51937801954382090       0.51379310000000000        0.0000000000000000        1.0000000000000000        47.445548838615430        759.12878141784688        16.000000000000000        0.0000000000000000     
           1         387   1.1281103053100171E-005   1.6592955484731580E-006   2.1448828573667060E-005   2.2130473670279014       0.52103081194712819       0.51379310000000000        0.0000000000000000        0.0000000000000000        46.466306570892350        743.46090513427760        16.000000000000000        0.0000000000000000     
           1         388   1.0687076391078164E-005   4.8355449617315674E-007   2.1469521365226159E-005   2.3908228459033016       0.50487314210672529       0.51379310000000000        0.0000000000000000        0.0000000000000000        44.318775945892348        709.10041513427757        16.000000000000000        0.0000000000000000     
           1         389   1.1327619396948689E-005   1.7499491527149693E-006   2.1448703416041532E-005   2.2000325627523445       0.52216988150950150       0.51379310000000000        1.0000000000000000        0.0000000000000000        45.733852820892345        731.74164513427752        16.000000000000000        0.0000000000000000     
           1         390   1.1329773640387407E-005   1.7554055294055452E-006   2.1447368171198562E-005   2.1985312525206058       0.52233813268725737       0.51379310000000000        0.0000000000000000        0.0000000000000000        47.083627195892340        753.33803513427745        16.000000000000000        0.0000000000000000     
           1         391   1.1267239190047803E-005   1.6308432969599347E-006   2.1450380808846004E-005   2.2179357044582790       0.52056209245587515       0.51379310000000000        0.0000000000000000        0.0000000000000000        47.181263678169266        754.90021885070826        16.000000000000000        0.0000000000000000     
           1         392   8.6839045391626926E-006  -2.5327566866302471E-006   2.0536971912024119E-005   2.7603316108010505       0.46732993139713441       0.51379310000000000        0.0000000000000000        1.0000000000000000        42.010121034507755        672.16193655212408        16.000000000000000        0.0000000000000000     
           1         393   1.1322875942392556E-005   1.7395443049187559E-006   2.1449942568443399E-005   2.2024389037950018       0.52196045252013079       0.51379310000000000        0.0000000000000000        0.0000000000000000        46.507249303169267        744.11598885070828        16.000000000000000        0.0000000000000000     
           1         394   1.1376590241387044E-005   1.8442294658684333E-006   2.1449794042428009E-005   2.1870408833994004       0.52325493844927595       0.51379310000000000        0.0000000000000000        0.0000000000000000        46.009965320892341        736.15944513427746        16.000000000000000        0.0000000000000000     
           1         395   7.4616998598616600E-006  -4.5532662605915196E-006   2.0158366010470737E-005   2.8825382054465427       0.46830260954623565       0.51379310000000000        1.0000000000000000        0.0000000000000000        43.655408141784669        698.48653026855470        16.000000000000000        0.0000000000000000     
           1         396   9.8369810092266169E-006  -1.0680898129997844E-006   2.1360779094921029E-005   2.5733081638439330       0.49037018297439133       0.51379310000000000        0.0000000000000000        0.0000000000000000        47.447372820892348        759.15796513427756        16.000000000000000        0.0000000000000000     
           1         397   1.1326817623526400E-005   1.7471957144341820E-006   2.1449964040206856E-005   2.2012484052480277       0.52204925236413402       0.51379310000000000        0.0000000000000000        0.0000000000000000        48.144961803169259        770.31938885070815        16.000000000000000        0.0000000000000000     
           1         398   1.1263990065189660E-005   1.6294854529177212E-006   2.1445133096486989E-005   2.2153240091346285       0.52093166234483601       0.51379310000000000        0.0000000000000000        1.0000000000000000        48.288695320892344        772.61912513427751        16.000000000000000        0.0000000000000000     
           1         399   1.1268388813451797E-005   1.6321356149005034E-006   2.1451379641572006E-005   2.2183261733416710       0.52050771474057367       0.51379310000000000        0.0000000000000000        0.0000000000000000        44.816059928169260        717.05695885070816        16.000000000000000        0.0000000000000000     
           1         400   1.1295172762269842E-005   1.6845769704918716E-006   2.1451050444599447E-005   2.2108685141171067       0.52119506389287940       0.51379310000000000        0.0000000000000000        0.0000000000000000        45.935388445892336        734.96621513427738        16.000000000000000        0.0000000000000000     
           1         401   1.1333028580284747E-005   1.7593999636350962E-006   2.1449841659649261E-005   2.1993989965561096       0.52220806738903280       0.51379310000000000        0.0000000000000000        0.0000000000000000        44.117240320892343        705.87584513427748        16.000000000000000        0.0000000000000000     
           1         402   1.1266773641514461E-005   1.6316927907993040E-006   2.1448525605626004E-005   2.2168002514372485       0.52070651918775812       0.51379310000000000        0.0000000000000000        0.0000000000000000        47.372795945892349        757.96473513427759        16.000000000000000        0.0000000000000000     
           1         403   1.1026445397834604E-005   1.1927081371929759E-006   2.1418125054644432E-005   2.2752714864253298       0.51755762636379909       0.51379310000000000        0.0000000000000000        0.0000000000000000        49.420159303169264        790.72254885070822        16.000000000000000        0.0000000000000000     
           1         404   7.7476998167603549E-006  -4.7537977513900063E-006   2.0958502029116044E-005   2.7630949319248947       0.48443787229874852       0.51379310000000000        0.0000000000000000        1.0000000000000000        48.693383678169262        779.09413885070819        16.000000000000000        0.0000000000000000     
           1         405   1.1344163508869620E-005   1.7812660311439580E-006   2.1449636590520739E-005   2.1960915001751879       0.52249142866933906       0.51379310000000000        0.0000000000000000        0.0000000000000000        45.343259535446180        725.49215256713887        16.000000000000000        0.0000000000000000     
           1         406   1.1324429959672733E-005   1.7445492923326977E-006   2.1447849815916293E-005   2.2003408793458861       0.52216622246183975       0.51379310000000000        0.0000000000000000        0.0000000000000000        46.392323053169257        742.27716885070811        16.000000000000000        0.0000000000000000     
           1         407   1.1112968135377850E-005   1.3212244633717901E-006   2.1460271589206786E-005   2.2708048538320891       0.51606359514681321       0.51379310000000000        0.0000000000000000        0.0000000000000000        44.809273445892345        716.94837513427751        16.000000000000000        0.0000000000000000     
           1         408   7.2029511503467663E-006  -5.5636048081044782E-006   2.0693850523054949E-005   2.9189992239294673       0.50203769525506758       0.51379310000000000        0.0000000000000000        1.0000000000000000        47.250284695892340        756.00455513427744        16.000000000000000        0.0000000000000000     
           1         409   1.1271171885636901E-005   1.6393016702532637E-006   2.1449531050757175E-005   2.2162685364687191       0.52072929286593839       0.51379310000000000        0.0000000000000000        0.0000000000000000        51.059102428169261        816.94563885070818        16.000000000000000        0.0000000000000000     
           1         410   1.1103181979092323E-005   1.3219652998150086E-006   2.1439361164162642E-005   2.2628476358683440       0.51758980573195690       0.51379310000000000        0.0000000000000000        0.0000000000000000        48.439673053169258        775.03476885070813        16.000000000000000        0.0000000000000000     
           1         411   1.1051195993184608E-005   1.2390008361193158E-006   2.1420111299720920E-005   2.2686312429524720       0.51800504134662184       0.51379310000000000        0.0000000000000000        0.0000000000000000        46.046460553169254        736.74336885070807        16.000000000000000        0.0000000000000000     
