                 -Infinity                 -Infinity                 -Infinity                 -Infinity                 -Infinity                 -Infinity                 -Infinity                 -Infinity                 -Infinity                 -Infinity                 -Infinity                 -Infinity                 -Infinity                 -Infinity                 -Infinity                 -Infinity                 -Infinity                 -Infinity                 -Infinity                 -Infinity                 -Infinity                 -Infinity                 -Infinity                 -Infinity                 -Infinity                 -Infinity                 -Infinity                 -Infinity
                 -Infinity                 -Infinity                 -Infinity                 -Infinity                 -Infinity                 -Infinity                 -Infinity                 -Infinity                 -Infinity                 -Infinity                 -Infinity                 -Infinity                 -Infinity                 -Infinity                 -Infinity                 -Infinity                 -Infinity                 -Infinity                 -Infinity                 -Infinity                 -Infinity                 -Infinity                 -Infinity                 -Infinity                 -Infinity                 -Infinity                 -Infinity                 -Infinity
                 -Infinity                 -Infinity                 -Infinity                 -Infinity                 -Infinity                 -Infinity                 -Infinity                 -Infinity                 -Infinity                 -Infinity                 -Infinity                 -Infinity                 -Infinity                 -Infinity                 -Infinity                 -Infinity                 -Infinity                 -Infinity                 -Infinity                 -Infinity                 -Infinity                 -Infinity                 -Infinity                 -Infinity                 -Infinity                 -Infinity                 -Infinity                 -Infinity
                 -Infinity                 -Infinity                 -Infinity                 -Infinity                 -Infinity                 -Infinity                 -Infinity                 -Infinity                 -Infinity                 -Infinity                 -Infinity                 -Infinity                 -Infinity                 -Infinity                 -Infinity                 -Infinity                 -Infinity                 -Infinity                 -Infinity                 -Infinity                 -Infinity                 -Infinity                 -Infinity                 -Infinity                 -Infinity                 -Infinity                 -Infinity                 -Infinity
                 -Infinity                 -Infinity                 -Infinity                 -Infinity                 -Infinity                 -Infinity                 -Infinity                 -Infinity                 -Infinity                 -Infinity                 -Infinity                 -Infinity                 -Infinity                 -Infinity                 -Infinity                 -Infinity                 -Infinity                 -Infinity                 -Infinity                 -Infinity                 -Infinity                 -Infinity                 -Infinity                 -Infinity                 -Infinity                 -Infinity                 -Infinity                 -Infinity
                 -Infinity                 -Infinity                 -Infinity                 -Infinity                 -Infinity                 -Infinity                 -Infinity                 -Infinity                 -Infinity                 -Infinity                 -Infinity                 -Infinity                 -Infinity                 -Infinity                 -Infinity                 -Infinity                 -Infinity                 -Infinity                 -Infinity                 -Infinity                 -Infinity                 -Infinity                 -Infinity                 -Infinity                 -Infinity                 -Infinity                 -Infinity                 -Infinity
                 -Infinity                 -Infinity                 -Infinity                 -Infinity                 -Infinity                 -Infinity                 -Infinity                 -Infinity                 -Infinity                 -Infinity                 -Infinity                 -Infinity                 -Infinity                 -Infinity                 -Infinity                 -Infinity                 -Infinity                 -Infinity                 -Infinity                 -Infinity                 -Infinity                 -Infinity                 -Infinity                 -Infinity                 -Infinity                 -Infinity                 -Infinity                 -Infinity
                 -Infinity                 -Infinity                 -Infinity                 -Infinity                 -Infinity                 -Infinity                 -Infinity                 -Infinity                 -Infinity                 -Infinity                 -Infinity                 -Infinity                 -Infinity                 -Infinity                 -Infinity                 -Infinity                 -Infinity                 -Infinity                 -Infinity                 -Infinity                 -Infinity                 -Infinity                 -Infinity                 -Infinity                 -Infinity                 -Infinity                 -Infinity                 -Infinity
                 -Infinity                 -Infinity                 -Infinity                 -Infinity                 -Infinity                 -Infinity                 -Infinity                 -Infinity                 -Infinity                 -Infinity                 -Infinity                 -Infinity                 -Infinity                 -Infinity                 -Infinity                 -Infinity                 -Infinity                 -Infinity                 -Infinity                 -Infinity                 -Infinity                 -Infinity                 -Infinity                 -Infinity                 -Infinity                 -Infinity                 -Infinity                 -Infinity
                 -Infinity                 -Infinity                 -Infinity                 -Infinity                 -Infinity                 -Infinity                 -Infinity                 -Infinity                 -Infinity                 -Infinity                 -Infinity                 -Infinity                 -Infinity                 -Infinity                 -Infinity                 -Infinity                 -Infinity                 -Infinity                 -Infinity                 -Infinity                 -Infinity                 -Infinity                 -Infinity                 -Infinity                 -Infinity                 -Infinity                 -Infinity                 -Infinity
                 -Infinity                 -Infinity                 -Infinity                 -Infinity                 -Infinity                 -Infinity                 -Infinity                 -Infinity                 -Infinity                 -Infinity                 -Infinity                 -Infinity                 -Infinity                 -Infinity                 -Infinity                 -Infinity                 -Infinity                 -Infinity                 -Infinity                 -Infinity                 -Infinity                 -Infinity                 -Infinity                 -Infinity                 -Infinity                 -Infinity                 -Infinity                 -Infinity
                 -Infinity                 -Infinity                 -Infinity                 -Infinity                 -Infinity                 -Infinity                 -Infinity                 -Infinity                 -Infinity                 -Infinity                 -Infinity                 -Infinity                 -Infinity                 -Infinity                 -Infinity                 -Infinity                 -Infinity                 -Infinity                 -Infinity                 -Infinity                 -Infinity                 -Infinity                 -Infinity                 -Infinity                 -Infinity                 -Infinity                 -Infinity                 -Infinity
                 -Infinity                 -Infinity                 -Infinity                 -Infinity                 -Infinity                 -Infinity                 -Infinity                 -Infinity                 -Infinity                 -Infinity                 -Infinity                 -Infinity                 -Infinity                 -Infinity                 -Infinity                 -Infinity                 -Infinity                 -Infinity                 -Infinity                 -Infinity                 -Infinity                 -Infinity                 -Infinity                 -Infinity                 -Infinity                 -Infinity                 -Infinity                 -Infinity
  -8.7393604501973291E-006  -8.9083595299960203E-006  -8.5576557909351254E-006  -8.8415670180522812E-006  -8.4823605284637381E-006  -8.7393604501973291E-006  -8.7393604501973291E-006  -9.1464598645426115E-006  -9.3806469018985379E-006  -8.6518932943842681E-006  -8.9010398849105649E-006  -1.0170113798914496E-005  -8.9605718468879446E-006  -8.7393604501973291E-006  -8.7393604501973291E-006  -8.7393604501973291E-006  -8.7393604501973291E-006  -8.7393604501973291E-006  -8.7393604501973291E-006  -8.7393604501973291E-006  -8.3742698744408792E-006  -8.7393604501973291E-006  -8.7393604501973291E-006  -8.7393604501973291E-006  -8.7393604501973291E-006  -8.7393604501973291E-006  -8.7393604501973291E-006  -8.7393604501973291E-006
  -4.3549297083972702E-004  -3.6579354326645824E-004  -5.5553273296894527E-004  -4.2706221979423058E-004  -3.0596760156359194E-004  -4.3549297083972702E-004  -4.3549297083972702E-004  -4.3737886714296560E-004  -6.1303442202470179E-004  -4.3224944158159193E-004  -4.2702378035665918E-004  -4.7437628996979507E-004  -3.5217777827051895E-004  -4.3549297083972702E-004  -4.3549297083972702E-004  -4.3549297083972702E-004  -4.3549297083972702E-004  -4.3549297083972702E-004  -4.3549297083972702E-004  -4.3549297083972702E-004  -6.2200961234283776E-004  -4.3549297083972702E-004  -4.3549297083972702E-004  -4.3549297083972702E-004  -4.3549297083972702E-004  -4.3549297083972702E-004  -4.3549297083972702E-004  -4.3549297083972702E-004
  -4.8766966340073941       -3.5216282905154666       -8.8923009751171893       -4.3848754004029766       -4.2432243075898732       -4.8766966340073941       -4.8766966340073941       -4.6774781842824682       -12.535877497489205       -4.7829520388552451       -4.9983494573161531       -7.2494622892651925       -1.8049869695803344       -4.8766966340073941       -4.8766966340073941       -4.8766966340073941       -4.8766966340073941       -4.8766966340073941       -4.8766966340073941       -4.8766966340073941       -12.404726767424830       -4.8766966340073941       -4.8766966340073941       -4.8766966340073941       -4.8766966340073941       -4.8766966340073941       -4.8766966340073941       -4.8766966340073941     
 -0.99852456358949437      -0.99854511018093217      -0.99858463481720805      -0.99859553485223274      -0.99852437302561725      -0.99852456358949437      -0.99852456358949437      -0.99857905793348278      -0.99855119022345484      -0.99852390185681317      -0.99973418922493851      -0.99925667497017256      -0.99866136305941910      -0.99852456358949437      -0.99852456358949437      -0.99852456358949437      -0.99852456358949437      -0.99852456358949437      -0.99852456358949437      -0.99852456358949437      -0.99763755033583379      -0.99852456358949437      -0.99852456358949437      -0.99852456358949437      -0.99852456358949437      -0.99852456358949437      -0.99852456358949437      -0.99852456358949437     
  0.99992261840580510       0.99991713058761911        1.0000189118166056        1.0001557647263073       0.99988484882765805       0.99992261840580510       0.99992261840580510       0.99994853965621189       0.99994022093478407       0.99997059756227180        1.0012143176123425        1.0006599116520922        1.0000278131780231       0.99992261840580510       0.99992261840580510       0.99992261840580510       0.99992261840580510       0.99992261840580510       0.99992261840580510       0.99992261840580510       0.99921145721606575       0.99992261840580510       0.99992261840580510       0.99992261840580510       0.99992261840580510       0.99992261840580510       0.99992261840580510       0.99992261840580510     
  0.12527218408525484       0.12525312073072417       0.12179299902728039       0.12533206513065004       0.12408192329848339       0.12527218408525484       0.12527218408525484        4.0535522960285668E-002  0.12529566756613436       0.12526876305113319       0.12647003470675081        5.1952859886767955E-002  0.10870614713073061       0.12527218408525484       0.12527218408525484       0.12527218408525484       0.12527218408525484       0.12527218408525484       0.12527218408525484       0.12527218408525484       0.15191215951763995       0.12527218408525484       0.12527218408525484       0.12527218408525484       0.12527218408525484       0.12527218408525484       0.12527218408525484       0.12527218408525484     
   3.4038013888614133E-002   3.4339148948843018E-002   3.2605971445909897E-002   3.3188245299398483E-002   3.4029980717567805E-002   3.4038013888614133E-002   3.4038013888614133E-002   3.4033907631930836E-002   2.2410905169511417E-002   3.4038560692579378E-002   3.5243830016154297E-002   1.4121868247257438E-002   2.9240020666541303E-002   3.4038013888614133E-002   3.4038013888614133E-002   3.4038013888614133E-002   3.4038013888614133E-002   3.4038013888614133E-002   3.4038013888614133E-002   3.4038013888614133E-002   4.8959664097979971E-002   3.4038013888614133E-002   3.4038013888614133E-002   3.4038013888614133E-002   3.4038013888614133E-002   3.4038013888614133E-002   3.4038013888614133E-002   3.4038013888614133E-002
  -6.3511628059045617E-004  -6.1620344844373002E-004  -7.2052956453462274E-004  -8.4868501644370833E-004  -6.3597728282092285E-004  -6.3511628059045617E-004  -6.3511628059045617E-004  -6.3670922060374551E-004  -6.4216351189293284E-004  -1.3590528200655631E-003   5.6966035637914054E-004  -4.0085935200542204E-004  -4.8657431510795371E-004  -6.3511628059045617E-004  -6.3511628059045617E-004  -6.3511628059045617E-004  -6.3511628059045617E-004  -6.3511628059045617E-004  -6.3511628059045617E-004  -6.3511628059045617E-004  -1.1695740849141146E-003  -6.3511628059045617E-004  -6.3511628059045617E-004  -6.3511628059045617E-004  -6.3511628059045617E-004  -6.3511628059045617E-004  -6.3511628059045617E-004  -6.3511628059045617E-004
   2.6755122093195188E-006  -1.0106985355142255E-005   3.1356880094573143E-005   6.5024291114377644E-006   2.1328597715309730E-006   2.6755122093195188E-006   2.6755122093195188E-006   2.1800323234775485E-005   9.3092148183742419E-006   6.6537358076570709E-006   9.6708852605586304E-006   4.0234707669923144E-005  -2.8055023972253617E-005   2.6755122093195188E-006   2.6755122093195188E-006   2.6755122093195188E-006   2.6755122093195188E-006   2.6755122093195188E-006   2.6755122093195188E-006   2.6755122093195188E-006  -1.8479649221461229E-005   2.6755122093195188E-006   2.6755122093195188E-006   2.6755122093195188E-006   2.6755122093195188E-006   2.6755122093195188E-006   2.6755122093195188E-006   2.6755122093195188E-006
   6.8739122237972442E-004   9.0625726115745313E-004   6.7626182834814609E-004   6.8713386975353485E-004   6.8811887899533750E-004   6.8739122237972442E-004   6.8739122237972442E-004   6.8710376426353852E-004   6.8635190774647096E-004   6.8626409429605741E-004   6.8476820511018555E-004   6.7822856318109010E-004   6.6899473830469799E-004   6.8739122237972442E-004   6.8739122237972442E-004   6.8739122237972442E-004   6.8739122237972442E-004   6.8739122237972442E-004   6.8739122237972442E-004   6.8739122237972442E-004   6.7127997975175650E-004   6.8739122237972442E-004   6.8739122237972442E-004   6.8739122237972442E-004   6.8739122237972442E-004   6.8739122237972442E-004   6.8739122237972442E-004   6.8739122237972442E-004
   9.0617777685289742E-004   8.9926162356190962E-004   1.0689294089203884E-003   9.0426729200914770E-004   9.0633219047157106E-004   9.0617777685289742E-004   9.0617777685289742E-004   8.9885150259050469E-004   9.0460688350466111E-004   9.0532836371161112E-004   9.0439672760597777E-004   8.8729474602812074E-004   9.0528926234343049E-004   9.0617777685289742E-004   9.0617777685289742E-004   9.0617777685289742E-004   9.0617777685289742E-004   9.0617777685289742E-004   9.0617777685289742E-004   9.0617777685289742E-004   8.4708276779707037E-004   9.0617777685289742E-004   9.0617777685289742E-004   9.0617777685289742E-004   9.0617777685289742E-004   9.0617777685289742E-004   9.0617777685289742E-004   9.0617777685289742E-004
   8.1589455734424896E-005   8.8115364079843848E-005   9.9843755294339021E-005   8.2100091552156850E-005   8.3114974514817994E-005   8.1589455734424896E-005   8.1589455734424896E-005   8.8422264156400680E-005   8.6251462753847405E-005   8.1413798701399060E-005   8.2458433654325627E-005   8.4139953789792333E-005   8.3083083769302005E-005   8.1589455734424896E-005   8.1589455734424896E-005   8.1589455734424896E-005   8.1589455734424896E-005   8.1589455734424896E-005   8.1589455734424896E-005   8.1589455734424896E-005   6.5982279304465169E-005   8.1589455734424896E-005   8.1589455734424896E-005   8.1589455734424896E-005   8.1589455734424896E-005   8.1589455734424896E-005   8.1589455734424896E-005   8.1589455734424896E-005
  -1.3244087048601338E-003  -1.2967894783208053E-003  -1.3476816551192647E-003  -1.1505920309612108E-003  -1.3346689075673238E-003  -1.3244087048601338E-003  -1.3244087048601338E-003  -1.2906232770421783E-003  -1.3418225633770227E-003  -1.2733043094608470E-003  -1.2267912995904092E-003  -1.2472863302821400E-003  -1.3490540099437137E-003  -1.3244087048601338E-003  -1.3244087048601338E-003  -1.3244087048601338E-003  -1.3244087048601338E-003  -1.3244087048601338E-003  -1.3244087048601338E-003  -1.3244087048601338E-003  -1.2487550922821449E-003  -1.3244087048601338E-003  -1.3244087048601338E-003  -1.3244087048601338E-003  -1.3244087048601338E-003  -1.3244087048601338E-003  -1.3244087048601338E-003  -1.3244087048601338E-003
   1.9726019049539976E-003   1.9737734017342143E-003   1.9570089781647537E-003   1.9697240128345984E-003   1.9714808985602256E-003   1.9726023537258810E-003   1.9726019049539976E-003   1.9756791532973043E-003   1.9426644208086097E-003   1.9537133753177284E-003   1.8643094466300936E-003   1.8296810878249059E-003   1.9211666615356583E-003   1.9726019049539976E-003   1.9726019049540193E-003   1.9726019049540193E-003   1.9726019049539976E-003   1.9726019049539976E-003   1.9726019049539976E-003   1.9726019049540193E-003   2.0201227717975469E-003   1.9726019049539976E-003   1.9726019049539976E-003   1.9726019049539976E-003   1.9726019049539976E-003   1.9726019049539976E-003   1.9726019049539976E-003   1.9726019049539976E-003
 -0.21603642845602092      -0.21623858867950038      -0.21071221683339197      -0.21468345829484484      -0.21570087315468014      -0.21603685384099178      -0.21603642845602092      -0.21212253430406472      -0.20334337530408417      -0.21172181653809768      -0.19495461834085567      -0.17073520544277596      -0.20854939385254098      -0.21603642845602092      -0.21603642845598964      -0.21603642845610332      -0.21603642845602092      -0.21603642845602092      -0.21603642845602092      -0.21603642845610332      -0.24855115197206459      -0.21603642845602092      -0.21603642845602092      -0.21603642845602092      -0.21603642845602092      -0.21603642845602092      -0.21603642845602092      -0.21603642845602092     
  0.43428148558541191       0.43693528069602611       0.40981516175550214       0.42287127394001933       0.43320781079395032       0.43420516450937280       0.43428148558541191       0.43090676135098260       0.34860253570031341       0.44330609824314343       0.38454047513856271       0.24405857755845162       0.43580735200534720       0.43428148558541191       0.43428148558541324       0.43428148558529955       0.43428148558541191       0.43428148558541191       0.43428148558541191       0.43428148558529955       0.53266532410694856       0.43428148558541191       0.43428148558541191       0.43428148558541191       0.43428148558541191       0.43428148558541191       0.43428148558541191       0.43428148558541191     
   4.0517368083687444        4.0529598069475137        3.9841636244034180        4.0362877832524093        4.0473953891981882        4.0517829669067185        4.0517368083687444        3.9813962106821976        3.8982317006702463        3.9873410343383662        3.7985103647768459        3.4655790433379692        3.9378613866236241        4.0517368083687444        4.0517368083682905        4.0517368083701095        4.0517368083687444        4.0517368083687444        4.0517368083687444        4.0517368083701095        4.5415235541498209        4.0517368083687444        4.0517368083687444        4.0517368083687444        4.0517368083687444        4.0517368083687444        4.0517368083687444        4.0517368083687444     
  -2.7327289256031217E-005  -2.7336992137705616E-005  -2.6819581043246603E-005  -2.7292957808103567E-005  -2.7260250388381561E-005  -2.7327414273182915E-005  -2.7327289256031217E-005  -2.2788390688070175E-005  -2.7043073363449208E-005  -2.6643908946433452E-005  -2.7402459312101800E-005  -2.1556840544485680E-005  -2.5491841250922399E-005  -2.7327289256031217E-005  -2.7327289256031217E-005  -2.7327289256031217E-005  -2.7327289256031217E-005  -2.7327289256031217E-005  -2.7327289256031217E-005  -2.7327289256031217E-005  -2.9120096192757321E-005  -2.7327289256031217E-005  -2.7327289256031217E-005  -2.7327289256031217E-005  -2.7327289256031217E-005  -2.7327289256031217E-005  -2.7327289256031217E-005  -2.7327289256031217E-005
   7.3867842626200260E-003   7.3985309241028294E-003   7.1802753540699390E-003   7.3736537585300842E-003   7.3647193752297132E-003   7.3867818490435250E-003   7.3867842626200260E-003   6.6690108310018415E-003   7.2466219997038344E-003   7.2603252735449148E-003   7.3709240376925687E-003   6.8009361332301618E-003   7.8985928546809903E-003   7.3867842626200260E-003   7.3867842626200260E-003   7.3867842626200260E-003   7.3867842626200260E-003   7.3867842626200260E-003   7.3867842626200260E-003   7.3867842626200260E-003   7.8314093418858522E-003   7.3867842626200260E-003   7.3867842626200260E-003   7.3867842626200260E-003   7.3867842626200260E-003   7.3867842626200260E-003   7.3867842626200260E-003   7.3867842626200260E-003
  -6.1330311598320912E-002  -6.1587404323798021E-002  -5.9850830831858375E-002  -6.1401895420005362E-002  -6.1194995931619652E-002  -6.1333245371060122E-002  -6.1330311598320912E-002  -4.7576361304936164E-002  -6.2919535686873945E-002  -6.1802957377686721E-002  -5.9892057605760274E-002  -6.2199855575985105E-002  -6.5649014454947002E-002  -6.1330311598320912E-002  -6.1330311598320912E-002  -6.1330311598320912E-002  -6.1330311598320912E-002  -6.1330311598320912E-002  -6.1330311598320912E-002  -6.1330311598320912E-002  -6.1628799405533459E-002  -6.1330311598320912E-002  -6.1330311598320912E-002  -6.1330311598320912E-002  -6.1330311598320912E-002  -6.1330311598320912E-002  -6.1330311598320912E-002  -6.1330311598320912E-002
  0.44917956363213818       0.44914149524544555       0.45161129410996359       0.44942138488865047       0.44945210304087091       0.44918120380790871       0.44917956363213818       0.45094734674860487       0.45224489736640056       0.45106999594398361       0.44879370738557323       0.45652047866106960       0.44323048271503562       0.44917956363213818       0.44917956363213818       0.44917956363213818       0.44917956363213818       0.44917956363213818       0.44917956363213818       0.44917956363213818       0.44250700490069933       0.44917956363213818       0.44917956363213818       0.44917956363213818       0.44917956363213818       0.44917956363213818       0.44917956363213818       0.44917956363213818     
  -1.8730750769016042E-008  -1.8750330782329091E-008  -1.8585114081261850E-008  -1.8724794891285387E-008  -1.8710461985313046E-008  -1.8730755538033772E-008  -1.8730750769016042E-008  -1.7479624133589438E-008  -1.8744924599557302E-008  -1.8640103704641319E-008  -1.8430602113761998E-008  -1.7678291438120541E-008  -1.8474498075986429E-008  -1.8730750769016042E-008  -1.8730750769016062E-008  -1.8730750769016042E-008  -1.8730750769016042E-008  -1.8730750769016042E-008  -1.8730750769016042E-008  -1.8730750769016042E-008  -1.8628080437125764E-008  -1.8730750769016042E-008  -1.8730750769016042E-008  -1.8730750769016042E-008  -1.8730750769016042E-008  -1.8730750769016042E-008  -1.8730750769016042E-008  -1.8730750769016042E-008
   1.8715965722489644E-006   1.8788754116866341E-006   1.8185428667242347E-006   1.8675246337437989E-006   1.8643507468465660E-006   1.8715879664939026E-006   1.8715965722489644E-006   1.3988753075066974E-006   1.8619925324275483E-006   1.8499421042583365E-006   1.8107174231749433E-006   1.4112853103028685E-006   1.7871303636554059E-006   1.8715965722489644E-006   1.8715965722489401E-006   1.8715965722489644E-006   1.8715965722489644E-006   1.8715965722489644E-006   1.8715965722489644E-006   1.8715965722489644E-006   2.0891280349508337E-006   1.8715965722489644E-006   1.8715965722489644E-006   1.8715965722489644E-006   1.8715965722489644E-006   1.8715965722489644E-006   1.8715965722489644E-006   1.8715965722489644E-006
  -1.6675528838821071E-006  -1.6916051794583561E-006  -1.5161908279813256E-006  -1.6415451425502306E-006  -1.6153174712512640E-006  -1.6632430098854517E-006  -1.6675528838821613E-006   1.0123413610169562E-007  -1.7124011771563458E-006  -1.7095758184585441E-006  -1.5187046190536137E-006   2.6929243778234506E-008  -1.5037892909194623E-006  -1.6675528838821071E-006  -1.6675528838821600E-006  -1.6675528838820529E-006  -1.6675528838821071E-006  -1.6675528838821071E-006  -1.6675528838821071E-006  -1.6675528838821071E-006  -2.0784474807383757E-006  -1.6675528838821071E-006  -1.6675528838821071E-006  -1.6675528838821071E-006  -1.6675528838821071E-006  -1.6675528838821071E-006  -1.6675528838821071E-006  -1.6675528838821071E-006
  -1.4087077171406949E-005  -1.4184112029233348E-005  -1.3355419455316241E-005  -1.4033844092836388E-005  -1.4004796941559145E-005  -1.4089130555031167E-005  -1.4087077171406949E-005  -7.7586227555395932E-006  -1.3881516655388771E-005  -1.3761918143469726E-005  -1.3346956728872423E-005  -7.7231223796272641E-006  -1.2723929016921487E-005  -1.4087077171406949E-005  -1.4087077171407381E-005  -1.4087077171406949E-005  -1.4087077171406949E-005  -1.4087077171406949E-005  -1.4087077171406949E-005  -1.4087077171406949E-005  -1.7858268815482810E-005  -1.4087077171406949E-005  -1.4087077171406949E-005  -1.4087077171406949E-005  -1.4087077171406949E-005  -1.4087077171406949E-005  -1.4087077171406949E-005  -1.4087077171406949E-005
  -2.7312402815349376E-009  -2.7301153581899870E-009  -2.7071193527642745E-009  -2.7269773123782247E-009  -2.7289760112946485E-009  -2.7312421351341214E-009  -2.7312402815352706E-009  -2.7088802928916275E-009  -2.6361357788232655E-009  -2.7166337334595711E-009  -2.7283677212814462E-009  -2.5295646261004496E-009  -2.6244250114687747E-009  -2.7312402815349376E-009  -2.7312402815349376E-009  -2.7312402815349376E-009  -2.7312402815349376E-009  -2.7312402815349376E-009  -2.7312402815349376E-009  -2.7312402815349376E-009  -2.7655048435903159E-009  -2.7312402815349376E-009  -2.7312402815349376E-009  -2.7312402815349376E-009  -2.7312402815349376E-009  -2.7312402815349376E-009  -2.7312402815349376E-009  -2.7312402815349376E-009
   2.0434760148498680E-007   2.0413993621375933E-007   1.9710192601642120E-007   2.0155033356355735E-007   2.0378253570803905E-007   2.0434857122785676E-007   2.0434760148624414E-007   1.8965607267363412E-007   1.6780424254935014E-007   2.0080676481036224E-007   2.0298592907715014E-007   1.0118670663093697E-007   1.6686320772113710E-007   2.0434760148498680E-007   2.0434760148498680E-007   2.0434760148498680E-007   2.0434760148498680E-007   2.0434760148498680E-007   2.0434760148498680E-007   2.0434760148498680E-007   2.6089634570604769E-007   2.0434760148498680E-007   2.0434760148498680E-007   2.0434760148498680E-007   2.0434760148498680E-007   2.0434760148498680E-007   2.0434760148498680E-007   2.0434760148498680E-007
   7.1966786547296477E-010  -3.9631679559442301E-009   4.7065818187543002E-008   2.9582355434653250E-008   2.7302775659097250E-009   1.1100826008089081E-009   7.1966786718732957E-010   2.8386332753161580E-008   2.4004936214457444E-007  -5.1119013298093986E-009   4.4413341450060828E-009   7.1405370518881853E-007   1.4518164168322014E-007   7.1966786547296477E-010   7.1966786547296477E-010   7.1966786547296477E-010   7.1966786547296477E-010   7.1966786547296477E-010   7.1966786547296477E-010   7.1966786547296477E-010  -2.7771354660541602E-007   7.1966786547296477E-010   7.1966786547296477E-010   7.1966786547296477E-010   7.1966786547296477E-010   7.1966786547296477E-010   7.1966786547296477E-010   7.1966786547296477E-010
   2.0179055784413121E-005   2.0183852308380858E-005   2.0267794575922034E-005   2.0209610090182837E-005   2.0185541350230171E-005   2.0178840305975169E-005   2.0179055784392291E-005   2.0403856384068292E-005   2.0616283089446616E-005   2.0231832851836304E-005   2.0198668114176951E-005   2.1430470183413620E-005   2.0664543335835515E-005   2.0179055784413121E-005   2.0179055784413121E-005   2.0179055784413121E-005   2.0179055784413121E-005   2.0179055784413121E-005   2.0179055784413121E-005   2.0179055784413121E-005   1.9345662405126910E-005   2.0179055784413121E-005   2.0179055784413121E-005   2.0179055784413121E-005   2.0179055784413121E-005   2.0179055784413121E-005   2.0179055784413121E-005   2.0179055784413121E-005
   5.0649629236650508E-004   5.0695117422020798E-004   5.0596924743974642E-004   5.0667731362679562E-004   5.0639300016529849E-004   5.0649629153437666E-004   5.0649629236650508E-004   3.1545081324037771E-004   5.0333273455787947E-004   5.0617297176707527E-004   5.0574515992636657E-004   3.0996610351752296E-004   5.0537952078196912E-004   5.0649629236650508E-004   5.0649629236650508E-004   5.0649629236650508E-004   5.0649629236650508E-004   5.0649629236650508E-004   5.0649629236650508E-004   5.0649629236650508E-004   5.1022695445415462E-004   5.0649629236650508E-004   5.0649629236650508E-004   5.0649629236650508E-004   5.0649629236650508E-004   5.0649629236650508E-004   5.0649629236650508E-004   5.0649629236650508E-004
  -4.8843045097701626E-002  -4.8871802795608203E-002  -4.8806092430145616E-002  -4.8851988244513686E-002  -4.8836264549652987E-002  -4.8843045223902225E-002  -4.8843045097701626E-002  -3.6619535329442579E-002  -4.8628741291624311E-002  -4.8818836660429431E-002  -4.8787848471259491E-002  -3.6241204478900016E-002  -4.8750841647558184E-002  -4.8843045097701626E-002  -4.8843045097701626E-002  -4.8843045097701626E-002  -4.8843045097701626E-002  -4.8843045097701626E-002  -4.8843045097701626E-002  -4.8843045097701626E-002  -4.9128074144907975E-002  -4.8843045097701626E-002  -4.8843045097701626E-002  -4.8843045097701626E-002  -4.8843045097701626E-002  -4.8843045097701626E-002  -4.8843045097701626E-002  -4.8843045097701626E-002
  -6.0463297051429752       -6.0457845755683168       -6.0471530885352314       -6.0446212721196622       -6.0471151955596962       -6.0463306163942905       -6.0463297051429752       -6.7097757751957028       -6.0458294819799558       -6.0463448000123812       -6.0469814725208169       -6.7075307947698173       -6.0497114691921006       -6.0463297051429752       -6.0463297051429752       -6.0463297051429752       -6.0463297051429752       -6.0463297051429752       -6.0463297051429752       -6.0463297051429752       -6.0399541303963264       -6.0463297051429752       -6.0463297051429752       -6.0463297051429752       -6.0463297051429752       -6.0463297051429752       -6.0463297051429752       -6.0463297051429752     
   4.6915023715233888        4.6913420922701112        4.6917006038792568        4.6906237462309672        4.6918732385096957        4.6915028575685804        4.6915023715233888        4.9712767693465860        4.6901986467896162        4.6913678204764606        4.6915244455562251        4.9682359779275558        4.6924429747778795        4.6915023715233888        4.6915023715233888        4.6915023715233888        4.6915023715233888        4.6915023715233888        4.6915023715233888        4.6915023715233888        4.6902759457918286        4.6915023715233888        4.6915023715233888        4.6915023715233888        4.6915023715233888        4.6915023715233888        4.6915023715233888        4.6915023715233888     
   3.7381971459988104E-006   3.7391805767379283E-006   3.7365412903519746E-006   3.7354603312896766E-006   3.7386744244214724E-006   3.7381919833444611E-006   3.7381971459988104E-006   3.7326230717988643E-006   3.7333325692895508E-006   3.7371954548284687E-006   3.7353936970278032E-006   3.7222170563617396E-006   3.7335418066407518E-006   3.7381971459988104E-006   3.7381971459988104E-006   3.7381971459988104E-006   3.7381971459988104E-006   3.7381971459988104E-006   3.7381971459988104E-006   3.7381971459988104E-006   3.7472061283844709E-006   3.7381971459988104E-006   3.7381971459988104E-006   3.7381971459988104E-006   3.7381971459988104E-006   3.7381971459988104E-006   3.7381971459988104E-006   3.7381971459988104E-006
  -2.7127853412249695E-004  -2.7133556782382257E-004  -2.7117114744265922E-004  -2.7108932533218444E-004  -2.7130300899681282E-004  -2.7127819083201362E-004  -2.7127853412249695E-004  -2.7090904261679091E-004  -2.7092901942373724E-004  -2.7120152480944297E-004  -2.7108573452328910E-004  -2.7014549721222577E-004  -2.7094731464727482E-004  -2.7127853412249695E-004  -2.7127853412249695E-004  -2.7127853412249695E-004  -2.7127853412249695E-004  -2.7127853412249695E-004  -2.7127853412249695E-004  -2.7127853412249695E-004  -2.7194855321973461E-004  -2.7127853412249695E-004  -2.7127853412249695E-004  -2.7127853412249695E-004  -2.7127853412249695E-004  -2.7127853412249695E-004  -2.7127853412249695E-004  -2.7127853412249695E-004
 -0.61129021944960527      -0.61128664691083368      -0.61129550181173697      -0.61127992274959764      -0.61129296857022064      -0.61129021347721002      -0.61129021944960527      -0.61134689974639600      -0.61129843666530526      -0.61129026993458779      -0.61129211828123708      -0.61135635833198243      -0.61131004637052799      -0.61129021944960527      -0.61129021944960527      -0.61129021944960527      -0.61129021944960527      -0.61129021944960527      -0.61129021944960527      -0.61129021944960527      -0.61124774790464076      -0.61129021944960527      -0.61129021944960527      -0.61129021944960527      -0.61129021944960527      -0.61129021944960527      -0.61129021944960527      -0.61129021944960527     
  0.31741873956701055       0.31741719839064547       0.31742071757198437       0.31741274011151210       0.31742018360653246       0.31741873544012594       0.31741873956701055       0.31744326789611221       0.31742056606702973       0.31741830991982278       0.31741875363922484       0.31744318834004648       0.31742604563864840       0.31741873956701055       0.31741873956701055       0.31741873956701055       0.31741873956701055       0.31741873956701055       0.31741873956701055       0.31741873956701055       0.31740308211477442       0.31741873956701055       0.31741873956701055       0.31741873956701055       0.31741873956701055       0.31741873956701055       0.31741873956701055       0.31741873956701055     
  -2.3011758412857681E-009  -2.3128452386378447E-009  -2.2791224885780100E-009  -2.3111527518192889E-009  -2.2893131422905067E-009  -2.3011773107561981E-009  -2.3011758412857681E-009  -3.3597452049966327E-009  -2.3658297683558250E-009  -2.2958450981233809E-009  -2.2772081620174372E-009  -3.1124116978030684E-009  -1.8447002557544549E-009  -2.3011758412857681E-009  -2.3011758412857681E-009  -2.3011758412857681E-009  -2.3011758412857681E-009  -2.3011758412857681E-009  -2.3011758412857681E-009  -2.3011758412857681E-009  -2.4515901530717284E-009  -2.3011758412857681E-009  -2.3011758412857681E-009  -2.3011758412857681E-009  -2.3011758412857681E-009  -2.3011758412857681E-009  -2.3011758412857681E-009  -2.3011758412857681E-009
   1.2237113100504456E-007   1.2269281421743228E-007   1.2300546900938721E-007   1.2292472458703449E-007   1.2192887553595049E-007   1.2237123409144206E-007   1.2237113100504456E-007   2.0451572193513866E-007   1.2499450064008252E-007   1.2213018596219931E-007   1.2139088338812162E-007   1.8792390381128946E-007   1.0040741507236139E-007   1.2237113100504456E-007   1.2237113100504456E-007   1.2237113100504456E-007   1.2237113100504456E-007   1.2237113100504456E-007   1.2237113100504456E-007   1.2237113100504456E-007   1.2404686359634400E-007   1.2237113100504456E-007   1.2237113100504456E-007   1.2237113100504456E-007   1.2237113100504456E-007   1.2237113100504456E-007   1.2237113100504456E-007   1.2237113100504456E-007
  -3.0698901065999250E-004  -3.0704982607993286E-004  -3.0223992352943965E-004  -3.0699611072498666E-004  -3.0694749656618142E-004  -3.0698900796595778E-004  -3.0698901065999250E-004  -3.0015707992955820E-004  -3.0713394047885713E-004  -3.0698605755545121E-004  -3.0695524218155642E-004  -3.0155191418560699E-004  -3.0626170623713242E-004  -3.0698901065999250E-004  -3.0698901065999250E-004  -3.0698901065999250E-004  -3.0698901065999250E-004  -3.0698901065999250E-004  -3.0698901065999250E-004  -3.0698901065999250E-004  -3.0577773024456455E-004  -3.0698901065999250E-004  -3.0698901065999250E-004  -3.0698901065999250E-004  -3.0698901065999250E-004  -3.0698901065999250E-004  -3.0698901065999250E-004  -3.0698901065999250E-004
   9.5057962510633297E-005   9.4931541257089905E-005   9.3302863868473279E-005   9.5041059600947564E-005   9.5146039016900645E-005   9.5057960780045388E-005   9.5057962510633297E-005   9.6740012892615752E-005   9.4628113263991125E-005   9.5087511774600907E-005   9.5225011821493122E-005   9.6725807886112507E-005   9.6829877746532457E-005   9.5057962510633297E-005   9.5057962510633297E-005   9.5057962510633297E-005   9.5057962510633297E-005   9.5057962510633297E-005   9.5057962510633297E-005   9.5057962510633297E-005   9.1309464478978733E-005   9.5057962510633297E-005   9.5057962510633297E-005   9.5057962510633297E-005   9.5057962510633297E-005   9.5057962510633297E-005   9.5057962510633297E-005   9.5057962510633297E-005
   6.1966710324114262E-010   6.1957373384152761E-010   6.2056924307519673E-010   6.1969718654265277E-010   6.1970043882676811E-010   6.1966681935888022E-010   6.1966710324114262E-010   6.0683165122844259E-010   6.1384848025998623E-010   6.1915349786689596E-010   6.1901826995437328E-010   5.8863975576995863E-010   6.2497419356499346E-010   6.1966710324114262E-010   6.1966710324114262E-010   6.1966710324114262E-010   6.1966710324114262E-010   6.1966710324114262E-010   6.1966710324114262E-010   6.1966710324114262E-010   6.1303759724529784E-010   6.1966710324114262E-010   6.1966710324114262E-010   6.1966710324114262E-010   6.1966710324114262E-010   6.1966710324114262E-010   6.1966710324114262E-010   6.1966710324114262E-010
  -5.2057550813129260E-008  -5.2052823151687543E-008  -5.2107306025836400E-008  -5.2056989321909036E-008  -5.2059263766562095E-008  -5.2057533605562087E-008  -5.2057550813129260E-008  -5.1094649005187474E-008  -5.1680972482914198E-008  -5.2021465868772563E-008  -5.2013272648153004E-008  -4.9940785863871034E-008  -5.2353717601380408E-008  -5.2057550813129260E-008  -5.2057550813129260E-008  -5.2057550813129260E-008  -5.2057550813129260E-008  -5.2057550813129260E-008  -5.2057550813129260E-008  -5.2057550813129260E-008  -5.1713517200101929E-008  -5.2057550813129260E-008  -5.2057550813129260E-008  -5.2057550813129260E-008  -5.2057550813129260E-008  -5.2057550813129260E-008  -5.2057550813129260E-008  -5.2057550813129260E-008
   2.4406502818484493E-007   2.4487435026576463E-007   2.4257080194177578E-007   2.4571888524882126E-007   2.4326946585210392E-007   2.4406447461277292E-007   2.4406502818484493E-007   4.8179139277974851E-008   2.4678237706187770E-007   2.4433875076433712E-007   2.4302848702017600E-007   5.8785818576998820E-008   2.3781108430037776E-007   2.4406502818484493E-007   2.4406502818484493E-007   2.4406502818484493E-007   2.4406502818484493E-007   2.4406502818484493E-007   2.4406502818484493E-007   2.4406502818484493E-007   2.5483709391233984E-007   2.4406502818484493E-007   2.4406502818484493E-007   2.4406502818484493E-007   2.4406502818484493E-007   2.4406502818484493E-007   2.4406502818484493E-007   2.4406502818484493E-007
   1.5998926908839938E-008   1.5595601402994263E-008   1.6824305753456285E-008   1.5121673137658087E-008   1.6402961116884044E-008   1.5999172396980925E-008   1.5998926908839938E-008   1.0731208740640585E-007   1.3079019037098288E-008   1.5686414904935847E-008   1.6283153434966437E-008   9.7560678847936684E-008   1.9682448078640839E-008   1.5998926908839938E-008   1.5998926908839938E-008   1.5998926908839938E-008   1.5998926908839938E-008   1.5998926908839938E-008   1.5998926908839938E-008   1.5998926908839938E-008   1.0412529620788957E-008   1.5998926908839938E-008   1.5998926908839938E-008   1.5998926908839938E-008   1.5998926908839938E-008   1.5998926908839938E-008   1.5998926908839938E-008   1.5998926908839938E-008
   1.1048075245060080E-003   1.1058374895152948E-003   1.1038612327576374E-003   1.1054094088050925E-003   1.1046076878127877E-003   1.1048077626298503E-003   1.1048075245060080E-003   1.1119158728290102E-003   1.0987664517943989E-003   1.1042393442406906E-003   1.1038951255718462E-003   1.0979868260993823E-003   1.1035912394634982E-003   1.1048075245060080E-003   1.1048075245060080E-003   1.1048075245060080E-003   1.1048075245060080E-003   1.1048075245060080E-003   1.1048075245060080E-003   1.1048075245060080E-003   1.1095382905492068E-003   1.1048075245060080E-003   1.1048075245060080E-003   1.1048075245060080E-003   1.1048075245060080E-003   1.1048075245060080E-003   1.1048075245060080E-003   1.1048075245060080E-003
  -9.7502082217439501E-002  -9.7566955397478380E-002  -9.7446029665281583E-002  -9.7537517146388156E-002  -9.7489499280631428E-002  -9.7502099616975660E-002  -9.7502082217439501E-002  -9.7850752441254407E-002  -9.7119085590011270E-002  -9.7467485618678629E-002  -9.7483840160030977E-002  -9.7022704702392562E-002  -9.7430402388914455E-002  -9.7502082217439501E-002  -9.7502082217439501E-002  -9.7502082217439501E-002  -9.7502082217439501E-002  -9.7502082217439501E-002  -9.7502082217439501E-002  -9.7502082217439501E-002  -9.7818532181789014E-002  -9.7502082217439501E-002  -9.7502082217439501E-002  -9.7502082217439501E-002  -9.7502082217439501E-002  -9.7502082217439501E-002  -9.7502082217439501E-002  -9.7502082217439501E-002
  -3.1367944695654777       -3.1329351032787742       -3.1589914653130200       -3.1401947418588407       -3.1399903328925132       -3.1368413079668218       -3.1367944695654777       -3.2261790253915472       -3.1939928663020170       -3.1323534600543854       -3.1737197951877798       -3.3463406120533867       -3.1695588800522771       -3.1367944695654777       -3.1367944695654777       -3.1367944695654777       -3.1367944695654777       -3.1367944695654777       -3.1367944695654777       -3.1367944695654777       -3.0143655860080574       -3.1367944695654777       -3.1367944695654777       -3.1367944695654777       -3.1367944695654777       -3.1367944695654777       -3.1367944695654777       -3.1367944695654777     
   4.8476311964783951        4.8461593854124292        4.8525363685118030        4.8477702763289328        4.8488662902391164        4.8476558005839880        4.8476311964783951        4.8842001137358695        4.8597183270668580        4.8407793342964265        4.8463708723483645        4.8885542586215678        4.8328900639320818        4.8476311964783951        4.8476311964783951        4.8476311964783951        4.8476311964783951        4.8476311964783951        4.8476311964783951        4.8476311964783951        4.8401383095024730        4.8476311964783951        4.8476311964783951        4.8476311964783951        4.8476311964783951        4.8476311964783951        4.8476311964783951        4.8476311964783951     
  -2.5221747942578669E-006  -2.5159326681363933E-006  -2.5501190679546072E-006  -2.5212610946559008E-006  -2.5232346208545809E-006  -2.5221736998110029E-006  -2.5221747942578669E-006  -2.4898873966031884E-006  -2.5598415233310234E-006  -2.5245895602720972E-006  -2.5334620054038603E-006  -2.6112911319869382E-006  -2.6227369543608948E-006  -2.5221747942578669E-006  -2.5221747942578669E-006  -2.5221747942578669E-006  -2.5221747942578669E-006  -2.5221747942578669E-006  -2.5221747942578669E-006  -2.5221747942578669E-006  -2.4541389114487235E-006  -2.5221747942578669E-006  -2.5221747942578669E-006  -2.5221747942578669E-006  -2.5221747942578669E-006  -2.5221747942578669E-006  -2.5221747942578669E-006  -2.5221747942578669E-006
   1.7277396310465953E-004   1.7240015562201234E-004   1.7512348527893472E-004   1.7279442586819172E-004   1.7293731801146144E-004   1.7277377747314392E-004   1.7277396310465953E-004   1.7348793347682072E-004   1.7556613238941342E-004   1.7331768231430942E-004   1.7362452345591126E-004   1.8285602158545915E-004   1.8197252558073047E-004   1.7277396310465953E-004   1.7277396310465953E-004   1.7277396310465953E-004   1.7277396310465953E-004   1.7277396310465953E-004   1.7277396310465953E-004   1.7277396310465953E-004   1.6586796247809851E-004   1.7277396310465953E-004   1.7277396310465953E-004   1.7277396310465953E-004   1.7277396310465953E-004   1.7277396310465953E-004   1.7277396310465953E-004   1.7277396310465953E-004
 -0.32023350202875578      -0.32033072039206034      -0.31936638946933288      -0.32024067399623640      -0.32016732320342595      -0.32023524542956844      -0.32023350202875578      -0.31374610792495178      -0.32119437737479895      -0.32048773827599408      -0.31930840931855531      -0.32215622984306846      -0.32289604026459146      -0.32023350202875578      -0.32023350202875578      -0.32023350202875578      -0.32023350202875578      -0.32023350202875578      -0.32023350202875578      -0.32023350202875578      -0.31974758692261329      -0.32023350202875578      -0.32023350202875578      -0.32023350202875578      -0.32023350202875578      -0.32023350202875578      -0.32023350202875578      -0.32023350202875578     
  0.67967067703323125       0.67973380920311366       0.67945562133937587       0.67969263660215373       0.67967129633993217       0.67967157472821738       0.67967067703323125       0.67695044388649761       0.68035134054485980       0.67991741769141589       0.67923280235429706       0.68227964892794868       0.68234552615930244       0.67967067703323125       0.67967067703323125       0.67967067703323125       0.67967067703323125       0.67967067703323125       0.67967067703323125       0.67967067703323125       0.67849993035760159       0.67967067703323125       0.67967067703323125       0.67967067703323125       0.67967067703323125       0.67967067703323125       0.67967067703323125       0.67967067703323125     
  -3.3060180816246033E-009  -3.3077416959790297E-009  -3.3112668397108138E-009  -3.3096165100736728E-009  -3.3066383077461179E-009  -3.3060333758858449E-009  -3.3060180816246033E-009  -3.4880436150201009E-009  -3.2751898526975018E-009  -3.3048389364023001E-009  -3.3018960855189369E-009  -3.4013582498788493E-009  -3.3446796992360065E-009  -3.3060180816246033E-009  -3.3060180816246028E-009  -3.3060180816246033E-009  -3.3060180816246033E-009  -3.3060180816246033E-009  -3.3060180816246033E-009  -3.3060180816246033E-009  -3.2490238984431894E-009  -3.3060180816246033E-009  -3.3060180816246033E-009  -3.3060180816246033E-009  -3.3060180816246033E-009  -3.3060180816246033E-009  -3.3060180816246033E-009  -3.3060180816246033E-009
   2.9348487022611390E-007   2.9357670434007411E-007   2.9392480058152128E-007   2.9370574289226161E-007   2.9354058517189917E-007   2.9348601755255688E-007   2.9348487022611390E-007   3.0586594907524548E-007   2.9145776843433753E-007   2.9344093567347628E-007   2.9333426754225192E-007   3.0023436461657872E-007   2.9629117379064108E-007   2.9348487022611390E-007   2.9348487022611385E-007   2.9348487022611390E-007   2.9348487022611390E-007   2.9348487022611390E-007   2.9348487022611390E-007   2.9348487022611390E-007   2.8949769528333035E-007   2.9348487022611390E-007   2.9348487022611390E-007   2.9348487022611390E-007   2.9348487022611390E-007   2.9348487022611390E-007   2.9348487022611390E-007   2.9348487022611390E-007
  -2.6178522047707405E-004  -2.6180416736950809E-004  -2.6166954316272375E-004  -2.6177946609650857E-004  -2.6174763002662982E-004  -2.6178255652483968E-004  -2.6178522047707405E-004  -2.6054732006596567E-004  -2.6179427552166400E-004  -2.6180373687911688E-004  -2.6167076703182524E-004  -2.6053405687546303E-004  -2.6157691444812114E-004  -2.6178522047707405E-004  -2.6178522047707410E-004  -2.6178522047707405E-004  -2.6178522047707405E-004  -2.6178522047707405E-004  -2.6178522047707405E-004  -2.6178522047707405E-004  -2.6220979519741541E-004  -2.6178522047707405E-004  -2.6178522047707405E-004  -2.6178522047707405E-004  -2.6178522047707405E-004  -2.6178522047707405E-004  -2.6178522047707405E-004  -2.6178522047707405E-004
   1.3327372684417089E-004   1.3327640427123047E-004   1.3327596102043920E-004   1.3327568734480133E-004   1.3326174110751859E-004   1.3327237326807824E-004   1.3327372684417089E-004   1.3314425060786454E-004   1.3330532718481685E-004   1.3330595412421614E-004   1.3327595399890581E-004   1.3321048147502143E-004   1.3342736591320201E-004   1.3327372684417089E-004   1.3327372684417092E-004   1.3327372684417089E-004   1.3327372684417089E-004   1.3327372684417089E-004   1.3327372684417089E-004   1.3327372684417089E-004   1.3310872338868641E-004   1.3327372684417089E-004   1.3327372684417089E-004   1.3327372684417089E-004   1.3327372684417089E-004   1.3327372684417089E-004   1.3327372684417089E-004   1.3327372684417089E-004
  -1.1516287785412745E-009  -1.1516617296449532E-009  -1.1524558511066730E-009  -1.1519533297019615E-009  -1.1515975793542633E-009  -1.1516299077789350E-009  -1.1516287785412811E-009  -1.1448960260158328E-009  -1.1567163375022985E-009  -1.1513580093232838E-009  -1.1503394726656827E-009  -1.1568547404849990E-009  -1.1526117098387103E-009  -1.1516287785412745E-009  -1.1516287785412678E-009  -1.1516287785412745E-009  -1.1516287785412745E-009  -1.1516287785412745E-009  -1.1516287785412745E-009  -1.1516287785412745E-009  -1.1443294171192195E-009  -1.1516287785412745E-009  -1.1516287785412745E-009  -1.1516287785412745E-009  -1.1516287785412745E-009  -1.1516287785412745E-009  -1.1516287785412745E-009  -1.1516287785412745E-009
   8.1755449652512513E-008   8.1758816321550732E-008   8.1835584998121303E-008   8.1785098800607097E-008   8.1753721023170016E-008   8.1755531473670221E-008   8.1755449652512937E-008   8.1371936538291478E-008   8.2172347111758167E-008   8.1744952666337480E-008   8.1669773794731296E-008   8.2322285999244585E-008   8.1897138496799587E-008   8.1755449652512513E-008   8.1755449652512090E-008   8.1755449652512513E-008   8.1755449652512513E-008   8.1755449652512513E-008   8.1755449652512513E-008   8.1755449652512513E-008   8.1116426407109386E-008   8.1755449652512513E-008   8.1755449652512513E-008   8.1755449652512513E-008   8.1755449652512513E-008   8.1755449652512513E-008   8.1755449652512513E-008   8.1755449652512513E-008
   1.0781689712903508E-005   1.0778825714774954E-005   1.0816311055367049E-005   1.0801878019088118E-005   1.0783306528040431E-005   1.0781929362665071E-005   1.0781689712903508E-005   1.0817920310385704E-005   1.0945227608868889E-005   1.0780043452860993E-005   1.0784577589452720E-005   1.1272761379413716E-005   1.0886398918453033E-005   1.0781689712903508E-005   1.0781689712903508E-005   1.0781689712903508E-005   1.0781689712903508E-005   1.0781689712903508E-005   1.0781689712903508E-005   1.0781689712903508E-005   1.0561327143881638E-005   1.0781689712903508E-005   1.0781689712903508E-005   1.0781689712903508E-005   1.0781689712903508E-005   1.0781689712903508E-005   1.0781689712903508E-005   1.0781689712903508E-005
   1.5282230871095577E-005   1.5283563091635740E-005   1.5277747720472570E-005   1.5275214702300720E-005   1.5281538217353370E-005   1.5282106846874021E-005   1.5282230871095577E-005   1.5284712929109775E-005   1.5238886932718249E-005   1.5286806308691885E-005   1.5282867976367193E-005   1.5135158365903824E-005   1.5263820836008003E-005   1.5282230871095577E-005   1.5282230871095577E-005   1.5282230871095577E-005   1.5282230871095577E-005   1.5282230871095577E-005   1.5282230871095577E-005   1.5282230871095577E-005   1.5307748395641203E-005   1.5282230871095577E-005   1.5282230871095577E-005   1.5282230871095577E-005   1.5282230871095577E-005   1.5282230871095577E-005   1.5282230871095577E-005   1.5282230871095577E-005
  -1.0000000000000000       -1.0000000000000000       -1.0000000000000000       -1.0000000000000000       -1.0000000000000000       -1.0000000000000000       -1.0000000000000000       -1.0000000000000000       -1.0000000000000000       -1.0000000000000000       -1.0000000000000000       -1.0000000000000000       -1.0000000000000000       -1.0000000000000000       -1.0000000000000000       -1.0000000000000000       -1.0000000000000000       -1.0000000000000000       -1.0000000000000000       -1.0000000000000000       -1.0000000000000000       -1.0000000000000000       -1.0000000000000000       -1.0000000000000000       -1.0000000000000000       -1.0000000000000000       -1.0000000000000000       -1.0000000000000000     
  -1.0000000000000000       -1.0000000000000000       -1.0000000000000000       -1.0000000000000000       -1.0000000000000000       -1.0000000000000000       -1.0000000000000000       -1.0000000000000000       -1.0000000000000000       -1.0000000000000000       -1.0000000000000000       -1.0000000000000000       -1.0000000000000000       -1.0000000000000000       -1.0000000000000000       -1.0000000000000000       -1.0000000000000000       -1.0000000000000000       -1.0000000000000000       -1.0000000000000000       -1.0000000000000000       -1.0000000000000000       -1.0000000000000000       -1.0000000000000000       -1.0000000000000000       -1.0000000000000000       -1.0000000000000000       -1.0000000000000000     
  -1.0000000000000000       -1.0000000000000000       -1.0000000000000000       -1.0000000000000000       -1.0000000000000000       -1.0000000000000000       -1.0000000000000000       -1.0000000000000000       -1.0000000000000000       -1.0000000000000000       -1.0000000000000000       -1.0000000000000000       -1.0000000000000000       -1.0000000000000000       -1.0000000000000000       -1.0000000000000000       -1.0000000000000000       -1.0000000000000000       -1.0000000000000000       -1.0000000000000000       -1.0000000000000000       -1.0000000000000000       -1.0000000000000000       -1.0000000000000000       -1.0000000000000000       -1.0000000000000000       -1.0000000000000000       -1.0000000000000000     
  -1.0000000000000000       -1.0000000000000000       -1.0000000000000000       -1.0000000000000000       -1.0000000000000000       -1.0000000000000000       -1.0000000000000000       -1.0000000000000000       -1.0000000000000000       -1.0000000000000000       -1.0000000000000000       -1.0000000000000000       -1.0000000000000000       -1.0000000000000000       -1.0000000000000000       -1.0000000000000000       -1.0000000000000000       -1.0000000000000000       -1.0000000000000000       -1.0000000000000000       -1.0000000000000000       -1.0000000000000000       -1.0000000000000000       -1.0000000000000000       -1.0000000000000000       -1.0000000000000000       -1.0000000000000000       -1.0000000000000000     
  -1.0000000000000000       -1.0000000000000000       -1.0000000000000000       -1.0000000000000000       -1.0000000000000000       -1.0000000000000000       -1.0000000000000000       -1.0000000000000000       -1.0000000000000000       -1.0000000000000000       -1.0000000000000000       -1.0000000000000000       -1.0000000000000000       -1.0000000000000000       -1.0000000000000000       -1.0000000000000000       -1.0000000000000000       -1.0000000000000000       -1.0000000000000000       -1.0000000000000000       -1.0000000000000000       -1.0000000000000000       -1.0000000000000000       -1.0000000000000000       -1.0000000000000000       -1.0000000000000000       -1.0000000000000000       -1.0000000000000000     
  -1.0000000000000000       -1.0000000000000000       -1.0000000000000000       -1.0000000000000000       -1.0000000000000000       -1.0000000000000000       -1.0000000000000000       -1.0000000000000000       -1.0000000000000000       -1.0000000000000000       -1.0000000000000000       -1.0000000000000000       -1.0000000000000000       -1.0000000000000000       -1.0000000000000000       -1.0000000000000000       -1.0000000000000000       -1.0000000000000000       -1.0000000000000000       -1.0000000000000000       -1.0000000000000000       -1.0000000000000000       -1.0000000000000000       -1.0000000000000000       -1.0000000000000000       -1.0000000000000000       -1.0000000000000000       -1.0000000000000000     
  -1.0000000000000000       -1.0000000000000000       -1.0000000000000000       -1.0000000000000000       -1.0000000000000000       -1.0000000000000000       -1.0000000000000000       -1.0000000000000000       -1.0000000000000000       -1.0000000000000000       -1.0000000000000000       -1.0000000000000000       -1.0000000000000000       -1.0000000000000000       -1.0000000000000000       -1.0000000000000000       -1.0000000000000000       -1.0000000000000000       -1.0000000000000000       -1.0000000000000000       -1.0000000000000000       -1.0000000000000000       -1.0000000000000000       -1.0000000000000000       -1.0000000000000000       -1.0000000000000000       -1.0000000000000000       -1.0000000000000000     
  -1.0000000000000000       -1.0000000000000000       -1.0000000000000000       -1.0000000000000000       -1.0000000000000000       -1.0000000000000000       -1.0000000000000000       -1.0000000000000000       -1.0000000000000000       -1.0000000000000000       -1.0000000000000000       -1.0000000000000000       -1.0000000000000000       -1.0000000000000000       -1.0000000000000000       -1.0000000000000000       -1.0000000000000000       -1.0000000000000000       -1.0000000000000000       -1.0000000000000000       -1.0000000000000000       -1.0000000000000000       -1.0000000000000000       -1.0000000000000000       -1.0000000000000000       -1.0000000000000000       -1.0000000000000000       -1.0000000000000000     
  -1.0000000000000000       -1.0000000000000000       -1.0000000000000000       -1.0000000000000000       -1.0000000000000000       -1.0000000000000000       -1.0000000000000000       -1.0000000000000000       -1.0000000000000000       -1.0000000000000000       -1.0000000000000000       -1.0000000000000000       -1.0000000000000000       -1.0000000000000000       -1.0000000000000000       -1.0000000000000000       -1.0000000000000000       -1.0000000000000000       -1.0000000000000000       -1.0000000000000000       -1.0000000000000000       -1.0000000000000000       -1.0000000000000000       -1.0000000000000000       -1.0000000000000000       -1.0000000000000000       -1.0000000000000000       -1.0000000000000000     
  -1.0000000000000000       -1.0000000000000000       -1.0000000000000000       -1.0000000000000000       -1.0000000000000000       -1.0000000000000000       -1.0000000000000000       -1.0000000000000000       -1.0000000000000000       -1.0000000000000000       -1.0000000000000000       -1.0000000000000000       -1.0000000000000000       -1.0000000000000000       -1.0000000000000000       -1.0000000000000000       -1.0000000000000000       -1.0000000000000000       -1.0000000000000000       -1.0000000000000000       -1.0000000000000000       -1.0000000000000000       -1.0000000000000000       -1.0000000000000000       -1.0000000000000000       -1.0000000000000000       -1.0000000000000000       -1.0000000000000000     
  -1.0000000000000000       -1.0000000000000000       -1.0000000000000000       -1.0000000000000000       -1.0000000000000000       -1.0000000000000000       -1.0000000000000000       -1.0000000000000000       -1.0000000000000000       -1.0000000000000000       -1.0000000000000000       -1.0000000000000000       -1.0000000000000000       -1.0000000000000000       -1.0000000000000000       -1.0000000000000000       -1.0000000000000000       -1.0000000000000000       -1.0000000000000000       -1.0000000000000000       -1.0000000000000000       -1.0000000000000000       -1.0000000000000000       -1.0000000000000000       -1.0000000000000000       -1.0000000000000000       -1.0000000000000000       -1.0000000000000000     
  -1.0000000000000000       -1.0000000000000000       -1.0000000000000000       -1.0000000000000000       -1.0000000000000000       -1.0000000000000000       -1.0000000000000000       -1.0000000000000000       -1.0000000000000000       -1.0000000000000000       -1.0000000000000000       -1.0000000000000000       -1.0000000000000000       -1.0000000000000000       -1.0000000000000000       -1.0000000000000000       -1.0000000000000000       -1.0000000000000000       -1.0000000000000000       -1.0000000000000000       -1.0000000000000000       -1.0000000000000000       -1.0000000000000000       -1.0000000000000000       -1.0000000000000000       -1.0000000000000000       -1.0000000000000000       -1.0000000000000000     
  -1.0000000000000000       -1.0000000000000000       -1.0000000000000000       -1.0000000000000000       -1.0000000000000000       -1.0000000000000000       -1.0000000000000000       -1.0000000000000000       -1.0000000000000000       -1.0000000000000000       -1.0000000000000000       -1.0000000000000000       -1.0000000000000000       -1.0000000000000000       -1.0000000000000000       -1.0000000000000000       -1.0000000000000000       -1.0000000000000000       -1.0000000000000000       -1.0000000000000000       -1.0000000000000000       -1.0000000000000000       -1.0000000000000000       -1.0000000000000000       -1.0000000000000000       -1.0000000000000000       -1.0000000000000000       -1.0000000000000000     
  -1.0000000000000000       -1.0000000000000000       -1.0000000000000000       -1.0000000000000000       -1.0000000000000000       -1.0000000000000000       -1.0000000000000000       -1.0000000000000000       -1.0000000000000000       -1.0000000000000000       -1.0000000000000000       -1.0000000000000000       -1.0000000000000000       -1.0000000000000000       -1.0000000000000000       -1.0000000000000000       -1.0000000000000000       -1.0000000000000000       -1.0000000000000000       -1.0000000000000000       -1.0000000000000000       -1.0000000000000000       -1.0000000000000000       -1.0000000000000000       -1.0000000000000000       -1.0000000000000000       -1.0000000000000000       -1.0000000000000000     
  -1.0000000000000000       -1.0000000000000000       -1.0000000000000000       -1.0000000000000000       -1.0000000000000000       -1.0000000000000000       -1.0000000000000000       -1.0000000000000000       -1.0000000000000000       -1.0000000000000000       -1.0000000000000000       -1.0000000000000000       -1.0000000000000000       -1.0000000000000000       -1.0000000000000000       -1.0000000000000000       -1.0000000000000000       -1.0000000000000000       -1.0000000000000000       -1.0000000000000000       -1.0000000000000000       -1.0000000000000000       -1.0000000000000000       -1.0000000000000000       -1.0000000000000000       -1.0000000000000000       -1.0000000000000000       -1.0000000000000000     
  -1.0000000000000000       -1.0000000000000000       -1.0000000000000000       -1.0000000000000000       -1.0000000000000000       -1.0000000000000000       -1.0000000000000000       -1.0000000000000000       -1.0000000000000000       -1.0000000000000000       -1.0000000000000000       -1.0000000000000000       -1.0000000000000000       -1.0000000000000000       -1.0000000000000000       -1.0000000000000000       -1.0000000000000000       -1.0000000000000000       -1.0000000000000000       -1.0000000000000000       -1.0000000000000000       -1.0000000000000000       -1.0000000000000000       -1.0000000000000000       -1.0000000000000000       -1.0000000000000000       -1.0000000000000000       -1.0000000000000000     
  -1.0000000000000000       -1.0000000000000000       -1.0000000000000000       -1.0000000000000000       -1.0000000000000000       -1.0000000000000000       -1.0000000000000000       -1.0000000000000000       -1.0000000000000000       -1.0000000000000000       -1.0000000000000000       -1.0000000000000000       -1.0000000000000000       -1.0000000000000000       -1.0000000000000000       -1.0000000000000000       -1.0000000000000000       -1.0000000000000000       -1.0000000000000000       -1.0000000000000000       -1.0000000000000000       -1.0000000000000000       -1.0000000000000000       -1.0000000000000000       -1.0000000000000000       -1.0000000000000000       -1.0000000000000000       -1.0000000000000000     
  -1.0000000000000000       -1.0000000000000000       -1.0000000000000000       -1.0000000000000000       -1.0000000000000000       -1.0000000000000000       -1.0000000000000000       -1.0000000000000000       -1.0000000000000000       -1.0000000000000000       -1.0000000000000000       -1.0000000000000000       -1.0000000000000000       -1.0000000000000000       -1.0000000000000000       -1.0000000000000000       -1.0000000000000000       -1.0000000000000000       -1.0000000000000000       -1.0000000000000000       -1.0000000000000000       -1.0000000000000000       -1.0000000000000000       -1.0000000000000000       -1.0000000000000000       -1.0000000000000000       -1.0000000000000000       -1.0000000000000000     
  -1.0000000000000000       -1.0000000000000000       -1.0000000000000000       -1.0000000000000000       -1.0000000000000000       -1.0000000000000000       -1.0000000000000000       -1.0000000000000000       -1.0000000000000000       -1.0000000000000000       -1.0000000000000000       -1.0000000000000000       -1.0000000000000000       -1.0000000000000000       -1.0000000000000000       -1.0000000000000000       -1.0000000000000000       -1.0000000000000000       -1.0000000000000000       -1.0000000000000000       -1.0000000000000000       -1.0000000000000000       -1.0000000000000000       -1.0000000000000000       -1.0000000000000000       -1.0000000000000000       -1.0000000000000000       -1.0000000000000000     
  -1.0000000000000000       -1.0000000000000000       -1.0000000000000000       -1.0000000000000000       -1.0000000000000000       -1.0000000000000000       -1.0000000000000000       -1.0000000000000000       -1.0000000000000000       -1.0000000000000000       -1.0000000000000000       -1.0000000000000000       -1.0000000000000000       -1.0000000000000000       -1.0000000000000000       -1.0000000000000000       -1.0000000000000000       -1.0000000000000000       -1.0000000000000000       -1.0000000000000000       -1.0000000000000000       -1.0000000000000000       -1.0000000000000000       -1.0000000000000000       -1.0000000000000000       -1.0000000000000000       -1.0000000000000000       -1.0000000000000000     
  -1.0000000000000000       -1.0000000000000000       -1.0000000000000000       -1.0000000000000000       -1.0000000000000000       -1.0000000000000000       -1.0000000000000000       -1.0000000000000000       -1.0000000000000000       -1.0000000000000000       -1.0000000000000000       -1.0000000000000000       -1.0000000000000000       -1.0000000000000000       -1.0000000000000000       -1.0000000000000000       -1.0000000000000000       -1.0000000000000000       -1.0000000000000000       -1.0000000000000000       -1.0000000000000000       -1.0000000000000000       -1.0000000000000000       -1.0000000000000000       -1.0000000000000000       -1.0000000000000000       -1.0000000000000000       -1.0000000000000000     
  -1.0000000000000000       -1.0000000000000000       -1.0000000000000000       -1.0000000000000000       -1.0000000000000000       -1.0000000000000000       -1.0000000000000000       -1.0000000000000000       -1.0000000000000000       -1.0000000000000000       -1.0000000000000000       -1.0000000000000000       -1.0000000000000000       -1.0000000000000000       -1.0000000000000000       -1.0000000000000000       -1.0000000000000000       -1.0000000000000000       -1.0000000000000000       -1.0000000000000000       -1.0000000000000000       -1.0000000000000000       -1.0000000000000000       -1.0000000000000000       -1.0000000000000000       -1.0000000000000000       -1.0000000000000000       -1.0000000000000000     
  -1.0000000000000000       -1.0000000000000000       -1.0000000000000000       -1.0000000000000000       -1.0000000000000000       -1.0000000000000000       -1.0000000000000000       -1.0000000000000000       -1.0000000000000000       -1.0000000000000000       -1.0000000000000000       -1.0000000000000000       -1.0000000000000000       -1.0000000000000000       -1.0000000000000000       -1.0000000000000000       -1.0000000000000000       -1.0000000000000000       -1.0000000000000000       -1.0000000000000000       -1.0000000000000000       -1.0000000000000000       -1.0000000000000000       -1.0000000000000000       -1.0000000000000000       -1.0000000000000000       -1.0000000000000000       -1.0000000000000000     
  -1.0000000000000000       -1.0000000000000000       -1.0000000000000000       -1.0000000000000000       -1.0000000000000000       -1.0000000000000000       -1.0000000000000000       -1.0000000000000000       -1.0000000000000000       -1.0000000000000000       -1.0000000000000000       -1.0000000000000000       -1.0000000000000000       -1.0000000000000000       -1.0000000000000000       -1.0000000000000000       -1.0000000000000000       -1.0000000000000000       -1.0000000000000000       -1.0000000000000000       -1.0000000000000000       -1.0000000000000000       -1.0000000000000000       -1.0000000000000000       -1.0000000000000000       -1.0000000000000000       -1.0000000000000000       -1.0000000000000000     
  -1.0000000000000000       -1.0000000000000000       -1.0000000000000000       -1.0000000000000000       -1.0000000000000000       -1.0000000000000000       -1.0000000000000000       -1.0000000000000000       -1.0000000000000000       -1.0000000000000000       -1.0000000000000000       -1.0000000000000000       -1.0000000000000000       -1.0000000000000000       -1.0000000000000000       -1.0000000000000000       -1.0000000000000000       -1.0000000000000000       -1.0000000000000000       -1.0000000000000000       -1.0000000000000000       -1.0000000000000000       -1.0000000000000000       -1.0000000000000000       -1.0000000000000000       -1.0000000000000000       -1.0000000000000000       -1.0000000000000000     
  -1.0000000000000000       -1.0000000000000000       -1.0000000000000000       -1.0000000000000000       -1.0000000000000000       -1.0000000000000000       -1.0000000000000000       -1.0000000000000000       -1.0000000000000000       -1.0000000000000000       -1.0000000000000000       -1.0000000000000000       -1.0000000000000000       -1.0000000000000000       -1.0000000000000000       -1.0000000000000000       -1.0000000000000000       -1.0000000000000000       -1.0000000000000000       -1.0000000000000000       -1.0000000000000000       -1.0000000000000000       -1.0000000000000000       -1.0000000000000000       -1.0000000000000000       -1.0000000000000000       -1.0000000000000000       -1.0000000000000000     
  -1.0000000000000000       -1.0000000000000000       -1.0000000000000000       -1.0000000000000000       -1.0000000000000000       -1.0000000000000000       -1.0000000000000000       -1.0000000000000000       -1.0000000000000000       -1.0000000000000000       -1.0000000000000000       -1.0000000000000000       -1.0000000000000000       -1.0000000000000000       -1.0000000000000000       -1.0000000000000000       -1.0000000000000000       -1.0000000000000000       -1.0000000000000000       -1.0000000000000000       -1.0000000000000000       -1.0000000000000000       -1.0000000000000000       -1.0000000000000000       -1.0000000000000000       -1.0000000000000000       -1.0000000000000000       -1.0000000000000000     
  -1.0000000000000000       -1.0000000000000000       -1.0000000000000000       -1.0000000000000000       -1.0000000000000000       -1.0000000000000000       -1.0000000000000000       -1.0000000000000000       -1.0000000000000000       -1.0000000000000000       -1.0000000000000000       -1.0000000000000000       -1.0000000000000000       -1.0000000000000000       -1.0000000000000000       -1.0000000000000000       -1.0000000000000000       -1.0000000000000000       -1.0000000000000000       -1.0000000000000000       -1.0000000000000000       -1.0000000000000000       -1.0000000000000000       -1.0000000000000000       -1.0000000000000000       -1.0000000000000000       -1.0000000000000000       -1.0000000000000000     
  -1.0000000000000000       -1.0000000000000000       -1.0000000000000000       -1.0000000000000000       -1.0000000000000000       -1.0000000000000000       -1.0000000000000000       -1.0000000000000000       -1.0000000000000000       -1.0000000000000000       -1.0000000000000000       -1.0000000000000000       -1.0000000000000000       -1.0000000000000000       -1.0000000000000000       -1.0000000000000000       -1.0000000000000000       -1.0000000000000000       -1.0000000000000000       -1.0000000000000000       -1.0000000000000000       -1.0000000000000000       -1.0000000000000000       -1.0000000000000000       -1.0000000000000000       -1.0000000000000000       -1.0000000000000000       -1.0000000000000000     
  -1.0000000000000000       -1.0000000000000000       -1.0000000000000000       -1.0000000000000000       -1.0000000000000000       -1.0000000000000000       -1.0000000000000000       -1.0000000000000000       -1.0000000000000000       -1.0000000000000000       -1.0000000000000000       -1.0000000000000000       -1.0000000000000000       -1.0000000000000000       -1.0000000000000000       -1.0000000000000000       -1.0000000000000000       -1.0000000000000000       -1.0000000000000000       -1.0000000000000000       -1.0000000000000000       -1.0000000000000000       -1.0000000000000000       -1.0000000000000000       -1.0000000000000000       -1.0000000000000000       -1.0000000000000000       -1.0000000000000000     
  -1.0000000000000000       -1.0000000000000000       -1.0000000000000000       -1.0000000000000000       -1.0000000000000000       -1.0000000000000000       -1.0000000000000000       -1.0000000000000000       -1.0000000000000000       -1.0000000000000000       -1.0000000000000000       -1.0000000000000000       -1.0000000000000000       -1.0000000000000000       -1.0000000000000000       -1.0000000000000000       -1.0000000000000000       -1.0000000000000000       -1.0000000000000000       -1.0000000000000000       -1.0000000000000000       -1.0000000000000000       -1.0000000000000000       -1.0000000000000000       -1.0000000000000000       -1.0000000000000000       -1.0000000000000000       -1.0000000000000000     
  -1.0000000000000000       -1.0000000000000000       -1.0000000000000000       -1.0000000000000000       -1.0000000000000000       -1.0000000000000000       -1.0000000000000000       -1.0000000000000000       -1.0000000000000000       -1.0000000000000000       -1.0000000000000000       -1.0000000000000000       -1.0000000000000000       -1.0000000000000000       -1.0000000000000000       -1.0000000000000000       -1.0000000000000000       -1.0000000000000000       -1.0000000000000000       -1.0000000000000000       -1.0000000000000000       -1.0000000000000000       -1.0000000000000000       -1.0000000000000000       -1.0000000000000000       -1.0000000000000000       -1.0000000000000000       -1.0000000000000000     
  -1.0000000000000000       -1.0000000000000000       -1.0000000000000000       -1.0000000000000000       -1.0000000000000000       -1.0000000000000000       -1.0000000000000000       -1.0000000000000000       -1.0000000000000000       -1.0000000000000000       -1.0000000000000000       -1.0000000000000000       -1.0000000000000000       -1.0000000000000000       -1.0000000000000000       -1.0000000000000000       -1.0000000000000000       -1.0000000000000000       -1.0000000000000000       -1.0000000000000000       -1.0000000000000000       -1.0000000000000000       -1.0000000000000000       -1.0000000000000000       -1.0000000000000000       -1.0000000000000000       -1.0000000000000000       -1.0000000000000000     
  -1.0000000000000000       -1.0000000000000000       -1.0000000000000000       -1.0000000000000000       -1.0000000000000000       -1.0000000000000000       -1.0000000000000000       -1.0000000000000000       -1.0000000000000000       -1.0000000000000000       -1.0000000000000000       -1.0000000000000000       -1.0000000000000000       -1.0000000000000000       -1.0000000000000000       -1.0000000000000000       -1.0000000000000000       -1.0000000000000000       -1.0000000000000000       -1.0000000000000000       -1.0000000000000000       -1.0000000000000000       -1.0000000000000000       -1.0000000000000000       -1.0000000000000000       -1.0000000000000000       -1.0000000000000000       -1.0000000000000000     
   1.0038391711725998        1.0038391711725998        1.0038391711725998        1.0038391711725998        1.0038391711725998        1.0038391711725998        1.0038391711725998        1.0038391711725998        1.0038391711725998        1.0038391711725998        1.0038391711725998        1.0038391711725998        1.0038391711725998        1.0038391711768133        1.0038395354907808        1.0038688941018068        1.0038429038887375        1.0038418208358135        1.0038391741387049        1.0038427585620031        1.0038391711725998        1.0035427423066334        1.0035546645148494        1.0029514963963433        1.0029944880296282        1.0038070291311396        1.0037929210287837        1.0041052608438641     
   33.019575581217332        33.019575581217332        33.019575581217332        33.019575581217332        33.019575581217332        33.019575581217332        33.019575581217332        33.019575581217332        33.019575581217332        33.019575581217332        33.019575581217332        33.019575581217332        33.019575581217332        33.019575581315713        33.019580582033981        33.019916145408494        33.019614059666395        33.019597596910693        33.019575609655675        33.019614661074151        33.019575581217332        30.146869356417550        30.036183269357327        32.405381599346853        32.380652064767560        30.710090727836491        29.704096708650482        34.194373849609555     
   33.192077917560020        33.192077917560020        33.192077917560020        33.192077917560020        33.192077917560020        33.192077917560020        33.192077917560020        33.192077917560020        33.192077917560020        33.192077917560020        33.192077917560020        33.192077917560020        33.192077917560020        33.192077917780466        33.192100378036670        33.193865786853841        33.192296736521577        33.192228152155202        33.192078089251162        33.192287998548771        33.192077917560020        30.306467153771749        30.196547049266925        32.538732867650218        32.516473191685350        30.871115404110068        29.861299026151318        34.381658544718910     
   1.0101213254264858        1.0101213254264858        1.0101213254264858        1.0101213254264858        1.0101213254264858        1.0101213254264858        1.0101213254264858        1.0101213254264858        1.0101213254264858        1.0101213254264858        1.0101213254264858        1.0101213254264858        1.0101213254264858        1.0101213254349852        1.0101220676201719        1.0101817967812357        1.0101289143055450        1.0101267074676847        1.0101213314547759        1.0101286169854364        1.0101213254264858        1.0093260199213381        1.0093487330119657        1.0080025083104476        1.0080927167786951        1.0100350297097551        1.0099957489472706        1.0107656245708143     
   3517.8665631197719        3517.8665631197719        3517.8665631197719        3517.8665631197719        3517.8665631197719        3517.8665631197719        3517.8665631197719        3517.8665631197719        3517.8665631197719        3517.8665631197719        3517.8665631197719        3517.8665631197719        3517.8665631197719        3517.8665631274357        3517.8670969803507        3517.9054402373686        3517.8708596536476        3517.8690520823275        3517.8665662973362        3517.8708635221096        3517.8665631197719        3222.1827690648220        3217.4482260244035        3454.3085847857892        3452.9370625606807        3122.3832752883573        2964.8545884622995        3687.5035718109875     
   5.8624968288841638E-002   5.8624968288841638E-002   5.8624968288841638E-002   5.8624968288841638E-002   5.8624968288841638E-002   5.8624968288841638E-002   5.8624968288841638E-002   5.8624968288841638E-002   5.8624968288841638E-002   5.8624968288841638E-002   5.8624968288841638E-002   5.8624968288841638E-002   5.8624968288841638E-002   5.8624968281419186E-002   5.8624078358818527E-002   5.8547063048416691E-002   5.8615042851693229E-002   5.8617773849780612E-002   5.8624960360238808E-002   5.8615514192182173E-002   5.8624968288841638E-002   5.3805853719135516E-002   5.3809774182645494E-002   4.9896723439464677E-002   4.9959590735649276E-002   5.8101142672412079E-002   5.7842650910951976E-002   6.1391488159409757E-002
  0.13905929404658868       0.13905929404658868       0.13905929404658868       0.13905929404658868       0.13905929404658868       0.13905929404658868       0.13905929404658868       0.13905929404658868       0.13905929404658868       0.13905929404658868       0.13905929404658868       0.13905929404658868       0.13905929404658868       0.13905929402503095       0.13905824194847177       0.13897684149309553       0.13904883607446356       0.13905176343280237       0.13905928565934422       0.13904901956582094       0.13905929404658868       0.12673051857561421       0.12613192889239219       0.13189898096178326       0.13120409269659714       0.13771561447461739       0.13695960409578817       0.14243394218297184     
  0.57896758916478297       0.57896758916478297       0.57896758916478297       0.57896758916478297       0.57896758916478297       0.57896758916478297       0.57896758916478297       0.57896758916478297       0.57896758916478297       0.57896758916478297       0.57896758916478297       0.57896758916478297       0.57896758916478297       0.57896758915964464       0.57896721449190580       0.57894365842368800       0.57896484699351558       0.57896598374250874       0.57896758711436691       0.57896488209725105       0.57896758916478297       0.61524395581837221       0.61635335096540456       0.61666664524010117       0.61764366291280381       0.58291735158549296       0.58504057878109439       0.56491179298509253     
  0.13912942218302984       0.13912942218302984       0.13912942218302984       0.13912942218302984       0.13912942218302984       0.13912942218302984       0.13912942218302984       0.13912942218302984       0.13912942218302984       0.13912942218302984       0.13912942218302984       0.13912942218302984       0.13912942218302984       0.13912942220590552       0.13913025364801745       0.13919393510965022       0.13913770447159363       0.13913542633085019       0.13912942885317783       0.13913771781519541       0.13912942218302984       0.12679604605160674       0.12619781987025075       0.13196683852420257       0.13127190232953523       0.13778524781844981       0.13702904186594461       0.14250318749817886     
   5.8692769079195538E-002   5.8692769079195538E-002   5.8692769079195538E-002   5.8692769079195538E-002   5.8692769079195538E-002   5.8692769079195538E-002   5.8692769079195538E-002   5.8692769079195538E-002   5.8692769079195538E-002   5.8692769079195538E-002   5.8692769079195538E-002   5.8692769079195538E-002   5.8692769079195538E-002   5.8692769087937142E-002   5.8693601846788561E-002   5.8760413283839193E-002   5.8701235767627917E-002   5.8698678436714828E-002   5.8692775760003757E-002   5.8700919635797058E-002   5.8692769079195538E-002   5.3869689072892669E-002   5.3874268921413331E-002   4.9956751635320346E-002   5.0020955613500444E-002   5.8168519449422564E-002   5.7909913083521933E-002   6.1459636796481400E-002
  0.41128411313743873       0.41128411313743873       0.41128411313743873       0.41128411313743873       0.41128411313743873       0.41128411313743873       0.41128411313743873       0.41128411313743873       0.41128411313743873       0.41128411313743873       0.41128411313743873       0.41128411313743873       0.41128411313743873       0.41128411313509594       0.41128402366736710       0.41127849506342512       0.41128346278698508       0.41128374657653427       0.41128411265683090       0.41128344019855334       0.41128411313743873       0.46448371206330097       0.46783645151410491       0.42258752447703957       0.42327261539199323       0.42482257283117858       0.43208132513503977       0.39828449901618984     
  0.15892906242297125       0.15892906242297125       0.15892906242297125       0.15892906242297125       0.15892906242297125       0.15892906242297125       0.15892906242297125       0.15892906242297125       0.15892906242297125       0.15892906242297125       0.15892906242297125       0.15892906242297125       0.15892906242297125       0.15892906242378607       0.15892908687183391       0.15893046991304674       0.15892922891675237       0.15892915479090444       0.15892906254614003       0.15892923840808709       0.15892906242297125       0.14402063310141278       0.14272265810674539       0.15578262681104790       0.15552917975609465       0.16253943161585682       0.16396175467823998       0.16046058324954077     
  0.13004034551286467       0.13004034551286467       0.13004034551286467       0.13004034551286467       0.13004034551286467       0.13004034551286467       0.13004034551286467       0.13004034551286467       0.13004034551286467       0.13004034551286467       0.13004034551286467       0.13004034551286467       0.13004034551286467       0.13004034551345034       0.13004036531102214       0.13004153484822381       0.13004048507429317       0.13004042349921968       0.13004034561599473       0.13004049145368712       0.13004034551286467       0.11806101345225690       0.11716131823614861       0.12750296451484375       0.12732347526014184       0.13022551058841506       0.12984637510712704       0.13200394999431209     
  0.10656912888421155       0.10656912888421155       0.10656912888421155       0.10656912888421155       0.10656912888421155       0.10656912888421155       0.10656912888421155       0.10656912888421155       0.10656912888421155       0.10656912888421155       0.10656912888421155       0.10656912888421155       0.10656912888421155       0.10656912888463245       0.10656914498929163       0.10657013482626670       0.10656924594268601       0.10656919474544682       0.10656912897065318       0.10656925010117890       0.10656912888421155        9.6920506744674284E-002   9.6306048995005389E-002  0.10451867383478332       0.10439286121775516       0.10453271263323519       0.10312415718814591       0.10875668711066594     
   8.3266356671402170E-002   8.3266356671402170E-002   8.3266356671402170E-002   8.3266356671402170E-002   8.3266356671402170E-002   8.3266356671402170E-002   8.3266356671402170E-002   8.3266356671402170E-002   8.3266356671402170E-002   8.3266356671402170E-002   8.3266356671402170E-002   8.3266356671402170E-002   8.3266356671402170E-002   8.3266356671680683E-002   8.3266369185150749E-002   8.3267173630641261E-002   8.3266450711604073E-002   8.3266410009095626E-002   8.3266356740819586E-002   8.3266452991248185E-002   8.3266356671402170E-002   7.5881069592022399E-002   7.5510822051321466E-002   8.1691043759156173E-002   8.1611950215086382E-002   7.9620133214930763E-002   7.7601577130074179E-002   8.5536769098695925E-002
   6.5199070031077666E-002   6.5199070031077666E-002   6.5199070031077666E-002   6.5199070031077666E-002   6.5199070031077666E-002   6.5199070031077666E-002   6.5199070031077666E-002   6.5199070031077666E-002   6.5199070031077666E-002   6.5199070031077666E-002   6.5199070031077666E-002   6.5199070031077666E-002   6.5199070031077666E-002   6.5199070031261908E-002   6.5199079809522539E-002   6.5199734372321128E-002   6.5199145646467449E-002   6.5199113240410306E-002   6.5199070086896696E-002   6.5199146738298755E-002   6.5199070031077666E-002   5.9527794776453022E-002   5.9316002851424583E-002   6.3985357284076463E-002   6.3937229678852459E-002   6.0800502131096272E-002   5.8613611633920475E-002   6.7413520375020200E-002
   2.4977934303177150E-002   2.4977934303177150E-002   2.4977934303177150E-002   2.4977934303177150E-002   2.4977934303177150E-002   2.4977934303177150E-002   2.4977934303177150E-002   2.4977934303177150E-002   2.4977934303177150E-002   2.4977934303177150E-002   2.4977934303177150E-002   2.4977934303177150E-002   2.4977934303177150E-002   2.4977934303212421E-002   2.4977938105022818E-002   2.4978228115164067E-002   2.4977966166155989E-002   2.4977952964314508E-002   2.4977934326757802E-002   2.4977965774507605E-002   2.4977934303177150E-002   2.2949528926716738E-002   2.2964174108707939E-002   2.4539536123170804E-002   2.4538447740771289E-002   2.1142822542215386E-002   1.9684768103103416E-002   2.6487702726295137E-002
  0.31547185515064596       0.31547185515064596       0.31547185515064596       0.31547185515064596       0.31547185515064596       0.31547185515064596       0.31547185515064596       0.31547185515064596       0.31547185515064596       0.31547185515064596       0.31547185515064596       0.31547185515064596       0.31547185515064596       0.31547185514678755       0.31547168483355537       0.31546120234909492       0.31547062273191440       0.31547115238360629       0.31547185423612567       0.31547059732659199       0.31547185515064596       0.37718118270933843       0.38095866798444583       0.33555447965962387       0.33661564684484885       0.32575458088385972       0.33162664196562042       0.30037653389386682     
  0.44009327922943881       0.44009327922943881       0.44009327922943881       0.44009327922943881       0.44009327922943881       0.44009327922943881       0.44009327922943881       0.44009327922943881       0.44009327922943881       0.44009327922943881       0.44009327922943881       0.44009327922943881       0.44009327922943881       0.44009327923237274       0.44009340247811740       0.44010291508856630       0.44009451549642886       0.44009415375754674       0.44009328021298888       0.44009451044848219       0.44009327922943881       0.43996878332928208       0.43996922585325798       0.43972984696850198       0.43973685233274018       0.44007974565350749       0.44007312663457426       0.44020363861158124     
   13.764443324878808        13.764443324878808        13.764443324878808        13.764443324878808        13.764443324878808        13.764443324878808        13.764443324878808        13.764443324878808        13.764443324878808        13.764443324878808        13.764443324878808        13.764443324878808        13.764443324878808        13.764443324947315        13.764445053577960        13.764554355683174        13.764456177249668        13.764450257620197        13.764443334227732        13.764457270336885        13.764443324878808        12.466515852784015        12.353108235640921        13.490056784500275        13.467642382268798        12.774500499121894        12.287693226177053        14.281749378334437     
   1.0023636728360921        1.0023636728360921        1.0023636728360921        1.0023636728360921        1.0023636728360921        1.0023636728360921        1.0023636728360921        1.0023636728360921        1.0023636728360921        1.0023636728360921        1.0023636728360921        1.0023636728360921        1.0023636728360921        1.0023636728444576        1.0023638061436988        1.0023718760538414        1.0023652415235502        1.0023643020679918        1.0023636739376580        1.0023652815843755        1.0023636728360921        1.0021042787039462        1.0020686937863612        1.0016826158048469        1.0016075525912722        1.0023351988050924        1.0023159252669493        1.0025817161326516     
   27.288408049273180        27.288408049273180        27.288408049273180        27.288408049273180        27.288408049273180        27.288408049273180        27.288408049273180        27.288408049273180        27.288408049273180        27.288408049273180        27.288408049273180        27.288408049273180        27.288408049273180        27.288408049468497        27.288410120686830        27.288508914990601        27.288425193880332        27.288411547723125        27.288408059851626        27.288430344672861        27.288408049273180        24.037679967026261        23.404585040778567        26.609715719424042        26.485823558249475        25.133235119371122        23.701599933303115        28.501079677434806     
   4.0148118397206840        4.0150218853763731        4.0096732840508427        4.0135377399818033        4.0145221047286208        4.0148127783513825        4.0148118397206840        4.0070823190931542        4.0022861670140939        4.0106236921535290        3.9958144633727519        3.9607429089672643        3.9897437670598466        4.0148118397206840        4.0148118397206840        4.0148118397206840        4.0148118397206840        4.0148118397206840        4.0148118397206840        4.0148118397206840        4.0592401728403757        4.0148118397206840        4.0148118397206840        4.0148118397206840        4.0148118397206840        4.0148118397206840        4.0148118397206840        4.0148118397206840     
   2.2590740252943768        2.2593340487829177        2.2537582201496003        2.2575393645867430        2.2588219020930516        2.2590743726443847        2.2590740252943768        2.2528706712666402        2.2457193819849794        2.2554033596605985        2.2413834136397370        2.2039694219600965        2.2294107824874558        2.2590740252943768        2.2590740252943768        2.2590740252943768        2.2590740252943768        2.2590740252943768        2.2590740252943768        2.2590740252943768        2.3063406368016923        2.2590740252943768        2.2590740252943768        2.2590740252943768        2.2590740252943768        2.2590740252943768        2.2590740252943768        2.2590740252943768     
   2.2979807851352607        2.2983715535358455        2.2905202881676581        2.2954919396381808        2.2976420513660281        2.2979813539617209        2.2979807851352607        2.2898691969498381        2.2796764885548573        2.2928780701211400        2.2722759942243274        2.2281397237434097        2.2694301985435406        2.2979807851352607        2.2979807851352607        2.2979807851352607        2.2979807851352607        2.2979807851352607        2.2979807851352607        2.2979807851352607        2.3594932687576073        2.2979807851352607        2.2979807851352607        2.2979807851352607        2.2979807851352607        2.2979807851352607        2.2979807851352607        2.2979807851352607     
   2.2547819205978032        2.2549809685206887        2.2493635542489576        2.2533681033894917        2.2544771274117839        2.2547822625439391        2.2547819205978032        2.2483835389709443        2.2403636779857323        2.2510462321567659        2.2384683341275498        2.1979339410554952        2.2178701417699793        2.2547819205978032        2.2547819205978032        2.2547819205978032        2.2547819205978032        2.2547819205978032        2.2547819205978032        2.2547819205978032        2.3028909351873192        2.2547819205978032        2.2547819205978032        2.2547819205978032        2.2547819205978032        2.2547819205978032        2.2547819205978032        2.2547819205978032     
   3.6255902771881310        3.6257906761619210        3.6182478639672135        3.6239425321944241        3.6250419812281547        3.6255902858912310        3.6255902771881310        3.6100247599520623        3.6069569158708368        3.6205239751713738        3.6042990761040552        3.5498640211550865        3.5933727361434142        3.6255902771881310        3.6255902771881310        3.6255902771881310        3.6255902771881310        3.6255902771881310        3.6255902771881310        3.6255902771881310        3.6863532028202464        3.6255902771881310        3.6255902771881310        3.6255902771881310        3.6255902771881310        3.6255902771881310        3.6255902771881310        3.6255902771881310     
   7.6429287296233178E-009   2.2169833912067758E-009   6.1029490842896886E-008   1.1767030830103311E-008   1.3693938035957713E-008   7.6273251580809405E-009   7.6429287296233178E-009   4.6412119936016128E-007   2.1507500079048737E-008   2.8639271801225954E-008   6.3272381506571712E-008   4.9421940115747585E-007   2.1306765656473434E-007   7.6429287296233178E-009   7.6429287296233178E-009   7.6429287296233178E-009   7.6429287296233178E-009   7.6429287296233178E-009   7.6429287296233178E-009   7.6429287296233178E-009  -3.0537957902100722E-007   7.6429287296233178E-009   7.6429287296233178E-009   7.6429287296233178E-009   7.6429287296233178E-009   7.6429287296233178E-009   7.6429287296233178E-009   7.6429287296233178E-009
   1.3188525376483019E-006   1.3132207960919724E-006   1.3734813988848211E-006   1.3240183314890114E-006   1.3255392449584647E-006   1.3188708692189323E-006   1.3188525376483019E-006   1.7950109119291003E-006   1.3345928763548076E-006   1.3379313756762537E-006   1.3721609111196952E-006   1.8600137048395074E-006   1.5842686782605125E-006   1.3188525376483019E-006   1.3188525376483017E-006   1.3188525376483017E-006   1.3188525376483017E-006   1.3188525376483019E-006   1.3188525376483019E-006   1.3188525376483013E-006   9.5408558055813933E-007   1.3188525376483019E-006   1.3188525376483019E-006   1.3188525376483019E-006   1.3188525376483019E-006   1.3188525376483019E-006   1.3188525376483019E-006   1.3188525376483019E-006
   1.0923555785721330E-006   1.0834993243504181E-006   1.1681328472414405E-006   1.1006510248341397E-006   1.1020420696828458E-006   1.0923802835018334E-006   1.0923555785721330E-006   1.7773218773940310E-006   1.1103859269756642E-006   1.1189718493706371E-006   1.1684898704303959E-006   1.8493698747391011E-006   1.3795405722552473E-006   1.0923555785721330E-006   1.0923555785721330E-006   1.0923555785721330E-006   1.0923555785721330E-006   1.0923555785721330E-006   1.0923555785721330E-006   1.0923555785721330E-006   6.1301144323016003E-007   1.0923555785721330E-006   1.0923555785721330E-006   1.0923555785721330E-006   1.0923555785721330E-006   1.0923555785721330E-006   1.0923555785721330E-006   1.0923555785721330E-006
   1.2873426665356235E-006   1.2811588073603421E-006   1.3462520005468234E-006   1.2918510369124645E-006   1.2942220969957759E-006   1.2873594677223912E-006   1.2873426665356235E-006   1.7998412509257211E-006   1.3040748179174396E-006   1.3061266198690083E-006   1.3365679723496032E-006   1.8427486944075567E-006   1.6048266606882304E-006   1.2873426665356235E-006   1.2873426665356235E-006   1.2873426665356235E-006   1.2873426665356235E-006   1.2873426665356235E-006   1.2873426665356235E-006   1.2873426665356235E-006   9.1242076704327744E-007   1.2873426665356235E-006   1.2873426665356235E-006   1.2873426665356235E-006   1.2873426665356235E-006   1.2873426665356235E-006   1.2873426665356235E-006   1.2873426665356235E-006
  -4.6205961267762227E-006  -4.6276265572728675E-006  -4.5502135379768979E-006  -4.6153111868827780E-006  -4.6125750078203346E-006  -4.6205453079200830E-006  -4.6205961267762227E-006  -4.0391002584809613E-006  -4.5926108112077579E-006  -4.5946934656295671E-006  -4.5548791043149114E-006  -3.9941963126470120E-006  -4.3588976330170458E-006  -4.6205961267762227E-006  -4.6205961267762227E-006  -4.6205961267762218E-006  -4.6205961267762227E-006  -4.6205961267762227E-006  -4.6205961267762227E-006  -4.6205961267762218E-006  -5.0408787674048335E-006  -4.6205961267762227E-006  -4.6205961267762227E-006  -4.6205961267762227E-006  -4.6205961267762227E-006  -4.6205961267762227E-006  -4.6205961267762227E-006  -4.6205961267762227E-006
   2.0228624639005315E-005   2.0228484568177877E-005   2.0240070319370304E-005   2.0230690019140358E-005   2.0228772858514948E-005   2.0228621260956379E-005   2.0228624639005315E-005   2.0243146104039849E-005   2.0260805713639923E-005   2.0231941194534978E-005   2.0229720441584725E-005   2.0299122441663803E-005   2.0252273943698653E-005   2.0228624639005315E-005   2.0228624639005315E-005   2.0228624639005315E-005   2.0228624639005315E-005   2.0228624639005315E-005   2.0228624639005315E-005   2.0228624639005315E-005   2.0167044547831104E-005   2.0228624639005315E-005   2.0228624639005315E-005   2.0228624639005315E-005   2.0228624639005315E-005   2.0228624639005315E-005   2.0228624639005315E-005   2.0228624639005315E-005
   2.1463202558321324E-005   2.1462927145327612E-005   2.1475769289213203E-005   2.1466397886889642E-005   2.1463163159684091E-005   2.1463201914235692E-005   2.1463202558321324E-005   2.1480247453517171E-005   2.1499928911771300E-005   2.1466336501603299E-005   2.1464875488612955E-005   2.1554382802916411E-005   2.1496443582472395E-005   2.1463202558321324E-005   2.1463202558321324E-005   2.1463202558321324E-005   2.1463202558321324E-005   2.1463202558321324E-005   2.1463202558321324E-005   2.1463202558321324E-005   2.1379253243711472E-005   2.1463202558321324E-005   2.1463202558321324E-005   2.1463202558321324E-005   2.1463202558321324E-005   2.1463202558321324E-005   2.1463202558321324E-005   2.1463202558321324E-005
   2.1507144276922368E-005   2.1506797986325869E-005   2.1521971848757827E-005   2.1512545278315156E-005   2.1507184540780002E-005   2.1507143322221478E-005   2.1507144276922368E-005   2.1532620018125806E-005   2.1558904784177416E-005   2.1511618596373850E-005   2.1509764865100096E-005   2.1674217997955380E-005   2.1562187282646027E-005   2.1507144276922368E-005   2.1507144276922368E-005   2.1507144276922368E-005   2.1507144276922368E-005   2.1507144276922368E-005   2.1507144276922368E-005   2.1507144276922368E-005   2.1391589696084358E-005   2.1507144276922368E-005   2.1507144276922368E-005   2.1507144276922368E-005   2.1507144276922368E-005   2.1507144276922368E-005   2.1507144276922368E-005   2.1507144276922368E-005
   2.1431465127486960E-005   2.1431271498232179E-005   2.1445185268577486E-005   2.1434494095183410E-005   2.1431584574498907E-005   2.1431464592643442E-005   2.1431465127486960E-005   2.1448629925613857E-005   2.1470740872592309E-005   2.1434550882410969E-005   2.1432843355395723E-005   2.1521622864247243E-005   2.1460613728431118E-005   2.1431465127486960E-005   2.1431465127486960E-005   2.1431465127486960E-005   2.1431465127486960E-005   2.1431465127486960E-005   2.1431465127486960E-005   2.1431465127486960E-005   2.1346478693848414E-005   2.1431465127486960E-005   2.1431465127486960E-005   2.1431465127486960E-005   2.1431465127486960E-005   2.1431465127486960E-005   2.1431465127486960E-005   2.1431465127486960E-005
   2.0842298441906501E-005   2.0842783415018849E-005   2.0857125790558485E-005   2.0845797085090085E-005   2.0842632649775867E-005   2.0842300649392732E-005   2.0842298441906501E-005   2.0862718687854669E-005   2.0891119121859600E-005   2.0846525610606857E-005   2.0844295763720588E-005   2.0951511587349005E-005   2.0878300403493444E-005   2.0842298441906501E-005   2.0842298441906497E-005   2.0842298441906501E-005   2.0842298441906501E-005   2.0842298441906501E-005   2.0842298441906501E-005   2.0842298441906501E-005   2.0744243393147962E-005   2.0842298441906501E-005   2.0842298441906501E-005   2.0842298441906501E-005   2.0842298441906501E-005   2.0842298441906501E-005   2.0842298441906501E-005   2.0842298441906501E-005
  0.51850903081076671       0.51852103245129411       0.51867746215155563       0.51851891450553522       0.51853880048757006       0.51850905897007094       0.51850903081076671       0.51904352672230303       0.51862564185304805       0.51863438562586517       0.51852034349063070       0.52026532314958052       0.51976378652671595       0.51850903081076671       0.51850903081076671       0.51850903081076671       0.51850903081076671       0.51850903081076671       0.51850903081076671       0.51850903081076671       0.51763304683974987       0.51850903081076671       0.51850903081076671       0.51850903081076671       0.51850903081076671       0.51850903081076671       0.51850903081076671       0.51850903081076671     
  0.51646661271482841       0.51647633102239743       0.51670703419727748       0.51648627776407707       0.51650117859631905       0.51646660547115464       0.51646661271482841       0.51717127691334264       0.51665384187292107       0.51657111248899623       0.51650256700247743       0.51829876798918750       0.51790014251414984       0.51646661271482841       0.51646661271482841       0.51646661271482841       0.51646661271482841       0.51646661271482841       0.51646661271482841       0.51646661271482841       0.51547708769797773       0.51646661271482841       0.51646661271482841       0.51646661271482841       0.51646661271482841       0.51646661271482841       0.51646661271482841       0.51646661271482841     
  0.51217176319130764       0.51217391105747034       0.51251517604335151       0.51219630710998154       0.51221493279907604       0.51217176731664560       0.51217176319130764       0.51305732734263954       0.51239685973865035       0.51231057488992437       0.51220543887082126       0.51286591069809251       0.51284367122568675       0.51217176319130764       0.51217176319130764       0.51217176319130764       0.51217176319130764       0.51217176319130764       0.51217176319130764       0.51217176319130764       0.51121642780838161       0.51217176319130764       0.51217176319130764       0.51217176319130764       0.51217176319130764       0.51217176319130764       0.51217176319130764       0.51217176319130764     
  0.51778138694123055       0.51779296347006565       0.51798690224329802       0.51779572374866722       0.51781528640495433       0.51778137875179131       0.51778138694123055       0.51846317062827818       0.51793137315669180       0.51788973696048002       0.51781271235146986       0.51978343624725010       0.51990747072336996       0.51778138694123055       0.51778138694123055       0.51778138694123055       0.51778138694123055       0.51778138694123055       0.51778138694123055       0.51778138694123055       0.51678212379128130       0.51778138694123055       0.51778138694123055       0.51778138694123055       0.51778138694123055       0.51778138694123055       0.51778138694123055       0.51778138694123055     
  0.51362521351812684       0.51364999292663027       0.51385960036661038       0.51364863913550673       0.51365996397203961       0.51362519630205894       0.51362521351812684       0.51390434947771402       0.51392350198709036       0.51373922984628473       0.51371316319370419       0.51561055124863986       0.51483282980771816       0.51362521351812684       0.51362521351812684       0.51362521351812684       0.51362521351812684       0.51362521351812684       0.51362521351812684       0.51362521351812684       0.51272398850134482       0.51362521351812684       0.51362521351812684       0.51362521351812684       0.51362521351812684       0.51362521351812684       0.51362521351812684       0.51362521351812684     
   2.1597908495907436        2.1598518815910435        2.1536552807618965        2.1580918954793837        2.1594398829733645        2.1597908923281079        2.1597908495907436        2.1521690033333294        2.1428504606362906        2.1560928438641791        2.1432732960164400        2.0989592371614347        2.1319433365745502        2.1597908495907436        2.1597908495907436        2.1597908495907436        2.1597908495907436        2.1597908495907436        2.1597908495907436        2.1597908495907436        2.2154081675131772        2.1597908495907436        2.1597908495907436        2.1597908495907436        2.1597908495907436        2.1597908495907436        2.1597908495907436        2.1597908495907436     
   2.1868322226910135        2.1870875545065487        2.1819652702992167        2.1854095872924435        2.1866024370605652        2.1868325704742118        2.1868322226910135        2.1805939141525252        2.1746810085229518        2.1835049836355132        2.1715697109312870        2.1357367550297233        2.1569336173049090        2.1868322226910135        2.1868322226910135        2.1868322226910135        2.1868322226910135        2.1868322226910135        2.1868322226910135        2.1868322226910135        2.2339066426828951        2.1868322226910135        2.1868322226910135        2.1868322226910135        2.1868322226910135        2.1868322226910135        2.1868322226910135        2.1868322226910135     
   2.6508444714904402        2.6511269903046162        2.6433584547660050        2.6489092060687898        2.6503924609132992        2.6508454458027106        2.6508444714904402        2.6411124566109843        2.6318931856334515        2.6452855818206351        2.6267416899754927        2.5776768069861933        2.6211656339741536        2.6508444714904402        2.6508444714904402        2.6508444714904402        2.6508444714904402        2.6508444714904402        2.6508444714904402        2.6508444714904402        2.7115350381208616        2.6508444714904402        2.6508444714904402        2.6508444714904402        2.6508444714904402        2.6508444714904402        2.6508444714904402        2.6508444714904402     
   2.8464291210441255        2.8467896287267735        2.8411335159439117        2.8446487216402616        2.8462105545629095        2.8464294879485683        2.8464291210441255        2.8404137242070524        2.8332685651326619        2.8426128905713668        2.8274954984708534        2.7913921473580583        2.8154229315427379        2.8464291210441255        2.8464291210441255        2.8464291210441255        2.8464291210441255        2.8464291210441255        2.8464291210441255        2.8464291210441255        2.8908145278391078        2.8464291210441255        2.8464291210441255        2.8464291210441255        2.8464291210441255        2.8464291210441255        2.8464291210441255        2.8464291210441255     
   4.5965017987111114        4.5968014820549445        4.5896048716464231        4.5949783688625914        4.5960186524007609        4.5965022668276392        4.5965017987111114        4.5820869707242062        4.5804376946705148        4.5911422214897843        4.5713675678819357        4.5249932504761743        4.5625429575661451        4.5965017987111114        4.5965017987111114        4.5965017987111114        4.5965017987111114        4.5965017987111114        4.5965017987111114        4.5965017987111114        4.6508911819688992        4.5965017987111114        4.5965017987111114        4.5965017987111114        4.5965017987111114        4.5965017987111114        4.5965017987111114        4.5965017987111114     
   2.2199264369741521E-006   2.2125897453985686E-006   2.2875698539921523E-006   2.2254632482755426E-006   2.2279932046108209E-006   2.2199715114016486E-006   2.2199264369741521E-006   2.8218505116725388E-006   2.2398493888013047E-006   2.2392208784769975E-006   2.2700472181019597E-006   2.8628724600215746E-006   2.4869315232828556E-006   2.2199264369741521E-006   2.2199264369741517E-006   2.2199264369741521E-006   2.2199264369741521E-006   2.2199264369741521E-006   2.2199264369741521E-006   2.2199264369741521E-006   1.7626906270261289E-006   2.2199264369741521E-006   2.2199264369741521E-006   2.2199264369741521E-006   2.2199264369741521E-006   2.2199264369741521E-006   2.2199264369741521E-006   2.2199264369741521E-006
   1.9918309605308752E-006   1.9863713306614681E-006   2.0436512236119489E-006   1.9967187145195393E-006   1.9981184997219074E-006   1.9918487399407241E-006   1.9918309605308752E-006   2.4443177759420279E-006   2.0064558245057681E-006   2.0091238165137686E-006   2.0383491727538001E-006   2.5097431911609612E-006   2.2644240950425525E-006   1.9918309605308752E-006   1.9918309605308752E-006   1.9918309605308752E-006   1.9918309605308752E-006   1.9918309605308752E-006   1.9918309605308752E-006   1.9918309605308752E-006   1.6105002307970259E-006   1.9918309605308752E-006   1.9918309605308752E-006   1.9918309605308752E-006   1.9918309605308752E-006   1.9918309605308752E-006   1.9918309605308752E-006   1.9918309605308752E-006
   5.0431342120775324E-006   5.0346995290832097E-006   5.1199414951768886E-006   5.0493352750465100E-006   5.0521401420132523E-006   5.0431331191986178E-006   5.0431342120775324E-006   5.7150804894865294E-006   5.0635838917198825E-006   5.0716926199047376E-006   5.1152313598931044E-006   5.7446333957101771E-006   5.3141944554067670E-006   5.0431342120775324E-006   5.0431342120775324E-006   5.0431342120775332E-006   5.0431342120775324E-006   5.0431342120775324E-006   5.0431342120775324E-006   5.0431342120775332E-006   4.5904162873921157E-006   5.0431342120775324E-006   5.0431342120775324E-006   5.0431342120775324E-006   5.0431342120775324E-006   5.0431342120775324E-006   5.0431342120775324E-006   5.0431342120775324E-006
  -1.4985737527112642E-006  -1.5036774991497549E-006  -1.4486705499906838E-006  -1.4926805311809772E-006  -1.4923088684072048E-006  -1.4985539650487134E-006  -1.4985737527112642E-006  -1.0674104049019044E-006  -1.4815533120635857E-006  -1.4790336553851128E-006  -1.4426417456486293E-006  -9.6947553628704801E-007  -1.2277477663457340E-006  -1.4985737527112642E-006  -1.4985737527112642E-006  -1.4985737527112642E-006  -1.4985737527112642E-006  -1.4985737527112642E-006  -1.4985737527112642E-006  -1.4985737527112642E-006  -1.8169712457669232E-006  -1.4985737527112642E-006  -1.4985737527112642E-006  -1.4985737527112642E-006  -1.4985737527112642E-006  -1.4985737527112642E-006  -1.4985737527112642E-006  -1.4985737527112642E-006
  -8.6219235957114032E-006  -8.6287199304483296E-006  -8.5549713137900800E-006  -8.6170586708921928E-006  -8.6142200863479254E-006  -8.6219096417883388E-006  -8.6219235957114032E-006  -8.0675163653772763E-006  -8.6014966313786736E-006  -8.5952408452566528E-006  -8.5466933129282314E-006  -8.0462034271998549E-006  -8.3661277131212971E-006  -8.6219235957114032E-006  -8.6219235957114032E-006  -8.6219235957114032E-006  -8.6219235957114032E-006  -8.6219235957114032E-006  -8.6219235957114032E-006  -8.6219235957114032E-006  -8.9655150371192658E-006  -8.6219235957114032E-006  -8.6219235957114032E-006  -8.6219235957114032E-006  -8.6219235957114032E-006  -8.6219235957114032E-006  -8.6219235957114032E-006  -8.6219235957114032E-006
   2.1565326525559745E-005   2.1565367398798201E-005   2.1579587582055214E-005   2.1569069362914656E-005   2.1565486510930478E-005   2.1565328147642259E-005   2.1565326525559745E-005   2.1585870271335726E-005   2.1611540221795019E-005   2.1568447526755482E-005   2.1566872530153719E-005   2.1683865428671443E-005   2.1597701297094039E-005   2.1565326525559745E-005   2.1565326525559745E-005   2.1565326525559745E-005   2.1565326525559745E-005   2.1565326525559745E-005   2.1565326525559745E-005   2.1565326525559745E-005   2.1464337768003623E-005   2.1565326525559745E-005   2.1565326525559745E-005   2.1565326525559745E-005   2.1565326525559745E-005   2.1565326525559745E-005   2.1565326525559745E-005   2.1565326525559745E-005
   2.1548045601454214E-005   2.1547635377294827E-005   2.1559899321473222E-005   2.1551036995376612E-005   2.1547944786244812E-005   2.1548045045551234E-005   2.1548045601454214E-005   2.1564603491743018E-005   2.1581142047907405E-005   2.1550886080215683E-005   2.1549588080417134E-005   2.1631725005157431E-005   2.1576883400842002E-005   2.1548045601454214E-005   2.1548045601454214E-005   2.1548045601454214E-005   2.1548045601454214E-005   2.1548045601454214E-005   2.1548045601454214E-005   2.1548045601454214E-005   2.1465905605172658E-005   2.1548045601454214E-005   2.1548045601454214E-005   2.1548045601454214E-005   2.1548045601454214E-005   2.1548045601454214E-005   2.1548045601454214E-005   2.1548045601454214E-005
   2.1164532542515209E-005   2.1164475346186230E-005   2.1180423599415277E-005   2.1168610674945912E-005   2.1164864595340749E-005   2.1164529426505581E-005   2.1164532542515209E-005   2.1187050613472579E-005   2.1217181421769430E-005   2.1169154462756421E-005   2.1166585814227131E-005   2.1293357323494914E-005   2.1207693902203450E-005   2.1164532542515209E-005   2.1164532542515209E-005   2.1164532542515209E-005   2.1164532542515209E-005   2.1164532542515209E-005   2.1164532542515209E-005   2.1164532542515209E-005   2.1058020317177249E-005   2.1164532542515209E-005   2.1164532542515209E-005   2.1164532542515209E-005   2.1164532542515209E-005   2.1164532542515209E-005   2.1164532542515209E-005   2.1164532542515209E-005
   2.0890099781700140E-005   2.0889839213598478E-005   2.0902091258654659E-005   2.0893877874926800E-005   2.0889975128188103E-005   2.0890099185772719E-005   2.0890099781700140E-005   2.0907240119796193E-005   2.0925255857057519E-005   2.0893493525122036E-005   2.0892007050869111E-005   2.0994527335524544E-005   2.0927475963369647E-005   2.0890099781700140E-005   2.0890099781700140E-005   2.0890099781700140E-005   2.0890099781700140E-005   2.0890099781700140E-005   2.0890099781700140E-005   2.0890099781700140E-005   2.0810416686543077E-005   2.0890099781700140E-005   2.0890099781700140E-005   2.0890099781700140E-005   2.0890099781700140E-005   2.0890099781700140E-005   2.0890099781700140E-005   2.0890099781700140E-005
   2.0311207313491399E-005   2.0311427230672300E-005   2.0324614791453366E-005   2.0313817018245451E-005   2.0311543459986136E-005   2.0311206689585358E-005   2.0311207313491399E-005   2.0329105174671911E-005   2.0352942979202106E-005   2.0315467508992701E-005   2.0312926551096066E-005   2.0404058854127683E-005   2.0346549148633232E-005   2.0311207313491399E-005   2.0311207313491399E-005   2.0311207313491399E-005   2.0311207313491399E-005   2.0311207313491399E-005   2.0311207313491399E-005   2.0311207313491399E-005   2.0236125754298045E-005   2.0311207313491399E-005   2.0311207313491399E-005   2.0311207313491399E-005   2.0311207313491399E-005   2.0311207313491399E-005   2.0311207313491399E-005   2.0311207313491399E-005
  0.51697657571351208       0.51698432379549697       0.51722827822089312       0.51699281179224843       0.51701420029030543       0.51697656836482164       0.51697657571351208       0.51762532475897116       0.51714863372394715       0.51706182203030693       0.51703258481464098       0.51841897316274910       0.51820741144966653       0.51697657571351208       0.51697657571351208       0.51697657571351208       0.51697657571351208       0.51697657571351208       0.51697657571351208       0.51697657571351208       0.51602987774939146       0.51697657571351208       0.51697657571351208       0.51697657571351208       0.51697657571351208       0.51697657571351208       0.51697657571351208       0.51697657571351208     
  0.51789546363758476       0.51790359741759939       0.51811970543570318       0.51791268229313558       0.51792849123329787       0.51789545785599322       0.51789546363758476       0.51850656154622066       0.51806240833922412       0.51798790509525605       0.51792465042126867       0.51958398860796196       0.51943412969775005       0.51789546363758476       0.51789546363758476       0.51789546363758476       0.51789546363758476       0.51789546363758476       0.51789546363758476       0.51789546363758476       0.51691950228309635       0.51789546363758476       0.51789546363758476       0.51789546363758476       0.51789546363758476       0.51789546363758476       0.51789546363758476       0.51789546363758476     
  0.51968155791103599       0.51969803040539497       0.51994664970352089       0.51970460595554624       0.51972177486053284       0.51968158144144694       0.51968155791103599       0.52014243109952207       0.51997142536019003       0.51983251380507067       0.51973643286998927       0.52158953562041510       0.52075027595549139       0.51968155791103599       0.51968155791103599       0.51968155791103599       0.51968155791103599       0.51968155791103599       0.51968155791103599       0.51968155791103599       0.51867319617320362       0.51968155791103599       0.51968155791103599       0.51968155791103599       0.51968155791103599       0.51968155791103599       0.51968155791103599       0.51968155791103599     
  0.51125943544473129       0.51127110822184196       0.51149880380376045       0.51127988635474308       0.51129227003445876       0.51125943314894640       0.51125943544473129       0.51206659252459064       0.51142510807996455       0.51136566511275550       0.51129050456858793       0.51261280207391957       0.51267817618942402       0.51125943544473129       0.51125943544473129       0.51125943544473129       0.51125943544473129       0.51125943544473129       0.51125943544473129       0.51125943544473129       0.51034806048948689       0.51125943544473129       0.51125943544473129       0.51125943544473129       0.51125943544473129       0.51125943544473129       0.51125943544473129       0.51125943544473129     
  0.51275162795191043       0.51276792797715187       0.51296366389277448       0.51276663205203887       0.51278410702366151       0.51275161937763980       0.51275162795191043       0.51330603764078886       0.51293568959763003       0.51290727950404236       0.51278141501725572       0.51463064000482439       0.51418579813545850       0.51275162795191043       0.51275162795191043       0.51275162795191043       0.51275162795191043       0.51275162795191043       0.51275162795191043       0.51275162795191043       0.51187242289003709       0.51275162795191043       0.51275162795191043       0.51275162795191043       0.51275162795191043       0.51275162795191043       0.51275162795191043       0.51275162795191043     
   6.1516650995465687        6.1519409877578326        6.1399998935821243        6.1490785086553243        6.1507763085183083        6.1516666387787655        6.1516650995465687        6.1263305620718951        6.1233633192780133        6.1435665313866679        6.1143835542131741        6.0426549402066128        6.1294462749837342        6.1516650995465687        6.1516650995465687        6.1516650995465687        6.1516650995465687        6.1516650995465687        6.1516650995465687        6.1516650995465687        6.2396929260550094        6.1516650995465687        6.1516650995465687        6.1516650995465687        6.1516650995465687        6.1516650995465687        6.1516650995465687        6.1516650995465687     
   2.2910738024120474        2.2913213150277669        2.2859551525723956        2.2895707542394423        2.2908264608528022        2.2910740397182949        2.2910738024120474        2.2853019269695301        2.2779882428176914        2.2874099220922886        2.2742580307979021        2.2373292485077894        2.2590624682119058        2.2910738024120474        2.2910738024120474        2.2910738024120474        2.2910738024120474        2.2910738024120474        2.2910738024120474        2.2910738024120474        2.3369455322210166        2.2910738024120474        2.2910738024120474        2.2910738024120474        2.2910738024120474        2.2910738024120474        2.2910738024120474        2.2910738024120474     
  -7.7738805235980671E-006  -7.7887732709774545E-006  -7.6513705350828361E-006  -7.7659068399435079E-006  -7.7598058597396376E-006  -7.7738904006611339E-006  -7.7738805235980671E-006  -6.7219922988038758E-006  -7.7372119005701622E-006  -7.7326263460668478E-006  -7.6627335757382560E-006  -6.7749526545179911E-006  -7.5833427813639573E-006  -7.7738805235980671E-006  -7.7738805235980671E-006  -7.7738805235980671E-006  -7.7738805235980671E-006  -7.7738805235980671E-006  -7.7738805235980671E-006  -7.7738805235980671E-006  -8.3846268719589030E-006  -7.7738805235980671E-006  -7.7738805235980671E-006  -7.7738805235980671E-006  -7.7738805235980671E-006  -7.7738805235980671E-006  -7.7738805235980671E-006  -7.7738805235980671E-006
   1.2043998827944549E-006   1.1992978380599774E-006   1.2559926255606034E-006   1.2094143458746471E-006   1.2106473546035708E-006   1.2044243130381765E-006   1.2043998827944545E-006   1.6528484014912624E-006   1.2195414301298477E-006   1.2231855794577189E-006   1.2549863293729807E-006   1.7229957155654979E-006   1.4860090115962932E-006   1.2043998827944549E-006   1.2043998827944545E-006   1.2043998827944549E-006   1.2043998827944549E-006   1.2043998827944549E-006   1.2043998827944549E-006   1.2043998827944549E-006   8.5447410800932406E-007   1.2043998827944549E-006   1.2043998827944549E-006   1.2043998827944549E-006   1.2043998827944549E-006   1.2043998827944549E-006   1.2043998827944549E-006   1.2043998827944549E-006
   1.9229254712841082E-005   1.9230372777600669E-005   1.9247893876827748E-005   1.9234172411948890E-005   1.9230202135069354E-005   1.9229250489611887E-005   1.9229254712841082E-005   1.9265318998448258E-005   1.9302921911946817E-005   1.9235936579544728E-005   1.9232059350237972E-005   1.9424387144499898E-005   1.9284472850256529E-005   1.9229254712841082E-005   1.9229254712841085E-005   1.9229254712841082E-005   1.9229254712841082E-005   1.9229254712841082E-005   1.9229254712841082E-005   1.9229254712841082E-005   1.9099644589897244E-005   1.9229254712841082E-005   1.9229254712841082E-005   1.9229254712841082E-005   1.9229254712841082E-005   1.9229254712841082E-005   1.9229254712841082E-005   1.9229254712841082E-005
   2.1437850923339371E-005   2.1437534939254570E-005   2.1450380299783069E-005   2.1441016024838896E-005   2.1437819579919751E-005   2.1437850927807226E-005   2.1437850923339371E-005   2.1453619603163050E-005   2.1473737947805746E-005   2.1440940498366569E-005   2.1439410634958060E-005   2.1526977133308864E-005   2.1469617265498237E-005   2.1437850923339371E-005   2.1437850923339371E-005   2.1437850923339371E-005   2.1437850923339371E-005   2.1437850923339371E-005   2.1437850923339371E-005   2.1437850923339371E-005   2.1356521541091747E-005   2.1437850923339371E-005   2.1437850923339371E-005   2.1437850923339371E-005   2.1437850923339371E-005   2.1437850923339371E-005   2.1437850923339371E-005   2.1437850923339371E-005
  0.50896206578045622       0.50897199302702556       0.50929469271818550       0.50897620290426748       0.50900911777136360       0.50896209434994055       0.50896206578045622       0.50964173754182240       0.50916363699836287       0.50918022576152799       0.50897643949522564       0.50992950696251960       0.50855859151554095       0.50896206578045622       0.50896206578045622       0.50896206578045622       0.50896206578045622       0.50896206578045622       0.50896206578045622       0.50896206578045622       0.50817177186258222       0.50896206578045622       0.50896206578045622       0.50896206578045622       0.50896206578045622       0.50896206578045622       0.50896206578045622       0.50896206578045622     
  0.51694951467441541       0.51696198667228122       0.51717056373652492       0.51696868114954320       0.51698256406893772       0.51694950926935723       0.51694951467441541       0.51755413410867934       0.51714412293942624       0.51704927390678801       0.51699443077246621       0.51873109288453356       0.51860925313607975       0.51694951467441541       0.51694951467441541       0.51694951467441541       0.51694951467441541       0.51694951467441541       0.51694951467441541       0.51694951467441541       0.51597697380308982       0.51694951467441541       0.51694951467441541       0.51694951467441541       0.51694951467441541       0.51694951467441541       0.51694951467441541       0.51694951467441541     
   3.1019315021476763        3.1017114226923157        3.0916141193336792        3.0993271883640281        3.1012159389245286        3.1019300915272914        3.1019315021476763        3.0932606381026666        3.0693846433725405        3.0952104997398466        3.0773870485752290        3.0021128157378278        3.0624481015651162        3.1019315021476763        3.1019315021476763        3.1019315021476763        3.1019315021476763        3.1019315021476763        3.1019315021476763        3.1019315021476763        3.1764683184812679        3.1019315021476763        3.1019315021476763        3.1019315021476763        3.1019315021476763        3.1019315021476763        3.1019315021476763        3.1019315021476763     
   2.8837424601863235        2.8840135108052141        2.8777736841076931        2.8821084588891210        2.8834101535146877        2.8837429751889947        2.8837424601863235        2.8749183656237607        2.8689797934115728        2.8794838809593224        2.8639237756438245        2.8229097730471406        2.8536204264391092        2.8837424601863235        2.8837424601863235        2.8837424601863235        2.8837424601863235        2.8837424601863235        2.8837424601863235        2.8837424601863235        2.9352834274747197        2.8837424601863235        2.8837424601863235        2.8837424601863235        2.8837424601863235        2.8837424601863235        2.8837424601863235        2.8837424601863235     
  -2.9605116600800609E-006  -2.9696973613518971E-006  -2.8603309135003044E-006  -2.9530327192570374E-006  -2.9479319591375122E-006  -2.9603520148209853E-006  -2.9605116600800609E-006  -2.0744240962356032E-006  -2.9232391916450899E-006  -2.9273957302834559E-006  -2.8881017937741093E-006  -2.0566737858037650E-006  -2.6088581084096796E-006  -2.9605116600800609E-006  -2.9605116600800618E-006  -2.9605116600800609E-006  -2.9605116600800609E-006  -2.9605116600800609E-006  -2.9605116600800609E-006  -2.9605116600800609E-006  -3.4837766151214713E-006  -2.9605116600800609E-006  -2.9605116600800609E-006  -2.9605116600800609E-006  -2.9605116600800609E-006  -2.9605116600800609E-006  -2.9605116600800609E-006  -2.9605116600800609E-006
  -8.1603563593212666E-008  -8.8126536086366063E-008  -2.0488553315865470E-008  -7.6209458809542222E-008  -7.4344383872652405E-008  -8.1590169065644784E-008  -8.1603563593212666E-008   4.4689031325009868E-007  -6.3870527380029850E-008  -5.9757869346618733E-008  -2.2088769251741566E-008   4.9921347844287763E-007   1.8241245253462139E-007  -8.1603563593212666E-008  -8.1603563593212666E-008  -8.1603563593212666E-008  -8.1603563593212666E-008  -8.1603563593212666E-008  -8.1603563593212666E-008  -8.1603563593212666E-008  -4.6676754046630552E-007  -8.1603563593212666E-008  -8.1603563593212666E-008  -8.1603563593212666E-008  -8.1603563593212666E-008  -8.1603563593212666E-008  -8.1603563593212666E-008  -8.1603563593212666E-008
   2.0746578800745333E-005   2.0746690649799071E-005   2.0770237765275844E-005   2.0752552978186452E-005   2.0747680059426026E-005   2.0746589223874988E-005   2.0746578800745333E-005   2.0769724901477726E-005   2.0834395775636375E-005   2.0751631628902767E-005   2.0747686647755771E-005   2.0943712562086341E-005   2.0791315734518020E-005   2.0746578800745340E-005   2.0746578800745340E-005   2.0746578800745333E-005   2.0746578800745340E-005   2.0746578800745333E-005   2.0746578800745333E-005   2.0746578800745333E-005   2.0609891327785677E-005   2.0746578800745333E-005   2.0746578800745333E-005   2.0746578800745333E-005   2.0746578800745333E-005   2.0746578800745333E-005   2.0746578800745333E-005   2.0746578800745333E-005
   2.1108003319515614E-005   2.1107902357698711E-005   2.1121071817461496E-005   2.1111338600842628E-005   2.1108084683356398E-005   2.1108002216967768E-005   2.1108003319515614E-005   2.1126761569049672E-005   2.1147908197070906E-005   2.1111595412561064E-005   2.1109783044004001E-005   2.1209930231677948E-005   2.1143044055169666E-005   2.1108003319515614E-005   2.1108003319515614E-005   2.1108003319515614E-005   2.1108003319515614E-005   2.1108003319515614E-005   2.1108003319515614E-005   2.1108003319515614E-005   2.1021093588019473E-005   2.1108003319515614E-005   2.1108003319515614E-005   2.1108003319515614E-005   2.1108003319515614E-005   2.1108003319515614E-005   2.1108003319515614E-005   2.1108003319515614E-005
  0.50917563890993245       0.50919387934335170       0.50955192406447636       0.50921251502821441       0.50923166759853600       0.50917561929767052       0.50917563890993245       0.51001061671533909       0.50979072778918189       0.50926116781801412       0.50944565625432814       0.51222412489735547       0.51108634594426139       0.50917563890993245       0.50917563890993245       0.50917563890993245       0.50917563890993245       0.50917563890993245       0.50917563890993245       0.50917563890993245       0.50772568853002653       0.50917563890993245       0.50917563890993245       0.50917563890993245       0.50917563890993245       0.50917563890993245       0.50917563890993245       0.50917563890993245     
  0.51597023690990518       0.51598206293548721       0.51620307636837071       0.51598787115015998       0.51600462427268878       0.51597023758506444       0.51597023690990518       0.51657768574922303       0.51614894122341581       0.51608975647925293       0.51600108634347075       0.51756858652702942       0.51728551686102808       0.51597023690990518       0.51597023690990518       0.51597023690990518       0.51597023690990518       0.51597023690990518       0.51597023690990518       0.51597023690990518       0.51504656276556204       0.51597023690990518       0.51597023690990518       0.51597023690990518       0.51597023690990518       0.51597023690990518       0.51597023690990518       0.51597023690990518     
   7.3792714195784051E-002   7.5045195873030116E-002   7.7241100190955370E-002   7.3806737247784041E-002   7.3798604763112591E-002   7.3792707766789603E-002   7.3792714195784051E-002   7.4088599420552473E-002   7.3936758929429289E-002   7.3821028635528585E-002   7.3862351380826544E-002   7.4674047647017724E-002   7.4474624570725026E-002   7.3792714195784051E-002   7.3792714195784023E-002   7.3792714195784079E-002   7.3792714195784051E-002   7.3792714195784051E-002   7.3792714195784051E-002   7.3792714195784065E-002   7.1469739762315743E-002   7.3792714195784051E-002   7.3792714195784051E-002   7.3792714195784051E-002   7.3792714195784051E-002   7.3792714195784051E-002   7.3792714195784051E-002   7.3792714195784051E-002
  0.16078709867007679       0.16199644150007253       0.16406265913065168       0.16079572357439248       0.16079172380992232       0.16078709465688565       0.16078709867007679       0.16098008584047385       0.16088009853203708       0.16080558883441851       0.16083206080776227       0.16147283898929213       0.16145653558515913       0.16078709867007676       0.16078709867007679       0.16078709867007682       0.16078709867007679       0.16078709867007679       0.16078709867007679       0.16078709867007682       0.15867126930392128       0.16078709867007679       0.16078709867007679       0.16078709867007679       0.16078709867007679       0.16078709867007679       0.16078709867007679       0.16078709867007679     
   3.0221350033081868E-002   3.1597634838848664E-002   3.4019666351627932E-002   3.0238191939033012E-002   3.0228657735923599E-002   3.0221342416755267E-002   3.0221350033081868E-002   3.0565656302120856E-002   3.0389269784765850E-002   3.0253489988362966E-002   3.0301316507474221E-002   3.1209785606721489E-002   3.0903817726711434E-002   3.0221350033081847E-002   3.0221350033081837E-002   3.0221350033081851E-002   3.0221350033081851E-002   3.0221350033081868E-002   3.0221350033081868E-002   3.0221350033081868E-002   2.7653726893802740E-002   3.0221350033081868E-002   3.0221350033081868E-002   3.0221350033081868E-002   3.0221350033081868E-002   3.0221350033081868E-002   3.0221350033081868E-002   3.0221350033081868E-002
   2.6610657689914372E-002   2.7825288920663785E-002   2.9996013274984742E-002   2.6630679145503870E-002   2.6617979284658817E-002   2.6610649173847638E-002   2.6610657689914372E-002   2.6978819349477729E-002   2.6789160446107199E-002   2.6644354966255928E-002   2.6697198698890232E-002   2.7529095564636140E-002   2.7102136849339122E-002   2.6610657689914368E-002   2.6610657689914368E-002   2.6610657689914372E-002   2.6610657689914372E-002   2.6610657689914372E-002   2.6610657689914372E-002   2.6610657689914368E-002   2.4268250627767059E-002   2.6610657689914372E-002   2.6610657689914372E-002   2.6610657689914372E-002   2.6610657689914372E-002   2.6610657689914372E-002   2.6610657689914372E-002   2.6610657689914372E-002
   3.1285468412449710E-002   3.2705017044987787E-002   3.5180386364647230E-002   3.1298735718525275E-002   3.1292851714758110E-002   3.1285461727394770E-002   3.1285468412449710E-002   3.1607359480043833E-002   3.1440755870459997E-002   3.1317816288967626E-002   3.1361470661895534E-002   3.2303328485675367E-002   3.2232582575991105E-002   3.1285468412449696E-002   3.1285468412449710E-002   3.1285468412449717E-002   3.1285468412449724E-002   3.1285468412449710E-002   3.1285468412449710E-002   3.1285468412449710E-002   2.8653495882031893E-002   3.1285468412449710E-002   3.1285468412449710E-002   3.1285468412449710E-002   3.1285468412449710E-002   3.1285468412449710E-002   3.1285468412449710E-002   3.1285468412449710E-002
  0.11950157108933013       0.12054670066072740       0.12239610504199865       0.11951296286612040       0.11950442324009311       0.11950156576156741       0.11950157108933013       0.11975417882088608       0.11962730819348286       0.11952650919043144       0.11956239265163721       0.12029879028826046       0.12012138233876495       0.11950157108933016       0.11950157108933017       0.11950157108933010       0.11950157108933013       0.11950157108933013       0.11950157108933013       0.11950157108933013       0.11754012217222766       0.11950157108933013       0.11950157108933013       0.11950157108933013       0.11950157108933013       0.11950157108933013       0.11950157108933013       0.11950157108933013     
   3.0099635733166496E-002   3.1445245954347216E-002   3.3809859774172189E-002   3.0112088173561983E-002   3.0103500263205452E-002   3.0099629627135860E-002   3.0099635733166496E-002   3.0399560393007515E-002   3.0236537861566191E-002   3.0125187046190677E-002   3.0159400745408373E-002   3.0999006781322485E-002   3.0839500853712669E-002   3.0099635733166496E-002   3.0099635733166506E-002   3.0099635733166496E-002   3.0099635733166496E-002   3.0099635733166496E-002   3.0099635733166496E-002   3.0099635733166496E-002   2.7592484913751734E-002   3.0099635733166496E-002   3.0099635733166496E-002   3.0099635733166496E-002   3.0099635733166496E-002   3.0099635733166496E-002   3.0099635733166496E-002   3.0099635733166496E-002
   2.9174937071384657E-002   3.0496823987024621E-002   3.2815227087591499E-002   2.9190156084659545E-002   2.9182149924562119E-002   2.9174929538095338E-002   2.9174937071384657E-002   2.9517687730888777E-002   2.9331762806052292E-002   2.9204037877753480E-002   2.9246376791931261E-002   3.0125405247519249E-002   2.9786941373757932E-002   2.9174937071384646E-002   2.9174937071384629E-002   2.9174937071384650E-002   2.9174937071384650E-002   2.9174937071384657E-002   2.9174937071384657E-002   2.9174937071384650E-002   2.6688535781596610E-002   2.9174937071384657E-002   2.9174937071384657E-002   2.9174937071384657E-002   2.9174937071384657E-002   2.9174937071384657E-002   2.9174937071384657E-002   2.9174937071384657E-002
   5.1973844979984279E-002   5.3224775311919457E-002   5.5424081971969977E-002   5.1987826256967955E-002   5.1980091035409209E-002   5.1973838457532409E-002   5.1973844979984279E-002   5.2260050044156230E-002   5.2115381149287592E-002   5.2002126573721531E-002   5.2042974697487393E-002   5.2855446403230338E-002   5.2637251084020197E-002   5.1973844979984266E-002   5.1973844979984266E-002   5.1973844979984279E-002   5.1973844979984279E-002   5.1973844979984279E-002   5.1973844979984279E-002   5.1973844979984279E-002   4.9657439728802120E-002   5.1973844979984279E-002   5.1973844979984279E-002   5.1973844979984279E-002   5.1973844979984279E-002   5.1973844979984279E-002   5.1973844979984279E-002   5.1973844979984279E-002
   7.8194196690290874E-002   7.9548597831666013E-002   8.1916181090466555E-002   7.8212522082616767E-002   7.8201184724436379E-002   7.8194189214337129E-002   7.8194196690290874E-002   7.8527642880274723E-002   7.8363699413199525E-002   7.8228319227884771E-002   7.8280958186973684E-002   7.9146777806848992E-002   7.8893840555891617E-002   7.8194196690290874E-002   7.8194196690290887E-002   7.8194196690290874E-002   7.8194196690290874E-002   7.8194196690290874E-002   7.8194196690290874E-002   7.8194196690290846E-002   7.5694651766135532E-002   7.8194196690290874E-002   7.8194196690290874E-002   7.8194196690290874E-002   7.8194196690290874E-002   7.8194196690290874E-002   7.8194196690290874E-002   7.8194196690290874E-002
  0.17824712225941586       0.17923986952829929       0.18097510222527982       0.17825730621468855       0.17825227264981933       0.17824711772901522       0.17824712225941586       0.17846517103474988       0.17836292360393699       0.17827168397237447       0.17830831521604881       0.17897167965461147       0.17894160146316387       0.17824712225941586       0.17824712225941586       0.17824712225941586       0.17824712225941583       0.17824712225941586       0.17824712225941586       0.17824712225941586       0.17643551617720871       0.17824712225941586       0.17824712225941586       0.17824712225941586       0.17824712225941586       0.17824712225941586       0.17824712225941586       0.17824712225941586     
  0.28126413213570595       0.28126625449887288       0.28125601922519683       0.28126415802640625       0.28126412733029799       0.28126413212124507       0.28126413213570595       0.28126497843194109       0.28126447713746461       0.28126420356855397       0.28126430961961618       0.28126633411596391       0.28126549096295667       0.28126413213570595       0.28126413213570595       0.28126413213570595       0.28126413213570595       0.28126413213570595       0.28126413213570595       0.28126413213570595       0.28126858594526061       0.28126413213570595       0.28126413213570595       0.28126413213570595       0.28126413213570595       0.28126413213570595       0.28126413213570595       0.28126413213570595     
   3.5527092443176013E-002   3.7010187942038843E-002   3.9612988322968438E-002   3.5543697104176590E-002   3.5534070341499170E-002   3.5527084831097504E-002   3.5527092443176013E-002   3.5877394069748804E-002   3.5697640873768526E-002   3.5560615967765885E-002   3.5609540639378288E-002   3.6570571180122705E-002   3.6334522411927153E-002   3.5527092443176034E-002   3.5527092443176027E-002   3.5527092443176006E-002   3.5527092443176013E-002   3.5527092443176013E-002   3.5527092443176013E-002   3.5527092443176006E-002   3.2774851705518998E-002   3.5527092443176013E-002   3.5527092443176013E-002   3.5527092443176013E-002   3.5527092443176013E-002   3.5527092443176013E-002   3.5527092443176013E-002   3.5527092443176013E-002
   6.2768084482646772E-002   6.2561912095600636E-002   6.2860551634623063E-002   6.2769006411385372E-002   6.2754261869397199E-002   6.2768085220381853E-002   6.2768084482646772E-002   6.2789123907631736E-002   6.2779969068739547E-002   6.2769004141306831E-002   6.2770825671184249E-002   6.2822267788390590E-002   6.2787118413549212E-002   6.2768084482646772E-002   6.2768084482646772E-002   6.2768084482646772E-002   6.2768084482646772E-002   6.2768084482646772E-002   6.2768084482646772E-002   6.2768084482646772E-002   6.2790432756634221E-002   6.2768084482646772E-002   6.2768084482646772E-002   6.2768084482646772E-002   6.2768084482646772E-002   6.2768084482646772E-002   6.2768084482646772E-002   6.2768084482646772E-002
   7.4239281475303551E-002   7.5550847874141167E-002   7.7823603423616924E-002   7.4253835205714103E-002   7.4245970551212459E-002   7.4239274756011178E-002   7.4239281475303551E-002   7.4546299694493570E-002   7.4388679531381272E-002   7.4268705577066690E-002   7.4311628371596869E-002   7.5154119742557077E-002   7.4948042541648607E-002   7.4239281475303523E-002   7.4239281475303523E-002   7.4239281475303565E-002   7.4239281475303551E-002   7.4239281475303551E-002   7.4239281475303551E-002   7.4239281475303551E-002   7.1821306628368664E-002   7.4239281475303551E-002   7.4239281475303551E-002   7.4239281475303551E-002   7.4239281475303551E-002   7.4239281475303551E-002   7.4239281475303551E-002   7.4239281475303551E-002
   2.8900014118538927E-002   3.0213202815855444E-002   3.2515541271639407E-002   2.8914716859283877E-002   2.8906190198059397E-002   2.8900007377935005E-002   2.8900014118538927E-002   2.9210240718997627E-002   2.9051040612233247E-002   2.8929700941842384E-002   2.8973026575305386E-002   2.9824065262561941E-002   2.9614976271857024E-002   2.8900014118538934E-002   2.8900014118538944E-002   2.8900014118538927E-002   2.8900014118538930E-002   2.8900014118538927E-002   2.8900014118538927E-002   2.8900014118538920E-002   2.6464446536509638E-002   2.8900014118538927E-002   2.8900014118538927E-002   2.8900014118538927E-002   2.8900014118538927E-002   2.8900014118538927E-002   2.8900014118538927E-002   2.8900014118538927E-002
   1.0000000000000000        1.0000000000000000        1.0000000000000000        1.0000000000000000        1.0000000000000000        1.0000000000000000        1.0000000000000000        1.0000000000000000        1.0000000000000000        1.0000000000000000        1.0000000000000000        1.0000000000000000        1.0000000000000000        1.0000000000000000        1.0000000000000000        1.0000000000000000        1.0000000000000000        1.0000000000000000        1.0000000000000000        1.0000000000000000        1.0000000000000000        1.0000000000000000        1.0000000000000000        1.0000000000000000        1.0000000000000000        1.0000000000000000        1.0000000000000000        1.0000000000000000     
  0.28523763103100119       0.28549226621123974       0.28549771574989607       0.28515445254499217       0.28520955851400254       0.28523768214650397       0.28523763103100119       0.28318592870442177       0.28426478247447590       0.28505034329700502       0.28478387168892777       0.28108989763521969       0.28402766382828232       0.28523763103100119       0.28523763103100119       0.28523763103100119       0.28523763103100119       0.28523763103100119       0.28523763103100119       0.28523763103100119       0.28795225014643611       0.28523763103100119       0.28523763103100119       0.28523763103100119       0.28523763103100119       0.28523763103100119       0.28523763103100119       0.28523763103100119     
   2.3258626991997002        2.3267780204023105        2.3204507878928231        2.3234591823630089        2.3253479765438718        2.3258636338782419        2.3258626991997002        2.3137902146029976        2.3017202984119485        2.3190814953045038        2.2953228477533618        2.2394788443611042        2.2988960999194070        2.3258626991997002        2.3258626991997002        2.3258626991997002        2.3258626991997002        2.3258626991997002        2.3258626991997002        2.3258626991997002        2.3977846719572433        2.3258626991997002        2.3258626991997002        2.3258626991997002        2.3258626991997002        2.3258626991997002        2.3258626991997002        2.3258626991997002     
   6.4572334241706387E-007   6.2761731891980522E-007   7.0423981144726131E-007   6.5384478675987255E-007   6.5836817928572147E-007   6.4573821168800921E-007   6.4572334241706387E-007   1.5169124998173527E-006   6.8261583596334178E-007   6.8150612002021214E-007   7.3974943613420195E-007   1.5394453472632370E-006   9.1193518570680532E-007   6.4572334241706387E-007   6.4572334241706398E-007   6.4572334241706387E-007   6.4572334241706387E-007   6.4572334241706387E-007   6.4572334241706387E-007   6.4572334241706387E-007   9.3460663229415963E-008   6.4572334241706387E-007   6.4572334241706387E-007   6.4572334241706387E-007   6.4572334241706387E-007   6.4572334241706387E-007   6.4572334241706387E-007   6.4572334241706387E-007
   2.1339094536135478E-005   2.1337104861975496E-005   2.1349549722788498E-005   2.1343995470605546E-005   2.1340007974613295E-005   2.1339093500625320E-005   2.1339094536135478E-005   2.1368977251092165E-005   2.1403813825905576E-005   2.1344701619717373E-005   2.1341756815256590E-005   2.1508414983649418E-005   2.1391164920823938E-005   2.1339094536135478E-005   2.1339094536135478E-005   2.1339094536135478E-005   2.1339094536135478E-005   2.1339094536135478E-005   2.1339094536135478E-005   2.1339094536135478E-005   2.1218654138065911E-005   2.1339094536135478E-005   2.1339094536135478E-005   2.1339094536135478E-005   2.1339094536135478E-005   2.1339094536135478E-005   2.1339094536135478E-005   2.1339094536135478E-005
  0.51285819091008489       0.51281105329556020       0.51300303920278800       0.51288982913848846       0.51288423661212046       0.51285821516798036       0.51285819091008489       0.51393924983927886       0.51321030037509885       0.51305126176425830       0.51294274678868457       0.51474662859080444       0.51344608558958382       0.51285819091008489       0.51285819091008489       0.51285819091008489       0.51285819091008489       0.51285819091008489       0.51285819091008489       0.51285819091008489       0.51165513094491322       0.51285819091008489       0.51285819091008489       0.51285819091008489       0.51285819091008489       0.51285819091008489       0.51285819091008489       0.51285819091008489     
   5.1094890510948905E-002   5.1094890510948905E-002   5.1094890510948905E-002   5.1094890510948905E-002   5.1094890510948905E-002   5.1094890510948905E-002   5.1094890510948905E-002   5.1094890510948905E-002   5.1094890510948905E-002   5.1094890510948905E-002   5.1094890510948905E-002   5.1094890510948905E-002   5.1094890510948905E-002   5.1094890510948905E-002   5.1094890510948905E-002   5.1094890510948905E-002   5.1094890510948905E-002   5.1094890510948905E-002   5.1094890510948905E-002   5.1094890510948905E-002   4.8661800486618008E-002   5.1094890510948905E-002   5.1094890510948905E-002   5.1094890510948905E-002   5.1094890510948905E-002   5.1094890510948905E-002   5.1094890510948905E-002   5.1094890510948905E-002
   4.8661800486618008E-002   4.8661800486618008E-002   5.1094890510948905E-002   4.8661800486618008E-002   4.8661800486618008E-002   4.8661800486618008E-002   4.8661800486618008E-002   4.8661800486618008E-002   4.8661800486618008E-002   4.8661800486618008E-002   4.8661800486618008E-002   4.8661800486618008E-002   4.8661800486618008E-002   4.8661800486618008E-002   4.8661800486618008E-002   4.8661800486618008E-002   4.8661800486618008E-002   4.8661800486618008E-002   4.8661800486618008E-002   4.8661800486618008E-002   4.6228710462287104E-002   4.8661800486618008E-002   4.8661800486618008E-002   4.8661800486618008E-002   4.8661800486618008E-002   4.8661800486618008E-002   4.8661800486618008E-002   4.8661800486618008E-002
  0.94160583941605835       0.94160583941605835       0.93187347931873477       0.94160583941605835       0.94160583941605835       0.94160583941605835       0.94160583941605835       0.94160583941605835       0.94160583941605835       0.94160583941605835       0.94160583941605835       0.93917274939172746       0.93430656934306566       0.94160583941605835       0.94160583941605835       0.94160583941605835       0.94160583941605835       0.94160583941605835       0.94160583941605835       0.94160583941605835       0.93673965936739656       0.94160583941605835       0.94160583941605835       0.94160583941605835       0.94160583941605835       0.94160583941605835       0.94160583941605835       0.94160583941605835     
  0.93187347931873477       0.93187347931873477       0.91727493917274938       0.93187347931873477       0.93187347931873477       0.93187347931873477       0.93187347931873477       0.93430656934306566       0.93187347931873477       0.93187347931873477       0.93187347931873477       0.93673965936739656       0.93187347931873477       0.93187347931873477       0.93187347931873477       0.93187347931873477       0.93187347931873477       0.93187347931873477       0.93187347931873477       0.93187347931873477       0.93187347931873477       0.93187347931873477       0.93187347931873477       0.93187347931873477       0.93187347931873477       0.93187347931873477       0.93187347931873477       0.93187347931873477     
  0.73011119643934086       0.73005081242877901       0.73036689553877954       0.73018976677079950       0.73013807275909126       0.73011115024101869       0.73011119643934086       0.73204347651806689       0.73102790099388726       0.73028780121436820       0.73053910952292533       0.73405971741856080       0.73133033053748253       0.73011119643934086       0.73011119643934086       0.73011119643934086       0.73011119643934086       0.73011119643934086       0.73011119643934086       0.73011119643934086       0.72728681662476746       0.73011119643934086       0.73011119643934086       0.73011119643934086       0.73011119643934086       0.73011119643934086       0.73011119643934086       0.73011119643934086     
