  economy_id district_id avg_expect_cont avg_C1 avg_C2 avg_expect_exp avg_expect_MA lambda urban suburban budg_per_teach budget capacity share_tenured
           1           1  -1.2565868011757316E-005  -4.0379097938004339E-005   1.6825417107435799E-005   13.897164361594864       0.48645923911805244       0.51379310000000000        0.0000000000000000        0.0000000000000000        43.883902890251605        746.02634913427732        17.000000000000000        0.0000000000000000     
           1           2  -7.9979982698936146E-006  -3.2018146610797474E-005   1.7384995016571725E-005   11.445254892922087       0.51329524373715496       0.51379310000000000        0.0000000000000000        0.0000000000000000        42.941297364806879        730.00205520171698        17.000000000000000        0.0000000000000000     
           1           3  -1.2566454688526384E-005  -4.0380247895506236E-005   1.6825425670581447E-005   13.897249756249272       0.48645758571651759       0.51379310000000000        0.0000000000000000        0.0000000000000000        47.772430459879118        812.13131781794505        17.000000000000000        0.0000000000000000     
           1           4  -1.0884823745899759E-005  -3.7273410827184379E-005   1.7000987749397783E-005   12.977597358965145       0.49757399593393092       0.51379310000000000        0.0000000000000000        0.0000000000000000        51.748974732531217        879.73257045303069        17.000000000000000        0.0000000000000000     
           1           5  -1.1752855506966852E-005  -3.8872205286296266E-005   1.6905180389080424E-005   13.449217643002815       0.49205141243241929       0.51379310000000000        0.0000000000000000        0.0000000000000000        52.475607012480815        892.08531921217389        17.000000000000000        0.0000000000000000     
           1           6  -7.9984282290633396E-006  -3.2018978623351224E-005   1.7384989922319303E-005   11.445327052316689       0.51329417112517250       0.51379310000000000        0.0000000000000000        0.0000000000000000        42.327725410975276        719.57133198657971        17.000000000000000        0.0000000000000000     
           1           7  -9.9667707988245249E-006  -3.5592643213044514E-005   1.7113051449495784E-005   12.484582539339065       0.50298209839835706       0.51379310000000000        0.0000000000000000        0.0000000000000000        45.324361878822280        770.51415193997877        17.000000000000000        0.0000000000000000     
           1           8  -5.9238505089514304E-006  -2.7703575920350654E-005   1.7091603686107115E-005   10.155018981281941       0.51565122805280894       0.51379310000000000        0.0000000000000000        1.0000000000000000        49.871761176470592        847.81994000000009        17.000000000000000        0.0000000000000000     
           1           9  -7.9990730701268154E-006  -3.2020226446108333E-005   1.7384982274668280E-005   11.445435289777301       0.51329256239647403       0.51379310000000000        0.0000000000000000        0.0000000000000000        49.389637293614889        839.62383399145313        17.000000000000000        0.0000000000000000     
           1          10  -7.9974607476410660E-006  -3.2017106448008437E-005   1.7385001379682468E-005   11.445164692455705       0.51329658464414041       0.51379310000000000        0.0000000000000000        0.0000000000000000        52.516801875772813        892.78563188813780        17.000000000000000        0.0000000000000000     
           1          11  -7.9974607476410660E-006  -3.2017106448008437E-005   1.7385001379682468E-005   11.445164692455705       0.51329658464414041       0.51379310000000000        0.0000000000000000        0.0000000000000000        43.208452583044426        734.54369391175521        17.000000000000000        0.0000000000000000     
           1          12  -1.2565476826417307E-005  -4.0378331164538099E-005   1.6825411394691102E-005   13.897107429546059       0.48646034152549522       0.51379310000000000        1.0000000000000000        0.0000000000000000        44.174017838244168        750.95830325015083        17.000000000000000        0.0000000000000000     
           1          13  -9.0023394233824597E-006  -3.3836854070557487E-005   1.7241225337972219E-005   11.972681131068422       0.50823683766109473       0.51379310000000000        0.0000000000000000        0.0000000000000000        49.618806129087034        843.51970419447957        17.000000000000000        0.0000000000000000     
           1          14  -1.0884823745899759E-005  -3.7273410827184379E-005   1.7000987749397783E-005   12.977597358965145       0.49757399593393092       0.51379310000000000        0.0000000000000000        0.0000000000000000        48.490962772282650        824.34636712880501        17.000000000000000        0.0000000000000000     
           1          15  -7.9942339026890062E-006  -3.2010862036304847E-005   1.7385039448466626E-005   11.444623461114455       0.51330463340240673       0.51379310000000000        0.0000000000000000        0.0000000000000000        53.247338007898662        905.20474613427723        17.000000000000000        0.0000000000000000     
           1          16  -9.0032982955108203E-006  -3.3838714232919854E-005   1.7241218893099674E-005   11.972838453881202       0.50823437440584118       0.51379310000000000        0.0000000000000000        0.0000000000000000        42.489037895903209        722.31364423035450        17.000000000000000        0.0000000000000000     
           1          17  -9.9641436297890466E-006  -3.5587533522712625E-005   1.7113055244999195E-005   12.484162575476894       0.50298902993104611       0.51379310000000000        0.0000000000000000        0.0000000000000000        44.887901917360878        763.09433259513492        17.000000000000000        0.0000000000000000     
           1          18  -1.1753257783810808E-005  -3.8872991748142190E-005   1.6905184094964192E-005   13.449278240708582       0.49205030062033434       0.51379310000000000        0.0000000000000000        0.0000000000000000        46.142960637054131        784.43033082992019        17.000000000000000        0.0000000000000000     
           1          19  -9.9641436297890466E-006  -3.5587533522712625E-005   1.7113055244999195E-005   12.484162575476894       0.50298902993104611       0.51379310000000000        0.0000000000000000        0.0000000000000000        50.449769453451218        857.64608070867075        17.000000000000000        0.0000000000000000     
           1          20  -1.0882246720071285E-005  -3.7268385677203359E-005   1.7000977750449164E-005   12.977197004086571       0.49758096266029778       0.51379310000000000        0.0000000000000000        0.0000000000000000        50.479160247253191        858.14572420330421        17.000000000000000        0.0000000000000000     
           1          21  -9.0032982955108203E-006  -3.3838714232919854E-005   1.7241218893099674E-005   11.972838453881202       0.50823437440584118       0.51379310000000000        0.0000000000000000        0.0000000000000000        43.836728670984265        745.22438740673249        17.000000000000000        0.0000000000000000     
           1          22  -1.1751447111145550E-005  -3.8869451814977328E-005   1.6905167393083645E-005   13.449005537775742       0.49205530464661484       0.51379310000000000        0.0000000000000000        0.0000000000000000        43.333355154957488        736.66703763427734        17.000000000000000        0.0000000000000000     
           1          23  -1.1753257783810808E-005  -3.8872991748142190E-005   1.6905184094964192E-005   13.449278240708582       0.49205030062033434       0.51379310000000000        0.0000000000000000        0.0000000000000000        47.888027061147270        814.09646003950354        17.000000000000000        0.0000000000000000     
           1          24  -1.2564987768787496E-005  -4.0377372545636799E-005   1.6825404249281441E-005   13.897036261921583       0.48646171969209484       0.51379310000000000        0.0000000000000000        0.0000000000000000        48.817788415494995        829.90240306341491        17.000000000000000        0.0000000000000000     
           1          25  -7.9990730701268154E-006  -3.2020226446108333E-005   1.7384982274668280E-005   11.445435289777301       0.51329256239647403       0.51379310000000000        0.0000000000000000        0.0000000000000000        52.012259024260807        832.19614438817291        16.000000000000000        0.0000000000000000     
           1          26  -1.0884308510024948E-005  -3.7272406136338256E-005   1.7000985759813573E-005   12.977517292729056       0.49757538893810566       0.51379310000000000        0.0000000000000000        0.0000000000000000        42.913194280776004        686.61110849241607        16.000000000000000        0.0000000000000000     
           1          27  -9.0037243746595714E-006  -3.3839540798785167E-005   1.7241216023311913E-005   11.972908373333924       0.50823327979490951       0.51379310000000000        0.0000000000000000        0.0000000000000000        46.399906400918972        742.39850241470356        16.000000000000000        0.0000000000000000     
           1          28  -9.0028721632955787E-006  -3.3837887560626653E-005   1.7241221759564237E-005   11.972768533322215       0.50823546912087225       0.51379310000000000        0.0000000000000000        0.0000000000000000        44.222868203358040        707.56589125372864        16.000000000000000        0.0000000000000000     
           1          29  -1.1752453175928380E-005  -3.8871418715918953E-005   1.6905176679971616E-005   13.449157043614065       0.49205252435520735       0.51379310000000000        0.0000000000000000        0.0000000000000000        49.643518633392347        794.29629813427755        16.000000000000000        0.0000000000000000     
           1          30  -1.0429975480559325E-005  -3.6290637005851245E-005   1.5430686044732619E-005   11.661383703207447       0.69836079271009810       0.50000000000000000        0.0000000000000000        1.0000000000000000        51.131026233642338        818.09641973827740        16.000000000000000        0.0000000000000000     
           1          31  -1.4406344512564239E-005  -4.2530238604369797E-005   1.3717549579241298E-005   11.691699630981915       0.69169963098190324       0.50000000000000000        0.0000000000000000        1.0000000000000000        51.997681870968748        831.96290993549997        16.000000000000000        3.6250000000000000     
           1          32  -1.0885338897179727E-005  -3.7274415348556651E-005   1.7000989733882283E-005   12.977677422831977       0.49757260310018941       0.51379310000000000        0.0000000000000000        0.0000000000000000        44.310814403203381        708.97303045125409        16.000000000000000        0.0000000000000000     
           1          33  -9.0039373943377402E-006  -3.3839954041815186E-005   1.7241214587172606E-005   11.972943332645437       0.50823273252846801       0.51379310000000000        0.0000000000000000        0.0000000000000000        45.499596312922591        727.99354100676146        16.000000000000000        0.0000000000000000     
           1          34  -9.9641436297890466E-006  -3.5587533522712625E-005   1.7113055244999195E-005   12.484162575476894       0.50298902993104611       0.51379310000000000        0.0000000000000000        0.0000000000000000        44.288250366735774        708.61200586777238        16.000000000000000        0.0000000000000000     
           1          35  -1.2562541213881631E-005  -4.0372576914924937E-005   1.6825368447518849E-005   13.896680381050988       0.48646861314826956       0.51379310000000000        0.0000000000000000        0.0000000000000000        48.959641622735525        783.35426596376840        16.000000000000000        0.0000000000000000     
           1          36  -9.9667707988245249E-006  -3.5592643213044514E-005   1.7113051449495784E-005   12.484582539339065       0.50298209839835706       0.51379310000000000        0.0000000000000000        0.0000000000000000        41.388270026115414        662.21232041784663        16.000000000000000        0.0000000000000000     
           1          37  -9.0037243746595714E-006  -3.3839540798785167E-005   1.7241216023311913E-005   11.972908373333924       0.50823327979490951       0.51379310000000000        0.0000000000000000        0.0000000000000000        43.952758005855031        703.24412809368050        16.000000000000000        0.0000000000000000     
           1          38  -1.0881731060842987E-005  -3.7267380138228974E-005   1.7000975735342624E-005   12.977116926000392       0.49758235651750493       0.51379310000000000        0.0000000000000000        0.0000000000000000        47.594357565383241        761.50972104613186        16.000000000000000        0.0000000000000000     
           1          39  -1.1749433964377416E-005  -3.8865515976015496E-005   1.6905148758767706E-005   13.448702494523518       0.49206086730721083       0.51379310000000000        0.0000000000000000        0.0000000000000000        47.113643728352606        753.81829965364170        16.000000000000000        0.0000000000000000     
           1          40  -1.0886162963332806E-005  -3.7276022230372111E-005   1.7000992898453123E-005   12.977805520090497       0.49757037492054318       0.51379310000000000        0.0000000000000000        0.0000000000000000        48.648627272937325        778.37803636699721        16.000000000000000        0.0000000000000000     
           1          41  -7.9988581361290899E-006  -3.2019810531327758E-005   1.7384984824721269E-005   11.445399210841005       0.51329309861414019       0.51379310000000000        0.0000000000000000        0.0000000000000000        41.714034885353264        667.42455816565223        16.000000000000000        0.0000000000000000     
           1          42  -9.9641436297890466E-006  -3.5587533522712625E-005   1.7113055244999195E-005   12.484162575476894       0.50298902993104611       0.51379310000000000        0.0000000000000000        0.0000000000000000        43.947188883248053        703.15502213196885        16.000000000000000        0.0000000000000000     
           1          43  -9.0028721632955787E-006  -3.3837887560626653E-005   1.7241221759564237E-005   11.972768533322215       0.50823546912087225       0.51379310000000000        0.0000000000000000        0.0000000000000000        46.412829695892341        742.60527513427746        16.000000000000000        0.0000000000000000     
           1          44  -1.0885338897179727E-005  -3.7274415348556651E-005   1.7000989733882283E-005   12.977677422831977       0.49757260310018941       0.51379310000000000        0.0000000000000000        0.0000000000000000        48.052650799648305        768.84241279437288        16.000000000000000        0.0000000000000000     
           1          45  -9.9677160653765693E-006  -3.5594481670737839E-005   1.7113050051582674E-005   12.484733713677173       0.50297960406887665       0.51379310000000000        0.0000000000000000        0.0000000000000000        46.672434840436168        746.75895744697868        16.000000000000000        0.0000000000000000     
           1          46  -1.1753257783810808E-005  -3.8872991748142190E-005   1.6905184094964192E-005   13.449278240708582       0.49205030062033434       0.51379310000000000        0.0000000000000000        0.0000000000000000        40.354242161729104        645.66787458766566        16.000000000000000        0.0000000000000000     
           1          47  -1.2740507856443234E-005  -3.7988130611596513E-005   1.2507114898710045E-005   14.000000305383375       0.54763121378673296       0.50000000000000000        0.0000000000000000        1.0000000000000000        48.809835912946177        780.95737460713883        16.000000000000000        5.2500000000000000     
           1          48  -9.0032982955108203E-006  -3.3838714232919854E-005   1.7241218893099674E-005   11.972838453881202       0.50823437440584118       0.51379310000000000        0.0000000000000000        0.0000000000000000        45.275486767274124        724.40778827638599        16.000000000000000        0.0000000000000000     
           1          49  -2.1658965765557646E-005  -6.3043896161412073E-005   1.9725964630296829E-005   21.547364231140701       0.54736423114071286       0.50000000000000000        0.0000000000000000        1.0000000000000000        56.089293241294250        897.42869186070800        16.000000000000000        3.6250000000000000     
           1          50  -1.2827042187420403E-005  -4.1848196170991611E-005   1.6194111796150656E-005   13.837082463107050       0.55849771876973242       0.50000000000000000        0.0000000000000000        1.0000000000000000        58.719506695892335        939.51210713427736        16.000000000000000        0.0000000000000000     
           1          51  -7.9979982698936146E-006  -3.2018146610797474E-005   1.7384995016571725E-005   11.445254892922087       0.51329524373715496       0.51379310000000000        0.0000000000000000        0.0000000000000000        40.873868189593018        653.98189103348830        16.000000000000000        0.0000000000000000     
           1          52  -1.0885750957312026E-005  -3.7275218843666473E-005   1.7000991317798350E-005   12.977741472219142       0.49757148895585535       0.51379310000000000        0.0000000000000000        0.0000000000000000        43.997929177294040        703.96686683670464        16.000000000000000        0.0000000000000000     
           1          53  -7.9974607476410660E-006  -3.2017106448008437E-005   1.7385001379682468E-005   11.445164692455705       0.51329658464414041       0.51379310000000000        0.0000000000000000        0.0000000000000000        43.151021535090202        690.41634456144322        16.000000000000000        0.0000000000000000     
           1          54  -1.1751950185899253E-005  -3.8870435350283877E-005   1.6905172039048607E-005   13.449081292010224       0.49205391441438406       0.51379310000000000        0.0000000000000000        0.0000000000000000        48.737199550417067        779.79519280667307        16.000000000000000        0.0000000000000000     
           1          55  -1.2566259143100135E-005  -4.0379864603360980E-005   1.6825422816995502E-005   13.897221291820310       0.48645813682241851       0.51379310000000000        0.0000000000000000        0.0000000000000000        53.138445484761874        850.21512775618999        16.000000000000000        0.0000000000000000     
           1          56  -7.9969231439323980E-006  -3.2016066121730520E-005   1.7385007737563801E-005   11.445074490630303       0.51329792570895860       0.51379310000000000        0.0000000000000000        0.0000000000000000        42.425461180526348        678.80737888842157        16.000000000000000        0.0000000000000000     
           1          57  -9.9636179436782533E-006  -3.5586511078947251E-005   1.7113055988630639E-005   12.484078576501194       0.50299041673913591       0.51379310000000000        0.0000000000000000        0.0000000000000000        42.869240303169249        685.90784485070799        16.000000000000000        0.0000000000000000     
           1          58  -1.2566454688526384E-005  -4.0380247895506236E-005   1.6825425670581447E-005   13.897249756249272       0.48645758571651759       0.51379310000000000        0.0000000000000000        0.0000000000000000        45.838239445346218        733.41183112553949        16.000000000000000        0.0000000000000000     
           1          59  -1.1749433964377416E-005  -3.8865515976015496E-005   1.6905148758767706E-005   13.448702494523518       0.49206086730721083       0.51379310000000000        0.0000000000000000        0.0000000000000000        46.689569207917671        747.03310732668274        16.000000000000000        0.0000000000000000     
           1          60  -1.0884308510024948E-005  -3.7272406136338256E-005   1.7000985759813573E-005   12.977517292729056       0.49757538893810566       0.51379310000000000        0.0000000000000000        0.0000000000000000        50.772957210008258        812.36731536013212        16.000000000000000        0.0000000000000000     
           1          61  -1.1752313065767853E-005  -2.7815246364920866E-005   4.3106202333851508E-006   10.286443840690470       0.51871975571177864       0.50000000000000000        0.0000000000000000        1.0000000000000000        48.727964866406253        779.64743786250006        16.000000000000000        5.4375000000000000     
           1          62  -7.9974607476410660E-006  -3.2017106448008437E-005   1.7385001379682468E-005   11.445164692455705       0.51329658464414041       0.51379310000000000        0.0000000000000000        0.0000000000000000        45.433180326736164        726.93088522777862        16.000000000000000        0.0000000000000000     
           1          63  -1.0884308510024948E-005  -3.7272406136338256E-005   1.7000985759813573E-005   12.977517292729056       0.49757538893810566       0.51379310000000000        0.0000000000000000        0.0000000000000000        45.639091842193906        730.22546947510250        16.000000000000000        0.0000000000000000     
           1          64  -1.2566259143100135E-005  -4.0379864603360980E-005   1.6825422816995502E-005   13.897221291820310       0.48645813682241851       0.51379310000000000        0.0000000000000000        0.0000000000000000        49.569740383392343        793.11584613427749        16.000000000000000        0.0000000000000000     
           1          65  -8.9991412408537055E-006  -3.3830649634355891E-005   1.7241246699287355E-005   11.972156681247915       0.50824505232218342       0.51379310000000000        0.0000000000000000        0.0000000000000000        49.269573122545324        788.31316996072519        16.000000000000000        0.0000000000000000     
           1          66  -8.9991412408536733E-006  -3.3830649634355675E-005   1.7241246699287649E-005   11.972156681248164       0.50824505232218231       0.51379310000000000        0.0000000000000000        1.0000000000000000        42.896770073441246        686.34832117505994        16.000000000000000        0.0000000000000000     
           1          67  -7.9979982698936146E-006  -3.2018146610797474E-005   1.7384995016571725E-005   11.445254892922087       0.51329524373715496       0.51379310000000000        0.0000000000000000        0.0000000000000000        47.077717806094014        753.24348489750423        16.000000000000000        0.0000000000000000     
           1          68  -8.9996744789050593E-006  -3.3831684123469099E-005   1.7241243152068351E-005   11.972244093872581       0.50824368280460797       0.51379310000000000        0.0000000000000000        0.0000000000000000        46.754249300667752        748.06798881068403        16.000000000000000        0.0000000000000000     
           1          69  -9.0023394233824597E-006  -3.3836854070557487E-005   1.7241225337972219E-005   11.972681131068422       0.50823683766109473       0.51379310000000000        0.0000000000000000        0.0000000000000000        47.617747287633463        761.88395660213541        16.000000000000000        0.0000000000000000     
           1          70  -1.2562051649372158E-005  -4.0371617281187967E-005   1.6825361272213109E-005   13.896609196325468       0.48646999236455968       0.51379310000000000        0.0000000000000000        0.0000000000000000        51.584962441721842        825.35939906754948        16.000000000000000        0.0000000000000000     
           1          71  -9.0023394233824597E-006  -3.3836854070557487E-005   1.7241225337972219E-005   11.972681131068422       0.50823683766109473       0.51379310000000000        0.0000000000000000        0.0000000000000000        41.619652070892329        665.91443313427726        16.000000000000000        0.0000000000000000     
           1          72  -9.9662455331361702E-006  -3.5591621611942853E-005   1.7113052218903332E-005   12.484498550701208       0.50298348437070006       0.51379310000000000        0.0000000000000000        0.0000000000000000        44.880566504978589        718.08906407965742        16.000000000000000        0.0000000000000000     
           1          73  -9.9662455331361702E-006  -3.5591621611942853E-005   1.7113052218903332E-005   12.484498550701208       0.50298348437070006       0.51379310000000000        0.0000000000000000        0.0000000000000000        46.522307926337135        744.35692682139415        16.000000000000000        0.0000000000000000     
           1          74  -1.2565476826417078E-005  -4.0378331164537909E-005   1.6825411394691173E-005   13.897107429546207       0.48646034152550199       0.51379310000000000        0.0000000000000000        0.0000000000000000        47.812172312273638        764.99475699637821        16.000000000000000        0.0000000000000000     
           1          75  -7.9979982698936146E-006  -3.2018146610797474E-005   1.7384995016571725E-005   11.445254892922087       0.51329524373715496       0.51379310000000000        0.0000000000000000        0.0000000000000000        49.326172472819160        789.21875956510655        16.000000000000000        0.0000000000000000     
           1          76  -7.9942339026890062E-006  -3.2010862036304847E-005   1.7385039448466626E-005   11.444623461114455       0.51330463340240673       0.51379310000000000        0.0000000000000000        0.0000000000000000        44.662355489349537        714.59768782959259        16.000000000000000        0.0000000000000000     
           1          77  -1.1752855506966852E-005  -3.8872205286296266E-005   1.6905180389080424E-005   13.449217643002815       0.49205141243241929       0.51379310000000000        0.0000000000000000        0.0000000000000000        43.945764880745365        703.13223809192584        16.000000000000000        0.0000000000000000     
           1          78  -1.1748930465620275E-005  -3.8864531591587033E-005   1.6905144087567180E-005   13.448626727130723       0.49206225840556822       0.51379310000000000        0.0000000000000000        0.0000000000000000        48.191652195892345        771.06643513427753        16.000000000000000        0.0000000000000000     
           1          79  -1.2565868011757316E-005  -4.0379097938004339E-005   1.6825417107435799E-005   13.897164361594864       0.48645923911805244       0.51379310000000000        0.0000000000000000        0.0000000000000000        47.762424224613369        764.19878759381390        16.000000000000000        0.0000000000000000     
           1          80  -9.1685461350312883E-006  -3.6115832433503797E-005   1.7778740163441417E-005   12.608012844963017       0.50799981432192554       0.50000000000000000        0.0000000000000000        1.0000000000000000        50.977797840030341        815.64476544048546        16.000000000000000        0.0000000000000000     
           1          81  -1.1749433964377416E-005  -3.8865515976015496E-005   1.6905148758767706E-005   13.448702494523518       0.49206086730721083       0.51379310000000000        0.0000000000000000        0.0000000000000000        43.503531563260488        696.05650501216780        16.000000000000000        0.0000000000000000     
           1          82  -1.0881731060842987E-005  -3.7267380138228974E-005   1.7000975735342624E-005   12.977116926000392       0.49758235651750493       0.51379310000000000        0.0000000000000000        0.0000000000000000        45.900705023195549        734.41128037112878        16.000000000000000        0.0000000000000000     
           1          83  -7.9942339026890062E-006  -3.2010862036304847E-005   1.7385039448466626E-005   11.444623461114455       0.51330463340240673       0.51379310000000000        0.0000000000000000        0.0000000000000000        45.551607978226244        728.82572765161990        16.000000000000000        0.0000000000000000     
           1          84  -1.2564498626741132E-005  -4.0376413757721567E-005   1.6825397098892210E-005   13.896965091447326       0.48646309803347870       0.51379310000000000        0.0000000000000000        0.0000000000000000        48.997494915159464        783.95991864255143        16.000000000000000        0.0000000000000000     
           1          85  -8.9523450141659116E-006  -3.5671834238390951E-005   1.7767144210059307E-005   12.463043682372676       0.50569781048669438       0.50000000000000000        0.0000000000000000        1.0000000000000000        47.063028722007751        753.00845955212401        16.000000000000000        0.0000000000000000     
           1          86  -1.2564987768787496E-005  -4.0377372545636799E-005   1.6825404249281441E-005   13.897036261921583       0.48646171969209484       0.51379310000000000        0.0000000000000000        0.0000000000000000        42.384494314038243        678.15190902461188        16.000000000000000        0.0000000000000000     
           1          87  -1.0881731060842987E-005  -3.7267380138228974E-005   1.7000975735342624E-005   12.977116926000392       0.49758235651750493       0.51379310000000000        0.0000000000000000        0.0000000000000000        44.189107817048360        707.02572507277375        16.000000000000000        0.0000000000000000     
           1          88  -7.9979982698936603E-006  -3.2018146610798755E-005   1.7384995016571827E-005   11.445254892922385       0.51329524373715263       0.51379310000000000        0.0000000000000000        1.0000000000000000        47.135759328240646        754.17214925185033        16.000000000000000        0.0000000000000000     
           1          89  -1.1748930465620275E-005  -3.8864531591587033E-005   1.6905144087567180E-005   13.448626727130723       0.49206225840556822       0.51379310000000000        0.0000000000000000        0.0000000000000000        48.488482817250656        775.81572507601049        16.000000000000000        0.0000000000000000     
           1          90  -1.2566454688526384E-005  -4.0380247895506236E-005   1.6825425670581447E-005   13.897249756249272       0.48645758571651759       0.51379310000000000        0.0000000000000000        0.0000000000000000        50.610192770790910        809.76308433265456        16.000000000000000        0.0000000000000000     
           1          91  -1.1749433964377416E-005  -3.8865515976015496E-005   1.6905148758767706E-005   13.448702494523518       0.49206086730721083       0.51379310000000000        0.0000000000000000        0.0000000000000000        39.638879489847596        634.22207183756154        16.000000000000000        0.0000000000000000     
           1          92  -1.0886368946055292E-005  -3.7276423883080478E-005   1.7000993687557619E-005   12.977837543457396       0.49756981794375621       0.51379310000000000        0.0000000000000000        0.0000000000000000        44.773425557365414        716.37480891784662        16.000000000000000        0.0000000000000000     
           1          93  -1.1752855506966852E-005  -3.8872205286296266E-005   1.6905180389080424E-005   13.449217643002815       0.49205141243241929       0.51379310000000000        0.0000000000000000        0.0000000000000000        44.987597415433100        719.80155864692961        16.000000000000000        0.0000000000000000     
           1          94  -9.9677160653765693E-006  -3.5594481670737839E-005   1.7113050051582674E-005   12.484733713677173       0.50297960406887665       0.51379310000000000        0.0000000000000000        0.0000000000000000        47.821984654486002        765.15175447177603        16.000000000000000        0.0000000000000000     
           1          95  -9.9667707988245249E-006  -3.5592643213044514E-005   1.7113051449495784E-005   12.484582539339065       0.50298209839835706       0.51379310000000000        0.0000000000000000        0.0000000000000000        51.454217122612128        823.26747396179405        16.000000000000000        0.0000000000000000     
           1          96  -9.9681360965127624E-006  -3.5595298588005504E-005   1.7113049424933947E-005   12.484800900122439       0.50297849565157271       0.51379310000000000        1.0000000000000000        0.0000000000000000        41.410394320630253        662.56630913008405        16.000000000000000        0.0000000000000000     
           1          97  -8.9991412408537055E-006  -3.3830649634355891E-005   1.7241246699287355E-005   11.972156681247915       0.50824505232218342       0.51379310000000000        0.0000000000000000        0.0000000000000000        42.166781074772118        674.66849719635388        16.000000000000000        0.0000000000000000     
           1          98  -8.9996744789050593E-006  -3.3831684123469099E-005   1.7241243152068351E-005   11.972244093872581       0.50824368280460797       0.51379310000000000        0.0000000000000000        0.0000000000000000        44.073178513813183        705.17085622101092        16.000000000000000        0.0000000000000000     
           1          99  -9.9667707988245249E-006  -3.5592643213044514E-005   1.7113051449495784E-005   12.484582539339065       0.50298209839835706       0.51379310000000000        0.0000000000000000        0.0000000000000000        47.169422088615420        754.71075341784672        16.000000000000000        0.0000000000000000     
           1         100  -8.9991412408537055E-006  -3.3830649634355891E-005   1.7241246699287355E-005   11.972156681247915       0.50824505232218342       0.51379310000000000        0.0000000000000000        0.0000000000000000        48.874454627276492        781.99127403642387        16.000000000000000        0.0000000000000000     
           1         101  -1.1749433964377416E-005  -3.8865515976015496E-005   1.6905148758767706E-005   13.448702494523518       0.49206086730721083       0.51379310000000000        0.0000000000000000        0.0000000000000000        42.866838668990049        685.86941870384078        16.000000000000000        0.0000000000000000     
           1         102  -1.0882246720071285E-005  -3.7268385677203359E-005   1.7000977750449164E-005   12.977197004086571       0.49758096266029778       0.51379310000000000        0.0000000000000000        0.0000000000000000        42.549765371619301        680.79624594590882        16.000000000000000        0.0000000000000000     
           1         103  -1.1749433964377416E-005  -3.8865515976015496E-005   1.6905148758767706E-005   13.448702494523518       0.49206086730721083       0.51379310000000000        0.0000000000000000        0.0000000000000000        44.276918597251104        708.43069755601766        16.000000000000000        0.0000000000000000     
           1         104  -1.2564987768787496E-005  -4.0377372545636799E-005   1.6825404249281441E-005   13.897036261921583       0.48646171969209484       0.51379310000000000        0.0000000000000000        0.0000000000000000        45.447001730451163        727.15202768721861        16.000000000000000        0.0000000000000000     
           1         105  -7.9969231439323980E-006  -3.2016066121730520E-005   1.7385007737563801E-005   11.445074490630303       0.51329792570895860       0.51379310000000000        0.0000000000000000        0.0000000000000000        49.384631360946145        790.15410177513832        16.000000000000000        0.0000000000000000     
           1         106  -9.0039373943377402E-006  -3.3839954041815186E-005   1.7241214587172606E-005   11.972943332645437       0.50823273252846801       0.51379310000000000        0.0000000000000000        0.0000000000000000        43.638660883392326        698.21857413427722        16.000000000000000        0.0000000000000000     
           1         107  -9.9672959805030119E-006  -3.5593664645763451E-005   1.7113050674936734E-005   12.484666525909144       0.50298071259298693       0.51379310000000000        0.0000000000000000        0.0000000000000000        46.233806125839834        739.74089801343735        16.000000000000000        0.0000000000000000     
           1         108  -7.9969231439323980E-006  -3.2016066121730520E-005   1.7385007737563801E-005   11.445074490630303       0.51329792570895860       0.51379310000000000        0.0000000000000000        0.0000000000000000        44.815567959931933        717.04908735891092        16.000000000000000        0.0000000000000000     
           1         109  -1.1751447111145550E-005  -3.8869451814977328E-005   1.6905167393083645E-005   13.449005537775742       0.49205530464661484       0.51379310000000000        0.0000000000000000        0.0000000000000000        47.871755623361437        765.94808997378300        16.000000000000000        0.0000000000000000     
           1         110  -1.1753458901913342E-005  -3.8873384938372544E-005   1.6905185946695712E-005   13.449308538929577       0.49204974475575752       0.51379310000000000        0.0000000000000000        0.0000000000000000        46.566543571026990        745.06469713643185        16.000000000000000        0.0000000000000000     
           1         111  -7.9969231439323980E-006  -3.2016066121730520E-005   1.7385007737563801E-005   11.445074490630303       0.51329792570895860       0.51379310000000000        0.0000000000000000        0.0000000000000000        42.041691034170306        672.66705654672489        16.000000000000000        0.0000000000000000     
           1         112  -1.2566259143100135E-005  -4.0379864603360980E-005   1.6825422816995502E-005   13.897221291820310       0.48645813682241851       0.51379310000000000        0.0000000000000000        0.0000000000000000        45.660135294620545        730.56216471392872        16.000000000000000        0.0000000000000000     
           1         113  -1.1752855506966852E-005  -3.8872205286296266E-005   1.6905180389080424E-005   13.449217643002815       0.49205141243241929       0.51379310000000000        0.0000000000000000        0.0000000000000000        47.035828445892342        752.57325513427747        16.000000000000000        0.0000000000000000     
           1         114  -9.9683460919334679E-006  -3.5595707006256573E-005   1.7113049110374350E-005   12.484834492848913       0.50297794148296093       0.51379310000000000        1.0000000000000000        0.0000000000000000        46.758821739513003        748.14114783220805        16.000000000000000        0.0000000000000000     
           1         115  -9.0028721632955787E-006  -3.3837887560626653E-005   1.7241221759564237E-005   11.972768533322215       0.50823546912087225       0.51379310000000000        0.0000000000000000        0.0000000000000000        49.702422908698011        795.23876653916818        16.000000000000000        0.0000000000000000     
           1         116  -1.0881731060842987E-005  -3.7267380138228974E-005   1.7000975735342624E-005   12.977116926000392       0.49758235651750493       0.51379310000000000        0.0000000000000000        0.0000000000000000        41.047017847270851        656.75228555633362        16.000000000000000        0.0000000000000000     
           1         117  -2.0289317230395891E-005  -4.5723436472034455E-005   1.7861861632061538E-005   15.577634026400753       0.51338802122759952       0.59999999999999998        0.0000000000000000        1.0000000000000000        47.271822928405328        756.34916685448525        16.000000000000000        0.0000000000000000     
           1         118  -1.0886162963332755E-005  -3.7276022230372139E-005   1.7000992898453109E-005   12.977805520090415       0.49757037492053807       0.51379310000000000        0.0000000000000000        1.0000000000000000        50.503651071407262        808.05841714251619        16.000000000000000        0.0000000000000000     
           1         119  -1.3839211658734667E-005  -4.4069065592778185E-005   1.6390642275308503E-005   14.850376760936999       0.45501781393491669       0.50000000000000000        0.0000000000000000        1.0000000000000000        53.626402670713503        858.02244273141605        16.000000000000000        0.0000000000000000     
           1         120  -1.1749433964377416E-005  -3.8865515976015496E-005   1.6905148758767706E-005   13.448702494523518       0.49206086730721083       0.51379310000000000        0.0000000000000000        0.0000000000000000        49.486513008392343        791.78420813427749        16.000000000000000        0.0000000000000000     
           1         121  -1.0885750957312026E-005  -3.7275218843666473E-005   1.7000991317798350E-005   12.977741472219142       0.49757148895585535       0.51379310000000000        0.0000000000000000        0.0000000000000000        43.515985133878196        696.25576214205114        16.000000000000000        0.0000000000000000     
           1         122  -1.1753257783810808E-005  -3.8872991748142190E-005   1.6905184094964192E-005   13.449278240708582       0.49205030062033434       0.51379310000000000        0.0000000000000000        0.0000000000000000        43.531746028084200        696.50793644934720        16.000000000000000        0.0000000000000000     
           1         123  -1.1753458901913342E-005  -3.8873384938372544E-005   1.6905185946695712E-005   13.449308538929577       0.49204974475575752       0.51379310000000000        0.0000000000000000        0.0000000000000000        46.863459403604892        749.81535045767828        16.000000000000000        0.0000000000000000     
           1         124  -9.9677160653765693E-006  -3.5594481670737839E-005   1.7113050051582674E-005   12.484733713677173       0.50297960406887665       0.51379310000000000        0.0000000000000000        0.0000000000000000        51.275661439837023        820.41058303739237        16.000000000000000        0.0000000000000000     
           1         125  -1.0884823745899759E-005  -3.7273410827184379E-005   1.7000987749397783E-005   12.977597358965145       0.49757399593393092       0.51379310000000000        0.0000000000000000        0.0000000000000000        51.471140887468856        823.53825419950169        16.000000000000000        0.0000000000000000     
           1         126  -1.2566454688526384E-005  -4.0380247895506236E-005   1.6825425670581447E-005   13.897249756249272       0.48645758571651759       0.51379310000000000        0.0000000000000000        0.0000000000000000        41.794367646661044        668.70988234657671        16.000000000000000        0.0000000000000000     
           1         127  -1.2139709417087136E-005  -4.0627084235817400E-005   1.6347665401644111E-005   13.857881553149447       0.51018988747541105       0.50000000000000000        0.0000000000000000        1.0000000000000000        50.349026026115411        805.58441641784657        16.000000000000000        0.0000000000000000     
           1         128  -1.0882246720071285E-005  -3.7268385677203359E-005   1.7000977750449164E-005   12.977197004086571       0.49758096266029778       0.51379310000000000        0.0000000000000000        0.0000000000000000        45.444542936299193        727.11268698078709        16.000000000000000        0.0000000000000000     
           1         129  -9.0018066005081861E-006  -3.3835820414104840E-005   1.7241228911186111E-005   11.972593727086226       0.50823820636406469       0.51379310000000000        0.0000000000000000        0.0000000000000000        48.847253414207145        781.55605462731432        16.000000000000000        0.0000000000000000     
           1         130  -1.0886368946055292E-005  -3.7276423883080478E-005   1.7000993687557619E-005   12.977837543457396       0.49756981794375621       0.51379310000000000        0.0000000000000000        0.0000000000000000        51.915027979101403        830.64044766562245        16.000000000000000        0.0000000000000000     
           1         131  -1.1751447111145550E-005  -3.8869451814977328E-005   1.6905167393083645E-005   13.449005537775742       0.49205530464661484       0.51379310000000000        0.0000000000000000        0.0000000000000000        42.403662638303835        678.45860221286136        16.000000000000000        0.0000000000000000     
           1         132  -1.0919666382167022E-005  -3.1300108831071056E-005   1.9650997291190016E-005   12.242478937699959       0.46920732090877437       0.59999999999999998        0.0000000000000000        1.0000000000000000        49.922232083115411        798.75571332984657        16.000000000000000        0.0000000000000000     
           1         133  -3.7255042574446987E-005  -7.4811455954353930E-005   1.9079577495413535E-005   14.938183111975045       0.45139704065827729       0.59999999999999998        0.0000000000000000        1.0000000000000000        56.014173320499992        896.22677312799988        16.000000000000000        12.625000000000000     
           1         134  -1.2565868011757316E-005  -4.0379097938004339E-005   1.6825417107435799E-005   13.897164361594864       0.48645923911805244       0.51379310000000000        0.0000000000000000        0.0000000000000000        47.817438695892335        765.07901913427736        16.000000000000000        0.0000000000000000     
           1         135  -1.1751447111145550E-005  -3.8869451814977328E-005   1.6905167393083645E-005   13.449005537775742       0.49205530464661484       0.51379310000000000        0.0000000000000000        0.0000000000000000        52.291232002095221        836.65971203352353        16.000000000000000        0.0000000000000000     
           1         136  -4.1794121578513140E-005  -8.2178152655709889E-005   1.8781925037281819E-005   16.085239183651318       0.63606522019217571       0.59999999999999998        0.0000000000000000        1.0000000000000000        50.186871875748082        802.98995001196931        16.000000000000000        5.3750000000000000     
           1         137  -9.0039373943377402E-006  -3.3839954041815186E-005   1.7241214587172606E-005   11.972943332645437       0.50823273252846801       0.51379310000000000        0.0000000000000000        0.0000000000000000        44.338967578283963        709.42348125254341        16.000000000000000        0.0000000000000000     
           1         138  -7.9947719140454989E-006  -3.2011903180758321E-005   1.7385033116758173E-005   11.444713669735870       0.51330329154761423       0.51379310000000000        0.0000000000000000        0.0000000000000000        46.262440628829445        740.19905006127112        16.000000000000000        0.0000000000000000     
           1         139  -1.2562541213881631E-005  -4.0372576914924937E-005   1.6825368447518849E-005   13.896680381050988       0.48646861314826956       0.51379310000000000        0.0000000000000000        0.0000000000000000        51.234214633650375        819.74743413840599        16.000000000000000        0.0000000000000000     
           1         140  -7.9947719140453955E-006  -3.2011903180758836E-005   1.7385033116758027E-005   11.444713669736059       0.51330329154761500       0.51379310000000000        1.0000000000000000        0.0000000000000000        49.831051893694557        797.29683029911291        16.000000000000000        0.0000000000000000     
           1         141  -3.2836103834922271E-005  -6.1348489516123108E-005   9.9324746868789043E-006   7.9013267613180966       0.72307792290453610       0.59999999999999998        0.0000000000000000        1.0000000000000000        47.971277437499992        767.54043899999988        16.000000000000000        9.0000000000000000     
           1         142  -2.1963503649077775E-005  -6.3458841080720466E-005   1.9531833782564794E-005   20.954358934596680       0.54048896731222973       0.50000000000000000        0.0000000000000000        1.0000000000000000        50.678529034289909        810.85646454863854        16.000000000000000        18.062500000000000     
           1         143  -1.2566259143100135E-005  -4.0379864603360980E-005   1.6825422816995502E-005   13.897221291820310       0.48645813682241851       0.51379310000000000        0.0000000000000000        0.0000000000000000        46.986280336651042        751.78048538641667        16.000000000000000        0.0000000000000000     
           1         144  -9.0032982955108203E-006  -3.3838714232919854E-005   1.7241218893099674E-005   11.972838453881202       0.50823437440584118       0.51379310000000000        0.0000000000000000        0.0000000000000000        48.161374004808820        770.58198407694113        16.000000000000000        0.0000000000000000     
           1         145  -8.9996744789050593E-006  -3.3831684123469099E-005   1.7241243152068351E-005   11.972244093872581       0.50824368280460797       0.51379310000000000        0.0000000000000000        0.0000000000000000        51.530091067603713        824.48145708165941        16.000000000000000        0.0000000000000000     
           1         146  -9.9641436297890466E-006  -3.5587533522712625E-005   1.7113055244999195E-005   12.484162575476894       0.50298902993104611       0.51379310000000000        0.0000000000000000        0.0000000000000000        42.912865062634758        686.60584100215613        16.000000000000000        0.0000000000000000     
           1         147  -9.0028721632955787E-006  -3.3837887560626653E-005   1.7241221759564237E-005   11.972768533322215       0.50823546912087225       0.51379310000000000        0.0000000000000000        0.0000000000000000        46.398569388416327        742.37711021466123        16.000000000000000        0.0000000000000000     
           1         148  -9.9667707988245249E-006  -3.5592643213044514E-005   1.7113051449495784E-005   12.484582539339065       0.50298209839835706       0.51379310000000000        0.0000000000000000        0.0000000000000000        44.225451338615429        707.60722141784686        16.000000000000000        0.0000000000000000     
           1         149  -1.1748930465620275E-005  -3.8864531591587033E-005   1.6905144087567180E-005   13.448626727130723       0.49206225840556822       0.51379310000000000        0.0000000000000000        0.0000000000000000        49.643359714778995        794.29375543646393        16.000000000000000        0.0000000000000000     
           1         150  -1.9524781236655372E-005  -4.8996639512733022E-005   9.9470770394222182E-006   10.744999571560239       0.64508676437542367       0.50000000000000000        0.0000000000000000        1.0000000000000000        60.786183784687509        972.57894055500014        16.000000000000000        12.625000000000000     
           1         151  -3.5967408963068369E-005  -7.2717766793109980E-005   1.9158127781994064E-005   20.170655344249372       0.44386936818868505       0.59999999999999998        0.0000000000000000        1.0000000000000000        46.263189001767330        740.21102402827728        16.000000000000000        16.250000000000000     
           1         152  -1.0886368946055292E-005  -3.7276423883080478E-005   1.7000993687557619E-005   12.977837543457396       0.49756981794375621       0.51379310000000000        0.0000000000000000        0.0000000000000000        45.521850641419711        728.34961026271537        16.000000000000000        0.0000000000000000     
           1         153  -9.0039373943377402E-006  -3.3839954041815186E-005   1.7241214587172606E-005   11.972943332645437       0.50823273252846801       0.51379310000000000        0.0000000000000000        0.0000000000000000        46.464725182210003        743.43560291536005        16.000000000000000        0.0000000000000000     
           1         154  -7.9979982698936146E-006  -3.2018146610797474E-005   1.7384995016571725E-005   11.445254892922087       0.51329524373715496       0.51379310000000000        0.0000000000000000        0.0000000000000000        46.172170518252130        738.75472829203409        16.000000000000000        0.0000000000000000     
           1         155  -1.2566259143100135E-005  -4.0379864603360980E-005   1.6825422816995502E-005   13.897221291820310       0.48645813682241851       0.51379310000000000        0.0000000000000000        0.0000000000000000        49.587801695892338        793.40482713427741        16.000000000000000        0.0000000000000000     
           1         156  -9.9677160653765693E-006  -3.5594481670737839E-005   1.7113050051582674E-005   12.484733713677173       0.50297960406887665       0.51379310000000000        0.0000000000000000        0.0000000000000000        43.094541540861229        689.51266465377967        16.000000000000000        0.0000000000000000     
           1         157  -1.0886368946055292E-005  -3.7276423883080478E-005   1.7000993687557619E-005   12.977837543457396       0.49756981794375621       0.51379310000000000        0.0000000000000000        0.0000000000000000        45.091846690867527        721.46954705388043        16.000000000000000        0.0000000000000000     
           1         158  -1.0884308510024857E-005  -3.7272406136337185E-005   1.7000985759813505E-005   12.977517292729257       0.49757538893810715       0.51379310000000000        0.0000000000000000        1.0000000000000000        48.362401249190363        773.79841998704580        16.000000000000000        0.0000000000000000     
           1         159  -7.9979982698936146E-006  -3.2018146610797474E-005   1.7384995016571725E-005   11.445254892922087       0.51329524373715496       0.51379310000000000        0.0000000000000000        0.0000000000000000        48.561595987269577        776.98553579631323        16.000000000000000        0.0000000000000000     
           1         160  -1.2564987768787496E-005  -4.0377372545636799E-005   1.6825404249281441E-005   13.897036261921583       0.48646171969209484       0.51379310000000000        0.0000000000000000        0.0000000000000000        49.890182343119434        798.24291748991095        16.000000000000000        0.0000000000000000     
           1         161  -1.2564498626740922E-005  -4.0376413757721106E-005   1.6825397098891942E-005   13.896965091447221       0.48646309803347493       0.51379310000000000        0.0000000000000000        1.0000000000000000        41.943717630730895        671.09948209169431        16.000000000000000        0.0000000000000000     
           1         162  -1.2565868011757441E-005  -4.0379097938004048E-005   1.6825417107435606E-005   13.897164361594893       0.48645923911805200       0.51379310000000000        0.0000000000000000        1.0000000000000000        45.434722383392334        726.95555813427734        16.000000000000000        0.0000000000000000     
           1         163  -9.9672959805030119E-006  -3.5593664645763451E-005   1.7113050674936734E-005   12.484666525909144       0.50298071259298693       0.51379310000000000        0.0000000000000000        0.0000000000000000        48.144919872058537        770.31871795293659        16.000000000000000        0.0000000000000000     
           1         164  -9.0032982955108203E-006  -3.3838714232919854E-005   1.7241218893099674E-005   11.972838453881202       0.50823437440584118       0.51379310000000000        0.0000000000000000        0.0000000000000000        50.342893985734825        805.48630377175721        16.000000000000000        0.0000000000000000     
           1         165  -7.9942339026890062E-006  -3.2010862036304847E-005   1.7385039448466626E-005   11.444623461114455       0.51330463340240673       0.51379310000000000        0.0000000000000000        0.0000000000000000        48.757268668607054        780.11629869771286        16.000000000000000        0.0000000000000000     
           1         166  -1.0884308510024948E-005  -3.7272406136338256E-005   1.7000985759813573E-005   12.977517292729056       0.49757538893810566       0.51379310000000000        0.0000000000000000        0.0000000000000000        42.060259946470993        672.96415914353588        16.000000000000000        0.0000000000000000     
           1         167  -9.0023394233824597E-006  -3.3836854070557487E-005   1.7241225337972219E-005   11.972681131068422       0.50823683766109473       0.51379310000000000        0.0000000000000000        0.0000000000000000        42.269405575675833        676.31048921081333        16.000000000000000        0.0000000000000000     
           1         168  -1.0881731060842987E-005  -3.7267380138228974E-005   1.7000975735342624E-005   12.977116926000392       0.49758235651750493       0.51379310000000000        0.0000000000000000        0.0000000000000000        47.369648883558142        757.91438213693027        16.000000000000000        0.0000000000000000     
           1         169  -1.2564498626741132E-005  -4.0376413757721567E-005   1.6825397098892210E-005   13.896965091447326       0.48646309803347870       0.51379310000000000        0.0000000000000000        0.0000000000000000        51.621378615669265        825.94205785070824        16.000000000000000        0.0000000000000000     
           1         170  -7.9969231439320931E-006  -3.2016066121730507E-005   1.7385007737563300E-005   11.445074490630187       0.51329792570895172       0.51379310000000000        1.0000000000000000        0.0000000000000000        53.022957660270563        848.36732256432902        16.000000000000000        0.0000000000000000     
           1         171  -1.1749433964377416E-005  -3.8865515976015496E-005   1.6905148758767706E-005   13.448702494523518       0.49206086730721083       0.51379310000000000        0.0000000000000000        0.0000000000000000        41.168144416308039        658.69031066092862        16.000000000000000        0.0000000000000000     
           1         172  -7.9947719140454989E-006  -3.2011903180758321E-005   1.7385033116758173E-005   11.444713669735870       0.51330329154761423       0.51379310000000000        0.0000000000000000        0.0000000000000000        44.341793429869135        709.46869487790616        16.000000000000000        0.0000000000000000     
           1         173  -1.0885750957312026E-005  -3.7275218843666473E-005   1.7000991317798350E-005   12.977741472219142       0.49757148895585535       0.51379310000000000        0.0000000000000000        0.0000000000000000        44.808126454210118        716.93002326736189        16.000000000000000        0.0000000000000000     
           1         174  -7.9988581361290899E-006  -3.2019810531327758E-005   1.7384984824721269E-005   11.445399210841005       0.51329309861414019       0.51379310000000000        0.0000000000000000        0.0000000000000000        49.251572961018681        788.02516737629890        16.000000000000000        0.0000000000000000     
           1         175  -1.2562541213881876E-005  -4.0372576914925614E-005   1.6825368447519018E-005   13.896680381051411       0.48646861314827028       0.51379310000000000        0.0000000000000000        1.0000000000000000        55.621831582838546        889.94930532541673        16.000000000000000        0.0000000000000000     
           1         176  -9.4627357835354061E-006  -3.9278367235034482E-005   2.0352895667963707E-005   17.488653105986220       0.48865310598620126       0.50000000000000000        0.0000000000000000        1.0000000000000000        56.460499472946161        903.36799156713857        16.000000000000000        3.6250000000000000     
           1         177  -1.2562541213881631E-005  -4.0372576914924937E-005   1.6825368447518849E-005   13.896680381050988       0.48646861314826956       0.51379310000000000        0.0000000000000000        0.0000000000000000        44.013787143848646        704.22059430157833        16.000000000000000        0.0000000000000000     
           1         178  -9.9677160653765693E-006  -3.5594481670737839E-005   1.7113050051582674E-005   12.484733713677173       0.50297960406887665       0.51379310000000000        0.0000000000000000        0.0000000000000000        47.551475134849895        760.82360215759832        16.000000000000000        0.0000000000000000     
           1         179  -1.1752855506966852E-005  -3.8872205286296266E-005   1.6905180389080424E-005   13.449217643002815       0.49205141243241929       0.51379310000000000        0.0000000000000000        0.0000000000000000        47.356496666212117        757.70394665939386        16.000000000000000        0.0000000000000000     
           1         180  -1.2566454688526601E-005  -4.0380247895505972E-005   1.6825425670581397E-005   13.897249756249487       0.48645758571651559       0.51379310000000000        0.0000000000000000        1.0000000000000000        50.830069319961176        813.28110911937881        16.000000000000000        0.0000000000000000     
           1         181  -1.2564498626740922E-005  -4.0376413757721106E-005   1.6825397098891942E-005   13.896965091447221       0.48646309803347493       0.51379310000000000        0.0000000000000000        1.0000000000000000        44.977768791985262        719.64430067176420        16.000000000000000        0.0000000000000000     
           1         182  -7.9984282290631837E-006  -3.2018978623350959E-005   1.7384989922318825E-005   11.445327052316467       0.51329417112516351       0.51379310000000000        1.0000000000000000        0.0000000000000000        45.431656766545380        726.90650826472609        16.000000000000000        0.0000000000000000     
           1         183  -9.0018066005081861E-006  -3.3835820414104840E-005   1.7241228911186111E-005   11.972593727086226       0.50823820636406469       0.51379310000000000        0.0000000000000000        0.0000000000000000        45.641772195892344        730.26835513427750        16.000000000000000        0.0000000000000000     
           1         184  -1.1748930465620275E-005  -3.8864531591587033E-005   1.6905144087567180E-005   13.448626727130723       0.49206225840556822       0.51379310000000000        0.0000000000000000        0.0000000000000000        49.569608624160097        793.11373798656155        16.000000000000000        0.0000000000000000     
           1         185  -1.0886162963332806E-005  -3.7276022230372111E-005   1.7000992898453123E-005   12.977805520090497       0.49757037492054318       0.51379310000000000        0.0000000000000000        0.0000000000000000        49.269292667112893        788.30868267380629        16.000000000000000        0.0000000000000000     
           1         186  -9.9672959805030119E-006  -3.5593664645763451E-005   1.7113050674936734E-005   12.484666525909144       0.50298071259298693       0.51379310000000000        0.0000000000000000        0.0000000000000000        42.896478591000331        686.34365745600530        16.000000000000000        0.0000000000000000     
           1         187  -1.1752855506966852E-005  -3.8872205286296266E-005   1.6905180389080424E-005   13.449217643002815       0.49205141243241929       0.51379310000000000        0.0000000000000000        0.0000000000000000        45.816248745705948        733.05997993129517        16.000000000000000        0.0000000000000000     
           1         188  -1.1753257783810808E-005  -3.8872991748142190E-005   1.6905184094964192E-005   13.449278240708582       0.49205030062033434       0.51379310000000000        0.0000000000000000        0.0000000000000000        46.315564869107661        741.04903790572257        16.000000000000000        0.0000000000000000     
           1         189  -9.0028721632955787E-006  -3.3837887560626653E-005   1.7241221759564237E-005   11.972768533322215       0.50823546912087225       0.51379310000000000        0.0000000000000000        0.0000000000000000        47.409405471432443        758.55048754291909        16.000000000000000        0.0000000000000000     
           1         190  -1.0886368946055292E-005  -3.7276423883080478E-005   1.7000993687557619E-005   12.977837543457396       0.49756981794375621       0.51379310000000000        0.0000000000000000        0.0000000000000000        52.990332695892327        847.84532313427724        16.000000000000000        0.0000000000000000     
           1         191  -9.0039373943377402E-006  -3.3839954041815186E-005   1.7241214587172606E-005   11.972943332645437       0.50823273252846801       0.51379310000000000        0.0000000000000000        0.0000000000000000        42.014003164415797        672.22405063065275        16.000000000000000        0.0000000000000000     
           1         192  -1.0886162963332806E-005  -3.7276022230372111E-005   1.7000992898453123E-005   12.977805520090497       0.49757037492054318       0.51379310000000000        0.0000000000000000        0.0000000000000000        46.141340770750972        738.26145233201555        16.000000000000000        0.0000000000000000     
           1         193  -9.9672959805030119E-006  -3.5593664645763451E-005   1.7113050674936734E-005   12.484666525909144       0.50298071259298693       0.51379310000000000        0.0000000000000000        0.0000000000000000        45.829983112385392        733.27972979816627        16.000000000000000        0.0000000000000000     
           1         194  -9.9667707988245249E-006  -3.5592643213044514E-005   1.7113051449495784E-005   12.484582539339065       0.50298209839835706       0.51379310000000000        0.0000000000000000        0.0000000000000000        48.248648394479780        771.97837431167648        16.000000000000000        0.0000000000000000     
           1         195  -7.9947719140454192E-006  -3.2011903180758910E-005   1.7385033116757997E-005   11.444713669736233       0.51330329154761178       0.51379310000000000        0.0000000000000000        1.0000000000000000        50.168991689808486        802.70386703693578        16.000000000000000        0.0000000000000000     
           1         196  -7.9988581361290899E-006  -3.2019810531327758E-005   1.7384984824721269E-005   11.445399210841005       0.51329309861414019       0.51379310000000000        0.0000000000000000        0.0000000000000000        44.941027446408398        719.05643914253437        16.000000000000000        0.0000000000000000     
           1         197  -9.9662455331361702E-006  -3.5591621611942853E-005   1.7113052218903332E-005   12.484498550701208       0.50298348437070006       0.51379310000000000        0.0000000000000000        0.0000000000000000        44.019422477142328        704.31075963427725        16.000000000000000        0.0000000000000000     
           1         198  -1.0885750957312026E-005  -3.7275218843666473E-005   1.7000991317798350E-005   12.977741472219142       0.49757148895585535       0.51379310000000000        0.0000000000000000        0.0000000000000000        48.752344071827459        780.03750514923934        16.000000000000000        0.0000000000000000     
           1         199  -9.9683460919334425E-006  -3.5595707006256986E-005   1.7113049110374618E-005   12.484834492849080       0.50297794148296493       0.51379310000000000        0.0000000000000000        0.0000000000000000        46.041252146420952        736.66003434273523        16.000000000000000        0.0000000000000000     
           1         200  -9.0032982955108203E-006  -3.3838714232919854E-005   1.7241218893099674E-005   11.972838453881202       0.50823437440584118       0.51379310000000000        0.0000000000000000        0.0000000000000000        50.965222992990185        815.44356788784296        16.000000000000000        0.0000000000000000     
           1         201  -1.1751447111145716E-005  -3.8869451814977064E-005   1.6905167393083198E-005   13.449005537775275       0.49205530464660169       0.51379310000000000        1.0000000000000000        0.0000000000000000        42.308451221767058        676.93521954827293        16.000000000000000        0.0000000000000000     
           1         202  -1.0881731060842987E-005  -3.7267380138228974E-005   1.7000975735342624E-005   12.977116926000392       0.49758235651750493       0.51379310000000000        0.0000000000000000        0.0000000000000000        45.484284983174156        727.74855973078650        16.000000000000000        0.0000000000000000     
           1         203  -1.1753458901913342E-005  -3.8873384938372544E-005   1.6905185946695712E-005   13.449308538929577       0.49204974475575752       0.51379310000000000        0.0000000000000000        0.0000000000000000        46.680538536654105        746.88861658646567        16.000000000000000        0.0000000000000000     
           1         204  -9.9683460919334425E-006  -3.5595707006256986E-005   1.7113049110374618E-005   12.484834492849080       0.50297794148296493       0.51379310000000000        0.0000000000000000        0.0000000000000000        50.338986869865437        805.42378991784699        16.000000000000000        0.0000000000000000     
           1         205  -9.0018066005081861E-006  -3.3835820414104840E-005   1.7241228911186111E-005   11.972593727086226       0.50823820636406469       0.51379310000000000        0.0000000000000000        0.0000000000000000        47.748573114049741        763.97716982479585        16.000000000000000        0.0000000000000000     
           1         206  -1.2565476826417078E-005  -4.0378331164537909E-005   1.6825411394691173E-005   13.897107429546207       0.48646034152550199       0.51379310000000000        0.0000000000000000        0.0000000000000000        43.578876940052311        697.26203104083697        16.000000000000000        0.0000000000000000     
           1         207  -1.1748930465620275E-005  -3.8864531591587033E-005   1.6905144087567180E-005   13.448626727130723       0.49206225840556822       0.51379310000000000        0.0000000000000000        0.0000000000000000        43.531382215002509        696.50211544004014        16.000000000000000        0.0000000000000000     
           1         208  -9.0032982955108203E-006  -3.3838714232919854E-005   1.7241218893099674E-005   11.972838453881202       0.50823437440584118       0.51379310000000000        0.0000000000000000        0.0000000000000000        46.990854881287682        751.85367810060291        16.000000000000000        0.0000000000000000     
           1         209  -9.9677160653765693E-006  -3.5594481670737839E-005   1.7113050051582674E-005   12.484733713677173       0.50297960406887665       0.51379310000000000        0.0000000000000000        0.0000000000000000        49.366753846521149        789.86806154433839        16.000000000000000        0.0000000000000000     
           1         210  -1.0886162963332806E-005  -3.7276022230372111E-005   1.7000992898453123E-005   12.977805520090497       0.49757037492054318       0.51379310000000000        0.0000000000000000        0.0000000000000000        48.387328636162444        774.19725817859910        16.000000000000000        0.0000000000000000     
           1         211  -1.2566259143100135E-005  -4.0379864603360980E-005   1.6825422816995502E-005   13.897221291820310       0.48645813682241851       0.51379310000000000        0.0000000000000000        0.0000000000000000        39.294394151115412        628.71030641784660        16.000000000000000        0.0000000000000000     
           1         212  -1.1751447111145550E-005  -3.8869451814977328E-005   1.6905167393083645E-005   13.449005537775742       0.49205530464661484       0.51379310000000000        0.0000000000000000        0.0000000000000000        43.512196877519699        696.19515004031518        16.000000000000000        0.0000000000000000     
           1         213  -1.2562541213881876E-005  -4.0372576914925614E-005   1.6825368447519018E-005   13.896680381051411       0.48646861314827028       0.51379310000000000        0.0000000000000000        1.0000000000000000        44.987291842920413        719.79666948672661        16.000000000000000        0.0000000000000000     
           1         214  -1.0884823745899759E-005  -3.7273410827184379E-005   1.7000987749397783E-005   12.977597358965145       0.49757399593393092       0.51379310000000000        0.0000000000000000        0.0000000000000000        47.361662703513836        757.78660325622138        16.000000000000000        0.0000000000000000     
           1         215  -9.0037243746595714E-006  -3.3839540798785167E-005   1.7241216023311913E-005   11.972908373333924       0.50823327979490951       0.51379310000000000        0.0000000000000000        0.0000000000000000        49.993639244876313        799.89822791802101        16.000000000000000        0.0000000000000000     
           1         216  -1.1753458901913342E-005  -3.8873384938372544E-005   1.6905185946695712E-005   13.449308538929577       0.49204974475575752       0.51379310000000000        0.0000000000000000        0.0000000000000000        41.015547790558223        656.24876464893157        16.000000000000000        0.0000000000000000     
           1         217  -1.2564987768787469E-005  -4.0377372545636101E-005   1.6825404249280882E-005   13.897036261921309       0.48646171969207708       0.51379310000000000        0.0000000000000000        1.0000000000000000        43.239310648068560        691.82897036909696        16.000000000000000        0.0000000000000000     
           1         218  -1.2564987768787496E-005  -4.0377372545636799E-005   1.6825404249281441E-005   13.897036261921583       0.48646171969209484       0.51379310000000000        0.0000000000000000        0.0000000000000000        45.351495088615430        725.62392141784687        16.000000000000000        0.0000000000000000     
           1         219  -1.6466378708972874E-005  -3.2640922791972270E-005   7.7954374155262521E-006   10.902401083456478       0.61750873628332237       0.59999999999999998        0.0000000000000000        1.0000000000000000        58.511741033637499        936.18785653819998        16.000000000000000        9.0000000000000000     
           1         220  -1.2564987768787496E-005  -4.0377372545636799E-005   1.6825404249281441E-005   13.897036261921583       0.48646171969209484       0.51379310000000000        0.0000000000000000        0.0000000000000000        50.334590500369373        805.35344800590997        16.000000000000000        0.0000000000000000     
           1         221  -2.5663852117161576E-005  -5.2220263808601915E-005   1.4170765419999065E-005   15.925155482691755       0.63245053309547128       0.59999999999999998        0.0000000000000000        1.0000000000000000        49.203876418874991        787.26202270199985        16.000000000000000        21.000000000000000     
           1         222  -1.1753257783810808E-005  -3.8872991748142190E-005   1.6905184094964192E-005   13.449278240708582       0.49205030062033434       0.51379310000000000        0.0000000000000000        0.0000000000000000        41.288319801071999        660.61311681715199        16.000000000000000        0.0000000000000000     
           1         223  -9.0032982955108203E-006  -3.3838714232919854E-005   1.7241218893099674E-005   11.972838453881202       0.50823437440584118       0.51379310000000000        0.0000000000000000        0.0000000000000000        43.838276082084242        701.41241731334787        16.000000000000000        0.0000000000000000     
           1         224  -1.2769916818855002E-005  -5.2391090333008164E-005   1.3644198857247079E-005   15.249786955682868       0.68917021492582298       0.40000000000000002        0.0000000000000000        1.0000000000000000        55.452328193499994        887.23725109599991        16.000000000000000        22.750000000000000     
           1         225  -1.2562051649372158E-005  -4.0371617281187967E-005   1.6825361272213109E-005   13.896609196325468       0.48646999236455968       0.51379310000000000        0.0000000000000000        0.0000000000000000        48.905314526115419        782.48503241784670        16.000000000000000        0.0000000000000000     
           1         226  -1.6899051672483626E-005  -4.8908845529019250E-005   1.5110742184052005E-005   19.243235432770383       0.63451641222773902       0.50000000000000000        0.0000000000000000        1.0000000000000000        50.540332130312507        808.64531408500011        16.000000000000000        35.000000000000000     
           1         227  -7.9969231439323980E-006  -3.2016066121730520E-005   1.7385007737563801E-005   11.445074490630303       0.51329792570895860       0.51379310000000000        0.0000000000000000        0.0000000000000000        44.972385861577649        719.55817378524239        16.000000000000000        0.0000000000000000     
           1         228  -1.0884308510024857E-005  -3.7272406136337185E-005   1.7000985759813505E-005   12.977517292729257       0.49757538893810715       0.51379310000000000        0.0000000000000000        1.0000000000000000        44.376916453919428        710.03066326271085        16.000000000000000        0.0000000000000000     
           1         229  -1.2565476826417115E-005  -4.0378331164537950E-005   1.6825411394691106E-005   13.897107429546312       0.48646034152549400       0.51379310000000000        0.0000000000000000        1.0000000000000000        47.871412342423582        765.94259747877732        16.000000000000000        0.0000000000000000     
           1         230  -1.8310644014065884E-005  -4.9737178010553287E-005   1.3115889982421556E-005   13.547213428569318       0.68304900592514461       0.50000000000000000        1.0000000000000000        0.0000000000000000        59.923655135312494        958.77848216499990        16.000000000000000        24.500000000000000     
           1         231  -1.2566259143100135E-005  -4.0379864603360980E-005   1.6825422816995502E-005   13.897221291820310       0.48645813682241851       0.51379310000000000        0.0000000000000000        0.0000000000000000        43.057580183042013        688.92128292867221        16.000000000000000        0.0000000000000000     
           1         232  -1.1752453175928380E-005  -3.8871418715918953E-005   1.6905176679971616E-005   13.449157043614065       0.49205252435520735       0.51379310000000000        0.0000000000000000        0.0000000000000000        46.874781664642335        749.99650663427735        16.000000000000000        0.0000000000000000     
           1         233  -1.1752453175928380E-005  -3.8871418715918953E-005   1.6905176679971616E-005   13.449157043614065       0.49205252435520735       0.51379310000000000        0.0000000000000000        0.0000000000000000        46.343625348688484        741.49800557901574        16.000000000000000        0.0000000000000000     
           1         234  -1.0885338897179727E-005  -3.7274415348556651E-005   1.7000989733882283E-005   12.977677422831977       0.49757260310018941       0.51379310000000000        0.0000000000000000        0.0000000000000000        48.000287759999452        768.00460415999123        16.000000000000000        0.0000000000000000     
           1         235  -9.0039373943377402E-006  -3.3839954041815186E-005   1.7241214587172606E-005   11.972943332645437       0.50823273252846801       0.51379310000000000        0.0000000000000000        0.0000000000000000        51.104883631501941        817.67813810403106        16.000000000000000        0.0000000000000000     
           1         236  -7.9990730701268154E-006  -3.2020226446108333E-005   1.7384982274668280E-005   11.445435289777301       0.51329256239647403       0.51379310000000000        0.0000000000000000        0.0000000000000000        40.423889295701684        646.78222873122695        16.000000000000000        0.0000000000000000     
           1         237  -9.0037243746592783E-006  -3.3839540798784944E-005   1.7241216023311811E-005   11.972908373333992       0.50823327979489796       0.51379310000000000        0.0000000000000000        1.0000000000000000        44.879282523002388        718.06852036803821        16.000000000000000        0.0000000000000000     
           1         238  -1.1748930465620275E-005  -3.8864531591587033E-005   1.6905144087567180E-005   13.448626727130723       0.49206225840556822       0.51379310000000000        0.0000000000000000        0.0000000000000000        49.174664082439335        786.79462531902936        16.000000000000000        0.0000000000000000     
           1         239  -1.1752855506966852E-005  -3.8872205286296266E-005   1.6905180389080424E-005   13.449217643002815       0.49205141243241929       0.51379310000000000        0.0000000000000000        0.0000000000000000        49.460023258392347        791.36037213427755        16.000000000000000        0.0000000000000000     
           1         240  -1.1753257783810808E-005  -3.8872991748142190E-005   1.6905184094964192E-005   13.449278240708582       0.49205030062033434       0.51379310000000000        0.0000000000000000        0.0000000000000000        49.486378854062160        791.78206166499456        16.000000000000000        0.0000000000000000     
           1         241  -1.0886368946055292E-005  -3.7276423883080593E-005   1.7000993687557260E-005   12.977837543457319       0.49756981794374766       0.51379310000000000        0.0000000000000000        1.0000000000000000        43.515715502227984        696.25144803564774        16.000000000000000        0.0000000000000000     
           1         242  -7.9979982698936146E-006  -3.2018146610797474E-005   1.7384995016571725E-005   11.445254892922087       0.51329524373715496       0.51379310000000000        0.0000000000000000        0.0000000000000000        43.531452634995610        696.50324215992975        16.000000000000000        0.0000000000000000     
           1         243  -7.9984282290633396E-006  -3.2018978623351224E-005   1.7384989922319303E-005   11.445327052316689       0.51329417112517250       0.51379310000000000        0.0000000000000000        0.0000000000000000        46.863072567272148        749.80916107635437        16.000000000000000        0.0000000000000000     
           1         244  -9.0039373943377402E-006  -3.3839954041815186E-005   1.7241214587172606E-005   11.972943332645437       0.50823273252846801       0.51379310000000000        0.0000000000000000        0.0000000000000000        51.275251801968125        820.40402883149000        16.000000000000000        0.0000000000000000     
           1         245  -2.6325589939290814E-005  -5.4155063670138307E-005   1.5418620656980655E-005   17.269010504945129       0.63601379569549799       0.59999999999999998        0.0000000000000000        1.0000000000000000        61.087363830000015        977.39782128000024        16.000000000000000        45.500000000000000     
           1         246  -1.2565476826417115E-005  -4.0378331164537950E-005   1.6825411394691106E-005   13.897107429546312       0.48646034152549400       0.51379310000000000        0.0000000000000000        1.0000000000000000        42.861373070892327        685.78196913427723        16.000000000000000        0.0000000000000000     
           1         247  -1.1753257783810808E-005  -3.8872991748142190E-005   1.6905184094964192E-005   13.449278240708582       0.49205030062033434       0.51379310000000000        0.0000000000000000        0.0000000000000000        46.745286074700743        747.92457719521190        16.000000000000000        0.0000000000000000     
           1         248  -1.2562541213882025E-005  -4.0372576914924720E-005   1.6825368447518635E-005   13.896680381050764       0.48646861314826134       0.51379310000000000        1.0000000000000000        0.0000000000000000        45.882588657699998        734.12141852319996        16.000000000000000        0.0000000000000000     
           1         249  -1.0886368946055292E-005  -3.7276423883080478E-005   1.7000993687557619E-005   12.977837543457396       0.49756981794375621       0.51379310000000000        0.0000000000000000        0.0000000000000000        50.240770831052217        803.85233329683547        16.000000000000000        0.0000000000000000     
           1         250  -1.0884823745899759E-005  -3.7273410827184379E-005   1.7000987749397783E-005   12.977597358965145       0.49757399593393092       0.51379310000000000        0.0000000000000000        0.0000000000000000        49.693233344794649        795.09173351671438        16.000000000000000        0.0000000000000000     
           1         251  -1.0886162963332806E-005  -3.7276022230372111E-005   1.7000992898453123E-005   12.977805520090497       0.49757037492054318       0.51379310000000000        0.0000000000000000        0.0000000000000000        42.055876472059211        672.89402355294737        16.000000000000000        0.0000000000000000     
           1         252  -2.4689124655625679E-005  -5.0585997681582806E-005   1.4156184883309835E-005   15.572403992338886       0.64436930582976093       0.59999999999999998        0.0000000000000000        1.0000000000000000        52.086098606249990        833.37757769999985        16.000000000000000        49.000000000000000     
           1         253  -1.2564498626741132E-005  -4.0376413757721567E-005   1.6825397098892210E-005   13.896965091447326       0.48646309803347870       0.51379310000000000        0.0000000000000000        0.0000000000000000        47.499619070892344        759.99390513427750        16.000000000000000        0.0000000000000000     
           1         254  -9.9641436297890466E-006  -3.5587533522712625E-005   1.7113055244999195E-005   12.484162575476894       0.50298902993104611       0.51379310000000000        0.0000000000000000        0.0000000000000000        47.817296043505905        765.07673669609449        16.000000000000000        0.0000000000000000     
           1         255  -9.9662455331361702E-006  -3.5591621611942853E-005   1.7113052218903332E-005   12.484498550701208       0.50298348437070006       0.51379310000000000        0.0000000000000000        0.0000000000000000        52.290928088733132        836.65484941973011        16.000000000000000        0.0000000000000000     
           1         256  -8.9991412408537055E-006  -3.3830649634355891E-005   1.7241246699287355E-005   11.972156681247915       0.50824505232218342       0.51379310000000000        0.0000000000000000        0.0000000000000000        41.966337916958729        671.46140667133966        16.000000000000000        0.0000000000000000     
           1         257  -9.9683460919334425E-006  -3.5595707006256986E-005   1.7113049110374618E-005   12.484834492849080       0.50297794148296493       0.51379310000000000        0.0000000000000000        0.0000000000000000        45.412402949880445        726.59844719808711        16.000000000000000        0.0000000000000000     
           1         258  -1.1751447111145550E-005  -3.8869451814977328E-005   1.6905167393083645E-005   13.449005537775742       0.49205530464661484       0.51379310000000000        0.0000000000000000        0.0000000000000000        47.537195433180401        760.59512693088641        16.000000000000000        0.0000000000000000     
           1         259  -9.0023394233824597E-006  -3.3836854070557487E-005   1.7241225337972219E-005   11.972681131068422       0.50823683766109473       0.51379310000000000        0.0000000000000000        0.0000000000000000        49.974959259366194        799.59934814985911        16.000000000000000        0.0000000000000000     
           1         260  -1.0886162963332755E-005  -3.7276022230372139E-005   1.7000992898453109E-005   12.977805520090415       0.49757037492053807       0.51379310000000000        0.0000000000000000        1.0000000000000000        50.452280276115417        807.23648441784667        16.000000000000000        0.0000000000000000     
           1         261  -1.0886368946055292E-005  -3.7276423883080478E-005   1.7000993687557619E-005   12.977837543457396       0.49756981794375621       0.51379310000000000        0.0000000000000000        0.0000000000000000        44.432274585470779        710.91639336753246        16.000000000000000        0.0000000000000000     
           1         262  -9.9667707988245249E-006  -3.5592643213044514E-005   1.7113051449495784E-005   12.484582539339065       0.50298209839835706       0.51379310000000000        0.0000000000000000        0.0000000000000000        42.463439055826811        679.41502489322897        16.000000000000000        0.0000000000000000     
           1         263   1.6359603465026472E-005  -2.8325135938547590E-005   1.6359603465026472E-005   10.184644374741074       0.50941859352527563        0.0000000000000000        0.0000000000000000        1.0000000000000000        46.467422703392330        743.47876325427728        16.000000000000000        0.0000000000000000     
           1         264  -1.0885750957312026E-005  -3.7275218843666473E-005   1.7000991317798350E-005   12.977741472219142       0.49757148895585535       0.51379310000000000        0.0000000000000000        0.0000000000000000        47.356015519910009        757.69624831856015        16.000000000000000        0.0000000000000000     
           1         265   3.2099999999999993E-006   4.1136999999999966E-004   3.2099999999999993E-006   9.9999999999999964        1.0000000000000000        0.0000000000000000        0.0000000000000000        1.0000000000000000        46.902455011740415        750.43928018784663        16.000000000000000        1.7500000000000000     
           1         266  -7.9990730701268154E-006  -3.2020226446108333E-005   1.7384982274668280E-005   11.445435289777301       0.51329256239647403       0.51379310000000000        0.0000000000000000        0.0000000000000000        42.449943221967310        679.19909155147695        16.000000000000000        0.0000000000000000     
           1         267  -9.9683460919334425E-006  -3.5595707006256986E-005   1.7113049110374618E-005   12.484834492849080       0.50297794148296493       0.51379310000000000        0.0000000000000000        0.0000000000000000        43.675392994865419        698.80628791784670        16.000000000000000        0.0000000000000000     
           1         268  -1.0882246720071285E-005  -3.7268385677203359E-005   1.7000977750449164E-005   12.977197004086571       0.49758096266029778       0.51379310000000000        0.0000000000000000        0.0000000000000000        42.608821957052456        681.74115131283929        16.000000000000000        0.0000000000000000     
           1         269  -7.9942339026890198E-006  -3.2010862036305653E-005   1.7385039448466162E-005   11.444623461114659       0.51330463340239929       0.51379310000000000        0.0000000000000000        1.0000000000000000        47.145503365608441        754.32805384973506        16.000000000000000        0.0000000000000000     
           1         270  -1.2565476826417078E-005  -4.0378331164537909E-005   1.6825411394691173E-005   13.897107429546207       0.48646034152550199       0.51379310000000000        0.0000000000000000        0.0000000000000000        48.586466901239390        777.38347041983025        16.000000000000000        0.0000000000000000     
           1         271  -1.1753458901913342E-005  -3.8873384938372544E-005   1.6905185946695712E-005   13.449308538929577       0.49204974475575752       0.51379310000000000        0.0000000000000000        0.0000000000000000        42.017833333112534        672.28533332980055        16.000000000000000        0.0000000000000000     
           1         272  -7.9974607476410660E-006  -3.2017106448008437E-005   1.7385001379682468E-005   11.445164692455705       0.51329658464414041       0.51379310000000000        0.0000000000000000        0.0000000000000000        45.663141896591469        730.61027034546350        16.000000000000000        0.0000000000000000     
           1         273  -9.9636179436782533E-006  -3.5586511078947251E-005   1.7113055988630639E-005   12.484078576501194       0.50299041673913591       0.51379310000000000        0.0000000000000000        0.0000000000000000        45.210440700733415        723.36705121173463        16.000000000000000        0.0000000000000000     
           1         274  -9.0023394233821818E-006  -3.3836854070556959E-005   1.7241225337971843E-005   11.972681131068356       0.50823683766108119       0.51379310000000000        1.0000000000000000        0.0000000000000000        46.847017619865426        749.55228191784681        16.000000000000000        0.0000000000000000     
           1         275  -1.0884823745899759E-005  -3.7273410827184379E-005   1.7000987749397783E-005   12.977597358965145       0.49757399593393092       0.51379310000000000        0.0000000000000000        0.0000000000000000        48.987188468289197        783.79501549262716        16.000000000000000        0.0000000000000000     
           1         276  -9.0018066005081861E-006  -3.3835820414104840E-005   1.7241228911186111E-005   11.972593727086226       0.50823820636406469       0.51379310000000000        0.0000000000000000        0.0000000000000000        42.109713501560314        673.75541602496503        16.000000000000000        0.0000000000000000     
           1         277  -1.1752855506966852E-005  -3.8872205286296266E-005   1.6905180389080424E-005   13.449217643002815       0.49205141243241929       0.51379310000000000        0.0000000000000000        0.0000000000000000        44.451760352015718        711.22816563225149        16.000000000000000        0.0000000000000000     
           1         278  -7.9990730701268154E-006  -3.2020226446108333E-005   1.7384982274668280E-005   11.445435289777301       0.51329256239647403       0.51379310000000000        0.0000000000000000        0.0000000000000000        46.191618233862087        739.06589174179339        16.000000000000000        0.0000000000000000     
           1         279  -1.2564987768787496E-005  -4.0377372545636799E-005   1.6825404249281441E-005   13.897036261921583       0.48646171969209484       0.51379310000000000        0.0000000000000000        0.0000000000000000        44.876908156871778        718.03053050994845        16.000000000000000        0.0000000000000000     
           1         280  -1.0884823745899759E-005  -3.7273410827184379E-005   1.7000987749397783E-005   12.977597358965145       0.49757399593393092       0.51379310000000000        0.0000000000000000        0.0000000000000000        47.321714318570180        757.14742909712288        16.000000000000000        0.0000000000000000     
           1         281  -9.9636179436782533E-006  -3.5586511078947251E-005   1.7113055988630639E-005   12.484078576501194       0.50299041673913591       0.51379310000000000        0.0000000000000000        0.0000000000000000        39.045892901115415        624.73428641784665        16.000000000000000        0.0000000000000000     
           1         282  -1.2564498626741132E-005  -4.0376413757721567E-005   1.6825397098892210E-005   13.896965091447326       0.48646309803347870       0.51379310000000000        0.0000000000000000        0.0000000000000000        43.462576912731294        695.40123060370070        16.000000000000000        0.0000000000000000     
           1         283  -9.0138123660569869E-006  -3.1783101588217958E-005   1.5047351089769321E-005   11.439379160093925       0.49749643909702013       0.51379310000000000        0.0000000000000000        1.0000000000000000        45.699445005752501        731.19112009204002        16.000000000000000        0.0000000000000000     
           1         284  -7.9974607476410660E-006  -3.2017106448008437E-005   1.7385001379682468E-005   11.445164692455705       0.51329658464414041       0.51379310000000000        0.0000000000000000        0.0000000000000000        50.342549773970333        805.48079638352533        16.000000000000000        0.0000000000000000     
           1         285  -1.1752453175928380E-005  -3.8871418715918953E-005   1.6905176679971616E-005   13.449157043614065       0.49205252435520735       0.51379310000000000        0.0000000000000000        0.0000000000000000        48.756865732597490        780.10985172155983        16.000000000000000        0.0000000000000000     
           1         286  -1.1751950185899253E-005  -3.8870435350283877E-005   1.6905172039048607E-005   13.449081292010224       0.49205391441438406       0.51379310000000000        0.0000000000000000        0.0000000000000000        42.059925842231351        672.95881347570162        16.000000000000000        0.0000000000000000     
           1         287  -1.1752855506966852E-005  -3.8872205286296266E-005   1.6905180389080424E-005   13.449217643002815       0.49205141243241929       0.51379310000000000        0.0000000000000000        0.0000000000000000        41.440993343264545        663.05589349223271        16.000000000000000        0.0000000000000000     
           1         288  -1.0881731060842987E-005  -3.7267380138228974E-005   1.7000975735342624E-005   12.977116926000392       0.49758235651750493       0.51379310000000000        0.0000000000000000        0.0000000000000000        46.845596338615429        749.52954141784687        16.000000000000000        0.0000000000000000     
           1         289  -1.2565868011757316E-005  -4.0379097938004339E-005   1.6825417107435799E-005   13.897164361594864       0.48645923911805244       0.51379310000000000        0.0000000000000000        0.0000000000000000        51.051501199779295        816.82401919646873        16.000000000000000        0.0000000000000000     
           1         290  -1.1751950185899253E-005  -3.8870435350283877E-005   1.6905172039048607E-005   13.449081292010224       0.49205391441438406       0.51379310000000000        0.0000000000000000        0.0000000000000000        50.258229793587439        804.13167669739903        16.000000000000000        0.0000000000000000     
           1         291  -7.9988581361290899E-006  -3.2019810531327758E-005   1.7384984824721269E-005   11.445399210841005       0.51329309861414019       0.51379310000000000        0.0000000000000000        0.0000000000000000        40.896323692559832        654.34117908095732        16.000000000000000        0.0000000000000000     
           1         292  -7.9979982698936146E-006  -3.2018146610797474E-005   1.7384995016571725E-005   11.445254892922087       0.51329524373715496       0.51379310000000000        0.0000000000000000        0.0000000000000000        43.905352191796538        702.48563506874461        16.000000000000000        0.0000000000000000     
           1         293  -7.9990730701268154E-006  -3.2020226446108333E-005   1.7384982274668280E-005   11.445435289777301       0.51329256239647403       0.51379310000000000        0.0000000000000000        0.0000000000000000        44.807774423476758        716.92439077562813        16.000000000000000        0.0000000000000000     
           1         294  -9.9672959805030119E-006  -3.5593664645763451E-005   1.7113050674936734E-005   12.484666525909144       0.50298071259298693       0.51379310000000000        0.0000000000000000        0.0000000000000000        48.789782908605986        780.63652653769577        16.000000000000000        0.0000000000000000     
           1         295  -1.1752855506966852E-005  -3.8872205286296266E-005   1.6905180389080424E-005   13.449217643002815       0.49205141243241929       0.51379310000000000        0.0000000000000000        0.0000000000000000        53.376012633392335        854.01620213427736        16.000000000000000        0.0000000000000000     
           1         296  -1.1751447111145550E-005  -3.8869451814977328E-005   1.6905167393083645E-005   13.449005537775742       0.49205530464661484       0.51379310000000000        0.0000000000000000        0.0000000000000000        43.421917740226711        694.75068384362737        16.000000000000000        0.0000000000000000     
           1         297  -1.2564498626741132E-005  -4.0376413757721567E-005   1.6825397098892210E-005   13.896965091447326       0.48646309803347870       0.51379310000000000        0.0000000000000000        0.0000000000000000        43.718999736587563        699.50399578540100        16.000000000000000        0.0000000000000000     
           1         298  -1.0882246720071285E-005  -3.7268385677203359E-005   1.7000977750449164E-005   12.977197004086571       0.49758096266029778       0.51379310000000000        0.0000000000000000        0.0000000000000000        47.551199858946717        760.81919774314747        16.000000000000000        0.0000000000000000     
           1         299  -8.9996744789050593E-006  -3.3831684123469099E-005   1.7241243152068351E-005   11.972244093872581       0.50824368280460797       0.51379310000000000        0.0000000000000000        0.0000000000000000        47.356127958289697        757.69804733263516        16.000000000000000        0.0000000000000000     
           1         300  -1.1749433964377416E-005  -3.8865515976015496E-005   1.6905148758767706E-005   13.448702494523518       0.49206086730721083       0.51379310000000000        0.0000000000000000        0.0000000000000000        50.829679766888681        813.27487627021890        16.000000000000000        0.0000000000000000     
           1         301  -1.0882246720071285E-005  -3.7268385677203359E-005   1.7000977750449164E-005   12.977197004086571       0.49758096266029778       0.51379310000000000        0.0000000000000000        0.0000000000000000        44.976160074199079        719.61856118718526        16.000000000000000        0.0000000000000000     
           1         302  -1.2566259143100135E-005  -4.0379864603360980E-005   1.6825422816995502E-005   13.897221291820310       0.48645813682241851       0.51379310000000000        0.0000000000000000        0.0000000000000000        44.777290914642336        716.43665463427737        16.000000000000000        0.0000000000000000     
           1         303  -1.2564498626740902E-005  -4.0376413757722204E-005   1.6825397098892101E-005   13.896965091447020       0.48646309803346877       0.51379310000000000        1.0000000000000000        0.0000000000000000        45.693893058191449        731.10228893106319        16.000000000000000        0.0000000000000000     
           1         304  -1.1749433964377416E-005  -3.8865515976015496E-005   1.6905148758767706E-005   13.448702494523518       0.49206086730721083       0.51379310000000000        0.0000000000000000        0.0000000000000000        49.569342432766767        793.10947892426827        16.000000000000000        0.0000000000000000     
           1         305  -7.9988581361290899E-006  -3.2019810531327758E-005   1.7384984824721269E-005   11.445399210841005       0.51329309861414019       0.51379310000000000        0.0000000000000000        0.0000000000000000        49.269016709176540        788.30426734682464        16.000000000000000        0.0000000000000000     
           1         306  -9.0018066005081861E-006  -3.3835820414104840E-005   1.7241228911186111E-005   11.972593727086226       0.50823820636406469       0.51379310000000000        0.0000000000000000        0.0000000000000000        42.896101092164287        686.33761747462859        16.000000000000000        0.0000000000000000     
           1         307  -7.9988581361290899E-006  -3.2019810531327758E-005   1.7384984824721269E-005   11.445399210841005       0.51329309861414019       0.51379310000000000        0.0000000000000000        0.0000000000000000        44.554753578625011        712.87605725800017        16.000000000000000        0.0000000000000000     
           1         308  -9.0037243746595714E-006  -3.3839540798785167E-005   1.7241216023311913E-005   11.972908373333924       0.50823327979490951       0.51379310000000000        0.0000000000000000        0.0000000000000000        45.875739036417556        734.01182458268090        16.000000000000000        0.0000000000000000     
           1         309  -9.0037243746595714E-006  -3.3839540798785167E-005   1.7241216023311913E-005   11.972908373333924       0.50823327979490951       0.51379310000000000        0.0000000000000000        0.0000000000000000        47.412058633392341        758.59293813427746        16.000000000000000        0.0000000000000000     
           1         310  -1.1752855506966852E-005  -3.8872205286296266E-005   1.6905180389080424E-005   13.449217643002815       0.49205141243241929       0.51379310000000000        0.0000000000000000        0.0000000000000000        52.990188950238050        847.84302320380880        16.000000000000000        0.0000000000000000     
           1         311  -9.9641436297890466E-006  -3.5587533522712625E-005   1.7113055244999195E-005   12.484162575476894       0.50298902993104611       0.51379310000000000        0.0000000000000000        0.0000000000000000        42.013720886120289        672.21953417792463        16.000000000000000        0.0000000000000000     
           1         312  -9.0039373943377402E-006  -3.3839954041815186E-005   1.7241214587172606E-005   11.972943332645437       0.50823273252846801       0.51379310000000000        0.0000000000000000        0.0000000000000000        46.141039968585638        738.25663949737020        16.000000000000000        0.0000000000000000     
           1         313  -1.0885338897179727E-005  -3.7274415348556651E-005   1.7000989733882283E-005   12.977677422831977       0.49757260310018941       0.51379310000000000        0.0000000000000000        0.0000000000000000        45.829591005050062        733.27345608080100        16.000000000000000        0.0000000000000000     
           1         314  -1.0886162963332806E-005  -3.7276022230372111E-005   1.7000992898453123E-005   12.977805520090497       0.49757037492054318       0.51379310000000000        0.0000000000000000        0.0000000000000000        49.435107846000001        790.96172553600002        16.000000000000000        0.0000000000000000     
           1         315  -1.1753458901913342E-005  -3.8873384938372544E-005   1.6905185946695712E-005   13.449308538929577       0.49204974475575752       0.51379310000000000        0.0000000000000000        0.0000000000000000        51.570099665364950        825.12159464583920        16.000000000000000        0.0000000000000000     
           1         316  -9.9681360965128928E-006  -3.5595298588005240E-005   1.7113049424934211E-005   12.484800900122449       0.50297849565158204       0.51379310000000000        0.0000000000000000        0.0000000000000000        43.863583820892330        701.81734113427729        16.000000000000000        0.0000000000000000     
           1         317  -1.1749433964377416E-005  -3.8865515976015496E-005   1.6905148758767706E-005   13.448702494523518       0.49206086730721083       0.51379310000000000        0.0000000000000000        0.0000000000000000        43.724769377576500        699.59631004122400        16.000000000000000        0.0000000000000000     
           1         318  -8.9991412408537055E-006  -3.3830649634355891E-005   1.7241246699287355E-005   11.972156681247915       0.50824505232218342       0.51379310000000000        0.0000000000000000        0.0000000000000000        47.094550526659532        753.51280842655251        16.000000000000000        0.0000000000000000     
           1         319  -1.1752453175928380E-005  -3.8871418715918953E-005   1.6905176679971616E-005   13.449157043614065       0.49205252435520735       0.51379310000000000        0.0000000000000000        0.0000000000000000        45.526189089747078        728.41902543595324        16.000000000000000        0.0000000000000000     
           1         320  -9.0023394233824597E-006  -3.3836854070557487E-005   1.7241225337972219E-005   11.972681131068422       0.50823683766109473       0.51379310000000000        0.0000000000000000        0.0000000000000000        50.203518769486621        803.25630031178594        16.000000000000000        0.0000000000000000     
           1         321  -1.0886368946055292E-005  -3.7276423883080593E-005   1.7000993687557260E-005   12.977837543457319       0.49756981794374766       0.51379310000000000        0.0000000000000000        1.0000000000000000        42.240842808079066        675.85348492926505        16.000000000000000        0.0000000000000000     
           1         322  -1.1749433964377416E-005  -3.8865515976015496E-005   1.6905148758767706E-005   13.448702494523518       0.49206086730721083       0.51379310000000000        0.0000000000000000        0.0000000000000000        45.138341506535582        722.21346410456931        16.000000000000000        0.0000000000000000     
           1         323  -5.8612293093631758E-006  -2.6135575397672603E-005   1.5563433991765000E-005   10.261265139479757       0.55898674969041351       0.51379310000000000        0.0000000000000000        1.0000000000000000        42.225781106338502        675.61249770141603        16.000000000000000        0.0000000000000000     
           1         324  -1.2565868011757316E-005  -4.0379097938004339E-005   1.6825417107435799E-005   13.897164361594864       0.48645923911805244       0.51379310000000000        0.0000000000000000        0.0000000000000000        48.719835594332970        779.51736950932752        16.000000000000000        0.0000000000000000     
           1         325  -9.9636179436782533E-006  -3.5586511078947251E-005   1.7113055988630639E-005   12.484078576501194       0.50299041673913591       0.51379310000000000        0.0000000000000000        0.0000000000000000        46.452283658175247        743.23653853080395        16.000000000000000        0.0000000000000000     
           1         326  -1.2562051649372158E-005  -4.0371617281187967E-005   1.6825361272213109E-005   13.896609196325468       0.48646999236455968       0.51379310000000000        0.0000000000000000        0.0000000000000000        42.889478872552765        686.23166196084424        16.000000000000000        0.0000000000000000     
           1         327  -1.1752855506966852E-005  -3.8872205286296266E-005   1.6905180389080424E-005   13.449217643002815       0.49205141243241929       0.51379310000000000        0.0000000000000000        0.0000000000000000        43.186869383498014        690.98991013596822        16.000000000000000        0.0000000000000000     
           1         328  -7.9974607476410660E-006  -3.2017106448008437E-005   1.7385001379682468E-005   11.445164692455705       0.51329658464414041       0.51379310000000000        0.0000000000000000        0.0000000000000000        45.887041016204591        734.19265625927346        16.000000000000000        0.0000000000000000     
           1         329  -1.1752453175928380E-005  -3.8871418715918953E-005   1.6905176679971616E-005   13.449157043614065       0.49205252435520735       0.51379310000000000        0.0000000000000000        0.0000000000000000        49.521694755852245        792.34711609363592        16.000000000000000        0.0000000000000000     
           1         330  -1.1752453175928380E-005  -3.8871418715918953E-005   1.6905176679971616E-005   13.449157043614065       0.49205252435520735       0.51379310000000000        0.0000000000000000        0.0000000000000000        49.015347258392346        784.24555613427754        16.000000000000000        0.0000000000000000     
           1         331  -7.9988581361290899E-006  -3.2019810531327758E-005   1.7384984824721269E-005   11.445399210841005       0.51329309861414019       0.51379310000000000        0.0000000000000000        0.0000000000000000        40.421849349731090        646.74958959569744        16.000000000000000        0.0000000000000000     
           1         332  -1.2562051649372392E-005  -4.0371617281187737E-005   1.6825361272212926E-005   13.896609196324953       0.48646999236455074       0.51379310000000000        1.0000000000000000        0.0000000000000000        42.321662602395079        677.14660163832127        16.000000000000000        0.0000000000000000     
           1         333  -9.9667707988245198E-006  -3.5592643213043843E-005   1.7113051449494920E-005   12.484582539339110       0.50298209839834684       0.51379310000000000        0.0000000000000000        1.0000000000000000        45.350772099256382        725.61235358810211        16.000000000000000        0.0000000000000000     
           1         334  -9.9667707988245249E-006  -3.5592643213044514E-005   1.7113051449495784E-005   12.484582539339065       0.50298209839835706       0.51379310000000000        0.0000000000000000        0.0000000000000000        46.979685743773565        751.67497190037705        16.000000000000000        0.0000000000000000     
           1         335  -1.1751950185899253E-005  -3.8870435350283877E-005   1.6905172039048607E-005   13.449081292010224       0.49205391441438406       0.51379310000000000        0.0000000000000000        0.0000000000000000        50.393348856530878        806.29358170449404        16.000000000000000        0.0000000000000000     
           1         336  -9.9672959805033676E-006  -3.5593664645763010E-005   1.7113050674936615E-005   12.484666525909454       0.50298071259298505       0.51379310000000000        0.0000000000000000        1.0000000000000000        40.686647523800218        650.98636038080349        16.000000000000000        0.0000000000000000     
           1         337  -9.0028721632955787E-006  -3.3837887560626653E-005   1.7241221759564237E-005   11.972768533322215       0.50823546912087225       0.51379310000000000        0.0000000000000000        0.0000000000000000        42.513589307365422        680.21742891784675        16.000000000000000        0.0000000000000000     
           1         338  -1.0884308510024857E-005  -3.7272406136337185E-005   1.7000985759813505E-005   12.977517292729257       0.49757538893810715       0.51379310000000000        0.0000000000000000        1.0000000000000000        43.712398955923987        699.39838329478380        16.000000000000000        0.0000000000000000     
           1         339  -1.1751447111145550E-005  -3.8869451814977328E-005   1.6905167393083645E-005   13.449005537775742       0.49205530464661484       0.51379310000000000        0.0000000000000000        0.0000000000000000        47.550929307590032        760.81486892144051        16.000000000000000        0.0000000000000000     
           1         340  -7.9984282290633396E-006  -3.2018978623351224E-005   1.7384989922319303E-005   11.445327052316689       0.51329417112517250       0.51379310000000000        0.0000000000000000        0.0000000000000000        51.736518478489714        827.78429565583542        16.000000000000000        0.0000000000000000     
           1         341  -1.2562541213881631E-005  -4.0372576914924937E-005   1.6825368447518849E-005   13.896680381050988       0.48646861314826956       0.51379310000000000        0.0000000000000000        0.0000000000000000        44.177967451748557        706.84747922797692        16.000000000000000        0.0000000000000000     
           1         342  -1.1751950185899253E-005  -3.8870435350283877E-005   1.6905172039048607E-005   13.449081292010224       0.49205391441438406       0.51379310000000000        0.0000000000000000        0.0000000000000000        42.843405690294873        685.49449104471796        16.000000000000000        0.0000000000000000     
           1         343  -1.2562051649372421E-005  -4.0371617281188346E-005   1.6825361272213492E-005   13.896609196325697       0.48646999236456340       0.51379310000000000        0.0000000000000000        1.0000000000000000        45.932652280768757        734.92243649230011        16.000000000000000        0.0000000000000000     
           1         344  -7.9969231439323980E-006  -3.2016066121730520E-005   1.7385007737563801E-005   11.445074490630303       0.51329792570895860       0.51379310000000000        0.0000000000000000        0.0000000000000000        44.859656369865426        717.75450191784682        16.000000000000000        0.0000000000000000     
           1         345  -9.9667707988245249E-006  -3.5592643213044514E-005   1.7113051449495784E-005   12.484582539339065       0.50298209839835706       0.51379310000000000        0.0000000000000000        0.0000000000000000        49.387337164420920        790.19739463073472        16.000000000000000        0.0000000000000000     
           1         346  -9.9662455331361702E-006  -3.5591621611942853E-005   1.7113052218903332E-005   12.484498550701208       0.50298348437070006       0.51379310000000000        0.0000000000000000        0.0000000000000000        43.638179571639064        698.21087314622503        16.000000000000000        0.0000000000000000     
           1         347  -7.9942339026890062E-006  -3.2010862036304847E-005   1.7385039448466626E-005   11.444623461114455       0.51330463340240673       0.51379310000000000        0.0000000000000000        0.0000000000000000        45.042858681932856        720.68573891092569        16.000000000000000        0.0000000000000000     
           1         348  -7.9990730701268154E-006  -3.2020226446108333E-005   1.7384982274668280E-005   11.445435289777301       0.51329256239647403       0.51379310000000000        0.0000000000000000        0.0000000000000000        44.788265544497342        716.61224871195748        16.000000000000000        0.0000000000000000     
           1         349  -1.0885338897179727E-005  -3.7274415348556651E-005   1.7000989733882283E-005   12.977677422831977       0.49757260310018941       0.51379310000000000        0.0000000000000000        0.0000000000000000        47.769475926077902        764.31161481724644        16.000000000000000        0.0000000000000000     
           1         350  -7.9974607476410660E-006  -3.2017106448008437E-005   1.7385001379682468E-005   11.445164692455705       0.51329658464414041       0.51379310000000000        0.0000000000000000        0.0000000000000000        48.567705738906419        777.08329182250270        16.000000000000000        0.0000000000000000     
           1         351  -1.2565476826417078E-005  -4.0378331164537909E-005   1.6825411394691173E-005   13.897107429546207       0.48646034152550199       0.51379310000000000        0.0000000000000000        0.0000000000000000        43.244692633392333        691.91508213427733        16.000000000000000        0.0000000000000000     
           1         352  -1.0884308510024948E-005  -3.7272406136338256E-005   1.7000985759813573E-005   12.977517292729056       0.49757538893810566       0.51379310000000000        0.0000000000000000        0.0000000000000000        48.339439302193831        773.43102883510130        16.000000000000000        0.0000000000000000     
           1         353  -7.9988581361287528E-006  -3.2019810531327676E-005   1.7384984824720961E-005   11.445399210841277       0.51329309861412753       0.51379310000000000        0.0000000000000000        1.0000000000000000        47.885246103557108        766.16393765691373        16.000000000000000        0.0000000000000000     
           1         354  -9.9677160653765693E-006  -3.5594481670737839E-005   1.7113050051582674E-005   12.484733713677173       0.50297960406887665       0.51379310000000000        0.0000000000000000        0.0000000000000000        47.563491491196032        761.01586385913652        16.000000000000000        0.0000000000000000     
           1         355  -1.0882246720071285E-005  -3.7268385677203359E-005   1.7000977750449164E-005   12.977197004086571       0.49758096266029778       0.51379310000000000        0.0000000000000000        0.0000000000000000        51.586639980786238        825.38623969257981        16.000000000000000        0.0000000000000000     
           1         356  -1.0886162963332755E-005  -3.7276022230372139E-005   1.7000992898453109E-005   12.977805520090415       0.49757037492053807       0.51379310000000000        0.0000000000000000        1.0000000000000000        41.618245261531904        665.89192418451046        16.000000000000000        0.0000000000000000     
           1         357  -1.2562541213881876E-005  -4.0372576914925614E-005   1.6825368447519018E-005   13.896680381051411       0.48646861314827028       0.51379310000000000        0.0000000000000000        1.0000000000000000        44.877720057992562        718.04352092788099        16.000000000000000        0.0000000000000000     
           1         358  -1.0886162963332806E-005  -3.7276022230372111E-005   1.7000992898453123E-005   12.977805520090497       0.49757037492054318       0.51379310000000000        0.0000000000000000        0.0000000000000000        49.177680945892348        786.84289513427757        16.000000000000000        0.0000000000000000     
           1         359  -1.2562541213881631E-005  -4.0372576914924937E-005   1.6825368447518849E-005   13.896680381050988       0.48646861314826956       0.51379310000000000        0.0000000000000000        0.0000000000000000        49.459869977549978        791.35791964079965        16.000000000000000        0.0000000000000000     
           1         360  -1.1752855506966852E-005  -3.8872205286296266E-005   1.6905180389080424E-005   13.449217643002815       0.49205141243241929       0.51379310000000000        0.0000000000000000        0.0000000000000000        49.486113447882644        791.77781516612231        16.000000000000000        0.0000000000000000     
           1         361  -9.9667707988245249E-006  -3.5592643213044514E-005   1.7113051449495784E-005   12.484582539339065       0.50298209839835706       0.51379310000000000        0.0000000000000000        0.0000000000000000        43.515456399731157        696.24730239569851        16.000000000000000        0.0000000000000000     
           1         362  -1.2564498626741132E-005  -4.0376413757721567E-005   1.6825397098892210E-005   13.896965091447326       0.48646309803347870       0.51379310000000000        0.0000000000000000        0.0000000000000000        43.531109561443714        696.49775298309942        16.000000000000000        0.0000000000000000     
           1         363  -9.9681360965128928E-006  -3.5595298588005240E-005   1.7113049424934211E-005   12.484800900122449       0.50297849565158204       0.51379310000000000        0.0000000000000000        0.0000000000000000        46.862717611108344        749.80348177773351        16.000000000000000        0.0000000000000000     
           1         364  -1.0882246720071285E-005  -3.7268385677203359E-005   1.7000977750449164E-005   12.977197004086571       0.49758096266029778       0.51379310000000000        0.0000000000000000        0.0000000000000000        49.879844734978633        798.07751575965813        16.000000000000000        0.0000000000000000     
           1         365  -9.9662455331363955E-006  -3.5591621611942860E-005   1.7113052218903233E-005   12.484498550701410       0.50298348437070217       0.51379310000000000        1.0000000000000000        0.0000000000000000        50.229282508392330        803.66852013427729        16.000000000000000        0.0000000000000000     
           1         366  -1.1753458901913342E-005  -3.8873384938372544E-005   1.6905185946695712E-005   13.449308538929577       0.49204974475575752       0.51379310000000000        0.0000000000000000        0.0000000000000000        41.666541037794332        666.66465660470931        16.000000000000000        0.0000000000000000     
           1         367  -9.9641436297892719E-006  -3.5587533522713208E-005   1.7113055244999246E-005   12.484162575477068       0.50298902993103733       0.51379310000000000        0.0000000000000000        1.0000000000000000        46.745002901080305        747.92004641728488        16.000000000000000        0.0000000000000000     
           1         368  -1.0886368946055292E-005  -3.7276423883080478E-005   1.7000993687557619E-005   12.977837543457396       0.49756981794375621       0.51379310000000000        0.0000000000000000        0.0000000000000000        45.882310788509628        734.11697261615404        16.000000000000000        0.0000000000000000     
           1         369  -9.9662455331361702E-006  -3.5591621611942853E-005   1.7113052218903332E-005   12.484498550701208       0.50298348437070006       0.51379310000000000        0.0000000000000000        0.0000000000000000        50.240399054913929        803.84638487862287        16.000000000000000        0.0000000000000000     
           1         370  -1.1748930465620275E-005  -3.8864531591587033E-005   1.6905144087567180E-005   13.448626727130723       0.49206225840556822       0.51379310000000000        0.0000000000000000        0.0000000000000000        49.692845528878472        795.08552846205555        16.000000000000000        0.0000000000000000     
           1         371  -8.9991412408537055E-006  -3.3830649634355891E-005   1.7241246699287355E-005   11.972156681247915       0.50824505232218342       0.51379310000000000        0.0000000000000000        0.0000000000000000        42.381842850458831        678.10948560734130        16.000000000000000        0.0000000000000000     
           1         372  -1.1751950185899436E-005  -3.8870435350283959E-005   1.6905172039048519E-005   13.449081292010401       0.49205391441438096       0.51379310000000000        0.0000000000000000        1.0000000000000000        44.310081508392337        708.96130413427738        16.000000000000000        0.0000000000000000     
           1         373  -1.2564498626741132E-005  -4.0376413757721567E-005   1.6825397098892210E-005   13.896965091447326       0.48646309803347870       0.51379310000000000        0.0000000000000000        0.0000000000000000        49.138406449043131        786.21450318469010        16.000000000000000        0.0000000000000000     
           1         374  -1.1749433964377416E-005  -3.8865515976015496E-005   1.6905148758767706E-005   13.448702494523518       0.49206086730721083       0.51379310000000000        0.0000000000000000        0.0000000000000000        47.895316391187663        766.32506225900261        16.000000000000000        0.0000000000000000     
           1         375  -7.9988581361290899E-006  -3.2019810531327758E-005   1.7384984824721269E-005   11.445399210841005       0.51329309861414019       0.51379310000000000        0.0000000000000000        0.0000000000000000        52.907588763067920        846.52142020908673        16.000000000000000        0.0000000000000000     
           1         376  -1.2564498626741132E-005  -4.0376413757721567E-005   1.6825397098892210E-005   13.896965091447326       0.48646309803347870       0.51379310000000000        0.0000000000000000        0.0000000000000000        40.490977619088881        647.85564190542209        16.000000000000000        0.0000000000000000     
           1         377  -1.1753458901913342E-005  -3.8873384938372544E-005   1.6905185946695712E-005   13.449308538929577       0.49204974475575752       0.51379310000000000        0.0000000000000000        0.0000000000000000        44.995637383838037        719.93019814140860        16.000000000000000        0.0000000000000000     
           1         378  -1.2562051649372158E-005  -4.0371617281187967E-005   1.6825361272213109E-005   13.896609196325468       0.48646999236455968       0.51379310000000000        0.0000000000000000        0.0000000000000000        46.208227806558249        739.33164490493198        16.000000000000000        0.0000000000000000     
           1         379  -8.9991412408537055E-006  -3.3830649634355891E-005   1.7241246699287355E-005   11.972156681247915       0.50824505232218342       0.51379310000000000        0.0000000000000000        0.0000000000000000        49.514881820892342        792.23810913427747        16.000000000000000        0.0000000000000000     
           1         380  -7.9947719140454989E-006  -3.2011903180758321E-005   1.7385033116758173E-005   11.444713669735870       0.51330329154761423       0.51379310000000000        0.0000000000000000        0.0000000000000000        50.452144667267348        807.23431467627756        16.000000000000000        0.0000000000000000     
           1         381  -1.2564987768787496E-005  -4.0377372545636799E-005   1.6825404249281441E-005   13.897036261921583       0.48646171969209484       0.51379310000000000        0.0000000000000000        0.0000000000000000        44.432005875773058        710.91209401236893        16.000000000000000        0.0000000000000000     
           1         382  -1.0881731060842987E-005  -3.7267380138228974E-005   1.7000975735342624E-005   12.977116926000392       0.49758235651750493       0.51379310000000000        0.0000000000000000        0.0000000000000000        42.463187278287016        679.41099645259226        16.000000000000000        0.0000000000000000     
           1         383  -1.2562541213881631E-005  -4.0372576914924937E-005   1.6825368447518849E-005   13.896680381050988       0.48646861314826956       0.51379310000000000        0.0000000000000000        0.0000000000000000        47.620938431292274        761.93501490067638        16.000000000000000        0.0000000000000000     
           1         384  -1.2566259143100135E-005  -4.0379864603360980E-005   1.6825422816995502E-005   13.897221291820310       0.48645813682241851       0.51379310000000000        0.0000000000000000        0.0000000000000000        47.355628359112686        757.69005374580297        16.000000000000000        0.0000000000000000     
           1         385  -2.6242328621319834E-005  -2.6242328621319834E-005   1.4985117930164487E-005   10.459666077170439       0.44043373186378015        1.0000000000000000        1.0000000000000000        0.0000000000000000        42.391263152230835        678.26021043569335        16.000000000000000        0.0000000000000000     
           1         386  -1.0886162963332755E-005  -3.7276022230372139E-005   1.7000992898453109E-005   12.977805520090415       0.49757037492053807       0.51379310000000000        0.0000000000000000        1.0000000000000000        43.600289463615418        697.60463141784669        16.000000000000000        0.0000000000000000     
           1         387  -1.0885750957312026E-005  -3.7275218843666473E-005   1.7000991317798350E-005   12.977741472219142       0.49757148895585535       0.51379310000000000        0.0000000000000000        0.0000000000000000        44.502551307024099        712.04082091238558        16.000000000000000        0.0000000000000000     
           1         388  -1.0882246720071285E-005  -3.7268385677203359E-005   1.7000977750449164E-005   12.977197004086571       0.49758096266029778       0.51379310000000000        0.0000000000000000        0.0000000000000000        44.318352042683799        709.09363268294078        16.000000000000000        0.0000000000000000     
           1         389  -9.9677160653764134E-006  -3.5594481670736837E-005   1.7113050051582027E-005   12.484733713677054       0.50297960406886644       0.51379310000000000        1.0000000000000000        0.0000000000000000        47.659969941168868        762.55951905870188        16.000000000000000        0.0000000000000000     
           1         390  -1.1748930465620275E-005  -3.8864531591587033E-005   1.6905144087567180E-005   13.448626727130723       0.49206225840556822       0.51379310000000000        0.0000000000000000        0.0000000000000000        51.071358439409032        817.14173503054451        16.000000000000000        0.0000000000000000     
           1         391  -7.9947719140454989E-006  -3.2011903180758321E-005   1.7385033116758173E-005   11.444713669735870       0.51330329154761423       0.51379310000000000        0.0000000000000000        0.0000000000000000        43.002239762163512        688.03583619461619        16.000000000000000        0.0000000000000000     
           1         392  -9.3391993610898448E-006  -3.3318035573230981E-005   1.6000137846646731E-005   10.707496982211516       0.49762990779375638       0.51379310000000000        0.0000000000000000        1.0000000000000000        40.717182979646012        651.47492767433619        16.000000000000000        0.0000000000000000     
           1         393  -1.2562541213881631E-005  -4.0372576914924937E-005   1.6825368447518849E-005   13.896680381050988       0.48646861314826956       0.51379310000000000        0.0000000000000000        0.0000000000000000        46.507249303169267        744.11598885070828        16.000000000000000        0.0000000000000000     
           1         394  -1.2566454688526384E-005  -4.0380247895506236E-005   1.6825425670581447E-005   13.897249756249272       0.48645758571651759       0.51379310000000000        0.0000000000000000        0.0000000000000000        47.950611073115049        767.20977716984078        16.000000000000000        0.0000000000000000     
           1         395  -9.4907583519000623E-006  -3.3402519160586418E-005   1.5777697756709692E-005   10.699586981286219       0.47820420267131847       0.51379310000000000        1.0000000000000000        0.0000000000000000        46.581707408530605        745.30731853648967        16.000000000000000        0.0000000000000000     
           1         396  -9.9636179436782533E-006  -3.5586511078947251E-005   1.7113055988630639E-005   12.484078576501194       0.50299041673913591       0.51379310000000000        0.0000000000000000        0.0000000000000000        43.421301583771097        694.74082534033755        16.000000000000000        0.0000000000000000     
           1         397  -9.0028721632955787E-006  -3.3837887560626653E-005   1.7241221759564237E-005   11.972768533322215       0.50823546912087225       0.51379310000000000        0.0000000000000000        0.0000000000000000        46.007187882338883        736.11500611742213        16.000000000000000        0.0000000000000000     
           1         398  -1.0882246720071311E-005  -3.7268385677203000E-005   1.7000977750448781E-005   12.977197004086493       0.49758096266029361       0.51379310000000000        0.0000000000000000        1.0000000000000000        48.286968995367303        772.59150392587685        16.000000000000000        0.0000000000000000     
           1         399  -1.2566454688526384E-005  -4.0380247895506236E-005   1.6825425670581447E-005   13.897249756249272       0.48645758571651759       0.51379310000000000        0.0000000000000000        0.0000000000000000        46.783794483670476        748.54071173872762        16.000000000000000        0.0000000000000000     
           1         400  -1.0882246720071285E-005  -3.7268385677203359E-005   1.7000977750449164E-005   12.977197004086571       0.49758096266029778       0.51379310000000000        0.0000000000000000        0.0000000000000000        49.809490883392336        796.95185413427737        16.000000000000000        0.0000000000000000     
           1         401  -9.9667707988245249E-006  -3.5592643213044514E-005   1.7113051449495784E-005   12.484582539339065       0.50298209839835706       0.51379310000000000        0.0000000000000000        0.0000000000000000        40.424783602620693        646.79653764193108        16.000000000000000        0.0000000000000000     
           1         402  -1.1749433964377416E-005  -3.8865515976015496E-005   1.6905148758767706E-005   13.448702494523518       0.49206086730721083       0.51379310000000000        0.0000000000000000        0.0000000000000000        45.363402292792202        725.81443668467523        16.000000000000000        0.0000000000000000     
           1         403  -1.1749433964377416E-005  -3.8865515976015496E-005   1.6905148758767706E-005   13.448702494523518       0.49206086730721083       0.51379310000000000        0.0000000000000000        0.0000000000000000        49.419209258186740        790.70734813098784        16.000000000000000        0.0000000000000000     
           1         404  -9.0032982955106966E-006  -3.3838714232919705E-005   1.7241218893099311E-005   11.972838453881288       0.50823437440583086       0.51379310000000000        0.0000000000000000        1.0000000000000000        50.856861106429093        813.70977770286549        16.000000000000000        0.0000000000000000     
           1         405  -7.9974607476410660E-006  -3.2017106448008437E-005   1.7385001379682468E-005   11.445164692455705       0.51329658464414041       0.51379310000000000        0.0000000000000000        0.0000000000000000        49.516176054985742        792.25881687977187        16.000000000000000        0.0000000000000000     
           1         406  -9.9677160653765693E-006  -3.5594481670737839E-005   1.7113050051582674E-005   12.484733713677173       0.50297960406887665       0.51379310000000000        0.0000000000000000        0.0000000000000000        42.289859559968747        676.63775295949995        16.000000000000000        0.0000000000000000     
           1         407  -1.0881731060842987E-005  -3.7267380138228974E-005   1.7000975735342624E-005   12.977116926000392       0.49758235651750493       0.51379310000000000        0.0000000000000000        0.0000000000000000        42.928527977142330        686.85644763427729        16.000000000000000        0.0000000000000000     
           1         408  -7.9984282290632092E-006  -3.2018978623350986E-005   1.7384989922318676E-005   11.445327052316566       0.51329417112516440       0.51379310000000000        0.0000000000000000        1.0000000000000000        47.250133919279975        756.00214270847960        16.000000000000000        0.0000000000000000     
           1         409  -1.0885338897179727E-005  -3.7274415348556651E-005   1.7000989733882283E-005   12.977677422831977       0.49757260310018941       0.51379310000000000        0.0000000000000000        0.0000000000000000        53.341728329494650        853.46765327191440        16.000000000000000        0.0000000000000000     
           1         410  -1.2564498626741132E-005  -4.0376413757721567E-005   1.6825397098892210E-005   13.896965091447326       0.48646309803347870       0.51379310000000000        0.0000000000000000        0.0000000000000000        52.743146990435314        843.89035184696502        16.000000000000000        0.0000000000000000     
           1         411  -9.9672959805030119E-006  -3.5593664645763451E-005   1.7113050674936734E-005   12.484666525909144       0.50298071259298693       0.51379310000000000        0.0000000000000000        0.0000000000000000        41.980349045764648        671.68558473223436        16.000000000000000        0.0000000000000000     
           2           1  -9.0640391917049876E-006  -3.3958024077980802E-005   1.7242370005845046E-005   12.021467100253352       0.50799120573774226       0.51379310000000000        0.0000000000000000        0.0000000000000000        43.883902890251605        746.02634913427732        17.000000000000000        0.0000000000000000     
           2           2  -1.2621270789525993E-005  -4.0495040347774463E-005   1.6833988833523767E-005   13.944697040867929       0.48640516324798833       0.51379310000000000        0.0000000000000000        0.0000000000000000        42.941297364806879        730.00205520171698        17.000000000000000        0.0000000000000000     
           2           3  -1.0029899923370053E-005  -3.5718450493256921E-005   1.7116156687115204E-005   12.533927164077195       0.50277026537809966       0.51379310000000000        0.0000000000000000        0.0000000000000000        47.772430459879118        812.13131781794505        17.000000000000000        0.0000000000000000     
           2           4  -1.1810703066580164E-005  -3.8991276772622975E-005   1.6912030453256829E-005   13.497568747413894       0.49194131331642321       0.51379310000000000        0.0000000000000000        0.0000000000000000        51.748974732531217        879.73257045303069        17.000000000000000        0.0000000000000000     
           2           5  -1.2619999611299697E-005  -4.0492547687983424E-005   1.6833969226284357E-005   13.944512452761451       0.48640876130611121       0.51379310000000000        0.0000000000000000        0.0000000000000000        52.475607012480815        892.08531921217389        17.000000000000000        0.0000000000000000     
           2           6  -1.2620879718695330E-005  -4.0494273497525607E-005   1.6833982804124551E-005   13.944640246598951       0.48640627021661170       0.51379310000000000        0.0000000000000000        0.0000000000000000        42.327725410975276        719.57133198657971        17.000000000000000        0.0000000000000000     
           2           7  -1.0030950901454390E-005  -3.5720495469394222E-005   1.7116156104121908E-005   12.534095018977773       0.50276747590581516       0.51379310000000000        0.0000000000000000        0.0000000000000000        45.324361878822280        770.51415193997877        17.000000000000000        0.0000000000000000     
           2           8  -5.1774185409108362E-006  -2.6330363748739703E-005   1.7175693462354706E-005   9.7542854929969600       0.52411901267547667       0.51379310000000000        0.0000000000000000        1.0000000000000000        49.871761176470592        847.81994000000009        17.000000000000000        0.0000000000000000     
           2           9  -1.1809797604282798E-005  -3.8989505822691115E-005   1.6912021322251673E-005   13.497432645044505       0.49194382771529988       0.51379310000000000        0.0000000000000000        0.0000000000000000        49.389637293614889        839.62383399145313        17.000000000000000        0.0000000000000000     
           2          10  -9.0680938711167668E-006  -3.3965893745671449E-005   1.7242346767892638E-005   12.022131324863492       0.50798072398333105       0.51379310000000000        0.0000000000000000        0.0000000000000000        52.516801875772813        892.78563188813780        17.000000000000000        0.0000000000000000     
           2          11  -1.2619510544227219E-005  -4.0491588667606986E-005   1.6833961676042564E-005   13.944441452157184       0.48641014549021172       0.51379310000000000        0.0000000000000000        0.0000000000000000        43.208452583044426        734.54369391175521        17.000000000000000        0.0000000000000000     
           2          12  -8.0630939554528443E-006  -3.2144019622636872E-005   1.7384125015344199E-005   11.493986357001132       0.51300790717656175       0.51379310000000000        1.0000000000000000        0.0000000000000000        44.174017838244168        750.95830325015083        17.000000000000000        0.0000000000000000     
           2          13  -9.0672406545388278E-006  -3.3964237776023807E-005   1.7242351685139139E-005   12.021991496561400       0.50798292988300864       0.51379310000000000        0.0000000000000000        0.0000000000000000        49.618806129087034        843.51970419447957        17.000000000000000        0.0000000000000000     
           2          14  -8.0647087635960916E-006  -3.2147145955123796E-005   1.7384107491767875E-005   11.494257088290952       0.51300385037122564       0.51379310000000000        0.0000000000000000        0.0000000000000000        48.490962772282650        824.34636712880501        17.000000000000000        0.0000000000000000     
           2          15  -9.0661738338309774E-006  -3.3962167212331449E-005   1.7242357812920608E-005   12.021816704840795       0.50798568784644504       0.51379310000000000        0.0000000000000000        0.0000000000000000        53.247338007898662        905.20474613427723        17.000000000000000        0.0000000000000000     
           2          16  -1.2617063938024783E-005  -4.0486791021267671E-005   1.6833923849795306E-005   13.944086405960730       0.48641706904287418       0.51379310000000000        0.0000000000000000        0.0000000000000000        42.489037895903209        722.31364423035450        17.000000000000000        0.0000000000000000     
           2          17  -1.0029374307829071E-005  -3.5717427751641904E-005   1.7116156970855473E-005   12.533843233476489       0.50277166036578325       0.51379310000000000        0.0000000000000000        0.0000000000000000        44.887901917360878        763.09433259513492        17.000000000000000        0.0000000000000000     
           2          18  -9.0661738338309774E-006  -3.3962167212331449E-005   1.7242357812920608E-005   12.021816704840795       0.50798568784644504       0.51379310000000000        0.0000000000000000        0.0000000000000000        46.142960637054131        784.43033082992019        17.000000000000000        0.0000000000000000     
           2          19  -9.0635053225470301E-006  -3.3956987875984050E-005   1.7242373041017776E-005   12.021379694700725       0.50799258562015015       0.51379310000000000        0.0000000000000000        0.0000000000000000        50.449769453451218        857.64608070867075        17.000000000000000        0.0000000000000000     
           2          20  -1.0026218842017753E-005  -3.5711287749141928E-005   1.7116158564606107E-005   12.533339605759615       0.50278003381710179       0.51379310000000000        0.0000000000000000        0.0000000000000000        50.479160247253191        858.14572420330421        17.000000000000000        0.0000000000000000     
           2          21  -8.0647087635960916E-006  -3.2147145955123796E-005   1.7384107491767875E-005   11.494257088290952       0.51300385037122564       0.51379310000000000        0.0000000000000000        0.0000000000000000        43.836728670984265        745.22438740673249        17.000000000000000        0.0000000000000000     
           2          22  -1.0942134468776683E-005  -3.7389693007762738E-005   1.7005994381671030E-005   13.026076692591543       0.49741961860459116       0.51379310000000000        0.0000000000000000        0.0000000000000000        43.333355154957488        736.66703763427734        17.000000000000000        0.0000000000000000     
           2          23  -9.0640391917049876E-006  -3.3958024077980802E-005   1.7242370005845046E-005   12.021467100253352       0.50799120573774226       0.51379310000000000        0.0000000000000000        0.0000000000000000        47.888027061147270        814.09646003950354        17.000000000000000        0.0000000000000000     
           2          24  -1.2620488593708804E-005  -4.0493506538848389E-005   1.6833976771527881E-005   13.944583450488743       0.48640737729738381       0.51379310000000000        0.0000000000000000        0.0000000000000000        48.817788415494995        829.90240306341491        17.000000000000000        0.0000000000000000     
           2          25  -1.0030950901454390E-005  -3.5720495469394222E-005   1.7116156104121908E-005   12.534095018977773       0.50276747590581516       0.51379310000000000        0.0000000000000000        0.0000000000000000        52.012259024260807        832.19614438817291        16.000000000000000        0.0000000000000000     
           2          26  -1.0942650379109802E-005  -3.7390699475180454E-005   1.7005996861441573E-005   13.026156670938493       0.49741821672367303       0.51379310000000000        0.0000000000000000        0.0000000000000000        42.913194280776004        686.61110849241607        16.000000000000000        0.0000000000000000     
           2          27  -8.0604009706954935E-006  -3.2138805781289928E-005   1.7384154116223342E-005   11.493535110331157       0.51301467169433690       0.51379310000000000        0.0000000000000000        0.0000000000000000        46.399906400918972        742.39850241470356        16.000000000000000        0.0000000000000000     
           2          28  -8.0640629287228518E-006  -3.2145895599517824E-005   1.7384114506868930E-005   11.494148797279157       0.51300547292201248       0.51379310000000000        0.0000000000000000        0.0000000000000000        44.222868203358040        707.56589125372864        16.000000000000000        0.0000000000000000     
           2          29  -1.1806777406587474E-005  -3.8983598670854016E-005   1.6911990767030522E-005   13.496978908200695       0.49195221311098014       0.51379310000000000        0.0000000000000000        0.0000000000000000        49.643518633392347        794.29629813427755        16.000000000000000        0.0000000000000000     
           2          30  -1.0441751733953959E-005  -3.6336802116229637E-005   1.5453298648321635E-005   11.706934439577756       0.69772197135982184       0.50000000000000000        0.0000000000000000        1.0000000000000000        51.131026233642338        818.09641973827740        16.000000000000000        0.0000000000000000     
           2          31  -1.4160477344776987E-005  -4.1972280141483237E-005   1.3651325451929273E-005   11.681604489623366       0.68160448962336262       0.50000000000000000        0.0000000000000000        1.0000000000000000        51.997681870968748        831.96290993549997        16.000000000000000        3.6250000000000000     
           2          32  -1.0942650379109802E-005  -3.7390699475180454E-005   1.7005996861441573E-005   13.026156670938493       0.49741821672367303       0.51379310000000000        0.0000000000000000        0.0000000000000000        44.310814403203381        708.97303045125409        16.000000000000000        0.0000000000000000     
           2          33  -9.0667072858604093E-006  -3.3963202577759648E-005   1.7242354751638430E-005   12.021904101582042       0.50798430878291889       0.51379310000000000        0.0000000000000000        0.0000000000000000        45.499596312922591        727.99354100676146        16.000000000000000        0.0000000000000000     
           2          34  -8.0630939554526952E-006  -3.2144019622638417E-005   1.7384125015344673E-005   11.493986357001349       0.51300790717656164       0.51379310000000000        0.0000000000000000        0.0000000000000000        44.288250366735774        708.61200586777238        16.000000000000000        0.0000000000000000     
           2          35  -1.1809797604282798E-005  -3.8989505822691115E-005   1.6912021322251673E-005   13.497432645044505       0.49194382771529988       0.51379310000000000        0.0000000000000000        0.0000000000000000        48.959641622735525        783.35426596376840        16.000000000000000        0.0000000000000000     
           2          36  -1.0946568520268963E-005  -3.7398343063402620E-005   1.7006015540174219E-005   13.026764427877673       0.49740756802707176       0.51379310000000000        0.0000000000000000        0.0000000000000000        41.388270026115414        662.21232041784663        16.000000000000000        0.0000000000000000     
           2          37  -1.2619510544227219E-005  -4.0491588667606986E-005   1.6833961676042564E-005   13.944441452157184       0.48641014549021172       0.51379310000000000        0.0000000000000000        0.0000000000000000        43.952758005855031        703.24412809368050        16.000000000000000        0.0000000000000000     
           2          38  -1.1810300672886534E-005  -3.8990489751844430E-005   1.6912026397057242E-005   13.497508258536506       0.49194243075759242       0.51379310000000000        0.0000000000000000        0.0000000000000000        47.594357565383241        761.50972104613186        16.000000000000000        0.0000000000000000     
           2          39  -1.0942650379109802E-005  -3.7390699475180454E-005   1.7005996861441573E-005   13.026156670938493       0.49741821672367303       0.51379310000000000        0.0000000000000000        0.0000000000000000        47.113643728352606        753.81829965364170        16.000000000000000        0.0000000000000000     
           2          40  -1.1809294450670420E-005  -3.8988521723294964E-005   1.6912016242383340E-005   13.497357028891747       0.49194522484671260       0.51379310000000000        0.0000000000000000        0.0000000000000000        48.648627272937325        778.37803636699721        16.000000000000000        0.0000000000000000     
           2          41  -1.1809797604282798E-005  -3.8989505822691115E-005   1.6912021322251673E-005   13.497432645044505       0.49194382771529988       0.51379310000000000        0.0000000000000000        0.0000000000000000        41.714034885353264        667.42455816565223        16.000000000000000        0.0000000000000000     
           2          42  -1.0946568520268963E-005  -3.7398343063402620E-005   1.7006015540174219E-005   13.026764427877673       0.49740756802707176       0.51379310000000000        0.0000000000000000        0.0000000000000000        43.947188883248053        703.15502213196885        16.000000000000000        0.0000000000000000     
           2          43  -8.0630939554526952E-006  -3.2144019622638417E-005   1.7384125015344673E-005   11.493986357001349       0.51300790717656164       0.51379310000000000        0.0000000000000000        0.0000000000000000        46.412829695892341        742.60527513427746        16.000000000000000        0.0000000000000000     
           2          44  -8.0644934983955715E-006  -3.2146729196195065E-005   1.7384109830974937E-005   11.494220991509978       0.51300439119611474       0.51379310000000000        0.0000000000000000        0.0000000000000000        48.052650799648305        768.84241279437288        16.000000000000000        0.0000000000000000     
           2          45  -1.2621270789525993E-005  -4.0495040347774463E-005   1.6833988833523767E-005   13.944697040867929       0.48640516324798833       0.51379310000000000        0.0000000000000000        0.0000000000000000        46.672434840436168        746.75895744697868        16.000000000000000        0.0000000000000000     
           2          46  -1.0026744964132256E-005  -3.5712311506099791E-005   1.7116158311928555E-005   12.533423548964825       0.50277863782193788       0.51379310000000000        0.0000000000000000        0.0000000000000000        40.354242161729104        645.66787458766566        16.000000000000000        0.0000000000000000     
           2          47  -1.2714756366305412E-005  -3.7935672545959687E-005   1.2506159813348866E-005   14.000000175412012       0.52954223908140352       0.50000000000000000        0.0000000000000000        1.0000000000000000        48.809835912946177        780.95737460713883        16.000000000000000        5.2500000000000000     
           2          48  -9.0676672894857741E-006  -3.3965065814310942E-005   1.7242349228184323E-005   12.022061411276253       0.50798182688084859       0.51379310000000000        0.0000000000000000        0.0000000000000000        45.275486767274124        724.40778827638599        16.000000000000000        0.0000000000000000     
           2          49  -2.1659350191071705E-005  -6.3044797386501962E-005   1.9726097004358556E-005   21.544713569111870       0.54471356911185664       0.50000000000000000        0.0000000000000000        1.0000000000000000        56.089293241294250        897.42869186070800        16.000000000000000        3.6250000000000000     
           2          50  -1.3579422193467674E-005  -4.3297212602701939E-005   1.6138368215766770E-005   14.277518071696770       0.55588153749422919       0.50000000000000000        0.0000000000000000        1.0000000000000000        58.719506695892335        939.51210713427736        16.000000000000000        0.0000000000000000     
           2          51  -1.2617063938024783E-005  -4.0486791021267671E-005   1.6833923849795306E-005   13.944086405960730       0.48641706904287418       0.51379310000000000        0.0000000000000000        0.0000000000000000        40.873868189593018        653.98189103348830        16.000000000000000        0.0000000000000000     
           2          52  -1.1809797604282798E-005  -3.8989505822691115E-005   1.6912021322251673E-005   13.497432645044505       0.49194382771529988       0.51379310000000000        0.0000000000000000        0.0000000000000000        43.997929177294040        703.96686683670464        16.000000000000000        0.0000000000000000     
           2          53  -8.0644934983955715E-006  -3.2146729196195065E-005   1.7384109830974937E-005   11.494220991509978       0.51300439119611474       0.51379310000000000        0.0000000000000000        0.0000000000000000        43.151021535090202        690.41634456144322        16.000000000000000        0.0000000000000000     
           2          54  -1.0944713170269048E-005  -3.7394723641624035E-005   1.7006006729242387E-005   13.026476560303662       0.49741261091376976       0.51379310000000000        0.0000000000000000        0.0000000000000000        48.737199550417067        779.79519280667307        16.000000000000000        0.0000000000000000     
           2          55  -1.0942134468776683E-005  -3.7389693007762738E-005   1.7005994381671030E-005   13.026076692591543       0.49741961860459116       0.51379310000000000        0.0000000000000000        0.0000000000000000        53.138445484761874        850.21512775618999        16.000000000000000        0.0000000000000000     
           2          56  -8.0598621278458793E-006  -3.2137762519496682E-005   1.7384159920622316E-005   11.493444856819119       0.51301602507471489       0.51379310000000000        0.0000000000000000        0.0000000000000000        42.425461180526348        678.80737888842157        16.000000000000000        0.0000000000000000     
           2          57  -1.1811306555169420E-005  -3.8992457099616664E-005   1.6912036531484269E-005   13.497659477537789       0.49193963736298307       0.51379310000000000        0.0000000000000000        0.0000000000000000        42.869240303169249        685.90784485070799        16.000000000000000        0.0000000000000000     
           2          58  -1.0028848607922220E-005  -3.5716404840930881E-005   1.7116157249422454E-005   12.533759300775404       0.50277305552123885       0.51379310000000000        0.0000000000000000        0.0000000000000000        45.838239445346218        733.41183112553949        16.000000000000000        0.0000000000000000     
           2          59  -1.2617553428794780E-005  -4.0487750889965732E-005   1.6833931425054644E-005   13.944157420957653       0.48641568398118751       0.51379310000000000        0.0000000000000000        0.0000000000000000        46.689569207917671        747.03310732668274        16.000000000000000        0.0000000000000000     
           2          60  -1.2620488593708804E-005  -4.0493506538848389E-005   1.6833976771527881E-005   13.944583450488743       0.48640737729738381       0.51379310000000000        0.0000000000000000        0.0000000000000000        50.772957210008258        812.36731536013212        16.000000000000000        0.0000000000000000     
           2          61  -1.1830059350628084E-005  -2.8034498764291284E-005   4.3743800630350852E-006   10.313846143328407       0.52218081381352044       0.50000000000000000        0.0000000000000000        1.0000000000000000        48.727964866406253        779.64743786250006        16.000000000000000        5.4375000000000000     
           2          62  -1.0026218842017753E-005  -3.5711287749141928E-005   1.7116158564606107E-005   12.533339605759615       0.50278003381710179       0.51379310000000000        0.0000000000000000        0.0000000000000000        45.433180326736164        726.93088522777862        16.000000000000000        0.0000000000000000     
           2          63  -1.2621270789525993E-005  -4.0495040347774463E-005   1.6833988833523767E-005   13.944697040867929       0.48640516324798833       0.51379310000000000        0.0000000000000000        0.0000000000000000        45.639091842193906        730.22546947510250        16.000000000000000        0.0000000000000000     
           2          64  -1.1810703066580164E-005  -3.8991276772622975E-005   1.6912030453256829E-005   13.497568747413894       0.49194131331642321       0.51379310000000000        0.0000000000000000        0.0000000000000000        49.569740383392343        793.11584613427749        16.000000000000000        0.0000000000000000     
           2          65  -8.0640629287228518E-006  -3.2145895599517824E-005   1.7384114506868930E-005   11.494148797279157       0.51300547292201248       0.51379310000000000        0.0000000000000000        0.0000000000000000        49.269573122545324        788.31316996072519        16.000000000000000        0.0000000000000000     
           2          66  -8.0640629287229382E-006  -3.2145895599518380E-005   1.7384114506869395E-005   11.494148797279260       0.51300547292200638       0.51379310000000000        0.0000000000000000        1.0000000000000000        42.896770073441246        686.34832117505994        16.000000000000000        0.0000000000000000     
           2          67  -1.2617553428794780E-005  -4.0487750889965732E-005   1.6833931425054644E-005   13.944157420957653       0.48641568398118751       0.51379310000000000        0.0000000000000000        0.0000000000000000        47.077717806094014        753.24348489750423        16.000000000000000        0.0000000000000000     
           2          68  -1.2621466304636988E-005  -4.0495423732246371E-005   1.6833991847024772E-005   13.944725437312092       0.48640460980572442       0.51379310000000000        0.0000000000000000        0.0000000000000000        46.754249300667752        748.06798881068403        16.000000000000000        0.0000000000000000     
           2          69  -9.0680938711167668E-006  -3.3965893745671449E-005   1.7242346767892638E-005   12.022131324863492       0.50798072398333105       0.51379310000000000        0.0000000000000000        0.0000000000000000        47.617747287633463        761.88395660213541        16.000000000000000        0.0000000000000000     
           2          70  -1.0945228655642363E-005  -3.7395729257682375E-005   1.7006009183380858E-005   13.026556526640476       0.49741120988945314       0.51379310000000000        0.0000000000000000        0.0000000000000000        51.584962441721842        825.35939906754948        16.000000000000000        0.0000000000000000     
           2          71  -1.0942650379109802E-005  -3.7390699475180454E-005   1.7005996861441573E-005   13.026156670938493       0.49741821672367303       0.51379310000000000        0.0000000000000000        0.0000000000000000        41.619652070892329        665.91443313427726        16.000000000000000        0.0000000000000000     
           2          72  -1.1810300672886534E-005  -3.8990489751844430E-005   1.6912026397057242E-005   13.497508258536506       0.49194243075759242       0.51379310000000000        0.0000000000000000        0.0000000000000000        44.880566504978589        718.08906407965742        16.000000000000000        0.0000000000000000     
           2          73  -1.2619999611299697E-005  -4.0492547687983424E-005   1.6833969226284357E-005   13.944512452761451       0.48640876130611121       0.51379310000000000        0.0000000000000000        0.0000000000000000        46.522307926337135        744.35692682139415        16.000000000000000        0.0000000000000000     
           2          74  -9.0667072858604093E-006  -3.3963202577759648E-005   1.7242354751638430E-005   12.021904101582042       0.50798430878291889       0.51379310000000000        0.0000000000000000        0.0000000000000000        47.812172312273638        764.99475699637821        16.000000000000000        0.0000000000000000     
           2          75  -1.0946774602367354E-005  -3.7398745085345442E-005   1.7006016515071418E-005   13.026796411242890       0.49740700784317954       0.51379310000000000        0.0000000000000000        0.0000000000000000        49.326172472819160        789.21875956510655        16.000000000000000        0.0000000000000000     
           2          76  -9.0661738338309774E-006  -3.3962167212331449E-005   1.7242357812920608E-005   12.021816704840795       0.50798568784644504       0.51379310000000000        0.0000000000000000        0.0000000000000000        44.662355489349537        714.59768782959259        16.000000000000000        0.0000000000000000     
           2          77  -1.0030320355075999E-005  -3.5719268564831149E-005   1.7116156456399245E-005   12.533994307045377       0.50276914950870233       0.51379310000000000        0.0000000000000000        0.0000000000000000        43.945764880745365        703.13223809192584        16.000000000000000        0.0000000000000000     
           2          78  -1.1810703066580164E-005  -3.8991276772622975E-005   1.6912030453256829E-005   13.497568747413894       0.49194131331642321       0.51379310000000000        0.0000000000000000        0.0000000000000000        48.191652195892345        771.06643513427753        16.000000000000000        0.0000000000000000     
           2          79  -1.2620879718695330E-005  -4.0494273497525607E-005   1.6833982804124551E-005   13.944640246598951       0.48640627021661170       0.51379310000000000        0.0000000000000000        0.0000000000000000        47.762424224613369        764.19878759381390        16.000000000000000        0.0000000000000000     
           2          80  -9.2456125684614253E-006  -3.6265673826939171E-005   1.7774448690015639E-005   12.660744607846359       0.50801197909206752       0.50000000000000000        0.0000000000000000        1.0000000000000000        50.977797840030341        815.64476544048546        16.000000000000000        0.0000000000000000     
           2          81  -9.0635053225470301E-006  -3.3956987875984050E-005   1.7242373041017776E-005   12.021379694700725       0.50799258562015015       0.51379310000000000        0.0000000000000000        0.0000000000000000        43.503531563260488        696.05650501216780        16.000000000000000        0.0000000000000000     
           2          82  -9.0680938711167668E-006  -3.3965893745671449E-005   1.7242346767892638E-005   12.022131324863492       0.50798072398333105       0.51379310000000000        0.0000000000000000        0.0000000000000000        45.900705023195549        734.41128037112878        16.000000000000000        0.0000000000000000     
           2          83  -1.0030740732816844E-005  -3.5720086528242217E-005   1.7116156222374714E-005   12.534061448669739       0.50276803374662515       0.51379310000000000        0.0000000000000000        0.0000000000000000        45.551607978226244        728.82572765161990        16.000000000000000        0.0000000000000000     
           2          84  -1.0030740732816844E-005  -3.5720086528242217E-005   1.7116156222374714E-005   12.534061448669739       0.50276803374662515       0.51379310000000000        0.0000000000000000        0.0000000000000000        48.997494915159464        783.95991864255143        16.000000000000000        0.0000000000000000     
           2          85  -1.1998738452292095E-005  -4.1720834458004994E-005   1.7723357553419818E-005   14.247319455122831       0.48187746662016484       0.50000000000000000        0.0000000000000000        1.0000000000000000        47.063028722007751        753.00845955212401        16.000000000000000        0.0000000000000000     
           2          86  -9.0640391917049876E-006  -3.3958024077980802E-005   1.7242370005845046E-005   12.021467100253352       0.50799120573774226       0.51379310000000000        0.0000000000000000        0.0000000000000000        42.384494314038243        678.15190902461188        16.000000000000000        0.0000000000000000     
           2          87  -9.0667072858604093E-006  -3.3963202577759648E-005   1.7242354751638430E-005   12.021904101582042       0.50798430878291889       0.51379310000000000        0.0000000000000000        0.0000000000000000        44.189107817048360        707.02572507277375        16.000000000000000        0.0000000000000000     
           2          88  -1.2619510544227250E-005  -4.0491588667606884E-005   1.6833961676042926E-005   13.944441452157225       0.48641014549021633       0.51379310000000000        0.0000000000000000        1.0000000000000000        47.135759328240646        754.17214925185033        16.000000000000000        0.0000000000000000     
           2          89  -1.0030740732816844E-005  -3.5720086528242217E-005   1.7116156222374714E-005   12.534061448669739       0.50276803374662515       0.51379310000000000        0.0000000000000000        0.0000000000000000        48.488482817250656        775.81572507601049        16.000000000000000        0.0000000000000000     
           2          90  -1.2620879718695330E-005  -4.0494273497525607E-005   1.6833982804124551E-005   13.944640246598951       0.48640627021661170       0.51379310000000000        0.0000000000000000        0.0000000000000000        50.610192770790910        809.76308433265456        16.000000000000000        0.0000000000000000     
           2          91  -1.1810703066580164E-005  -3.8991276772622975E-005   1.6912030453256829E-005   13.497568747413894       0.49194131331642321       0.51379310000000000        0.0000000000000000        0.0000000000000000        39.638879489847596        634.22207183756154        16.000000000000000        0.0000000000000000     
           2          92  -9.0672406545388278E-006  -3.3964237776023807E-005   1.7242351685139139E-005   12.021991496561400       0.50798292988300864       0.51379310000000000        0.0000000000000000        0.0000000000000000        44.773425557365414        716.37480891784662        16.000000000000000        0.0000000000000000     
           2          93  -1.0028848607922220E-005  -3.5716404840930881E-005   1.7116157249422454E-005   12.533759300775404       0.50277305552123885       0.51379310000000000        0.0000000000000000        0.0000000000000000        44.987597415433100        719.80155864692961        16.000000000000000        0.0000000000000000     
           2          94  -1.1809294450670420E-005  -3.8988521723294964E-005   1.6912016242383340E-005   13.497357028891747       0.49194522484671260       0.51379310000000000        0.0000000000000000        0.0000000000000000        47.821984654486002        765.15175447177603        16.000000000000000        0.0000000000000000     
           2          95  -8.0598621278458793E-006  -3.2137762519496682E-005   1.7384159920622316E-005   11.493444856819119       0.51301602507471489       0.51379310000000000        0.0000000000000000        0.0000000000000000        51.454217122612128        823.26747396179405        16.000000000000000        0.0000000000000000     
           2          96  -1.1810703066580500E-005  -3.8991276772623368E-005   1.6912030453257280E-005   13.497568747413711       0.49194131331644420       0.51379310000000000        1.0000000000000000        0.0000000000000000        41.410394320630253        662.56630913008405        16.000000000000000        0.0000000000000000     
           2          97  -8.0598621278458793E-006  -3.2137762519496682E-005   1.7384159920622316E-005   11.493444856819119       0.51301602507471489       0.51379310000000000        0.0000000000000000        0.0000000000000000        42.166781074772118        674.66849719635388        16.000000000000000        0.0000000000000000     
           2          98  -1.1811105405897892E-005  -3.8992063684504375E-005   1.6912034506218012E-005   13.497629234588929       0.49194019598636501       0.51379310000000000        0.0000000000000000        0.0000000000000000        44.073178513813183        705.17085622101092        16.000000000000000        0.0000000000000000     
           2          99  -1.0944713170269048E-005  -3.7394723641624035E-005   1.7006006729242387E-005   13.026476560303662       0.49741261091376976       0.51379310000000000        0.0000000000000000        0.0000000000000000        47.169422088615420        754.71075341784672        16.000000000000000        0.0000000000000000     
           2         100  -1.1809797604282798E-005  -3.8989505822691115E-005   1.6912021322251673E-005   13.497432645044505       0.49194382771529988       0.51379310000000000        0.0000000000000000        0.0000000000000000        48.874454627276492        781.99127403642387        16.000000000000000        0.0000000000000000     
           2         101  -8.0636323066774479E-006  -3.2145061897728511E-005   1.7384119179403185E-005   11.494076602157330       0.51300655474944723       0.51379310000000000        0.0000000000000000        0.0000000000000000        42.866838668990049        685.86941870384078        16.000000000000000        0.0000000000000000     
           2         102  -9.0667072858604093E-006  -3.3963202577759648E-005   1.7242354751638430E-005   12.021904101582042       0.50798430878291889       0.51379310000000000        0.0000000000000000        0.0000000000000000        42.549765371619301        680.79624594590882        16.000000000000000        0.0000000000000000     
           2         103  -1.0029374307829071E-005  -3.5717427751641904E-005   1.7116156970855473E-005   12.533843233476489       0.50277166036578325       0.51379310000000000        0.0000000000000000        0.0000000000000000        44.276918597251104        708.43069755601766        16.000000000000000        0.0000000000000000     
           2         104  -8.0625555223518354E-006  -3.2142977183220732E-005   1.7384130846032951E-005   11.493896110452784       0.51300925976242229       0.51379310000000000        0.0000000000000000        0.0000000000000000        45.447001730451163        727.15202768721861        16.000000000000000        0.0000000000000000     
           2         105  -1.1806777406587474E-005  -3.8983598670854016E-005   1.6911990767030522E-005   13.496978908200695       0.49195221311098014       0.51379310000000000        0.0000000000000000        0.0000000000000000        49.384631360946145        790.15410177513832        16.000000000000000        0.0000000000000000     
           2         106  -1.1811105405897892E-005  -3.8992063684504375E-005   1.6912034506218012E-005   13.497629234588929       0.49194019598636501       0.51379310000000000        0.0000000000000000        0.0000000000000000        43.638660883392326        698.21857413427722        16.000000000000000        0.0000000000000000     
           2         107  -8.0598621278458793E-006  -3.2137762519496682E-005   1.7384159920622316E-005   11.493444856819119       0.51301602507471489       0.51379310000000000        0.0000000000000000        0.0000000000000000        46.233806125839834        739.74089801343735        16.000000000000000        0.0000000000000000     
           2         108  -1.0945744056099524E-005  -3.7396734703622396E-005   1.7006011632397559E-005   13.026636490575815       0.49740980903629312       0.51379310000000000        0.0000000000000000        0.0000000000000000        44.815567959931933        717.04908735891092        16.000000000000000        0.0000000000000000     
           2         109  -1.0942134468776683E-005  -3.7389693007762738E-005   1.7005994381671030E-005   13.026076692591543       0.49741961860459116       0.51379310000000000        0.0000000000000000        0.0000000000000000        47.871755623361437        765.94808997378300        16.000000000000000        0.0000000000000000     
           2         110  -1.0945228655642363E-005  -3.7395729257682375E-005   1.7006009183380858E-005   13.026556526640476       0.49741120988945314       0.51379310000000000        0.0000000000000000        0.0000000000000000        46.566543571026990        745.06469713643185        16.000000000000000        0.0000000000000000     
           2         111  -1.0029374307829071E-005  -3.5717427751641904E-005   1.7116156970855473E-005   12.533843233476489       0.50277166036578325       0.51379310000000000        0.0000000000000000        0.0000000000000000        42.041691034170306        672.66705654672489        16.000000000000000        0.0000000000000000     
           2         112  -9.0667072858604093E-006  -3.3963202577759648E-005   1.7242354751638430E-005   12.021904101582042       0.50798430878291889       0.51379310000000000        0.0000000000000000        0.0000000000000000        45.660135294620545        730.56216471392872        16.000000000000000        0.0000000000000000     
           2         113  -9.0635053225470301E-006  -3.3956987875984050E-005   1.7242373041017776E-005   12.021379694700725       0.50799258562015015       0.51379310000000000        0.0000000000000000        0.0000000000000000        47.035828445892342        752.57325513427747        16.000000000000000        0.0000000000000000     
           2         114  -1.1811105405897873E-005  -3.8992063684504212E-005   1.6912034506218199E-005   13.497629234588395       0.49194019598636962       0.51379310000000000        1.0000000000000000        0.0000000000000000        46.758821739513003        748.14114783220805        16.000000000000000        0.0000000000000000     
           2         115  -9.0676672894857741E-006  -3.3965065814310942E-005   1.7242349228184323E-005   12.022061411276253       0.50798182688084859       0.51379310000000000        0.0000000000000000        0.0000000000000000        49.702422908698011        795.23876653916818        16.000000000000000        0.0000000000000000     
           2         116  -1.0942650379109802E-005  -3.7390699475180454E-005   1.7005996861441573E-005   13.026156670938493       0.49741821672367303       0.51379310000000000        0.0000000000000000        0.0000000000000000        41.047017847270851        656.75228555633362        16.000000000000000        0.0000000000000000     
           2         117  -1.4754712318048634E-005  -3.6496002639477752E-005   1.7857223164094563E-005   12.811330950477643       0.53226240256933999       0.59999999999999998        0.0000000000000000        1.0000000000000000        47.271822928405328        756.34916685448525        16.000000000000000        0.0000000000000000     
           2         118  -1.0945744056099893E-005  -3.7396734703622660E-005   1.7006011632397641E-005   13.026636490575996       0.49740980903630444       0.51379310000000000        0.0000000000000000        1.0000000000000000        50.503651071407262        808.05841714251619        16.000000000000000        0.0000000000000000     
           2         119  -1.1590716899099765E-005  -3.9796187838856729E-005   1.6614754040656843E-005   13.617150720953214       0.47712959828932344       0.50000000000000000        0.0000000000000000        1.0000000000000000        53.626402670713503        858.02244273141605        16.000000000000000        0.0000000000000000     
           2         120  -1.1809797604282798E-005  -3.8989505822691115E-005   1.6912021322251673E-005   13.497432645044505       0.49194382771529988       0.51379310000000000        0.0000000000000000        0.0000000000000000        49.486513008392343        791.78420813427749        16.000000000000000        0.0000000000000000     
           2         121  -9.0635053225470301E-006  -3.3956987875984050E-005   1.7242373041017776E-005   12.021379694700725       0.50799258562015015       0.51379310000000000        0.0000000000000000        0.0000000000000000        43.515985133878196        696.25576214205114        16.000000000000000        0.0000000000000000     
           2         122  -1.2617553428794780E-005  -4.0487750889965732E-005   1.6833931425054644E-005   13.944157420957653       0.48641568398118751       0.51379310000000000        0.0000000000000000        0.0000000000000000        43.531746028084200        696.50793644934720        16.000000000000000        0.0000000000000000     
           2         123  -1.0946568520268963E-005  -3.7398343063402620E-005   1.7006015540174219E-005   13.026764427877673       0.49740756802707176       0.51379310000000000        0.0000000000000000        0.0000000000000000        46.863459403604892        749.81535045767828        16.000000000000000        0.0000000000000000     
           2         124  -1.1811105405897892E-005  -3.8992063684504375E-005   1.6912034506218012E-005   13.497629234588929       0.49194019598636501       0.51379310000000000        0.0000000000000000        0.0000000000000000        51.275661439837023        820.41058303739237        16.000000000000000        0.0000000000000000     
           2         125  -1.0946774602367354E-005  -3.7398745085345442E-005   1.7006016515071418E-005   13.026796411242890       0.49740700784317954       0.51379310000000000        0.0000000000000000        0.0000000000000000        51.471140887468856        823.53825419950169        16.000000000000000        0.0000000000000000     
           2         126  -1.1809294450670420E-005  -3.8988521723294964E-005   1.6912016242383340E-005   13.497357028891747       0.49194522484671260       0.51379310000000000        0.0000000000000000        0.0000000000000000        41.794367646661044        668.70988234657671        16.000000000000000        0.0000000000000000     
           2         127  -1.0574203699991591E-005  -3.7759090554983036E-005   1.6610683154999152E-005   13.032182292636094       0.51909399742927098       0.50000000000000000        0.0000000000000000        1.0000000000000000        50.349026026115411        805.58441641784657        16.000000000000000        0.0000000000000000     
           2         128  -1.1810703066580164E-005  -3.8991276772622975E-005   1.6912030453256829E-005   13.497568747413894       0.49194131331642321       0.51379310000000000        0.0000000000000000        0.0000000000000000        45.444542936299193        727.11268698078709        16.000000000000000        0.0000000000000000     
           2         129  -9.0672406545388278E-006  -3.3964237776023807E-005   1.7242351685139139E-005   12.021991496561400       0.50798292988300864       0.51379310000000000        0.0000000000000000        0.0000000000000000        48.847253414207145        781.55605462731432        16.000000000000000        0.0000000000000000     
           2         130  -8.0630939554526952E-006  -3.2144019622638417E-005   1.7384125015344673E-005   11.493986357001349       0.51300790717656164       0.51379310000000000        0.0000000000000000        0.0000000000000000        51.915027979101403        830.64044766562245        16.000000000000000        0.0000000000000000     
           2         131  -9.0683071419428015E-006  -3.3966307671262260E-005   1.7242345536495753E-005   12.022166281234380       0.50798017257380568       0.51379310000000000        0.0000000000000000        0.0000000000000000        42.403662638303835        678.45860221286136        16.000000000000000        0.0000000000000000     
           2         132  -1.1057840413211522E-005  -3.1515913377030279E-005   1.9629269032515745E-005   12.303158168444847       0.46975652354800995       0.59999999999999998        0.0000000000000000        1.0000000000000000        49.922232083115411        798.75571332984657        16.000000000000000        0.0000000000000000     
           2         133  -3.7393044517815438E-005  -7.5035456628253807E-005   1.9070573647842504E-005   14.884117057063024       0.45022702605705939       0.59999999999999998        0.0000000000000000        1.0000000000000000        56.014173320499992        896.22677312799988        16.000000000000000        12.625000000000000     
           2         134  -9.0667072858604093E-006  -3.3963202577759648E-005   1.7242354751638430E-005   12.021904101582042       0.50798430878291889       0.51379310000000000        0.0000000000000000        0.0000000000000000        47.817438695892335        765.07901913427736        16.000000000000000        0.0000000000000000     
           2         135  -1.0030320355075999E-005  -3.5719268564831149E-005   1.7116156456399245E-005   12.533994307045377       0.50276914950870233       0.51379310000000000        0.0000000000000000        0.0000000000000000        52.291232002095221        836.65971203352353        16.000000000000000        0.0000000000000000     
           2         136  -4.2074110755855446E-005  -8.2632625234783060E-005   1.8763660962535744E-005   15.943286545111313       0.62859402869006986       0.59999999999999998        0.0000000000000000        1.0000000000000000        50.186871875748082        802.98995001196931        16.000000000000000        5.3750000000000000     
           2         137  -9.0672406545388278E-006  -3.3964237776023807E-005   1.7242351685139139E-005   12.021991496561400       0.50798292988300864       0.51379310000000000        0.0000000000000000        0.0000000000000000        44.338967578283963        709.42348125254341        16.000000000000000        0.0000000000000000     
           2         138  -8.0625555223518354E-006  -3.2142977183220732E-005   1.7384130846032951E-005   11.493896110452784       0.51300925976242229       0.51379310000000000        0.0000000000000000        0.0000000000000000        46.262440628829445        740.19905006127112        16.000000000000000        0.0000000000000000     
           2         139  -1.0942650379109802E-005  -3.7390699475180454E-005   1.7005996861441573E-005   13.026156670938493       0.49741821672367303       0.51379310000000000        0.0000000000000000        0.0000000000000000        51.234214633650375        819.74743413840599        16.000000000000000        0.0000000000000000     
           2         140  -9.0667072858607108E-006  -3.3963202577758801E-005   1.7242354751638074E-005   12.021904101581805       0.50798430878292755       0.51379310000000000        1.0000000000000000        0.0000000000000000        49.831051893694557        797.29683029911291        16.000000000000000        0.0000000000000000     
           2         141  -3.2802666090466951E-005  -6.1284911820312212E-005   9.9207025043010316E-006   7.9013968571327045       0.72271003320494320       0.59999999999999998        0.0000000000000000        1.0000000000000000        47.971277437499992        767.54043899999988        16.000000000000000        9.0000000000000000     
           2         142  -2.3027210625989284E-005  -6.5504053810094701E-005   1.9449632558116055E-005   20.355226954812519       0.56034036627156947       0.50000000000000000        0.0000000000000000        1.0000000000000000        50.678529034289909        810.85646454863854        16.000000000000000        18.062500000000000     
           2         143  -1.0944713170269048E-005  -3.7394723641624035E-005   1.7006006729242387E-005   13.026476560303662       0.49741261091376976       0.51379310000000000        0.0000000000000000        0.0000000000000000        46.986280336651042        751.78048538641667        16.000000000000000        0.0000000000000000     
           2         144  -9.0640391917049876E-006  -3.3958024077980802E-005   1.7242370005845046E-005   12.021467100253352       0.50799120573774226       0.51379310000000000        0.0000000000000000        0.0000000000000000        48.161374004808820        770.58198407694113        16.000000000000000        0.0000000000000000     
           2         145  -1.0946156315342968E-005  -3.7397538937921574E-005   1.7006013587923893E-005   13.026700459995080       0.49740868847695119       0.51379310000000000        0.0000000000000000        0.0000000000000000        51.530091067603713        824.48145708165941        16.000000000000000        0.0000000000000000     
           2         146  -1.0026218842017753E-005  -3.5711287749141928E-005   1.7116158564606107E-005   12.533339605759615       0.50278003381710179       0.51379310000000000        0.0000000000000000        0.0000000000000000        42.912865062634758        686.60584100215613        16.000000000000000        0.0000000000000000     
           2         147  -9.0676672894857741E-006  -3.3965065814310942E-005   1.7242349228184323E-005   12.022061411276253       0.50798182688084859       0.51379310000000000        0.0000000000000000        0.0000000000000000        46.398569388416327        742.37711021466123        16.000000000000000        0.0000000000000000     
           2         148  -9.0667072858604093E-006  -3.3963202577759648E-005   1.7242354751638430E-005   12.021904101582042       0.50798430878291889       0.51379310000000000        0.0000000000000000        0.0000000000000000        44.225451338615429        707.60722141784686        16.000000000000000        0.0000000000000000     
           2         149  -9.0667072858604093E-006  -3.3963202577759648E-005   1.7242354751638430E-005   12.021904101582042       0.50798430878291889       0.51379310000000000        0.0000000000000000        0.0000000000000000        49.643359714778995        794.29375543646393        16.000000000000000        0.0000000000000000     
           2         150  -1.9479586114249912E-005  -4.8879362904233490E-005   9.9201906757336183E-006   10.738437831935567       0.64393054204086331       0.50000000000000000        0.0000000000000000        1.0000000000000000        60.786183784687509        972.57894055500014        16.000000000000000        12.625000000000000     
           2         151  -3.5806694679978549E-005  -7.2456898283780569E-005   1.9168610725725028E-005   20.260039899147024       0.44748282399560341       0.59999999999999998        0.0000000000000000        1.0000000000000000        46.263189001767330        740.21102402827728        16.000000000000000        16.250000000000000     
           2         152  -8.0598621278458793E-006  -3.2137762519496682E-005   1.7384159920622316E-005   11.493444856819119       0.51301602507471489       0.51379310000000000        0.0000000000000000        0.0000000000000000        45.521850641419711        728.34961026271537        16.000000000000000        0.0000000000000000     
           2         153  -1.1810300672886534E-005  -3.8990489751844430E-005   1.6912026397057242E-005   13.497508258536506       0.49194243075759242       0.51379310000000000        0.0000000000000000        0.0000000000000000        46.464725182210003        743.43560291536005        16.000000000000000        0.0000000000000000     
           2         154  -1.1809797604282798E-005  -3.8989505822691115E-005   1.6912021322251673E-005   13.497432645044505       0.49194382771529988       0.51379310000000000        0.0000000000000000        0.0000000000000000        46.172170518252130        738.75472829203409        16.000000000000000        0.0000000000000000     
           2         155  -8.0630939554526952E-006  -3.2144019622638417E-005   1.7384125015344673E-005   11.493986357001349       0.51300790717656164       0.51379310000000000        0.0000000000000000        0.0000000000000000        49.587801695892338        793.40482713427741        16.000000000000000        0.0000000000000000     
           2         156  -1.1807280985624741E-005  -3.8984583622239103E-005   1.6911995872240068E-005   13.497054537663212       0.49195081511029543       0.51379310000000000        0.0000000000000000        0.0000000000000000        43.094541540861229        689.51266465377967        16.000000000000000        0.0000000000000000     
           2         157  -1.0030740732816844E-005  -3.5720086528242217E-005   1.7116156222374714E-005   12.534061448669739       0.50276803374662515       0.51379310000000000        0.0000000000000000        0.0000000000000000        45.091846690867527        721.46954705388043        16.000000000000000        0.0000000000000000     
           2         158  -9.0683071419429963E-006  -3.3966307671262097E-005   1.7242345536496034E-005   12.022166281234536       0.50798017257380845       0.51379310000000000        0.0000000000000000        1.0000000000000000        48.362401249190363        773.79841998704580        16.000000000000000        0.0000000000000000     
           2         159  -1.0946774602367354E-005  -3.7398745085345442E-005   1.7006016515071418E-005   13.026796411242890       0.49740700784317954       0.51379310000000000        0.0000000000000000        0.0000000000000000        48.561595987269577        776.98553579631323        16.000000000000000        0.0000000000000000     
           2         160  -1.0946774602367354E-005  -3.7398745085345442E-005   1.7006016515071418E-005   13.026796411242890       0.49740700784317954       0.51379310000000000        0.0000000000000000        0.0000000000000000        49.890182343119434        798.24291748991095        16.000000000000000        0.0000000000000000     
           2         161  -1.0026218842018238E-005  -3.5711287749142409E-005   1.7116158564606724E-005   12.533339605759874       0.50278003381711234       0.51379310000000000        0.0000000000000000        1.0000000000000000        41.943717630730895        671.09948209169431        16.000000000000000        0.0000000000000000     
           2         162  -1.0029899923369999E-005  -3.5718450493256203E-005   1.7116156687115190E-005   12.533927164077149       0.50277026537809544       0.51379310000000000        0.0000000000000000        1.0000000000000000        45.434722383392334        726.95555813427734        16.000000000000000        0.0000000000000000     
           2         163  -8.0630939554526952E-006  -3.2144019622638417E-005   1.7384125015344673E-005   11.493986357001349       0.51300790717656164       0.51379310000000000        0.0000000000000000        0.0000000000000000        48.144919872058537        770.31871795293659        16.000000000000000        0.0000000000000000     
           2         164  -1.2621466304636988E-005  -4.0495423732246371E-005   1.6833991847024772E-005   13.944725437312092       0.48640460980572442       0.51379310000000000        0.0000000000000000        0.0000000000000000        50.342893985734825        805.48630377175721        16.000000000000000        0.0000000000000000     
           2         165  -1.1807280985624741E-005  -3.8984583622239103E-005   1.6911995872240068E-005   13.497054537663212       0.49195081511029543       0.51379310000000000        0.0000000000000000        0.0000000000000000        48.757268668607054        780.11629869771286        16.000000000000000        0.0000000000000000     
           2         166  -8.0604009706954935E-006  -3.2138805781289928E-005   1.7384154116223342E-005   11.493535110331157       0.51301467169433690       0.51379310000000000        0.0000000000000000        0.0000000000000000        42.060259946470993        672.96415914353588        16.000000000000000        0.0000000000000000     
           2         167  -8.0640629287228518E-006  -3.2145895599517824E-005   1.7384114506868930E-005   11.494148797279157       0.51300547292201248       0.51379310000000000        0.0000000000000000        0.0000000000000000        42.269405575675833        676.31048921081333        16.000000000000000        0.0000000000000000     
           2         168  -1.0942650379109802E-005  -3.7390699475180454E-005   1.7005996861441573E-005   13.026156670938493       0.49741821672367303       0.51379310000000000        0.0000000000000000        0.0000000000000000        47.369648883558142        757.91438213693027        16.000000000000000        0.0000000000000000     
           2         169  -1.1806777406587474E-005  -3.8983598670854016E-005   1.6911990767030522E-005   13.496978908200695       0.49195221311098014       0.51379310000000000        0.0000000000000000        0.0000000000000000        51.621378615669265        825.94205785070824        16.000000000000000        0.0000000000000000     
           2         170  -1.0030320355076248E-005  -3.5719268564831081E-005   1.7116156456399638E-005   12.533994307045262       0.50276914950871310       0.51379310000000000        1.0000000000000000        0.0000000000000000        53.022957660270563        848.36732256432902        16.000000000000000        0.0000000000000000     
           2         171  -1.2620488593708804E-005  -4.0493506538848389E-005   1.6833976771527881E-005   13.944583450488743       0.48640737729738381       0.51379310000000000        0.0000000000000000        0.0000000000000000        41.168144416308039        658.69031066092862        16.000000000000000        0.0000000000000000     
           2         172  -8.0640629287228518E-006  -3.2145895599517824E-005   1.7384114506868930E-005   11.494148797279157       0.51300547292201248       0.51379310000000000        0.0000000000000000        0.0000000000000000        44.341793429869135        709.46869487790616        16.000000000000000        0.0000000000000000     
           2         173  -1.0946156315342968E-005  -3.7397538937921574E-005   1.7006013587923893E-005   13.026700459995080       0.49740868847695119       0.51379310000000000        0.0000000000000000        0.0000000000000000        44.808126454210118        716.93002326736189        16.000000000000000        0.0000000000000000     
           2         174  -1.2619999611299697E-005  -4.0492547687983424E-005   1.6833969226284357E-005   13.944512452761451       0.48640876130611121       0.51379310000000000        0.0000000000000000        0.0000000000000000        49.251572961018681        788.02516737629890        16.000000000000000        0.0000000000000000     
           2         175  -1.2617553428794967E-005  -4.0487750889965834E-005   1.6833931425054943E-005   13.944157420957637       0.48641568398118668       0.51379310000000000        0.0000000000000000        1.0000000000000000        55.621831582838546        889.94930532541673        16.000000000000000        0.0000000000000000     
           2         176  -9.3918690819531236E-006  -3.9129299709619533E-005   2.0345561545713303E-005   17.548280116152199       0.54828011615218974       0.50000000000000000        0.0000000000000000        1.0000000000000000        56.460499472946161        903.36799156713857        16.000000000000000        3.6250000000000000     
           2         177  -9.0667072858604093E-006  -3.3963202577759648E-005   1.7242354751638430E-005   12.021904101582042       0.50798430878291889       0.51379310000000000        0.0000000000000000        0.0000000000000000        44.013787143848646        704.22059430157833        16.000000000000000        0.0000000000000000     
           2         178  -1.0030320355075999E-005  -3.5719268564831149E-005   1.7116156456399245E-005   12.533994307045377       0.50276914950870233       0.51379310000000000        0.0000000000000000        0.0000000000000000        47.551475134849895        760.82360215759832        16.000000000000000        0.0000000000000000     
           2         179  -1.2619510544227219E-005  -4.0491588667606986E-005   1.6833961676042564E-005   13.944441452157184       0.48641014549021172       0.51379310000000000        0.0000000000000000        0.0000000000000000        47.356496666212117        757.70394665939386        16.000000000000000        0.0000000000000000     
           2         180  -1.0030320355076319E-005  -3.5719268564831291E-005   1.7116156456399760E-005   12.533994307045603       0.50276914950871265       0.51379310000000000        0.0000000000000000        1.0000000000000000        50.830069319961176        813.28110911937881        16.000000000000000        0.0000000000000000     
           2         181  -1.0942650379110232E-005  -3.7390699475181280E-005   1.7005996861442138E-005   13.026156670938770       0.49741821672368730       0.51379310000000000        0.0000000000000000        1.0000000000000000        44.977768791985262        719.64430067176420        16.000000000000000        0.0000000000000000     
           2         182  -8.0647087635960831E-006  -3.2147145955122800E-005   1.7384107491767659E-005   11.494257088290684       0.51300385037122331       0.51379310000000000        1.0000000000000000        0.0000000000000000        45.431656766545380        726.90650826472609        16.000000000000000        0.0000000000000000     
           2         183  -1.1809294450670420E-005  -3.8988521723294964E-005   1.6912016242383340E-005   13.497357028891747       0.49194522484671260       0.51379310000000000        0.0000000000000000        0.0000000000000000        45.641772195892344        730.26835513427750        16.000000000000000        0.0000000000000000     
           2         184  -1.1810300672886534E-005  -3.8990489751844430E-005   1.6912026397057242E-005   13.497508258536506       0.49194243075759242       0.51379310000000000        0.0000000000000000        0.0000000000000000        49.569608624160097        793.11373798656155        16.000000000000000        0.0000000000000000     
           2         185  -1.2617553428794780E-005  -4.0487750889965732E-005   1.6833931425054644E-005   13.944157420957653       0.48641568398118751       0.51379310000000000        0.0000000000000000        0.0000000000000000        49.269292667112893        788.30868267380629        16.000000000000000        0.0000000000000000     
           2         186  -1.1810703066580164E-005  -3.8991276772622975E-005   1.6912030453256829E-005   13.497568747413894       0.49194131331642321       0.51379310000000000        0.0000000000000000        0.0000000000000000        42.896478591000331        686.34365745600530        16.000000000000000        0.0000000000000000     
           2         187  -9.0680938711167668E-006  -3.3965893745671449E-005   1.7242346767892638E-005   12.022131324863492       0.50798072398333105       0.51379310000000000        0.0000000000000000        0.0000000000000000        45.816248745705948        733.05997993129517        16.000000000000000        0.0000000000000000     
           2         188  -9.0640391917049876E-006  -3.3958024077980802E-005   1.7242370005845046E-005   12.021467100253352       0.50799120573774226       0.51379310000000000        0.0000000000000000        0.0000000000000000        46.315564869107661        741.04903790572257        16.000000000000000        0.0000000000000000     
           2         189  -1.1810703066580164E-005  -3.8991276772622975E-005   1.6912030453256829E-005   13.497568747413894       0.49194131331642321       0.51379310000000000        0.0000000000000000        0.0000000000000000        47.409405471432443        758.55048754291909        16.000000000000000        0.0000000000000000     
           2         190  -1.0030950901454390E-005  -3.5720495469394222E-005   1.7116156104121908E-005   12.534095018977773       0.50276747590581516       0.51379310000000000        0.0000000000000000        0.0000000000000000        52.990332695892327        847.84532313427724        16.000000000000000        0.0000000000000000     
           2         191  -1.1809797604282798E-005  -3.8989505822691115E-005   1.6912021322251673E-005   13.497432645044505       0.49194382771529988       0.51379310000000000        0.0000000000000000        0.0000000000000000        42.014003164415797        672.22405063065275        16.000000000000000        0.0000000000000000     
           2         192  -8.0647087635960916E-006  -3.2147145955123796E-005   1.7384107491767875E-005   11.494257088290952       0.51300385037122564       0.51379310000000000        0.0000000000000000        0.0000000000000000        46.141340770750972        738.26145233201555        16.000000000000000        0.0000000000000000     
           2         193  -1.0028848607922220E-005  -3.5716404840930881E-005   1.7116157249422454E-005   12.533759300775404       0.50277305552123885       0.51379310000000000        0.0000000000000000        0.0000000000000000        45.829983112385392        733.27972979816627        16.000000000000000        0.0000000000000000     
           2         194  -1.0945744056099524E-005  -3.7396734703622396E-005   1.7006011632397559E-005   13.026636490575815       0.49740980903629312       0.51379310000000000        0.0000000000000000        0.0000000000000000        48.248648394479780        771.97837431167648        16.000000000000000        0.0000000000000000     
           2         195  -1.2619510544227250E-005  -4.0491588667606884E-005   1.6833961676042926E-005   13.944441452157225       0.48641014549021633       0.51379310000000000        0.0000000000000000        1.0000000000000000        50.168991689808486        802.70386703693578        16.000000000000000        0.0000000000000000     
           2         196  -1.0945228655642363E-005  -3.7395729257682375E-005   1.7006009183380858E-005   13.026556526640476       0.49741120988945314       0.51379310000000000        0.0000000000000000        0.0000000000000000        44.941027446408398        719.05643914253437        16.000000000000000        0.0000000000000000     
           2         197  -9.0667072858604093E-006  -3.3963202577759648E-005   1.7242354751638430E-005   12.021904101582042       0.50798430878291889       0.51379310000000000        0.0000000000000000        0.0000000000000000        44.019422477142328        704.31075963427725        16.000000000000000        0.0000000000000000     
           2         198  -8.0647087635960916E-006  -3.2147145955123796E-005   1.7384107491767875E-005   11.494257088290952       0.51300385037122564       0.51379310000000000        0.0000000000000000        0.0000000000000000        48.752344071827459        780.03750514923934        16.000000000000000        0.0000000000000000     
           2         199  -1.1810703066580164E-005  -3.8991276772622975E-005   1.6912030453256829E-005   13.497568747413894       0.49194131331642321       0.51379310000000000        0.0000000000000000        0.0000000000000000        46.041252146420952        736.66003434273523        16.000000000000000        0.0000000000000000     
           2         200  -1.1806777406587474E-005  -3.8983598670854016E-005   1.6911990767030522E-005   13.496978908200695       0.49195221311098014       0.51379310000000000        0.0000000000000000        0.0000000000000000        50.965222992990185        815.44356788784296        16.000000000000000        0.0000000000000000     
           2         201  -1.2620879718695210E-005  -4.0494273497527050E-005   1.6833982804125083E-005   13.944640246598860       0.48640627021662181       0.51379310000000000        1.0000000000000000        0.0000000000000000        42.308451221767058        676.93521954827293        16.000000000000000        0.0000000000000000     
           2         202  -8.0598621278458793E-006  -3.2137762519496682E-005   1.7384159920622316E-005   11.493444856819119       0.51301602507471489       0.51379310000000000        0.0000000000000000        0.0000000000000000        45.484284983174156        727.74855973078650        16.000000000000000        0.0000000000000000     
           2         203  -1.0942134468776683E-005  -3.7389693007762738E-005   1.7005994381671030E-005   13.026076692591543       0.49741961860459116       0.51379310000000000        0.0000000000000000        0.0000000000000000        46.680538536654105        746.88861658646567        16.000000000000000        0.0000000000000000     
           2         204  -8.0625555223518354E-006  -3.2142977183220732E-005   1.7384130846032951E-005   11.493896110452784       0.51300925976242229       0.51379310000000000        0.0000000000000000        0.0000000000000000        50.338986869865437        805.42378991784699        16.000000000000000        0.0000000000000000     
           2         205  -9.0640391917049876E-006  -3.3958024077980802E-005   1.7242370005845046E-005   12.021467100253352       0.50799120573774226       0.51379310000000000        0.0000000000000000        0.0000000000000000        47.748573114049741        763.97716982479585        16.000000000000000        0.0000000000000000     
           2         206  -9.0635053225470301E-006  -3.3956987875984050E-005   1.7242373041017776E-005   12.021379694700725       0.50799258562015015       0.51379310000000000        0.0000000000000000        0.0000000000000000        43.578876940052311        697.26203104083697        16.000000000000000        0.0000000000000000     
           2         207  -9.0640391917049876E-006  -3.3958024077980802E-005   1.7242370005845046E-005   12.021467100253352       0.50799120573774226       0.51379310000000000        0.0000000000000000        0.0000000000000000        43.531382215002509        696.50211544004014        16.000000000000000        0.0000000000000000     
           2         208  -8.0604009706954935E-006  -3.2138805781289928E-005   1.7384154116223342E-005   11.493535110331157       0.51301467169433690       0.51379310000000000        0.0000000000000000        0.0000000000000000        46.990854881287682        751.85367810060291        16.000000000000000        0.0000000000000000     
           2         209  -1.0029374307829071E-005  -3.5717427751641904E-005   1.7116156970855473E-005   12.533843233476489       0.50277166036578325       0.51379310000000000        0.0000000000000000        0.0000000000000000        49.366753846521149        789.86806154433839        16.000000000000000        0.0000000000000000     
           2         210  -1.0029899923370053E-005  -3.5718450493256921E-005   1.7116156687115204E-005   12.533927164077195       0.50277026537809966       0.51379310000000000        0.0000000000000000        0.0000000000000000        48.387328636162444        774.19725817859910        16.000000000000000        0.0000000000000000     
           2         211  -1.0029374307829071E-005  -3.5717427751641904E-005   1.7116156970855473E-005   12.533843233476489       0.50277166036578325       0.51379310000000000        0.0000000000000000        0.0000000000000000        39.294394151115412        628.71030641784660        16.000000000000000        0.0000000000000000     
           2         212  -9.0680938711167668E-006  -3.3965893745671449E-005   1.7242346767892638E-005   12.022131324863492       0.50798072398333105       0.51379310000000000        0.0000000000000000        0.0000000000000000        43.512196877519699        696.19515004031518        16.000000000000000        0.0000000000000000     
           2         213  -1.0026218842018238E-005  -3.5711287749142409E-005   1.7116158564606724E-005   12.533339605759874       0.50278003381711234       0.51379310000000000        0.0000000000000000        1.0000000000000000        44.987291842920413        719.79666948672661        16.000000000000000        0.0000000000000000     
           2         214  -1.1809797604282798E-005  -3.8989505822691115E-005   1.6912021322251673E-005   13.497432645044505       0.49194382771529988       0.51379310000000000        0.0000000000000000        0.0000000000000000        47.361662703513836        757.78660325622138        16.000000000000000        0.0000000000000000     
           2         215  -1.2620488593708804E-005  -4.0493506538848389E-005   1.6833976771527881E-005   13.944583450488743       0.48640737729738381       0.51379310000000000        0.0000000000000000        0.0000000000000000        49.993639244876313        799.89822791802101        16.000000000000000        0.0000000000000000     
           2         216  -1.0942650379109802E-005  -3.7390699475180454E-005   1.7005996861441573E-005   13.026156670938493       0.49741821672367303       0.51379310000000000        0.0000000000000000        0.0000000000000000        41.015547790558223        656.24876464893157        16.000000000000000        0.0000000000000000     
           2         217  -1.0944713170269172E-005  -3.7394723641624678E-005   1.7006006729242573E-005   13.026476560303882       0.49741261091377842       0.51379310000000000        0.0000000000000000        1.0000000000000000        43.239310648068560        691.82897036909696        16.000000000000000        0.0000000000000000     
           2         218  -1.1810703066580164E-005  -3.8991276772622975E-005   1.6912030453256829E-005   13.497568747413894       0.49194131331642321       0.51379310000000000        0.0000000000000000        0.0000000000000000        45.351495088615430        725.62392141784687        16.000000000000000        0.0000000000000000     
           2         219  -1.6411471888391626E-005  -3.2530577303239137E-005   7.7671862338795703E-006   10.897214744836530       0.61493774408822810       0.59999999999999998        0.0000000000000000        1.0000000000000000        58.511741033637499        936.18785653819998        16.000000000000000        9.0000000000000000     
           2         220  -1.0028848607922220E-005  -3.5716404840930881E-005   1.7116157249422454E-005   12.533759300775404       0.50277305552123885       0.51379310000000000        0.0000000000000000        0.0000000000000000        50.334590500369373        805.35344800590997        16.000000000000000        0.0000000000000000     
           2         221  -2.5786214122464165E-005  -5.2551993573312592E-005   1.4362455053808544E-005   16.080584267921893       0.63172687317000364       0.59999999999999998        0.0000000000000000        1.0000000000000000        49.203876418874991        787.26202270199985        16.000000000000000        21.000000000000000     
           2         222  -8.0630939554526952E-006  -3.2144019622638417E-005   1.7384125015344673E-005   11.493986357001349       0.51300790717656164       0.51379310000000000        0.0000000000000000        0.0000000000000000        41.288319801071999        660.61311681715199        16.000000000000000        0.0000000000000000     
           2         223  -8.0644934983955715E-006  -3.2146729196195065E-005   1.7384109830974937E-005   11.494220991509978       0.51300439119611474       0.51379310000000000        0.0000000000000000        0.0000000000000000        43.838276082084242        701.41241731334787        16.000000000000000        0.0000000000000000     
           2         224  -1.2744913002377995E-005  -5.2567108862754911E-005   1.3803217571206650E-005   15.381658317455107       0.68781756485566536       0.40000000000000002        0.0000000000000000        1.0000000000000000        55.452328193499994        887.23725109599991        16.000000000000000        22.750000000000000     
           2         225  -1.2620879718695330E-005  -4.0494273497525607E-005   1.6833982804124551E-005   13.944640246598951       0.48640627021661170       0.51379310000000000        0.0000000000000000        0.0000000000000000        48.905314526115419        782.48503241784670        16.000000000000000        0.0000000000000000     
           2         226  -1.6844528054998819E-005  -4.8708944653503318E-005   1.5019888543505469E-005   19.155234321337968       0.63407177150846539       0.50000000000000000        0.0000000000000000        1.0000000000000000        50.540332130312507        808.64531408500011        16.000000000000000        35.000000000000000     
           2         227  -1.2619999611299697E-005  -4.0492547687983424E-005   1.6833969226284357E-005   13.944512452761451       0.48640876130611121       0.51379310000000000        0.0000000000000000        0.0000000000000000        44.972385861577649        719.55817378524239        16.000000000000000        0.0000000000000000     
           2         228  -1.2621270789526110E-005  -4.0495040347774849E-005   1.6833988833524204E-005   13.944697040868034       0.48640516324799554       0.51379310000000000        0.0000000000000000        1.0000000000000000        44.376916453919428        710.03066326271085        16.000000000000000        0.0000000000000000     
           2         229  -1.2621270789526110E-005  -4.0495040347774849E-005   1.6833988833524204E-005   13.944697040868034       0.48640516324799554       0.51379310000000000        0.0000000000000000        1.0000000000000000        47.871412342423582        765.94259747877732        16.000000000000000        0.0000000000000000     
           2         230  -1.8418593825645133E-005  -5.0220410967045432E-005   1.3383223315755145E-005   13.702694281940369       0.68161038624573578       0.50000000000000000        1.0000000000000000        0.0000000000000000        59.923655135312494        958.77848216499990        16.000000000000000        24.500000000000000     
           2         231  -8.0640629287228518E-006  -3.2145895599517824E-005   1.7384114506868930E-005   11.494148797279157       0.51300547292201248       0.51379310000000000        0.0000000000000000        0.0000000000000000        43.057580183042013        688.92128292867221        16.000000000000000        0.0000000000000000     
           2         232  -1.2617553428794780E-005  -4.0487750889965732E-005   1.6833931425054644E-005   13.944157420957653       0.48641568398118751       0.51379310000000000        0.0000000000000000        0.0000000000000000        46.874781664642335        749.99650663427735        16.000000000000000        0.0000000000000000     
           2         233  -1.1810300672886534E-005  -3.8990489751844430E-005   1.6912026397057242E-005   13.497508258536506       0.49194243075759242       0.51379310000000000        0.0000000000000000        0.0000000000000000        46.343625348688484        741.49800557901574        16.000000000000000        0.0000000000000000     
           2         234  -1.1807280985624741E-005  -3.8984583622239103E-005   1.6911995872240068E-005   13.497054537663212       0.49195081511029543       0.51379310000000000        0.0000000000000000        0.0000000000000000        48.000287759999452        768.00460415999123        16.000000000000000        0.0000000000000000     
           2         235  -1.0942134468776683E-005  -3.7389693007762738E-005   1.7005994381671030E-005   13.026076692591543       0.49741961860459116       0.51379310000000000        0.0000000000000000        0.0000000000000000        51.104883631501941        817.67813810403106        16.000000000000000        0.0000000000000000     
           2         236  -1.1810300672886534E-005  -3.8990489751844430E-005   1.6912026397057242E-005   13.497508258536506       0.49194243075759242       0.51379310000000000        0.0000000000000000        0.0000000000000000        40.423889295701684        646.78222873122695        16.000000000000000        0.0000000000000000     
           2         237  -1.2621466304636988E-005  -4.0495423732245707E-005   1.6833991847024650E-005   13.944725437312082       0.48640460980572442       0.51379310000000000        0.0000000000000000        1.0000000000000000        44.879282523002388        718.06852036803821        16.000000000000000        0.0000000000000000     
           2         238  -1.1811306555169420E-005  -3.8992457099616664E-005   1.6912036531484269E-005   13.497659477537789       0.49193963736298307       0.51379310000000000        0.0000000000000000        0.0000000000000000        49.174664082439335        786.79462531902936        16.000000000000000        0.0000000000000000     
           2         239  -1.0029374307829071E-005  -3.5717427751641904E-005   1.7116156970855473E-005   12.533843233476489       0.50277166036578325       0.51379310000000000        0.0000000000000000        0.0000000000000000        49.460023258392347        791.36037213427755        16.000000000000000        0.0000000000000000     
           2         240  -9.0680938711167668E-006  -3.3965893745671449E-005   1.7242346767892638E-005   12.022131324863492       0.50798072398333105       0.51379310000000000        0.0000000000000000        0.0000000000000000        49.486378854062160        791.78206166499456        16.000000000000000        0.0000000000000000     
           2         241  -1.1806777406587484E-005  -3.8983598670853989E-005   1.6911990767030376E-005   13.496978908200598       0.49195221311097725       0.51379310000000000        0.0000000000000000        1.0000000000000000        43.515715502227984        696.25144803564774        16.000000000000000        0.0000000000000000     
           2         242  -1.2620879718695330E-005  -4.0494273497525607E-005   1.6833982804124551E-005   13.944640246598951       0.48640627021661170       0.51379310000000000        0.0000000000000000        0.0000000000000000        43.531452634995610        696.50324215992975        16.000000000000000        0.0000000000000000     
           2         243  -8.0636323066774479E-006  -3.2145061897728511E-005   1.7384119179403185E-005   11.494076602157330       0.51300655474944723       0.51379310000000000        0.0000000000000000        0.0000000000000000        46.863072567272148        749.80916107635437        16.000000000000000        0.0000000000000000     
           2         244  -9.0640391917049876E-006  -3.3958024077980802E-005   1.7242370005845046E-005   12.021467100253352       0.50799120573774226       0.51379310000000000        0.0000000000000000        0.0000000000000000        51.275251801968125        820.40402883149000        16.000000000000000        0.0000000000000000     
           2         245  -2.6316922515434970E-005  -5.4162966345112837E-005   1.5452143229081478E-005   17.309048596099565       0.63470036732334967       0.59999999999999998        0.0000000000000000        1.0000000000000000        61.087363830000015        977.39782128000024        16.000000000000000        45.500000000000000     
           2         246  -8.0604009706953699E-006  -3.2138805781289169E-005   1.7384154116223115E-005   11.493535110331093       0.51301467169432535       0.51379310000000000        0.0000000000000000        1.0000000000000000        42.861373070892327        685.78196913427723        16.000000000000000        0.0000000000000000     
           2         247  -1.0030320355075999E-005  -3.5719268564831149E-005   1.7116156456399245E-005   12.533994307045377       0.50276914950870233       0.51379310000000000        0.0000000000000000        0.0000000000000000        46.745286074700743        747.92457719521190        16.000000000000000        0.0000000000000000     
           2         248  -1.0946568520269268E-005  -3.7398343063403000E-005   1.7006015540174693E-005   13.026764427877330       0.49740756802707808       0.51379310000000000        1.0000000000000000        0.0000000000000000        45.882588657699998        734.12141852319996        16.000000000000000        0.0000000000000000     
           2         249  -8.0630939554526952E-006  -3.2144019622638417E-005   1.7384125015344673E-005   11.493986357001349       0.51300790717656164       0.51379310000000000        0.0000000000000000        0.0000000000000000        50.240770831052217        803.85233329683547        16.000000000000000        0.0000000000000000     
           2         250  -9.0683071419428015E-006  -3.3966307671262260E-005   1.7242345536495753E-005   12.022166281234380       0.50798017257380568       0.51379310000000000        0.0000000000000000        0.0000000000000000        49.693233344794649        795.09173351671438        16.000000000000000        0.0000000000000000     
           2         251  -1.0944713170269048E-005  -3.7394723641624035E-005   1.7006006729242387E-005   13.026476560303662       0.49741261091376976       0.51379310000000000        0.0000000000000000        0.0000000000000000        42.055876472059211        672.89402355294737        16.000000000000000        0.0000000000000000     
           2         252  -2.4570889052780987E-005  -5.0318188661297239E-005   1.4050060359993204E-005   15.514219839656267       0.64274459712728371       0.59999999999999998        0.0000000000000000        1.0000000000000000        52.086098606249990        833.37757769999985        16.000000000000000        49.000000000000000     
           2         253  -1.0942134468776683E-005  -3.7389693007762738E-005   1.7005994381671030E-005   13.026076692591543       0.49741961860459116       0.51379310000000000        0.0000000000000000        0.0000000000000000        47.499619070892344        759.99390513427750        16.000000000000000        0.0000000000000000     
           2         254  -1.0030950901454390E-005  -3.5720495469394222E-005   1.7116156104121908E-005   12.534095018977773       0.50276747590581516       0.51379310000000000        0.0000000000000000        0.0000000000000000        47.817296043505905        765.07673669609449        16.000000000000000        0.0000000000000000     
           2         255  -1.0029374307829071E-005  -3.5717427751641904E-005   1.7116156970855473E-005   12.533843233476489       0.50277166036578325       0.51379310000000000        0.0000000000000000        0.0000000000000000        52.290928088733132        836.65484941973011        16.000000000000000        0.0000000000000000     
           2         256  -1.2621466304636988E-005  -4.0495423732246371E-005   1.6833991847024772E-005   13.944725437312092       0.48640460980572442       0.51379310000000000        0.0000000000000000        0.0000000000000000        41.966337916958729        671.46140667133966        16.000000000000000        0.0000000000000000     
           2         257  -1.0944713170269048E-005  -3.7394723641624035E-005   1.7006006729242387E-005   13.026476560303662       0.49741261091376976       0.51379310000000000        0.0000000000000000        0.0000000000000000        45.412402949880445        726.59844719808711        16.000000000000000        0.0000000000000000     
           2         258  -1.1810703066580164E-005  -3.8991276772622975E-005   1.6912030453256829E-005   13.497568747413894       0.49194131331642321       0.51379310000000000        0.0000000000000000        0.0000000000000000        47.537195433180401        760.59512693088641        16.000000000000000        0.0000000000000000     
           2         259  -9.0680938711167668E-006  -3.3965893745671449E-005   1.7242346767892638E-005   12.022131324863492       0.50798072398333105       0.51379310000000000        0.0000000000000000        0.0000000000000000        49.974959259366194        799.59934814985911        16.000000000000000        0.0000000000000000     
           2         260  -1.2621270789526110E-005  -4.0495040347774849E-005   1.6833988833524204E-005   13.944697040868034       0.48640516324799554       0.51379310000000000        0.0000000000000000        1.0000000000000000        50.452280276115417        807.23648441784667        16.000000000000000        0.0000000000000000     
           2         261  -1.1809797604282798E-005  -3.8989505822691115E-005   1.6912021322251673E-005   13.497432645044505       0.49194382771529988       0.51379310000000000        0.0000000000000000        0.0000000000000000        44.432274585470779        710.91639336753246        16.000000000000000        0.0000000000000000     
           2         262  -1.0030740732816844E-005  -3.5720086528242217E-005   1.7116156222374714E-005   12.534061448669739       0.50276803374662515       0.51379310000000000        0.0000000000000000        0.0000000000000000        42.463439055826811        679.41502489322897        16.000000000000000        0.0000000000000000     
           2         263   1.6123169863694767E-005  -2.9792296890550863E-005   1.6123169863694767E-005   10.618231217199359       0.50084007674904851        0.0000000000000000        0.0000000000000000        1.0000000000000000        46.467422703392330        743.47876325427728        16.000000000000000        0.0000000000000000     
           2         264  -1.2617553428794780E-005  -4.0487750889965732E-005   1.6833931425054644E-005   13.944157420957653       0.48641568398118751       0.51379310000000000        0.0000000000000000        0.0000000000000000        47.356015519910009        757.69624831856015        16.000000000000000        0.0000000000000000     
           2         265   3.2099999999999968E-006   4.1136999999999961E-004   3.2099999999999968E-006   10.000000000000000        1.0000000000000000        0.0000000000000000        0.0000000000000000        1.0000000000000000        46.902455011740415        750.43928018784663        16.000000000000000        1.7500000000000000     
           2         266  -9.0661738338309774E-006  -3.3962167212331449E-005   1.7242357812920608E-005   12.021816704840795       0.50798568784644504       0.51379310000000000        0.0000000000000000        0.0000000000000000        42.449943221967310        679.19909155147695        16.000000000000000        0.0000000000000000     
           2         267  -1.1811105405897892E-005  -3.8992063684504375E-005   1.6912034506218012E-005   13.497629234588929       0.49194019598636501       0.51379310000000000        0.0000000000000000        0.0000000000000000        43.675392994865419        698.80628791784670        16.000000000000000        0.0000000000000000     
           2         268  -8.0625555223518354E-006  -3.2142977183220732E-005   1.7384130846032951E-005   11.493896110452784       0.51300925976242229       0.51379310000000000        0.0000000000000000        0.0000000000000000        42.608821957052456        681.74115131283929        16.000000000000000        0.0000000000000000     
           2         269  -1.1811105405897866E-005  -3.8992063684505452E-005   1.6912034506218358E-005   13.497629234588937       0.49194019598637045       0.51379310000000000        0.0000000000000000        1.0000000000000000        47.145503365608441        754.32805384973506        16.000000000000000        0.0000000000000000     
           2         270  -1.2620879718695330E-005  -4.0494273497525607E-005   1.6833982804124551E-005   13.944640246598951       0.48640627021661170       0.51379310000000000        0.0000000000000000        0.0000000000000000        48.586466901239390        777.38347041983025        16.000000000000000        0.0000000000000000     
           2         271  -1.0942650379109802E-005  -3.7390699475180454E-005   1.7005996861441573E-005   13.026156670938493       0.49741821672367303       0.51379310000000000        0.0000000000000000        0.0000000000000000        42.017833333112534        672.28533332980055        16.000000000000000        0.0000000000000000     
           2         272  -8.0630939554526952E-006  -3.2144019622638417E-005   1.7384125015344673E-005   11.493986357001349       0.51300790717656164       0.51379310000000000        0.0000000000000000        0.0000000000000000        45.663141896591469        730.61027034546350        16.000000000000000        0.0000000000000000     
           2         273  -1.0030320355075999E-005  -3.5719268564831149E-005   1.7116156456399245E-005   12.533994307045377       0.50276914950870233       0.51379310000000000        0.0000000000000000        0.0000000000000000        45.210440700733415        723.36705121173463        16.000000000000000        0.0000000000000000     
           2         274  -1.1807280985624735E-005  -3.8984583622238548E-005   1.6911995872240170E-005   13.497054537662841       0.49195081511029515       0.51379310000000000        1.0000000000000000        0.0000000000000000        46.847017619865426        749.55228191784681        16.000000000000000        0.0000000000000000     
           2         275  -1.0946156315342968E-005  -3.7397538937921574E-005   1.7006013587923893E-005   13.026700459995080       0.49740868847695119       0.51379310000000000        0.0000000000000000        0.0000000000000000        48.987188468289197        783.79501549262716        16.000000000000000        0.0000000000000000     
           2         276  -9.0667072858604093E-006  -3.3963202577759648E-005   1.7242354751638430E-005   12.021904101582042       0.50798430878291889       0.51379310000000000        0.0000000000000000        0.0000000000000000        42.109713501560314        673.75541602496503        16.000000000000000        0.0000000000000000     
           2         277  -1.1810300672886534E-005  -3.8990489751844430E-005   1.6912026397057242E-005   13.497508258536506       0.49194243075759242       0.51379310000000000        0.0000000000000000        0.0000000000000000        44.451760352015718        711.22816563225149        16.000000000000000        0.0000000000000000     
           2         278  -1.2619999611299697E-005  -4.0492547687983424E-005   1.6833969226284357E-005   13.944512452761451       0.48640876130611121       0.51379310000000000        0.0000000000000000        0.0000000000000000        46.191618233862087        739.06589174179339        16.000000000000000        0.0000000000000000     
           2         279  -9.0667072858604093E-006  -3.3963202577759648E-005   1.7242354751638430E-005   12.021904101582042       0.50798430878291889       0.51379310000000000        0.0000000000000000        0.0000000000000000        44.876908156871778        718.03053050994845        16.000000000000000        0.0000000000000000     
           2         280  -1.1806777406587474E-005  -3.8983598670854016E-005   1.6911990767030522E-005   13.496978908200695       0.49195221311098014       0.51379310000000000        0.0000000000000000        0.0000000000000000        47.321714318570180        757.14742909712288        16.000000000000000        0.0000000000000000     
           2         281  -1.2620879718695330E-005  -4.0494273497525607E-005   1.6833982804124551E-005   13.944640246598951       0.48640627021661170       0.51379310000000000        0.0000000000000000        0.0000000000000000        39.045892901115415        624.73428641784665        16.000000000000000        0.0000000000000000     
           2         282  -1.0946156315342968E-005  -3.7397538937921574E-005   1.7006013587923893E-005   13.026700459995080       0.49740868847695119       0.51379310000000000        0.0000000000000000        0.0000000000000000        43.462576912731294        695.40123060370070        16.000000000000000        0.0000000000000000     
           2         283  -9.0731978181695423E-006  -3.1901914941705452E-005   1.5050765333987687E-005   11.481741982158843       0.49778960450774862       0.51379310000000000        0.0000000000000000        1.0000000000000000        45.699445005752501        731.19112009204002        16.000000000000000        0.0000000000000000     
           2         284  -1.0945228655642363E-005  -3.7395729257682375E-005   1.7006009183380858E-005   13.026556526640476       0.49741120988945314       0.51379310000000000        0.0000000000000000        0.0000000000000000        50.342549773970333        805.48079638352533        16.000000000000000        0.0000000000000000     
           2         285  -1.0942134468776683E-005  -3.7389693007762738E-005   1.7005994381671030E-005   13.026076692591543       0.49741961860459116       0.51379310000000000        0.0000000000000000        0.0000000000000000        48.756865732597490        780.10985172155983        16.000000000000000        0.0000000000000000     
           2         286  -1.0946156315342968E-005  -3.7397538937921574E-005   1.7006013587923893E-005   13.026700459995080       0.49740868847695119       0.51379310000000000        0.0000000000000000        0.0000000000000000        42.059925842231351        672.95881347570162        16.000000000000000        0.0000000000000000     
           2         287  -9.0635053225470301E-006  -3.3956987875984050E-005   1.7242373041017776E-005   12.021379694700725       0.50799258562015015       0.51379310000000000        0.0000000000000000        0.0000000000000000        41.440993343264545        663.05589349223271        16.000000000000000        0.0000000000000000     
           2         288  -1.0946568520268963E-005  -3.7398343063402620E-005   1.7006015540174219E-005   13.026764427877673       0.49740756802707176       0.51379310000000000        0.0000000000000000        0.0000000000000000        46.845596338615429        749.52954141784687        16.000000000000000        0.0000000000000000     
           2         289  -1.0030740732816844E-005  -3.5720086528242217E-005   1.7116156222374714E-005   12.534061448669739       0.50276803374662515       0.51379310000000000        0.0000000000000000        0.0000000000000000        51.051501199779295        816.82401919646873        16.000000000000000        0.0000000000000000     
           2         290  -1.0946156315342968E-005  -3.7397538937921574E-005   1.7006013587923893E-005   13.026700459995080       0.49740868847695119       0.51379310000000000        0.0000000000000000        0.0000000000000000        50.258229793587439        804.13167669739903        16.000000000000000        0.0000000000000000     
           2         291  -8.0644934983955715E-006  -3.2146729196195065E-005   1.7384109830974937E-005   11.494220991509978       0.51300439119611474       0.51379310000000000        0.0000000000000000        0.0000000000000000        40.896323692559832        654.34117908095732        16.000000000000000        0.0000000000000000     
           2         292  -1.2621466304636988E-005  -4.0495423732246371E-005   1.6833991847024772E-005   13.944725437312092       0.48640460980572442       0.51379310000000000        0.0000000000000000        0.0000000000000000        43.905352191796538        702.48563506874461        16.000000000000000        0.0000000000000000     
           2         293  -9.0667072858604093E-006  -3.3963202577759648E-005   1.7242354751638430E-005   12.021904101582042       0.50798430878291889       0.51379310000000000        0.0000000000000000        0.0000000000000000        44.807774423476758        716.92439077562813        16.000000000000000        0.0000000000000000     
           2         294  -1.0945744056099524E-005  -3.7396734703622396E-005   1.7006011632397559E-005   13.026636490575815       0.49740980903629312       0.51379310000000000        0.0000000000000000        0.0000000000000000        48.789782908605986        780.63652653769577        16.000000000000000        0.0000000000000000     
           2         295  -1.2619999611299697E-005  -4.0492547687983424E-005   1.6833969226284357E-005   13.944512452761451       0.48640876130611121       0.51379310000000000        0.0000000000000000        0.0000000000000000        53.376012633392335        854.01620213427736        16.000000000000000        0.0000000000000000     
           2         296  -9.0680938711167668E-006  -3.3965893745671449E-005   1.7242346767892638E-005   12.022131324863492       0.50798072398333105       0.51379310000000000        0.0000000000000000        0.0000000000000000        43.421917740226711        694.75068384362737        16.000000000000000        0.0000000000000000     
           2         297  -8.0636323066774479E-006  -3.2145061897728511E-005   1.7384119179403185E-005   11.494076602157330       0.51300655474944723       0.51379310000000000        0.0000000000000000        0.0000000000000000        43.718999736587563        699.50399578540100        16.000000000000000        0.0000000000000000     
           2         298  -1.0030950901454390E-005  -3.5720495469394222E-005   1.7116156104121908E-005   12.534095018977773       0.50276747590581516       0.51379310000000000        0.0000000000000000        0.0000000000000000        47.551199858946717        760.81919774314747        16.000000000000000        0.0000000000000000     
           2         299  -1.1810300672886534E-005  -3.8990489751844430E-005   1.6912026397057242E-005   13.497508258536506       0.49194243075759242       0.51379310000000000        0.0000000000000000        0.0000000000000000        47.356127958289697        757.69804733263516        16.000000000000000        0.0000000000000000     
           2         300  -1.2620879718695330E-005  -4.0494273497525607E-005   1.6833982804124551E-005   13.944640246598951       0.48640627021661170       0.51379310000000000        0.0000000000000000        0.0000000000000000        50.829679766888681        813.27487627021890        16.000000000000000        0.0000000000000000     
           2         301  -1.2617063938024783E-005  -4.0486791021267671E-005   1.6833923849795306E-005   13.944086405960730       0.48641706904287418       0.51379310000000000        0.0000000000000000        0.0000000000000000        44.976160074199079        719.61856118718526        16.000000000000000        0.0000000000000000     
           2         302  -9.0640391917049876E-006  -3.3958024077980802E-005   1.7242370005845046E-005   12.021467100253352       0.50799120573774226       0.51379310000000000        0.0000000000000000        0.0000000000000000        44.777290914642336        716.43665463427737        16.000000000000000        0.0000000000000000     
           2         303  -1.0030950901454798E-005  -3.5720495469393856E-005   1.7116156104121956E-005   12.534095018977698       0.50276747590582915       0.51379310000000000        1.0000000000000000        0.0000000000000000        45.693893058191449        731.10228893106319        16.000000000000000        0.0000000000000000     
           2         304  -9.0661738338309774E-006  -3.3962167212331449E-005   1.7242357812920608E-005   12.021816704840795       0.50798568784644504       0.51379310000000000        0.0000000000000000        0.0000000000000000        49.569342432766767        793.10947892426827        16.000000000000000        0.0000000000000000     
           2         305  -1.1811306555169420E-005  -3.8992457099616664E-005   1.6912036531484269E-005   13.497659477537789       0.49193963736298307       0.51379310000000000        0.0000000000000000        0.0000000000000000        49.269016709176540        788.30426734682464        16.000000000000000        0.0000000000000000     
           2         306  -9.0640391917049876E-006  -3.3958024077980802E-005   1.7242370005845046E-005   12.021467100253352       0.50799120573774226       0.51379310000000000        0.0000000000000000        0.0000000000000000        42.896101092164287        686.33761747462859        16.000000000000000        0.0000000000000000     
           2         307  -1.1806777406587474E-005  -3.8983598670854016E-005   1.6911990767030522E-005   13.496978908200695       0.49195221311098014       0.51379310000000000        0.0000000000000000        0.0000000000000000        44.554753578625011        712.87605725800017        16.000000000000000        0.0000000000000000     
           2         308  -1.0946568520268963E-005  -3.7398343063402620E-005   1.7006015540174219E-005   13.026764427877673       0.49740756802707176       0.51379310000000000        0.0000000000000000        0.0000000000000000        45.875739036417556        734.01182458268090        16.000000000000000        0.0000000000000000     
           2         309  -8.0647087635960916E-006  -3.2147145955123796E-005   1.7384107491767875E-005   11.494257088290952       0.51300385037122564       0.51379310000000000        0.0000000000000000        0.0000000000000000        47.412058633392341        758.59293813427746        16.000000000000000        0.0000000000000000     
           2         310  -9.0640391917049876E-006  -3.3958024077980802E-005   1.7242370005845046E-005   12.021467100253352       0.50799120573774226       0.51379310000000000        0.0000000000000000        0.0000000000000000        52.990188950238050        847.84302320380880        16.000000000000000        0.0000000000000000     
           2         311  -1.2619999611299697E-005  -4.0492547687983424E-005   1.6833969226284357E-005   13.944512452761451       0.48640876130611121       0.51379310000000000        0.0000000000000000        0.0000000000000000        42.013720886120289        672.21953417792463        16.000000000000000        0.0000000000000000     
           2         312  -1.2621270789525993E-005  -4.0495040347774463E-005   1.6833988833523767E-005   13.944697040867929       0.48640516324798833       0.51379310000000000        0.0000000000000000        0.0000000000000000        46.141039968585638        738.25663949737020        16.000000000000000        0.0000000000000000     
           2         313  -8.0640629287228518E-006  -3.2145895599517824E-005   1.7384114506868930E-005   11.494148797279157       0.51300547292201248       0.51379310000000000        0.0000000000000000        0.0000000000000000        45.829591005050062        733.27345608080100        16.000000000000000        0.0000000000000000     
           2         314  -1.0028848607922220E-005  -3.5716404840930881E-005   1.7116157249422454E-005   12.533759300775404       0.50277305552123885       0.51379310000000000        0.0000000000000000        0.0000000000000000        49.435107846000001        790.96172553600002        16.000000000000000        0.0000000000000000     
           2         315  -1.0030320355075999E-005  -3.5719268564831149E-005   1.7116156456399245E-005   12.533994307045377       0.50276914950870233       0.51379310000000000        0.0000000000000000        0.0000000000000000        51.570099665364950        825.12159464583920        16.000000000000000        0.0000000000000000     
           2         316  -8.0647087635960916E-006  -3.2147145955123796E-005   1.7384107491767875E-005   11.494257088290952       0.51300385037122564       0.51379310000000000        0.0000000000000000        0.0000000000000000        43.863583820892330        701.81734113427729        16.000000000000000        0.0000000000000000     
           2         317  -8.0598621278458793E-006  -3.2137762519496682E-005   1.7384159920622316E-005   11.493444856819119       0.51301602507471489       0.51379310000000000        0.0000000000000000        0.0000000000000000        43.724769377576500        699.59631004122400        16.000000000000000        0.0000000000000000     
           2         318  -1.0945228655642363E-005  -3.7395729257682375E-005   1.7006009183380858E-005   13.026556526640476       0.49741120988945314       0.51379310000000000        0.0000000000000000        0.0000000000000000        47.094550526659532        753.51280842655251        16.000000000000000        0.0000000000000000     
           2         319  -1.0030950901454390E-005  -3.5720495469394222E-005   1.7116156104121908E-005   12.534095018977773       0.50276747590581516       0.51379310000000000        0.0000000000000000        0.0000000000000000        45.526189089747078        728.41902543595324        16.000000000000000        0.0000000000000000     
           2         320  -1.1809797604282798E-005  -3.8989505822691115E-005   1.6912021322251673E-005   13.497432645044505       0.49194382771529988       0.51379310000000000        0.0000000000000000        0.0000000000000000        50.203518769486621        803.25630031178594        16.000000000000000        0.0000000000000000     
           2         321  -9.0667072858607651E-006  -3.3963202577759688E-005   1.7242354751638782E-005   12.021904101582296       0.50798430878291967       0.51379310000000000        0.0000000000000000        1.0000000000000000        42.240842808079066        675.85348492926505        16.000000000000000        0.0000000000000000     
           2         322  -1.1809294450670420E-005  -3.8988521723294964E-005   1.6912016242383340E-005   13.497357028891747       0.49194522484671260       0.51379310000000000        0.0000000000000000        0.0000000000000000        45.138341506535582        722.21346410456931        16.000000000000000        0.0000000000000000     
           2         323  -5.2621229539137755E-006  -2.5243287707523301E-005   1.5852724614822243E-005   9.9402613683312335       0.56138903498461212       0.51379310000000000        0.0000000000000000        1.0000000000000000        42.225781106338502        675.61249770141603        16.000000000000000        0.0000000000000000     
           2         324  -1.1810703066580164E-005  -3.8991276772622975E-005   1.6912030453256829E-005   13.497568747413894       0.49194131331642321       0.51379310000000000        0.0000000000000000        0.0000000000000000        48.719835594332970        779.51736950932752        16.000000000000000        0.0000000000000000     
           2         325  -1.0942650379109802E-005  -3.7390699475180454E-005   1.7005996861441573E-005   13.026156670938493       0.49741821672367303       0.51379310000000000        0.0000000000000000        0.0000000000000000        46.452283658175247        743.23653853080395        16.000000000000000        0.0000000000000000     
           2         326  -1.2621466304636988E-005  -4.0495423732246371E-005   1.6833991847024772E-005   13.944725437312092       0.48640460980572442       0.51379310000000000        0.0000000000000000        0.0000000000000000        42.889478872552765        686.23166196084424        16.000000000000000        0.0000000000000000     
           2         327  -9.0683071419428015E-006  -3.3966307671262260E-005   1.7242345536495753E-005   12.022166281234380       0.50798017257380568       0.51379310000000000        0.0000000000000000        0.0000000000000000        43.186869383498014        690.98991013596822        16.000000000000000        0.0000000000000000     
           2         328  -9.0680938711167668E-006  -3.3965893745671449E-005   1.7242346767892638E-005   12.022131324863492       0.50798072398333105       0.51379310000000000        0.0000000000000000        0.0000000000000000        45.887041016204591        734.19265625927346        16.000000000000000        0.0000000000000000     
           2         329  -1.1811105405897892E-005  -3.8992063684504375E-005   1.6912034506218012E-005   13.497629234588929       0.49194019598636501       0.51379310000000000        0.0000000000000000        0.0000000000000000        49.521694755852245        792.34711609363592        16.000000000000000        0.0000000000000000     
           2         330  -1.0945228655642363E-005  -3.7395729257682375E-005   1.7006009183380858E-005   13.026556526640476       0.49741120988945314       0.51379310000000000        0.0000000000000000        0.0000000000000000        49.015347258392346        784.24555613427754        16.000000000000000        0.0000000000000000     
           2         331  -1.2617553428794780E-005  -4.0487750889965732E-005   1.6833931425054644E-005   13.944157420957653       0.48641568398118751       0.51379310000000000        0.0000000000000000        0.0000000000000000        40.421849349731090        646.74958959569744        16.000000000000000        0.0000000000000000     
           2         332  -8.0630939554528443E-006  -3.2144019622636872E-005   1.7384125015344199E-005   11.493986357001132       0.51300790717656175       0.51379310000000000        1.0000000000000000        0.0000000000000000        42.321662602395079        677.14660163832127        16.000000000000000        0.0000000000000000     
           2         333  -1.0030320355076319E-005  -3.5719268564831291E-005   1.7116156456399760E-005   12.533994307045603       0.50276914950871265       0.51379310000000000        0.0000000000000000        1.0000000000000000        45.350772099256382        725.61235358810211        16.000000000000000        0.0000000000000000     
           2         334  -8.0598621278458793E-006  -3.2137762519496682E-005   1.7384159920622316E-005   11.493444856819119       0.51301602507471489       0.51379310000000000        0.0000000000000000        0.0000000000000000        46.979685743773565        751.67497190037705        16.000000000000000        0.0000000000000000     
           2         335  -1.2619999611299697E-005  -4.0492547687983424E-005   1.6833969226284357E-005   13.944512452761451       0.48640876130611121       0.51379310000000000        0.0000000000000000        0.0000000000000000        50.393348856530878        806.29358170449404        16.000000000000000        0.0000000000000000     
           2         336  -1.1810703066580525E-005  -3.8991276772623984E-005   1.6912030453257388E-005   13.497568747414183       0.49194131331644081       0.51379310000000000        0.0000000000000000        1.0000000000000000        40.686647523800218        650.98636038080349        16.000000000000000        0.0000000000000000     
           2         337  -8.0604009706954935E-006  -3.2138805781289928E-005   1.7384154116223342E-005   11.493535110331157       0.51301467169433690       0.51379310000000000        0.0000000000000000        0.0000000000000000        42.513589307365422        680.21742891784675        16.000000000000000        0.0000000000000000     
           2         338  -1.1809294450670648E-005  -3.8988521723295676E-005   1.6912016242383171E-005   13.497357028891901       0.49194522484671765       0.51379310000000000        0.0000000000000000        1.0000000000000000        43.712398955923987        699.39838329478380        16.000000000000000        0.0000000000000000     
           2         339  -1.0942134468776683E-005  -3.7389693007762738E-005   1.7005994381671030E-005   13.026076692591543       0.49741961860459116       0.51379310000000000        0.0000000000000000        0.0000000000000000        47.550929307590032        760.81486892144051        16.000000000000000        0.0000000000000000     
           2         340  -9.0672406545388278E-006  -3.3964237776023807E-005   1.7242351685139139E-005   12.021991496561400       0.50798292988300864       0.51379310000000000        0.0000000000000000        0.0000000000000000        51.736518478489714        827.78429565583542        16.000000000000000        0.0000000000000000     
           2         341  -1.1807280985624741E-005  -3.8984583622239103E-005   1.6911995872240068E-005   13.497054537663212       0.49195081511029543       0.51379310000000000        0.0000000000000000        0.0000000000000000        44.177967451748557        706.84747922797692        16.000000000000000        0.0000000000000000     
           2         342  -1.1811306555169420E-005  -3.8992457099616664E-005   1.6912036531484269E-005   13.497659477537789       0.49193963736298307       0.51379310000000000        0.0000000000000000        0.0000000000000000        42.843405690294873        685.49449104471796        16.000000000000000        0.0000000000000000     
           2         343  -1.2617063938024737E-005  -4.0486791021268857E-005   1.6833923849795550E-005   13.944086405961063       0.48641706904288479       0.51379310000000000        0.0000000000000000        1.0000000000000000        45.932652280768757        734.92243649230011        16.000000000000000        0.0000000000000000     
           2         344  -1.1809294450670420E-005  -3.8988521723294964E-005   1.6912016242383340E-005   13.497357028891747       0.49194522484671260       0.51379310000000000        0.0000000000000000        0.0000000000000000        44.859656369865426        717.75450191784682        16.000000000000000        0.0000000000000000     
           2         345  -8.0647087635960916E-006  -3.2147145955123796E-005   1.7384107491767875E-005   11.494257088290952       0.51300385037122564       0.51379310000000000        0.0000000000000000        0.0000000000000000        49.387337164420920        790.19739463073472        16.000000000000000        0.0000000000000000     
           2         346  -1.0945228655642363E-005  -3.7395729257682375E-005   1.7006009183380858E-005   13.026556526640476       0.49741120988945314       0.51379310000000000        0.0000000000000000        0.0000000000000000        43.638179571639064        698.21087314622503        16.000000000000000        0.0000000000000000     
           2         347  -1.0029374307829071E-005  -3.5717427751641904E-005   1.7116156970855473E-005   12.533843233476489       0.50277166036578325       0.51379310000000000        0.0000000000000000        0.0000000000000000        45.042858681932856        720.68573891092569        16.000000000000000        0.0000000000000000     
           2         348  -1.2620488593708804E-005  -4.0493506538848389E-005   1.6833976771527881E-005   13.944583450488743       0.48640737729738381       0.51379310000000000        0.0000000000000000        0.0000000000000000        44.788265544497342        716.61224871195748        16.000000000000000        0.0000000000000000     
           2         349  -8.0640629287228518E-006  -3.2145895599517824E-005   1.7384114506868930E-005   11.494148797279157       0.51300547292201248       0.51379310000000000        0.0000000000000000        0.0000000000000000        47.769475926077902        764.31161481724644        16.000000000000000        0.0000000000000000     
           2         350  -1.1811105405897892E-005  -3.8992063684504375E-005   1.6912034506218012E-005   13.497629234588929       0.49194019598636501       0.51379310000000000        0.0000000000000000        0.0000000000000000        48.567705738906419        777.08329182250270        16.000000000000000        0.0000000000000000     
           2         351  -8.0598621278458793E-006  -3.2137762519496682E-005   1.7384159920622316E-005   11.493444856819119       0.51301602507471489       0.51379310000000000        0.0000000000000000        0.0000000000000000        43.244692633392333        691.91508213427733        16.000000000000000        0.0000000000000000     
           2         352  -1.2617063938024783E-005  -4.0486791021267671E-005   1.6833923849795306E-005   13.944086405960730       0.48641706904287418       0.51379310000000000        0.0000000000000000        0.0000000000000000        48.339439302193831        773.43102883510130        16.000000000000000        0.0000000000000000     
           2         353  -1.0942134468776942E-005  -3.7389693007762894E-005   1.7005994381671901E-005   13.026076692591706       0.49741961860460004       0.51379310000000000        0.0000000000000000        1.0000000000000000        47.885246103557108        766.16393765691373        16.000000000000000        0.0000000000000000     
           2         354  -1.1809797604282798E-005  -3.8989505822691115E-005   1.6912021322251673E-005   13.497432645044505       0.49194382771529988       0.51379310000000000        0.0000000000000000        0.0000000000000000        47.563491491196032        761.01586385913652        16.000000000000000        0.0000000000000000     
           2         355  -1.0946568520268963E-005  -3.7398343063402620E-005   1.7006015540174219E-005   13.026764427877673       0.49740756802707176       0.51379310000000000        0.0000000000000000        0.0000000000000000        51.586639980786238        825.38623969257981        16.000000000000000        0.0000000000000000     
           2         356  -1.0026218842018238E-005  -3.5711287749142409E-005   1.7116158564606724E-005   12.533339605759874       0.50278003381711234       0.51379310000000000        0.0000000000000000        1.0000000000000000        41.618245261531904        665.89192418451046        16.000000000000000        0.0000000000000000     
           2         357  -1.0946156315343080E-005  -3.7397538937922191E-005   1.7006013587924215E-005   13.026700459995135       0.49740868847695169       0.51379310000000000        0.0000000000000000        1.0000000000000000        44.877720057992562        718.04352092788099        16.000000000000000        0.0000000000000000     
           2         358  -9.0672406545388278E-006  -3.3964237776023807E-005   1.7242351685139139E-005   12.021991496561400       0.50798292988300864       0.51379310000000000        0.0000000000000000        0.0000000000000000        49.177680945892348        786.84289513427757        16.000000000000000        0.0000000000000000     
           2         359  -8.0647087635960916E-006  -3.2147145955123796E-005   1.7384107491767875E-005   11.494257088290952       0.51300385037122564       0.51379310000000000        0.0000000000000000        0.0000000000000000        49.459869977549978        791.35791964079965        16.000000000000000        0.0000000000000000     
           2         360  -1.1806777406587474E-005  -3.8983598670854016E-005   1.6911990767030522E-005   13.496978908200695       0.49195221311098014       0.51379310000000000        0.0000000000000000        0.0000000000000000        49.486113447882644        791.77781516612231        16.000000000000000        0.0000000000000000     
           2         361  -1.2620488593708804E-005  -4.0493506538848389E-005   1.6833976771527881E-005   13.944583450488743       0.48640737729738381       0.51379310000000000        0.0000000000000000        0.0000000000000000        43.515456399731157        696.24730239569851        16.000000000000000        0.0000000000000000     
           2         362  -1.0030320355075999E-005  -3.5719268564831149E-005   1.7116156456399245E-005   12.533994307045377       0.50276914950870233       0.51379310000000000        0.0000000000000000        0.0000000000000000        43.531109561443714        696.49775298309942        16.000000000000000        0.0000000000000000     
           2         363  -1.0946568520268963E-005  -3.7398343063402620E-005   1.7006015540174219E-005   13.026764427877673       0.49740756802707176       0.51379310000000000        0.0000000000000000        0.0000000000000000        46.862717611108344        749.80348177773351        16.000000000000000        0.0000000000000000     
           2         364  -8.0647087635960916E-006  -3.2147145955123796E-005   1.7384107491767875E-005   11.494257088290952       0.51300385037122564       0.51379310000000000        0.0000000000000000        0.0000000000000000        49.879844734978633        798.07751575965813        16.000000000000000        0.0000000000000000     
           2         365  -1.0946156315343131E-005  -3.7397538937921134E-005   1.7006013587923809E-005   13.026700459994890       0.49740868847695424       0.51379310000000000        1.0000000000000000        0.0000000000000000        50.229282508392330        803.66852013427729        16.000000000000000        0.0000000000000000     
           2         366  -1.0946774602367354E-005  -3.7398745085345442E-005   1.7006016515071418E-005   13.026796411242890       0.49740700784317954       0.51379310000000000        0.0000000000000000        0.0000000000000000        41.666541037794332        666.66465660470931        16.000000000000000        0.0000000000000000     
           2         367  -1.0946156315343080E-005  -3.7397538937922191E-005   1.7006013587924215E-005   13.026700459995135       0.49740868847695169       0.51379310000000000        0.0000000000000000        1.0000000000000000        46.745002901080305        747.92004641728488        16.000000000000000        0.0000000000000000     
           2         368  -1.1806777406587474E-005  -3.8983598670854016E-005   1.6911990767030522E-005   13.496978908200695       0.49195221311098014       0.51379310000000000        0.0000000000000000        0.0000000000000000        45.882310788509628        734.11697261615404        16.000000000000000        0.0000000000000000     
           2         369  -1.0026218842017753E-005  -3.5711287749141928E-005   1.7116158564606107E-005   12.533339605759615       0.50278003381710179       0.51379310000000000        0.0000000000000000        0.0000000000000000        50.240399054913929        803.84638487862287        16.000000000000000        0.0000000000000000     
           2         370  -8.0625555223518354E-006  -3.2142977183220732E-005   1.7384130846032951E-005   11.493896110452784       0.51300925976242229       0.51379310000000000        0.0000000000000000        0.0000000000000000        49.692845528878472        795.08552846205555        16.000000000000000        0.0000000000000000     
           2         371  -1.0945228655642363E-005  -3.7395729257682375E-005   1.7006009183380858E-005   13.026556526640476       0.49741120988945314       0.51379310000000000        0.0000000000000000        0.0000000000000000        42.381842850458831        678.10948560734130        16.000000000000000        0.0000000000000000     
           2         372  -9.0680938711170192E-006  -3.3965893745671639E-005   1.7242346767893163E-005   12.022131324863699       0.50798072398333050       0.51379310000000000        0.0000000000000000        1.0000000000000000        44.310081508392337        708.96130413427738        16.000000000000000        0.0000000000000000     
           2         373  -1.2619999611299697E-005  -4.0492547687983424E-005   1.6833969226284357E-005   13.944512452761451       0.48640876130611121       0.51379310000000000        0.0000000000000000        0.0000000000000000        49.138406449043131        786.21450318469010        16.000000000000000        0.0000000000000000     
           2         374  -1.1810300672886534E-005  -3.8990489751844430E-005   1.6912026397057242E-005   13.497508258536506       0.49194243075759242       0.51379310000000000        0.0000000000000000        0.0000000000000000        47.895316391187663        766.32506225900261        16.000000000000000        0.0000000000000000     
           2         375  -1.1810703066580164E-005  -3.8991276772622975E-005   1.6912030453256829E-005   13.497568747413894       0.49194131331642321       0.51379310000000000        0.0000000000000000        0.0000000000000000        52.907588763067920        846.52142020908673        16.000000000000000        0.0000000000000000     
           2         376  -9.0676672894857741E-006  -3.3965065814310942E-005   1.7242349228184323E-005   12.022061411276253       0.50798182688084859       0.51379310000000000        0.0000000000000000        0.0000000000000000        40.490977619088881        647.85564190542209        16.000000000000000        0.0000000000000000     
           2         377  -1.2619999611299697E-005  -4.0492547687983424E-005   1.6833969226284357E-005   13.944512452761451       0.48640876130611121       0.51379310000000000        0.0000000000000000        0.0000000000000000        44.995637383838037        719.93019814140860        16.000000000000000        0.0000000000000000     
           2         378  -1.2617553428794780E-005  -4.0487750889965732E-005   1.6833931425054644E-005   13.944157420957653       0.48641568398118751       0.51379310000000000        0.0000000000000000        0.0000000000000000        46.208227806558249        739.33164490493198        16.000000000000000        0.0000000000000000     
           2         379  -1.2621270789525993E-005  -4.0495040347774463E-005   1.6833988833523767E-005   13.944697040867929       0.48640516324798833       0.51379310000000000        0.0000000000000000        0.0000000000000000        49.514881820892342        792.23810913427747        16.000000000000000        0.0000000000000000     
           2         380  -1.1810703066580164E-005  -3.8991276772622975E-005   1.6912030453256829E-005   13.497568747413894       0.49194131331642321       0.51379310000000000        0.0000000000000000        0.0000000000000000        50.452144667267348        807.23431467627756        16.000000000000000        0.0000000000000000     
           2         381  -1.2619510544227219E-005  -4.0491588667606986E-005   1.6833961676042564E-005   13.944441452157184       0.48641014549021172       0.51379310000000000        0.0000000000000000        0.0000000000000000        44.432005875773058        710.91209401236893        16.000000000000000        0.0000000000000000     
           2         382  -9.0667072858604093E-006  -3.3963202577759648E-005   1.7242354751638430E-005   12.021904101582042       0.50798430878291889       0.51379310000000000        0.0000000000000000        0.0000000000000000        42.463187278287016        679.41099645259226        16.000000000000000        0.0000000000000000     
           2         383  -8.0644934983955715E-006  -3.2146729196195065E-005   1.7384109830974937E-005   11.494220991509978       0.51300439119611474       0.51379310000000000        0.0000000000000000        0.0000000000000000        47.620938431292274        761.93501490067638        16.000000000000000        0.0000000000000000     
           2         384  -1.0026218842017753E-005  -3.5711287749141928E-005   1.7116158564606107E-005   12.533339605759615       0.50278003381710179       0.51379310000000000        0.0000000000000000        0.0000000000000000        47.355628359112686        757.69005374580297        16.000000000000000        0.0000000000000000     
           2         385  -2.4681545089663375E-005  -2.4681545089663375E-005   1.5587493913847333E-005   9.8469930297772308       0.46830669747492792        1.0000000000000000        1.0000000000000000        0.0000000000000000        42.391263152230835        678.26021043569335        16.000000000000000        0.0000000000000000     
           2         386  -1.2621466304636988E-005  -4.0495423732245707E-005   1.6833991847024650E-005   13.944725437312082       0.48640460980572442       0.51379310000000000        0.0000000000000000        1.0000000000000000        43.600289463615418        697.60463141784669        16.000000000000000        0.0000000000000000     
           2         387  -1.0029374307829071E-005  -3.5717427751641904E-005   1.7116156970855473E-005   12.533843233476489       0.50277166036578325       0.51379310000000000        0.0000000000000000        0.0000000000000000        44.502551307024099        712.04082091238558        16.000000000000000        0.0000000000000000     
           2         388  -1.1806777406587474E-005  -3.8983598670854016E-005   1.6911990767030522E-005   13.496978908200695       0.49195221311098014       0.51379310000000000        0.0000000000000000        0.0000000000000000        44.318352042683799        709.09363268294078        16.000000000000000        0.0000000000000000     
           2         389  -9.0683071419430099E-006  -3.3966307671261074E-005   1.7242345536495574E-005   12.022166281234258       0.50798017257381156       0.51379310000000000        1.0000000000000000        0.0000000000000000        47.659969941168868        762.55951905870188        16.000000000000000        0.0000000000000000     
           2         390  -1.2621466304636988E-005  -4.0495423732246371E-005   1.6833991847024772E-005   13.944725437312092       0.48640460980572442       0.51379310000000000        0.0000000000000000        0.0000000000000000        51.071358439409032        817.14173503054451        16.000000000000000        0.0000000000000000     
           2         391  -8.0598621278458793E-006  -3.2137762519496682E-005   1.7384159920622316E-005   11.493444856819119       0.51301602507471489       0.51379310000000000        0.0000000000000000        0.0000000000000000        43.002239762163512        688.03583619461619        16.000000000000000        0.0000000000000000     
           2         392  -1.2089441594277232E-005  -3.8116669464542253E-005   1.5414508045001988E-005   11.806460071826992       0.46826052982903860       0.51379310000000000        0.0000000000000000        1.0000000000000000        40.717182979646012        651.47492767433619        16.000000000000000        0.0000000000000000     
           2         393  -1.2619999611299697E-005  -4.0492547687983424E-005   1.6833969226284357E-005   13.944512452761451       0.48640876130611121       0.51379310000000000        0.0000000000000000        0.0000000000000000        46.507249303169267        744.11598885070828        16.000000000000000        0.0000000000000000     
           2         394  -1.0944713170269048E-005  -3.7394723641624035E-005   1.7006006729242387E-005   13.026476560303662       0.49741261091376976       0.51379310000000000        0.0000000000000000        0.0000000000000000        47.950611073115049        767.20977716984078        16.000000000000000        0.0000000000000000     
           2         395  -1.3024191235723881E-005  -3.9493249746160428E-005   1.4946657442398249E-005   12.079815760427385       0.43314485058610119       0.51379310000000000        1.0000000000000000        0.0000000000000000        46.581707408530605        745.30731853648967        16.000000000000000        0.0000000000000000     
           2         396  -9.0635053225470301E-006  -3.3956987875984050E-005   1.7242373041017776E-005   12.021379694700725       0.50799258562015015       0.51379310000000000        0.0000000000000000        0.0000000000000000        43.421301583771097        694.74082534033755        16.000000000000000        0.0000000000000000     
           2         397  -1.2617553428794780E-005  -4.0487750889965732E-005   1.6833931425054644E-005   13.944157420957653       0.48641568398118751       0.51379310000000000        0.0000000000000000        0.0000000000000000        46.007187882338883        736.11500611742213        16.000000000000000        0.0000000000000000     
           2         398  -1.0946156315343080E-005  -3.7397538937922191E-005   1.7006013587924215E-005   13.026700459995135       0.49740868847695169       0.51379310000000000        0.0000000000000000        1.0000000000000000        48.286968995367303        772.59150392587685        16.000000000000000        0.0000000000000000     
           2         399  -9.0676672894857741E-006  -3.3965065814310942E-005   1.7242349228184323E-005   12.022061411276253       0.50798182688084859       0.51379310000000000        0.0000000000000000        0.0000000000000000        46.783794483670476        748.54071173872762        16.000000000000000        0.0000000000000000     
           2         400  -8.0640629287228518E-006  -3.2145895599517824E-005   1.7384114506868930E-005   11.494148797279157       0.51300547292201248       0.51379310000000000        0.0000000000000000        0.0000000000000000        49.809490883392336        796.95185413427737        16.000000000000000        0.0000000000000000     
           2         401  -1.0026218842017753E-005  -3.5711287749141928E-005   1.7116158564606107E-005   12.533339605759615       0.50278003381710179       0.51379310000000000        0.0000000000000000        0.0000000000000000        40.424783602620693        646.79653764193108        16.000000000000000        0.0000000000000000     
           2         402  -1.2621466304636988E-005  -4.0495423732246371E-005   1.6833991847024772E-005   13.944725437312092       0.48640460980572442       0.51379310000000000        0.0000000000000000        0.0000000000000000        45.363402292792202        725.81443668467523        16.000000000000000        0.0000000000000000     
           2         403  -9.0635053225470301E-006  -3.3956987875984050E-005   1.7242373041017776E-005   12.021379694700725       0.50799258562015015       0.51379310000000000        0.0000000000000000        0.0000000000000000        49.419209258186740        790.70734813098784        16.000000000000000        0.0000000000000000     
           2         404  -9.0667072858607651E-006  -3.3963202577759688E-005   1.7242354751638782E-005   12.021904101582296       0.50798430878291967       0.51379310000000000        0.0000000000000000        1.0000000000000000        50.856861106429093        813.70977770286549        16.000000000000000        0.0000000000000000     
           2         405  -1.2620488593708804E-005  -4.0493506538848389E-005   1.6833976771527881E-005   13.944583450488743       0.48640737729738381       0.51379310000000000        0.0000000000000000        0.0000000000000000        49.516176054985742        792.25881687977187        16.000000000000000        0.0000000000000000     
           2         406  -1.1811105405897892E-005  -3.8992063684504375E-005   1.6912034506218012E-005   13.497629234588929       0.49194019598636501       0.51379310000000000        0.0000000000000000        0.0000000000000000        42.289859559968747        676.63775295949995        16.000000000000000        0.0000000000000000     
           2         407  -1.2620879718695330E-005  -4.0494273497525607E-005   1.6833982804124551E-005   13.944640246598951       0.48640627021661170       0.51379310000000000        0.0000000000000000        0.0000000000000000        42.928527977142330        686.85644763427729        16.000000000000000        0.0000000000000000     
           2         408  -1.0029899923369999E-005  -3.5718450493256203E-005   1.7116156687115190E-005   12.533927164077149       0.50277026537809544       0.51379310000000000        0.0000000000000000        1.0000000000000000        47.250133919279975        756.00214270847960        16.000000000000000        0.0000000000000000     
           2         409  -1.1809797604282798E-005  -3.8989505822691115E-005   1.6912021322251673E-005   13.497432645044505       0.49194382771529988       0.51379310000000000        0.0000000000000000        0.0000000000000000        53.341728329494650        853.46765327191440        16.000000000000000        0.0000000000000000     
           2         410  -1.1807280985624741E-005  -3.8984583622239103E-005   1.6911995872240068E-005   13.497054537663212       0.49195081511029543       0.51379310000000000        0.0000000000000000        0.0000000000000000        52.743146990435314        843.89035184696502        16.000000000000000        0.0000000000000000     
           2         411  -9.0672406545388278E-006  -3.3964237776023807E-005   1.7242351685139139E-005   12.021991496561400       0.50798292988300864       0.51379310000000000        0.0000000000000000        0.0000000000000000        41.980349045764648        671.68558473223436        16.000000000000000        0.0000000000000000     
