  economy_id district_id avg_expect_cont avg_C1 avg_C2 avg_expect_exp avg_expect_MA lambda urban suburban budg_per_teach budget capacity share_tenured
           1           1   1.1385510119150636E-005   1.8441780052064897E-006   2.1468194270595008E-005   2.1903773999975606       0.52247315404457340       0.51379310000000000        0.0000000000000000        0.0000000000000000        43.883902890251605        746.02634913427732        17.000000000000000        0.0000000000000000     
           1           2   1.2038265257697474E-005   2.9773348352679908E-006   2.1613290891073522E-005   2.0724845441344404       0.52343173358902106       0.51379310000000000        0.0000000000000000        0.0000000000000000        42.941297364806879        730.00205520171698        17.000000000000000        0.0000000000000000     
           1           3   9.8599654051770716E-006  -8.5542623329914077E-007   2.1183322370383826E-005   2.4964693684723196       0.51552334013472700       0.51379310000000000        0.0000000000000000        0.0000000000000000        47.772430459879118        812.13131781794505        17.000000000000000        0.0000000000000000     
           1           4   1.1334252575312812E-005   1.7485905025615154E-006   2.1463781859885555E-005   2.2018127129318765       0.52161788278461196       0.51379310000000000        0.0000000000000000        0.0000000000000000        51.748974732531217        879.73257045303069        17.000000000000000        0.0000000000000000     
           1           5   1.1401829477223540E-005   1.8760743386638746E-006   2.1468052853488535E-005   2.1858720298162959       0.52285918969387613       0.51379310000000000        0.0000000000000000        0.0000000000000000        52.475607012480815        892.08531921217389        17.000000000000000        0.0000000000000000     
           1           6   1.1386146136862079E-005   1.8454021214117807E-006   2.1468208822530596E-005   2.1903145974454583       0.52247469514967149       0.51379310000000000        0.0000000000000000        0.0000000000000000        42.327725410975276        719.57133198657971        17.000000000000000        0.0000000000000000     
           1           7   1.1345838139542152E-005   1.7634509212463965E-006   2.1471906762362236E-005   2.2031116024224615       0.52132029437057192       0.51379310000000000        0.0000000000000000        0.0000000000000000        45.324361878822280        770.51415193997877        17.000000000000000        0.0000000000000000     
           1           8   1.1359486704004418E-005   2.1764748263961461E-006   2.1063520398165056E-005   1.9569298859012785       0.51629231478848592       0.51379310000000000        0.0000000000000000        1.0000000000000000        49.871761176470592        847.81994000000009        17.000000000000000        0.0000000000000000     
           1           9   1.2098158629412926E-005   3.1045346101684491E-006   2.1602059057568126E-005   2.0530560737715438       0.52532562071264854       0.51379310000000000        0.0000000000000000        0.0000000000000000        49.389637293614889        839.62383399145313        17.000000000000000        0.0000000000000000     
           1          10   1.2043273372291582E-005   2.9886431792907526E-006   2.1611641316505303E-005   2.0703004967488052       0.52367528779001959       0.51379310000000000        0.0000000000000000        0.0000000000000000        52.516801875772813        892.78563188813780        17.000000000000000        0.0000000000000000     
           1          11   1.2068234898477878E-005   3.0410152591053944E-006   2.1607637080746866E-005   2.0623969352319791       0.52445342255810723       0.51379310000000000        0.0000000000000000        0.0000000000000000        43.208452583044426        734.54369391175521        17.000000000000000        0.0000000000000000     
           1          12   9.8731461461087276E-006  -8.2786370440778357E-007   2.1181305335596931E-005   2.4874730718698679       0.51623542878381135       0.51379310000000000        1.0000000000000000        0.0000000000000000        44.174017838244168        750.95830325015083        17.000000000000000        0.0000000000000000     
           1          13   1.1764210443929001E-005   2.5101145613982051E-006   2.1543361277005782E-005   2.1187758959192422       0.52379277149408832       0.51379310000000000        0.0000000000000000        0.0000000000000000        49.618806129087034        843.51970419447957        17.000000000000000        0.0000000000000000     
           1          14   1.0913072082764301E-005   9.9900934650066371E-007   2.1389634687818447E-005   2.2888599840055375       0.51956288374489779       0.51379310000000000        0.0000000000000000        0.0000000000000000        48.490962772282650        824.34636712880501        17.000000000000000        0.0000000000000000     
           1          15   1.1418126802140363E-005   1.9083137960852353E-006   2.1467503527977393E-005   2.1809732881071291       0.52328334409960164       0.51379310000000000        0.0000000000000000        0.0000000000000000        53.247338007898662        905.20474613427723        17.000000000000000        0.0000000000000000     
           1          16   1.1691836921444260E-005   2.3717926681640520E-006   2.1540677875840788E-005   2.1360041905707132       0.52235543753408864       0.51379310000000000        0.0000000000000000        0.0000000000000000        42.489037895903209        722.31364423035450        17.000000000000000        0.0000000000000000     
           1          17   1.1382902465005746E-005   1.8396444442748118E-006   2.1467621794515744E-005   2.1908276207687352       0.52244191200876144       0.51379310000000000        0.0000000000000000        0.0000000000000000        44.887901917360878        763.09433259513492        17.000000000000000        0.0000000000000000     
           1          18   1.1735260705141796E-005   2.4556942382194384E-006   2.1541327261778660E-005   2.1255642162002699       0.52320911763442357       0.51379310000000000        0.0000000000000000        0.0000000000000000        46.142960637054131        784.43033082992019        17.000000000000000        0.0000000000000000     
           1          19   1.1395644361192653E-005   1.8628929200698259E-006   2.1469260993255888E-005   2.1880669993706490       0.52265925998176122       0.51379310000000000        0.0000000000000000        0.0000000000000000        50.449769453451218        857.64608070867075        17.000000000000000        0.0000000000000000     
           1          20   1.1413463449876953E-005   1.8984824971743893E-006   2.1468301339117279E-005   2.1826958763946704       0.52312675589115742       0.51379310000000000        0.0000000000000000        0.0000000000000000        50.479160247253191        858.14572420330421        17.000000000000000        0.0000000000000000     
           1          21   1.1782692839767242E-005   2.5492226402896447E-006   2.1540047738571218E-005   2.1125467915816554       0.52436615843850487       0.51379310000000000        0.0000000000000000        0.0000000000000000        43.836728670984265        745.22438740673249        17.000000000000000        0.0000000000000000     
           1          22   1.1744191409850170E-005   2.4729220699299054E-006   2.1541490080627131E-005   2.1234106471986212       0.52339747789453839       0.51379310000000000        0.0000000000000000        0.0000000000000000        43.333355154957488        736.66703763427734        17.000000000000000        0.0000000000000000     
           1          23   1.1321321120838105E-005   1.7147454657701799E-006   2.1472950573653296E-005   2.2112626344526958       0.52055449468536463       0.51379310000000000        0.0000000000000000        0.0000000000000000        47.888027061147270        814.09646003950354        17.000000000000000        0.0000000000000000     
           1          24   1.1325871665653479E-005   1.7244832229520579E-006   2.1472019596255933E-005   2.2095724473740410       0.52076342080927107       0.51379310000000000        0.0000000000000000        0.0000000000000000        48.817788415494995        829.90240306341491        17.000000000000000        0.0000000000000000     
           1          25   1.2094266531902792E-005   3.0966322026821917E-006   2.1602404805293260E-005   2.0541453558162082       0.52522583427395997       0.51379310000000000        0.0000000000000000        0.0000000000000000        52.012259024260807        832.19614438817291        16.000000000000000        0.0000000000000000     
           1          26   1.1422357634673182E-005   1.9165439531746708E-006   2.1467508123979825E-005   2.1797991645706167       0.52338233093904551       0.51379310000000000        0.0000000000000000        0.0000000000000000        42.913194280776004        686.61110849241607        16.000000000000000        0.0000000000000000     
           1          27   1.0766186873939208E-005   5.8435293610605511E-007   2.1525713368944711E-005   2.3963088730034174       0.50291971501150912       0.51379310000000000        0.0000000000000000        0.0000000000000000        46.399906400918972        742.39850241470356        16.000000000000000        0.0000000000000000     
           1          28   1.1675746360351634E-005   2.3287640398263812E-006   2.1553053782578317E-005   2.1471060031277931       0.52116773000627215       0.51379310000000000        0.0000000000000000        0.0000000000000000        44.222868203358040        707.56589125372864        16.000000000000000        0.0000000000000000     
           1          29   1.0466229940683537E-005   2.1845619786685390E-007   2.1295437505242042E-005   2.3713651365647621       0.51882558931752742       0.51379310000000000        0.0000000000000000        0.0000000000000000        49.643518633392347        794.29629813427755        16.000000000000000        0.0000000000000000     
           1          30   7.2106007900065177E-006  -2.3830236277876468E-006   1.6804225207800248E-005   2.0083502479183339       0.61531747053525143       0.50000000000000000        0.0000000000000000        1.0000000000000000        51.131026233642338        818.09641973827740        16.000000000000000        0.0000000000000000     
           1          31  -9.7385946787634475E-006  -3.1937484208386605E-005   1.2460294850859710E-005   11.500044946777393       0.50004494677739453       0.50000000000000000        0.0000000000000000        1.0000000000000000        51.997681870968748        831.96290993549997        16.000000000000000        3.6250000000000000     
           1          32   1.1354980707647719E-005   1.7839421125996714E-006   2.1469056813867847E-005   2.1996914408685213       0.52170020036763964       0.51379310000000000        0.0000000000000000        0.0000000000000000        44.310814403203381        708.97303045125409        16.000000000000000        0.0000000000000000     
           1          33   1.1671952976582979E-005   2.3271949610405053E-006   2.1546909892158251E-005   2.1447433732115360       0.52139472611840787       0.51379310000000000        0.0000000000000000        0.0000000000000000        45.499596312922591        727.99354100676146        16.000000000000000        0.0000000000000000     
           1          34   1.1425720182007568E-005   1.9149820534181500E-006   2.1476074519587074E-005   2.1824437711472431       0.52307740272945513       0.51379310000000000        0.0000000000000000        0.0000000000000000        44.288250366735774        708.61200586777238        16.000000000000000        0.0000000000000000     
           1          35   1.1316708596813976E-005   1.7052846617395800E-006   2.1473461409281401E-005   2.2129588265340181       0.52042025855837859       0.51379310000000000        0.0000000000000000        0.0000000000000000        48.959641622735525        783.35426596376840        16.000000000000000        0.0000000000000000     
           1          36   1.1384543824852700E-005   1.8390828350486705E-006   2.1471591114556725E-005   2.1922173948730084       0.52227747178017037       0.51379310000000000        0.0000000000000000        0.0000000000000000        41.388270026115414        662.21232041784663        16.000000000000000        0.0000000000000000     
           1          37   1.1753955453859755E-005   2.4923608462562479E-006   2.1541030471478618E-005   2.1205824586573443       0.52365297803714861       0.51379310000000000        0.0000000000000000        0.0000000000000000        43.952758005855031        703.24412809368050        16.000000000000000        0.0000000000000000     
           1          38   1.0908536612533249E-005   9.9232376389536965E-007   2.1387371322122187E-005   2.2892101099332161       0.51953537976269482       0.51379310000000000        0.0000000000000000        0.0000000000000000        47.594357565383241        761.50972104613186        16.000000000000000        0.0000000000000000     
           1          39   1.1405398736398515E-005   1.8828385702349711E-006   2.1468245865284775E-005   2.1848969407015320       0.52294050228645406       0.51379310000000000        0.0000000000000000        0.0000000000000000        47.113643728352606        753.81829965364170        16.000000000000000        0.0000000000000000     
           1          40   1.0924793265966602E-005   1.0280288517234914E-006   2.1383076084173916E-005   2.2808356973808110       0.52030239905570130       0.51379310000000000        0.0000000000000000        0.0000000000000000        48.648627272937325        778.37803636699721        16.000000000000000        0.0000000000000000     
           1          41   1.2055930369907006E-005   3.0162609526722223E-006   2.1608488700231799E-005   2.0662066057697803       0.52408479818296627       0.51379310000000000        0.0000000000000000        0.0000000000000000        41.714034885353264        667.42455816565223        16.000000000000000        0.0000000000000000     
           1          42   1.1419919026169719E-005   1.9041566425190270E-006   2.1475582682854142E-005   2.1837410801660853       0.52297956538942847       0.51379310000000000        0.0000000000000000        0.0000000000000000        43.947188883248053        703.15502213196885        16.000000000000000        0.0000000000000000     
           1          43   1.1730097705179858E-005   2.4445899483826258E-006   2.1542442646065965E-005   2.1271104277220170       0.52308329100168072       0.51379310000000000        0.0000000000000000        0.0000000000000000        46.412829695892341        742.60527513427746        16.000000000000000        0.0000000000000000     
           1          44   1.1002533854688094E-005   1.1729580410826513E-006   2.1389815954052149E-005   2.2615059816238028       0.52182958950314273       0.51379310000000000        0.0000000000000000        0.0000000000000000        48.052650799648305        768.84241279437288        16.000000000000000        0.0000000000000000     
           1          45   1.1028854597972390E-005   1.1863181756959830E-006   2.1429832659501828E-005   2.2763669305989267       0.51748904275187224       0.51379310000000000        0.0000000000000000        0.0000000000000000        46.672434840436168        746.75895744697868        16.000000000000000        0.0000000000000000     
           1          46   1.0383166218415897E-005   6.9537828267166098E-008   2.1281964863236483E-005   2.3885517381194066       0.51755194183630238       0.51379310000000000        0.0000000000000000        0.0000000000000000        40.354242161729104        645.66787458766566        16.000000000000000        0.0000000000000000     
           1          47  -1.2435613328735795E-005  -3.7367033333330247E-005   1.2495806675858683E-005   14.000000000032724       0.33345977011050332       0.50000000000000000        0.0000000000000000        1.0000000000000000        48.809835912946177        780.95737460713883        16.000000000000000        5.2500000000000000     
           1          48   1.1293134912029860E-005   1.6609974516684505E-006   2.1471776484958977E-005   2.2189370570540965       0.52004722313884377       0.51379310000000000        0.0000000000000000        0.0000000000000000        45.275486767274124        724.40778827638599        16.000000000000000        0.0000000000000000     
           1          49  -2.1665827394777143E-005  -6.3059982170752437E-005   1.9728327381198158E-005   21.500052438963351       0.50005243896334994       0.50000000000000000        0.0000000000000000        1.0000000000000000        56.089293241294250        897.42869186070800        16.000000000000000        3.6250000000000000     
           1          50   6.0584614280260437E-006  -8.1810317326428637E-006   2.0297954588694863E-005   3.1726007691291178       0.47239375074416051       0.50000000000000000        0.0000000000000000        1.0000000000000000        58.719506695892335        939.51210713427736        16.000000000000000        0.0000000000000000     
           1          51   1.2094259738431175E-005   3.0944405403715354E-006   2.1604706844818871E-005   2.0549677052607240       0.52513417501866311       0.51379310000000000        0.0000000000000000        0.0000000000000000        40.873868189593018        653.98189103348830        16.000000000000000        0.0000000000000000     
           1          52   1.1030215809396581E-005   1.1795059409149665E-006   2.1439831058640581E-005   2.2819517893019152       0.51661483758617577       0.51379310000000000        0.0000000000000000        0.0000000000000000        43.997929177294040        703.96686683670464        16.000000000000000        0.0000000000000000     
           1          53   1.1409367022607886E-005   1.8913102116335291E-006   2.1467455286856169E-005   2.1833775957434827       0.52308113280843693       0.51379310000000000        0.0000000000000000        0.0000000000000000        43.151021535090202        690.41634456144322        16.000000000000000        0.0000000000000000     
           1          54   1.0524625048661176E-005   3.2796145131368553E-007   2.1299822602086207E-005   2.3543739667651074       0.52015028105092165       0.51379310000000000        0.0000000000000000        0.0000000000000000        48.737199550417067        779.79519280667307        16.000000000000000        0.0000000000000000     
           1          55   1.1274902513476013E-005   1.6188587882095884E-006   2.1478806734786159E-005   2.2275872888238122       0.51893197591397988       0.51379310000000000        0.0000000000000000        0.0000000000000000        53.138445484761874        850.21512775618999        16.000000000000000        0.0000000000000000     
           1          56   1.0786659357258523E-005   6.2617858115690412E-007   2.1523621163937066E-005   2.3909481473368586       0.50391898724644923       0.51379310000000000        0.0000000000000000        0.0000000000000000        42.425461180526348        678.80737888842157        16.000000000000000        0.0000000000000000     
           1          57   1.1426128341286931E-005   1.9147190581540727E-006   2.1477191913090503E-005   2.1828105506882172       0.52303536971403797       0.51379310000000000        0.0000000000000000        0.0000000000000000        42.869240303169249        685.90784485070799        16.000000000000000        0.0000000000000000     
           1          58   9.6908055055166956E-006  -1.1600499695878504E-006   2.1157312196815852E-005   2.5349420326451022       0.51242241941993716       0.51379310000000000        0.0000000000000000        0.0000000000000000        45.838239445346218        733.41183112553949        16.000000000000000        0.0000000000000000     
           1          59   1.1739058552185323E-005   2.4619747572443297E-006   2.1542501576055498E-005   2.1252110604591090       0.52322733453989223       0.51379310000000000        0.0000000000000000        0.0000000000000000        46.689569207917671        747.03310732668274        16.000000000000000        0.0000000000000000     
           1          60   1.1373087851325535E-005   1.8195462230427586E-006   2.1468674255332887E-005   2.1943477809918481       0.52214805931026209       0.51379310000000000        0.0000000000000000        0.0000000000000000        50.772957210008258        812.36731536013212        16.000000000000000        0.0000000000000000     
           1          61  -1.4097552243100718E-005  -3.4109838967640797E-005   5.9147344814394131E-006   10.690043815467105       0.33271999956588477       0.50000000000000000        0.0000000000000000        1.0000000000000000        48.727964866406253        779.64743786250006        16.000000000000000        5.4375000000000000     
           1          62   1.1801051189544007E-005   2.5290513448870859E-006   2.1599121812124211E-005   2.1207709710132860       0.51952123915720938       0.51379310000000000        0.0000000000000000        0.0000000000000000        45.433180326736164        726.93088522777862        16.000000000000000        0.0000000000000000     
           1          63   1.1003759112462459E-005   1.1738276611448441E-006   2.1391417027559650E-005   2.2617268761397722       0.52180007071597612       0.51379310000000000        0.0000000000000000        0.0000000000000000        45.639091842193906        730.22546947510250        16.000000000000000        0.0000000000000000     
           1          64   1.1410372798997518E-005   1.8917770872545483E-006   2.1469030539937018E-005   2.1838253423811813       0.52302465932864239       0.51379310000000000        0.0000000000000000        0.0000000000000000        49.569740383392343        793.11584613427749        16.000000000000000        0.0000000000000000     
           1          65   1.1633275800599037E-005   2.2573805922445271E-006   2.1541136557769310E-005   2.1514082483863075       0.52096438498044473       0.51379310000000000        0.0000000000000000        0.0000000000000000        49.269573122545324        788.31316996072519        16.000000000000000        0.0000000000000000     
           1          66   1.1401517878985743E-005   1.8756359635931018E-006   2.1467875225094188E-005   2.1858334927050134       0.52286387152572245       0.51379310000000000        0.0000000000000000        1.0000000000000000        42.896770073441246        686.34832117505994        16.000000000000000        0.0000000000000000     
           1          67   1.1414365411135049E-005   1.9007005167323293E-006   2.1467812572120368E-005   2.1822238684817168       0.52317132132920152       0.51379310000000000        0.0000000000000000        0.0000000000000000        47.077717806094014        753.24348489750423        16.000000000000000        0.0000000000000000     
           1          68   1.1414081116794989E-005   1.9001288065181687E-006   2.1467832000933436E-005   2.1823162877874633       0.52316325584284851       0.51379310000000000        0.0000000000000000        0.0000000000000000        46.754249300667752        748.06798881068403        16.000000000000000        0.0000000000000000     
           1          69   1.1236565651093502E-005   1.5496028341683123E-006   2.1473143238315431E-005   2.2371466326038227       0.51870307076875066       0.51379310000000000        0.0000000000000000        0.0000000000000000        47.617747287633463        761.88395660213541        16.000000000000000        0.0000000000000000     
           1          70   1.1338646167217386E-005   1.7544095135089035E-006   2.1466669157928623E-005   2.2024777045922059       0.52145948635235750       0.51379310000000000        0.0000000000000000        0.0000000000000000        51.584962441721842        825.35939906754948        16.000000000000000        0.0000000000000000     
           1          71   1.1766445147737509E-005   2.5145916594662933E-006   2.1543226358544905E-005   2.1181322032818848       0.52385108818183179       0.51379310000000000        0.0000000000000000        0.0000000000000000        41.619652070892329        665.91443313427726        16.000000000000000        0.0000000000000000     
           1          72   1.1390998624225885E-005   1.8512484754714199E-006   2.1472011053613588E-005   2.1904469435572063       0.52243111984943857       0.51379310000000000        0.0000000000000000        0.0000000000000000        44.880566504978589        718.08906407965742        16.000000000000000        0.0000000000000000     
           1          73   1.1363186211075586E-005   1.8031973361230481E-006   2.1465585662887733E-005   2.1950115474653344       0.52214025332432679       0.51379310000000000        0.0000000000000000        0.0000000000000000        46.522307926337135        744.35692682139415        16.000000000000000        0.0000000000000000     
           1          74   1.1407068798399719E-005   1.8864594646587551E-006   2.1467854409364056E-005   2.1842793668679903       0.52299650026137945       0.51379310000000000        0.0000000000000000        0.0000000000000000        47.812172312273638        764.99475699637821        16.000000000000000        0.0000000000000000     
           1          75   1.1255330535319990E-005   1.5724912633076548E-006   2.1487550617693973E-005   2.2385604361965270       0.51774141894932446       0.51379310000000000        0.0000000000000000        0.0000000000000000        49.326172472819160        789.21875956510655        16.000000000000000        0.0000000000000000     
           1          76   1.1404495091444834E-005   1.8795256282070913E-006   2.1469888215076370E-005   2.1858169650590287       0.52284722191685840       0.51379310000000000        0.0000000000000000        0.0000000000000000        44.662355489349537        714.59768782959259        16.000000000000000        0.0000000000000000     
           1          77   1.0513082137256727E-005   3.0880189676785787E-007   2.1296328483677712E-005   2.3559764714282934       0.52007063888789862       0.51379310000000000        0.0000000000000000        0.0000000000000000        43.945764880745365        703.13223809192584        16.000000000000000        0.0000000000000000     
           1          78   1.0956565997488876E-005   1.0886566112935366E-006   2.1384356623356822E-005   2.2720725538752089       0.52103604646668444       0.51379310000000000        0.0000000000000000        0.0000000000000000        48.191652195892345        771.06643513427753        16.000000000000000        0.0000000000000000     
           1          79   1.1358912873969066E-005   1.7916265056565643E-006   2.1469023861211696E-005   2.1985553930028714       0.52179255963309290       0.51379310000000000        0.0000000000000000        0.0000000000000000        47.762424224613369        764.19878759381390        16.000000000000000        0.0000000000000000     
           1          80   9.4978358094863635E-006  -2.5352968981369479E-006   2.1530968517109671E-005   2.6283631089442703       0.51381863864138910       0.50000000000000000        0.0000000000000000        1.0000000000000000        50.977797840030341        815.64476544048546        16.000000000000000        0.0000000000000000     
           1          81   1.1417720017869546E-005   1.9060836310754002E-006   2.1469023578645639E-005   2.1817777898560515       0.52319811105310809       0.51379310000000000        0.0000000000000000        0.0000000000000000        43.503531563260488        696.05650501216780        16.000000000000000        0.0000000000000000     
           1          82   1.1340208375372777E-005   1.7542627552175799E-006   2.1470037295140930E-005   2.2044235739600340       0.52127335298063382       0.51379310000000000        0.0000000000000000        0.0000000000000000        45.900705023195549        734.41128037112878        16.000000000000000        0.0000000000000000     
           1          83   1.1252025407710210E-005   1.5662387548229102E-006   2.1487360098200234E-005   2.2396001845668536       0.51773430026588196       0.51379310000000000        0.0000000000000000        0.0000000000000000        45.551607978226244        728.82572765161990        16.000000000000000        0.0000000000000000     
           1          84   1.1282941291092915E-005   1.6331285925460049E-006   2.1480260952343641E-005   2.2263878095197280       0.51905520375508674       0.51379310000000000        0.0000000000000000        0.0000000000000000        48.997494915159464        783.95991864255143        16.000000000000000        0.0000000000000000     
           1          85   1.1585523852154812E-005   8.7009718045526250E-007   2.2300950523854186E-005   2.5063675260133236       0.48290752153914684       0.50000000000000000        0.0000000000000000        1.0000000000000000        47.063028722007751        753.00845955212401        16.000000000000000        0.0000000000000000     
           1          86   1.1187187265933163E-005   1.4562911052386936E-006   2.1470190868270370E-005   2.2498627671981462       0.51773467755132296       0.51379310000000000        0.0000000000000000        0.0000000000000000        42.384494314038243        678.15190902461188        16.000000000000000        0.0000000000000000     
           1          87   1.0900858594706160E-005   9.7713802649850537E-007   2.1387626993659930E-005   2.2891938890520205       0.51960252419328001       0.51379310000000000        0.0000000000000000        0.0000000000000000        44.189107817048360        707.02572507277375        16.000000000000000        0.0000000000000000     
           1          88   1.2010595541664657E-005   2.9280413399034961E-006   2.1608471835153773E-005   2.0765470056836421       0.52321493853580125       0.51379310000000000        0.0000000000000000        1.0000000000000000        47.135759328240646        754.17214925185033        16.000000000000000        0.0000000000000000     
           1          89   1.1379839769926377E-005   1.8322365692989010E-006   2.1469150814299587E-005   2.1926150474988297       0.52227320746037220       0.51379310000000000        0.0000000000000000        0.0000000000000000        48.488482817250656        775.81572507601049        16.000000000000000        0.0000000000000000     
           1          90   9.9155620483701042E-006  -7.5198437043822828E-007   2.1188359172214683E-005   2.4792015146982740       0.51684080294223034       0.51379310000000000        0.0000000000000000        0.0000000000000000        50.610192770790910        809.76308433265456        16.000000000000000        0.0000000000000000     
           1          91   1.0927858188167521E-005   1.0075929253174266E-006   2.1410975236119908E-005   2.2962686124126046       0.51679356885359795       0.51379310000000000        0.0000000000000000        0.0000000000000000        39.638879489847596        634.22207183756154        16.000000000000000        0.0000000000000000     
           1          92   1.1007294216447549E-005   1.1841058952984316E-006   2.1387826412528850E-005   2.2591400690610364       0.52204696155377750       0.51379310000000000        0.0000000000000000        0.0000000000000000        44.773425557365414        716.37480891784662        16.000000000000000        0.0000000000000000     
           1          93   1.0529181616403389E-005   3.3792271320089683E-007   2.1298667826448860E-005   2.3524433426693836       0.52032106763152997       0.51379310000000000        0.0000000000000000        0.0000000000000000        44.987597415433100        719.80155864692961        16.000000000000000        0.0000000000000000     
           1          94   1.1402906963394349E-005   1.8779430251256990E-006   2.1468294248583376E-005   2.1854243575642749       0.52290696944130599       0.51379310000000000        0.0000000000000000        0.0000000000000000        47.821984654486002        765.15175447177603        16.000000000000000        0.0000000000000000     
           1          95   1.1053366820330922E-005   1.1955784756812826E-006   2.1470462161308815E-005   2.2897874351204677       0.51473307900398479       0.51379310000000000        0.0000000000000000        0.0000000000000000        51.454217122612128        823.26747396179405        16.000000000000000        0.0000000000000000     
           1          96   1.1401175149375846E-005   1.8744945958369577E-006   2.1468376446420634E-005   2.1861574692008072       0.52283125176068856       0.51379310000000000        1.0000000000000000        0.0000000000000000        41.410394320630253        662.56630913008405        16.000000000000000        0.0000000000000000     
           1          97   1.1378255685045526E-005   1.8305036425827061E-006   2.1467724016178431E-005   2.1921801152239655       0.52232332858323327       0.51379310000000000        0.0000000000000000        0.0000000000000000        42.166781074772118        674.66849719635388        16.000000000000000        0.0000000000000000     
           1          98   1.1960251240732494E-005   2.8095151200583645E-006   2.1630177929808560E-005   2.1007238272783901       0.52068935707388753       0.51379310000000000        0.0000000000000000        0.0000000000000000        44.073178513813183        705.17085622101092        16.000000000000000        0.0000000000000000     
           1          99   1.1388673768016101E-005   1.8485997197931105E-006   2.1470028474142409E-005   2.1900606599414738       0.52249770358316139       0.51379310000000000        0.0000000000000000        0.0000000000000000        47.169422088615420        754.71075341784672        16.000000000000000        0.0000000000000000     
           1         100   1.1396629135504146E-005   1.8659489024547876E-006   2.1468057044172203E-005   2.1873126799040654       0.52273515662525238       0.51379310000000000        0.0000000000000000        0.0000000000000000        48.874454627276492        781.99127403642387        16.000000000000000        0.0000000000000000     
           1         101   1.1203540408693026E-005   1.4987119390837895E-006   2.1458997302391447E-005   2.2351401476965931       0.51875630819654062       0.51379310000000000        0.0000000000000000        0.0000000000000000        42.866838668990049        685.86941870384078        16.000000000000000        0.0000000000000000     
           1         102   1.1133101803017141E-005   1.3498286255506120E-006   2.1471454166995568E-005   2.2662724159448109       0.51651555133620175       0.51379310000000000        0.0000000000000000        0.0000000000000000        42.549765371619301        680.79624594590882        16.000000000000000        0.0000000000000000     
           1         103   1.1406249963226701E-005   1.8836181577211409E-006   2.1469172796097733E-005   2.1850671226344489       0.52291705060947480       0.51379310000000000        0.0000000000000000        0.0000000000000000        44.276918597251104        708.43069755601766        16.000000000000000        0.0000000000000000     
           1         104   1.1411901063816210E-005   1.8957935685282588E-006   2.1467929412935244E-005   2.1829912603282251       0.52310541395705612       0.51379310000000000        0.0000000000000000        0.0000000000000000        45.447001730451163        727.15202768721861        16.000000000000000        0.0000000000000000     
           1         105   1.1408810908464170E-005   1.8897822348482866E-006   2.1467926176482458E-005   2.1838461377108698       0.52303266886965805       0.51379310000000000        0.0000000000000000        0.0000000000000000        49.384631360946145        790.15410177513832        16.000000000000000        0.0000000000000000     
           1         106   1.1356873924277188E-005   1.7870302143791456E-006   2.1469687350462718E-005   2.1993760778436897       0.52166494488322912       0.51379310000000000        0.0000000000000000        0.0000000000000000        43.638660883392326        698.21857413427722        16.000000000000000        0.0000000000000000     
           1         107   1.0437172559733450E-005  -4.7983765744701366E-007   2.1973587452687652E-005   2.6791702612343418       0.46275623857247283       0.51379310000000000        0.0000000000000000        0.0000000000000000        46.233806125839834        739.74089801343735        16.000000000000000        0.0000000000000000     
           1         108   1.1273689084874204E-005   1.6204521664775759E-006   2.1474627247901651E-005   2.2271080462146573       0.51930216608201873       0.51379310000000000        0.0000000000000000        0.0000000000000000        44.815567959931933        717.04908735891092        16.000000000000000        0.0000000000000000     
           1         109   1.0525225682790869E-005   3.2816204452845046E-007   2.1300845974481489E-005   2.3547089146434641       0.52011188103963812       0.51379310000000000        0.0000000000000000        0.0000000000000000        47.871755623361437        765.94808997378300        16.000000000000000        0.0000000000000000     
           1         110   1.0349873661212686E-005  -8.8680274880811058E-009   2.1296345223703507E-005   2.4113690596499526       0.51513074472691212       0.51379310000000000        0.0000000000000000        0.0000000000000000        46.566543571026990        745.06469713643185        16.000000000000000        0.0000000000000000     
           1         111   1.1362039872470037E-005   1.7974250516683861E-006   2.1469327735076505E-005   2.1978156033781051       0.52183277814739104       0.51379310000000000        0.0000000000000000        0.0000000000000000        42.041691034170306        672.66705654672489        16.000000000000000        0.0000000000000000     
           1         112   1.1403161848967406E-005   1.8794326673465231E-006   2.1467244320411768E-005   2.1849662428443324       0.52295178843274959       0.51379310000000000        0.0000000000000000        0.0000000000000000        45.660135294620545        730.56216471392872        16.000000000000000        0.0000000000000000     
           1         113   1.0514553721104461E-005   3.1174914135771613E-007   2.1296240681372484E-005   2.3554066898539356       0.52012361709218657       0.51379310000000000        0.0000000000000000        0.0000000000000000        47.035828445892342        752.57325513427747        16.000000000000000        0.0000000000000000     
           1         114   1.1214208081752073E-005   1.5106297916382399E-006   2.1468343863802929E-005   2.2379514655765353       0.51824133159966179       0.51379310000000000        1.0000000000000000        0.0000000000000000        46.758821739513003        748.14114783220805        16.000000000000000        0.0000000000000000     
           1         115   1.1182441080666172E-005   1.4523370024105622E-006   2.1464607659729003E-005   2.2483035272518879       0.51811069568464319       0.51379310000000000        0.0000000000000000        0.0000000000000000        49.702422908698011        795.23876653916818        16.000000000000000        0.0000000000000000     
           1         116   1.0702063344318716E-005   4.4571249923523010E-007   2.1540334655118799E-005   2.4241612554385945       0.50074407723193670       0.51379310000000000        0.0000000000000000        0.0000000000000000        41.047017847270851        656.75228555633362        16.000000000000000        0.0000000000000000     
           1         117   5.3102805928538470E-006  -5.3966932672771659E-006   2.1370741383050180E-005   3.1298808559968694       0.50210623708506308       0.59999999999999998        0.0000000000000000        1.0000000000000000        47.271822928405328        756.34916685448525        16.000000000000000        0.0000000000000000     
           1         118   7.8052559964600334E-006  -4.5536316855497561E-006   2.0865356983697364E-005   2.8545766685729883       0.48244582531538804       0.51379310000000000        0.0000000000000000        1.0000000000000000        50.503651071407262        808.05841714251619        16.000000000000000        0.0000000000000000     
           1         119   6.2933822431389683E-006  -7.7530485688029882E-006   2.0339813055080855E-005   3.2228483374127470       0.49534360432898922       0.50000000000000000        0.0000000000000000        1.0000000000000000        53.626402670713503        858.02244273141605        16.000000000000000        0.0000000000000000     
           1         120   1.1420289354263934E-005   1.9118630437251777E-006   2.1468200706845067E-005   2.1807275893699614       0.52329419020737999       0.51379310000000000        0.0000000000000000        0.0000000000000000        49.486513008392343        791.78420813427749        16.000000000000000        0.0000000000000000     
           1         121   9.3209102710695029E-006  -1.9014996485571812E-006   2.1180052504706204E-005   2.6188964956998144       0.49409454875321662       0.51379310000000000        0.0000000000000000        0.0000000000000000        43.515985133878196        696.25576214205114        16.000000000000000        0.0000000000000000     
           1         122   1.0417510420040649E-005   1.3219327152881392E-007   2.1286391512055271E-005   2.3805311350322946       0.51815311606010339       0.51379310000000000        0.0000000000000000        0.0000000000000000        43.531746028084200        696.50793644934720        16.000000000000000        0.0000000000000000     
           1         123   1.1754374130568698E-005   2.4935787373872694E-006   2.1540604588277656E-005   2.1203196044973418       0.52368077944205804       0.51379310000000000        0.0000000000000000        0.0000000000000000        46.863459403604892        749.81535045767828        16.000000000000000        0.0000000000000000     
           1         124   1.1371338779415421E-005   1.8145083620583765E-006   2.1470400570410645E-005   2.1955960116780018       0.52200370753813186       0.51379310000000000        0.0000000000000000        0.0000000000000000        51.275661439837023        820.41058303739237        16.000000000000000        0.0000000000000000     
           1         125   1.0724363074967941E-005   6.4914027419827796E-007   2.1371229575624457E-005   2.3392749698049178       0.51629807912089332       0.51379310000000000        0.0000000000000000        0.0000000000000000        51.471140887468856        823.53825419950169        16.000000000000000        0.0000000000000000     
           1         126   1.0712241040895804E-005   6.3442403065127129E-007   2.1361848940179115E-005   2.3381078659416121       0.51675296741597998       0.51379310000000000        0.0000000000000000        0.0000000000000000        41.794367646661044        668.70988234657671        16.000000000000000        0.0000000000000000     
           1         127   5.9960535420656623E-006  -3.5393517783527288E-006   1.5531458862483703E-005   2.5075431073055343       0.50946156291750178       0.50000000000000000        0.0000000000000000        1.0000000000000000        50.349026026115411        805.58441641784657        16.000000000000000        0.0000000000000000     
           1         128   1.0967924505963096E-005   1.1041883311455722E-006   2.1391305142563719E-005   2.2715914478145409       0.52103362657529495       0.51379310000000000        0.0000000000000000        0.0000000000000000        45.444542936299193        727.11268698078709        16.000000000000000        0.0000000000000000     
           1         129   1.1727140796543476E-005   2.4377243382845488E-006   2.1543616209130160E-005   2.1281353414427859       0.52300471947175764       0.51379310000000000        0.0000000000000000        0.0000000000000000        48.847253414207145        781.55605462731432        16.000000000000000        0.0000000000000000     
           1         130   1.0984421369294817E-005   1.1404151752709127E-006   2.1386952593855263E-005   2.2655227792805266       0.52152411616886851       0.51379310000000000        0.0000000000000000        0.0000000000000000        51.915027979101403        830.64044766562245        16.000000000000000        0.0000000000000000     
           1         131   1.1399199212340777E-005   1.8709451348204270E-006   2.1468063311301028E-005   2.1866065430180655       0.52279590102815132       0.51379310000000000        0.0000000000000000        0.0000000000000000        42.403662638303835        678.45860221286136        16.000000000000000        0.0000000000000000     
           1         132   1.3961968491778780E-005   6.7757641805825093E-006   2.4741274958573304E-005   2.4287104332782485       0.42486718845279470       0.59999999999999998        0.0000000000000000        1.0000000000000000        49.922232083115411        798.75571332984657        16.000000000000000        0.0000000000000000     
           1         133  -3.2941017914861328E-005  -6.7809058688191948E-005   1.9361043245134104E-005   16.678981115491670       0.43731215554447295       0.59999999999999998        0.0000000000000000        1.0000000000000000        56.014173320499992        896.22677312799988        16.000000000000000        12.625000000000000     
           1         134   1.1412304236693913E-005   1.8966430196419500E-006   2.1467860986832275E-005   2.1828302080328021       0.52311942723450278       0.51379310000000000        0.0000000000000000        0.0000000000000000        47.817438695892335        765.07901913427736        16.000000000000000        0.0000000000000000     
           1         135   1.1389566184767212E-005   1.8518283630320893E-006   2.1468452112582247E-005   2.1890470369257353       0.52261016926931836       0.51379310000000000        0.0000000000000000        0.0000000000000000        52.291232002095221        836.65971203352353        16.000000000000000        0.0000000000000000     
           1         136  -3.9691618074776022E-005  -7.8765412924396697E-005   1.8919074199655097E-005   17.151194384949214       0.69216812552364171       0.59999999999999998        0.0000000000000000        1.0000000000000000        50.186871875748082        802.98995001196931        16.000000000000000        5.3750000000000000     
           1         137   1.1743708796562641E-005   2.4724630555737860E-006   2.1540982529461898E-005   2.1232282970275125       0.52341877823695027       0.51379310000000000        0.0000000000000000        0.0000000000000000        44.338967578283963        709.42348125254341        16.000000000000000        0.0000000000000000     
           1         138   1.1422486855494365E-005   1.9165230972938870E-006   2.1467795936491252E-005   2.1799528629396225       0.52336304443864290       0.51379310000000000        0.0000000000000000        0.0000000000000000        46.262440628829445        740.19905006127112        16.000000000000000        0.0000000000000000     
           1         139   1.1335687996514994E-005   1.7443761849189189E-006   2.1471187572409043E-005   2.2062083434395601       0.52112638424881819       0.51379310000000000        0.0000000000000000        0.0000000000000000        51.234214633650375        819.74743413840599        16.000000000000000        0.0000000000000000     
           1         140   1.2031803457860716E-005   2.9642214489984018E-006   2.1613858072547696E-005   2.0732831852131564       0.52346769542265770       0.51379310000000000        1.0000000000000000        0.0000000000000000        49.831051893694557        797.29683029911291        16.000000000000000        0.0000000000000000     
           1         141  -2.6353160833348799E-005  -5.0123597704150423E-005   9.3024944728537251E-006   9.2996770646028732       0.59493513749417215       0.59999999999999998        0.0000000000000000        1.0000000000000000        47.971277437499992        767.54043899999988        16.000000000000000        9.0000000000000000     
           1         142  -2.2681472983469721E-005  -6.4839296463519743E-005   1.9476350496580386E-005   20.422295461160875       0.49005409612646061       0.50000000000000000        0.0000000000000000        1.0000000000000000        50.678529034289909        810.85646454863854        16.000000000000000        18.062500000000000     
           1         143   1.0863461114761711E-005   9.0352413094839524E-007   2.1388500760883846E-005   2.3027950686776553       0.51823400449410761       0.51379310000000000        0.0000000000000000        0.0000000000000000        46.986280336651042        751.78048538641667        16.000000000000000        0.0000000000000000     
           1         144   1.1754034549504259E-005   2.4919639365745396E-006   2.1541612579837221E-005   2.1207224586862279       0.52363675872858306       0.51379310000000000        0.0000000000000000        0.0000000000000000        48.161374004808820        770.58198407694113        16.000000000000000        0.0000000000000000     
           1         145   1.1737648720630230E-005   2.4535218813413932E-006   2.1548534394098089E-005   2.1274538363162612       0.52300424390311617       0.51379310000000000        0.0000000000000000        0.0000000000000000        51.530091067603713        824.48145708165941        16.000000000000000        0.0000000000000000     
           1         146   9.6284012306752492E-006  -1.7483041778855999E-006   2.1650593304977702E-005   2.7972277926530769       0.46382550502949904       0.51379310000000000        0.0000000000000000        0.0000000000000000        42.912865062634758        686.60584100215613        16.000000000000000        0.0000000000000000     
           1         147   1.1414789802377778E-005   1.9014633041199418E-006   2.1467879367441328E-005   2.1821526235968887       0.52317666482445446       0.51379310000000000        0.0000000000000000        0.0000000000000000        46.398569388416327        742.37711021466123        16.000000000000000        0.0000000000000000     
           1         148   1.0443327628440496E-005  -2.0792341487397777E-007   2.1698904816717226E-005   2.5697920405859707       0.48163623271643446       0.51379310000000000        0.0000000000000000        0.0000000000000000        44.225451338615429        707.60722141784686        16.000000000000000        0.0000000000000000     
           1         149   9.8634377345724276E-006  -1.1847557237318084E-006   2.1538478887509566E-005   2.6822365569622368       0.47915653322637580       0.51379310000000000        0.0000000000000000        0.0000000000000000        49.643359714778995        794.29375543646393        16.000000000000000        0.0000000000000000     
           1         150  -2.0057041536169088E-005  -5.0299519279869973E-005   1.0185436207531804E-005   10.563819990562870       0.43766726594857525       0.50000000000000000        0.0000000000000000        1.0000000000000000        60.786183784687509        972.57894055500014        16.000000000000000        12.625000000000000     
           1         151  -3.1665000456033014E-005  -6.5734175340145985E-005   1.9438761870136805E-005   22.473565117444615       0.45064030860209309       0.59999999999999998        0.0000000000000000        1.0000000000000000        46.263189001767330        740.21102402827728        16.000000000000000        16.250000000000000     
           1         152   1.1003613963897471E-005   1.1770667314652719E-006   2.1387695647739642E-005   2.2601760439073226       0.52196219104358854       0.51379310000000000        0.0000000000000000        0.0000000000000000        45.521850641419711        728.34961026271537        16.000000000000000        0.0000000000000000     
           1         153   1.1728477192991080E-005   2.4414992675333765E-006   2.1542375716340640E-005   2.1280086992616543       0.52302103061012184       0.51379310000000000        0.0000000000000000        0.0000000000000000        46.464725182210003        743.43560291536005        16.000000000000000        0.0000000000000000     
           1         154   1.0528210248443057E-005   2.4875419486056546E-008   2.1627478815194740E-005   2.5152692508004795       0.48886179493414206       0.51379310000000000        0.0000000000000000        0.0000000000000000        46.172170518252130        738.75472829203409        16.000000000000000        0.0000000000000000     
           1         155   1.1350881319278097E-005   1.7750067691045328E-006   2.1470067760985726E-005   2.2013733892622360       0.52150851870211024       0.51379310000000000        0.0000000000000000        0.0000000000000000        49.587801695892338        793.40482713427741        16.000000000000000        0.0000000000000000     
           1         156   1.1279795050297250E-005   1.6411713781957440E-006   2.1465290846885911E-005   2.2176518613767939       0.52018430224452683       0.51379310000000000        0.0000000000000000        0.0000000000000000        43.094541540861229        689.51266465377967        16.000000000000000        0.0000000000000000     
           1         157   1.1361247741440970E-005   1.7935119900559107E-006   2.1471833608661403E-005   2.1990870515019609       0.52167308198931583       0.51379310000000000        0.0000000000000000        0.0000000000000000        45.091846690867527        721.46954705388043        16.000000000000000        0.0000000000000000     
           1         158   1.1386479592197445E-005   1.8458438768907457E-006   2.1468427833035277E-005   2.1903797638884059       0.52246856766826610       0.51379310000000000        0.0000000000000000        1.0000000000000000        48.362401249190363        773.79841998704580        16.000000000000000        0.0000000000000000     
           1         159   1.0677237792448829E-005   3.9156100413076784E-007   2.1546498929360046E-005   2.4320824027447006       0.49904426705035598       0.51379310000000000        0.0000000000000000        0.0000000000000000        48.561595987269577        776.98553579631323        16.000000000000000        0.0000000000000000     
           1         160   1.1311899225975878E-005   1.7024515319291484E-006   2.1466563670293913E-005   2.2098068983433783       0.52081962000635329       0.51379310000000000        0.0000000000000000        0.0000000000000000        49.890182343119434        798.24291748991095        16.000000000000000        0.0000000000000000     
           1         161   1.1330702604090071E-005   1.7408120539252432E-006   2.1464700279626614E-005   2.2034516623547677       0.52143313722374862       0.51379310000000000        0.0000000000000000        1.0000000000000000        41.943717630730895        671.09948209169431        16.000000000000000        0.0000000000000000     
           1         162   1.1209524671880697E-005   1.5127570766551557E-006   2.1456463336737968E-005   2.2317285496870829       0.51915747944376844       0.51379310000000000        0.0000000000000000        1.0000000000000000        45.434722383392334        726.95555813427734        16.000000000000000        0.0000000000000000     
           1         163   1.1420364624784082E-005   1.9103290019713204E-006   2.1469976598113590E-005   2.1814674514876478       0.52321523431101680       0.51379310000000000        0.0000000000000000        0.0000000000000000        48.144919872058537        770.31871795293659        16.000000000000000        0.0000000000000000     
           1         164   1.1777638439995211E-005   2.5395970431580828E-006   2.1539823894807906E-005   2.1137003778459151       0.52427407397310621       0.51379310000000000        0.0000000000000000        0.0000000000000000        50.342893985734825        805.48630377175721        16.000000000000000        0.0000000000000000     
           1         165   1.1505885840102263E-005   1.7098756658107753E-006   2.1857697867205858E-005   2.3186265431951161       0.49525178251619517       0.51379310000000000        0.0000000000000000        0.0000000000000000        48.757268668607054        780.11629869771286        16.000000000000000        0.0000000000000000     
           1         166   1.1395730547967362E-005   1.8637293943803072E-006   2.1468554323000796E-005   2.1877890378429901       0.52268978048087822       0.51379310000000000        0.0000000000000000        0.0000000000000000        42.060259946470993        672.96415914353588        16.000000000000000        0.0000000000000000     
           1         167   1.1718100559973868E-005   2.4188194957042657E-006   2.1545000272385309E-005   2.1314043133612954       0.52266408956732746       0.51379310000000000        0.0000000000000000        0.0000000000000000        42.269405575675833        676.31048921081333        16.000000000000000        0.0000000000000000     
           1         168   1.1352951653186010E-005   1.7793109893967371E-006   2.1469777463215068E-005   2.2006396724108797       0.52158440062153366       0.51379310000000000        0.0000000000000000        0.0000000000000000        47.369648883558142        757.91438213693027        16.000000000000000        0.0000000000000000     
           1         169   9.9344001791774458E-006  -7.2032928925349405E-007   2.1193653149973714E-005   2.4753978790515010       0.51707432582910173       0.51379310000000000        0.0000000000000000        0.0000000000000000        51.621378615669265        825.94205785070824        16.000000000000000        0.0000000000000000     
           1         170   1.1964183365217356E-005   2.8203560576292865E-006   2.1626809251913215E-005   2.0981919485733198       0.52115987441182277       0.51379310000000000        1.0000000000000000        0.0000000000000000        53.022957660270563        848.36732256432902        16.000000000000000        0.0000000000000000     
           1         171   1.0673592752433382E-005   3.3607930835054967E-007   2.1597631631204818E-005   2.4679852650049439       0.49501844120609528       0.51379310000000000        0.0000000000000000        0.0000000000000000        41.168144416308039        658.69031066092862        16.000000000000000        0.0000000000000000     
           1         172   1.0721417170330122E-005   4.0004906867109086E-007   2.1628394659116436E-005   2.4801436786715123       0.49283786242821920       0.51379310000000000        0.0000000000000000        0.0000000000000000        44.341793429869135        709.46869487790616        16.000000000000000        0.0000000000000000     
           1         173   1.1304873589352823E-005   1.6845239607569470E-006   2.1471058517538903E-005   2.2151342498811148       0.52037906271301493       0.51379310000000000        0.0000000000000000        0.0000000000000000        44.808126454210118        716.93002326736189        16.000000000000000        0.0000000000000000     
           1         174   1.1536194575953005E-005   1.8458525143042391E-006   2.1776343138046537E-005   2.2725881887001873       0.50163988117187885       0.51379310000000000        0.0000000000000000        0.0000000000000000        49.251572961018681        788.02516737629890        16.000000000000000        0.0000000000000000     
           1         175   1.1295288620427525E-005   1.6718735881311331E-006   2.1464712875883836E-005   2.2132551475029962       0.52056797003271582       0.51379310000000000        0.0000000000000000        1.0000000000000000        55.621831582838546        889.94930532541673        16.000000000000000        0.0000000000000000     
           1         176  -9.4492554416998872E-006  -3.9250011446571100E-005   2.0351500563171285E-005   17.499995421371541       0.49999542137156167       0.50000000000000000        0.0000000000000000        1.0000000000000000        56.460499472946161        903.36799156713857        16.000000000000000        3.6250000000000000     
           1         177   9.8368166728568076E-006  -1.0283729235063767E-006   2.1318470768681096E-005   2.5694546069682067       0.49599054166358636       0.51379310000000000        0.0000000000000000        0.0000000000000000        44.013787143848646        704.22059430157833        16.000000000000000        0.0000000000000000     
           1         178   1.1316681329343313E-005   1.7144240780441168E-006   2.1463747362635575E-005   2.2064788888759441       0.52122781165300680       0.51379310000000000        0.0000000000000000        0.0000000000000000        47.551475134849895        760.82360215759832        16.000000000000000        0.0000000000000000     
           1         179   1.1231525923632074E-005   1.5528927999850358E-006   2.1459301210986562E-005   2.2275307203621457       0.51944623996583172       0.51379310000000000        0.0000000000000000        0.0000000000000000        47.356496666212117        757.70394665939386        16.000000000000000        0.0000000000000000     
           1         180   1.1295572948118949E-005   1.6718942139823654E-006   2.1465275867218086E-005   2.2135251149587050       0.52052751656833929       0.51379310000000000        0.0000000000000000        1.0000000000000000        50.830069319961176        813.28110911937881        16.000000000000000        0.0000000000000000     
           1         181   1.1165761080659916E-005   1.4322927217965366E-006   2.1451482821450557E-005   2.2404311897068587       0.51851790655208230       0.51379310000000000        0.0000000000000000        1.0000000000000000        44.977768791985262        719.64430067176420        16.000000000000000        0.0000000000000000     
           1         182   1.2072250898045884E-005   3.0494498417509801E-006   2.1606983797552052E-005   2.0614501816789650       0.52452595770574584       0.51379310000000000        1.0000000000000000        0.0000000000000000        45.431656766545380        726.90650826472609        16.000000000000000        0.0000000000000000     
           1         183   1.1776052688200642E-005   2.5331585220365853E-006   2.1543366246698795E-005   2.1155489948246697       0.52407786921962540       0.51379310000000000        0.0000000000000000        0.0000000000000000        45.641772195892344        730.26835513427750        16.000000000000000        0.0000000000000000     
           1         184   1.1367683601631092E-005   1.8072260056886865E-006   2.1470578368525167E-005   2.1966965999887456       0.52189845652842015       0.51379310000000000        0.0000000000000000        0.0000000000000000        49.569608624160097        793.11373798656155        16.000000000000000        0.0000000000000000     
           1         185   1.1136543267552690E-005   1.3708249968531319E-006   2.1456344701940432E-005   2.2576801078984605       0.51777385280626487       0.51379310000000000        0.0000000000000000        0.0000000000000000        49.269292667112893        788.30868267380629        16.000000000000000        0.0000000000000000     
           1         186   1.1127033134469727E-005   1.3516290436346830E-006   2.1457069938930418E-005   2.2608972573691553       0.51752070187273946       0.51379310000000000        0.0000000000000000        0.0000000000000000        42.896478591000331        686.34365745600530        16.000000000000000        0.0000000000000000     
           1         187   1.1766645794324331E-005   2.5181846540910623E-006   2.1539842183495507E-005   2.1166734231345714       0.52400995118250471       0.51379310000000000        0.0000000000000000        0.0000000000000000        45.816248745705948        733.05997993129517        16.000000000000000        0.0000000000000000     
           1         188   9.7439602977809166E-006  -1.1967599856173662E-006   2.1305430508590599E-005   2.6254717972167883       0.49614883039083763       0.51379310000000000        0.0000000000000000        0.0000000000000000        46.315564869107661        741.04903790572257        16.000000000000000        0.0000000000000000     
           1         189   1.1736460274518244E-005   2.4550729793616500E-006   2.1544450968766222E-005   2.1267210920482085       0.52309975051139068       0.51379310000000000        0.0000000000000000        0.0000000000000000        47.409405471432443        758.55048754291909        16.000000000000000        0.0000000000000000     
           1         190   1.0974662701016398E-005   1.1227803823087535E-006   2.1385516922467734E-005   2.2674725231019379       0.52139368217286830       0.51379310000000000        0.0000000000000000        0.0000000000000000        52.990332695892327        847.84532313427724        16.000000000000000        0.0000000000000000     
           1         191   1.1722319282083259E-005   2.4328835998369663E-006   2.1538815009379527E-005   2.1274372744647527       0.52312037355687391       0.51379310000000000        0.0000000000000000        0.0000000000000000        42.014003164415797        672.22405063065275        16.000000000000000        0.0000000000000000     
           1         192   1.0727740146221270E-005   6.6023862759503830E-007   2.1366447277916902E-005   2.3356321921588412       0.51671348650396254       0.51379310000000000        0.0000000000000000        0.0000000000000000        46.141340770750972        738.26145233201555        16.000000000000000        0.0000000000000000     
           1         193   1.1177555250795317E-005   1.4451906840137364E-006   2.1462110573018947E-005   2.2483383841451654       0.51827474116329519       0.51379310000000000        0.0000000000000000        0.0000000000000000        45.829983112385392        733.27972979816627        16.000000000000000        0.0000000000000000     
           1         194   1.0102879390373161E-005  -1.5770885823662890E-006   2.2445540411050957E-005   2.8813235582786714       0.42911313801598278       0.51379310000000000        0.0000000000000000        0.0000000000000000        48.248648394479780        771.97837431167648        16.000000000000000        0.0000000000000000     
           1         195   1.1300634657745757E-005   1.6818502594031767E-006   2.1465165548311627E-005   2.2120569034312938       0.52066090082316785       0.51379310000000000        0.0000000000000000        1.0000000000000000        50.168991689808486        802.70386703693578        16.000000000000000        0.0000000000000000     
           1         196   1.2004897986354430E-005   2.9046949004805625E-006   2.1621424518826347E-005   2.0847321945173176       0.52215774296953066       0.51379310000000000        0.0000000000000000        0.0000000000000000        44.941027446408398        719.05643914253437        16.000000000000000        0.0000000000000000     
           1         197   1.0603782277667982E-005   2.9361550838951029E-007   2.1498922897648236E-005   2.4243130078788311       0.50102179357568133       0.51379310000000000        0.0000000000000000        0.0000000000000000        44.019422477142328        704.31075963427725        16.000000000000000        0.0000000000000000     
           1         198   1.0971071918796314E-005   1.1136274115014317E-006   2.1387803913922499E-005   2.2698985231167401       0.52114607035877414       0.51379310000000000        0.0000000000000000        0.0000000000000000        48.752344071827459        780.03750514923934        16.000000000000000        0.0000000000000000     
           1         199   1.1419042310283378E-005   1.9098216732640300E-006   2.1467793057502667E-005   2.1809097091307965       0.52328253243566680       0.51379310000000000        0.0000000000000000        0.0000000000000000        46.041252146420952        736.66003434273523        16.000000000000000        0.0000000000000000     
           1         200   1.1326547113436656E-005   1.7338560446404294E-006   2.1463504202237779E-005   2.2038573482134698       0.52143669102343004       0.51379310000000000        0.0000000000000000        0.0000000000000000        50.965222992990185        815.44356788784296        16.000000000000000        0.0000000000000000     
           1         201   1.1288489492199237E-005   1.6447668807445376E-006   2.1479373529589714E-005   2.2242546836799986       0.51931432490233576       0.51379310000000000        1.0000000000000000        0.0000000000000000        42.308451221767058        676.93521954827293        16.000000000000000        0.0000000000000000     
           1         202   1.1335018603320399E-005   1.7466441089516924E-006   2.1467414205732884E-005   2.2039439975805393       0.52131100644299011       0.51379310000000000        0.0000000000000000        0.0000000000000000        45.484284983174156        727.74855973078650        16.000000000000000        0.0000000000000000     
           1         203   1.0364319165725773E-005   3.7353852342779276E-008   2.1277211438450332E-005   2.3912045060918024       0.51744786688293543       0.51379310000000000        0.0000000000000000        0.0000000000000000        46.680538536654105        746.88861658646567        16.000000000000000        0.0000000000000000     
           1         204   1.1423114591172096E-005   1.9178925922620823E-006   2.1467639827255962E-005   2.1796739695721326       0.52338960318484251       0.51379310000000000        0.0000000000000000        0.0000000000000000        50.338986869865437        805.42378991784699        16.000000000000000        0.0000000000000000     
           1         205   1.1376036870183201E-005   1.8262616034205067E-006   2.1467643218454586E-005   2.1927427995872946       0.52227682529243169       0.51379310000000000        0.0000000000000000        0.0000000000000000        47.748573114049741        763.97716982479585        16.000000000000000        0.0000000000000000     
           1         206   9.9538988348693196E-006  -6.7947435752656138E-007   2.1190583826337022E-005   2.4654207252188103       0.51797481700149406       0.51379310000000000        0.0000000000000000        0.0000000000000000        43.578876940052311        697.26203104083697        16.000000000000000        0.0000000000000000     
           1         207   1.1352441332016206E-005   1.7779866701641242E-006   2.1470127324383675E-005   2.2001673096066301       0.52162244292358395       0.51379310000000000        0.0000000000000000        0.0000000000000000        43.531382215002509        696.50211544004014        16.000000000000000        0.0000000000000000     
           1         208   1.1655566683699709E-005   2.2877978638650518E-006   2.1554839980780109E-005   2.1530770989631747       0.52047493380528553       0.51379310000000000        0.0000000000000000        0.0000000000000000        46.990854881287682        751.85367810060291        16.000000000000000        0.0000000000000000     
           1         209   1.1255440803865888E-005   1.5704318059614992E-006   2.1489953717115387E-005   2.2399808828205683       0.51761700290508506       0.51379310000000000        0.0000000000000000        0.0000000000000000        49.366753846521149        789.86806154433839        16.000000000000000        0.0000000000000000     
           1         210   1.0960543631586206E-005   1.0942039685294882E-006   2.1386675472032859E-005   2.2725134445415560       0.52093531388418868       0.51379310000000000        0.0000000000000000        0.0000000000000000        48.387328636162444        774.19725817859910        16.000000000000000        0.0000000000000000     
           1         211   1.1343649826642728E-005   1.7605413288689160E-006   2.1470480652588266E-005   2.2035217190130933       0.52128366573936014       0.51379310000000000        0.0000000000000000        0.0000000000000000        39.294394151115412        628.71030641784660        16.000000000000000        0.0000000000000000     
           1         212   1.1072877488783693E-005   1.0828594261955530E-006   2.1629704941115944E-005   2.3415657927993423       0.50188958386863225       0.51379310000000000        0.0000000000000000        0.0000000000000000        43.512196877519699        696.19515004031518        16.000000000000000        0.0000000000000000     
           1         213   1.1273664518555534E-005   1.6151792538393190E-006   2.1480148806341436E-005   2.2291394153480466       0.51886181477717785       0.51379310000000000        0.0000000000000000        1.0000000000000000        44.987291842920413        719.79666948672661        16.000000000000000        0.0000000000000000     
           1         214   1.1390362069357683E-005   1.8541327115133311E-006   2.1467653946700156E-005   2.1887810720798924       0.52261649619497130       0.51379310000000000        0.0000000000000000        0.0000000000000000        47.361662703513836        757.78660325622138        16.000000000000000        0.0000000000000000     
           1         215   1.1414749851368209E-005   1.9017669722292101E-006   2.1467476301198016E-005   2.1818948691124467       0.52320614367064189       0.51379310000000000        0.0000000000000000        0.0000000000000000        49.993639244876313        799.89822791802101        16.000000000000000        0.0000000000000000     
           1         216   1.1383176708456162E-005   1.8393744506021316E-006   2.1468471153783080E-005   2.1913168575286197       0.52238581308160281       0.51379310000000000        0.0000000000000000        0.0000000000000000        41.015547790558223        656.24876464893157        16.000000000000000        0.0000000000000000     
           1         217   1.1297919703648310E-005   1.6746109279689849E-006   2.1467231673745363E-005   2.2138369944764928       0.52046785433274634       0.51379310000000000        0.0000000000000000        1.0000000000000000        43.239310648068560        691.82897036909696        16.000000000000000        0.0000000000000000     
           1         218   1.1362033062165506E-005   1.8001521152086676E-006   2.1466431937557635E-005   2.1958582850061799       0.52204106168025033       0.51379310000000000        0.0000000000000000        0.0000000000000000        45.351495088615430        725.62392141784687        16.000000000000000        0.0000000000000000     
           1         219  -1.7789689257202574E-005  -3.5288624761936729E-005   8.4587139998986093E-006   11.005994648638875       0.40301647842650468       0.59999999999999998        0.0000000000000000        1.0000000000000000        58.511741033637499        936.18785653819998        16.000000000000000        9.0000000000000000     
           1         220   1.0009666506607496E-005  -5.7986630134272530E-007   2.1200023716569860E-005   2.4525764438156763       0.51887094058981231       0.51379310000000000        0.0000000000000000        0.0000000000000000        50.334590500369373        805.35344800590997        16.000000000000000        0.0000000000000000     
           1         221  -2.6683392712672997E-005  -5.5005618605373041E-005   1.5799946126377001E-005   17.211253166075004       0.50066699714195673       0.59999999999999998        0.0000000000000000        1.0000000000000000        49.203876418874991        787.26202270199985        16.000000000000000        21.000000000000000     
           1         222   1.1411962914105408E-005   1.8945023577794357E-006   2.1469421093663259E-005   2.1834371736857281       0.52306007300701440       0.51379310000000000        0.0000000000000000        0.0000000000000000        41.288319801071999        660.61311681715199        16.000000000000000        0.0000000000000000     
           1         223   1.1385004205384418E-005   1.8436112679901518E-006   2.1467752631253852E-005   2.1902345198431687       0.52249598008474696       0.51379310000000000        0.0000000000000000        0.0000000000000000        43.838276082084242        701.41241731334787        16.000000000000000        0.0000000000000000     
           1         224  -1.2328353067762683E-005  -5.3378374821055950E-005   1.5038328101099624E-005   16.489159490330849       0.53910187763137285       0.40000000000000002        0.0000000000000000        1.0000000000000000        55.452328193499994        887.23725109599991        16.000000000000000        22.750000000000000     
           1         225   1.0621271833848835E-005  -7.9673122063968436E-007   2.2687104682324019E-005   2.8511388983886325       0.42237043757894982       0.51379310000000000        0.0000000000000000        0.0000000000000000        48.905314526115419        782.48503241784670        16.000000000000000        0.0000000000000000     
           1         226  -1.7148149566435404E-005  -5.0405694959909609E-005   1.6109395827038733E-005   20.527085083601879       0.50031870465449446       0.50000000000000000        0.0000000000000000        1.0000000000000000        50.540332130312507        808.64531408500011        16.000000000000000        35.000000000000000     
           1         227   1.0926204769935254E-005  -1.9153139690087261E-007   2.2674734315980147E-005   2.7862872419633078       0.42927959419993988       0.51379310000000000        0.0000000000000000        0.0000000000000000        44.972385861577649        719.55817378524239        16.000000000000000        0.0000000000000000     
           1         228   1.1303093390301306E-005   1.6770189070220168E-006   2.1475327987537964E-005   2.2179070454384786       0.51994558221355891       0.51379310000000000        0.0000000000000000        1.0000000000000000        44.376916453919428        710.03066326271085        16.000000000000000        0.0000000000000000     
           1         229   1.1225650932794916E-005   1.5230385546152572E-006   2.1478765999412188E-005   2.2433535165802230       0.51786850563421882       0.51379310000000000        0.0000000000000000        1.0000000000000000        47.871412342423582        765.94259747877732        16.000000000000000        0.0000000000000000     
           1         230  -1.8585306050439300E-005  -5.1213508786178484E-005   1.4042896685299997E-005   14.101148396506316       0.50088432616673983       0.50000000000000000        1.0000000000000000        0.0000000000000000        59.923655135312494        958.77848216499990        16.000000000000000        24.500000000000000     
           1         231   1.1342447924491454E-005   1.7579334551230998E-006   2.1470764493449417E-005   2.2041234959501854       0.52127609990175783       0.51379310000000000        0.0000000000000000        0.0000000000000000        43.057580183042013        688.92128292867221        16.000000000000000        0.0000000000000000     
           1         232   1.0524067710191139E-005   3.2826280268160990E-007   2.1298357853799736E-005   2.3536464913661725       0.52023222823334792       0.51379310000000000        0.0000000000000000        0.0000000000000000        46.874781664642335        749.99650663427735        16.000000000000000        0.0000000000000000     
           1         233   1.1406032646195040E-005   1.8830729589239948E-006   2.1469301964047212E-005   2.1850096534676151       0.52292972785325897       0.51379310000000000        0.0000000000000000        0.0000000000000000        46.343625348688484        741.49800557901574        16.000000000000000        0.0000000000000000     
           1         234   1.1013364631305182E-005   1.1937490347310886E-006   2.1390121395086315E-005   2.2583897252367451       0.52208540108777357       0.51379310000000000        0.0000000000000000        0.0000000000000000        48.000287759999452        768.00460415999123        16.000000000000000        0.0000000000000000     
           1         235   1.1666043088425065E-005   2.3247816399642828E-006   2.1537305050184739E-005   2.1408906666314058       0.52201197137828825       0.51379310000000000        0.0000000000000000        0.0000000000000000        51.104883631501941        817.67813810403106        16.000000000000000        0.0000000000000000     
           1         236   1.2085170096502916E-005   3.0778157389435686E-006   2.1603579889059859E-005   2.0568832553087883       0.52496913820648283       0.51379310000000000        0.0000000000000000        0.0000000000000000        40.423889295701684        646.78222873122695        16.000000000000000        0.0000000000000000     
           1         237   1.1645376770897299E-005   2.2615845136904141E-006   2.1561582636314329E-005   2.1597978188034950       0.51978040738059950       0.51379310000000000        0.0000000000000000        1.0000000000000000        44.879282523002388        718.06852036803821        16.000000000000000        0.0000000000000000     
           1         238   1.1687826624603391E-005   2.3584832849117644E-006   2.1546494273014733E-005   2.1407961291812789       0.52186325113279353       0.51379310000000000        0.0000000000000000        0.0000000000000000        49.174664082439335        786.79462531902936        16.000000000000000        0.0000000000000000     
           1         239   1.1304083231745130E-005   1.6808767789269066E-006   2.1473287073429436E-005   2.2161403653389184       0.52009312029215593       0.51379310000000000        0.0000000000000000        0.0000000000000000        49.460023258392347        791.36037213427755        16.000000000000000        0.0000000000000000     
           1         240   1.1308201457862952E-005   1.6897587834114469E-006   2.1472371235953098E-005   2.2148703301059856       0.52033723306077462       0.51379310000000000        0.0000000000000000        0.0000000000000000        49.486378854062160        791.78206166499456        16.000000000000000        0.0000000000000000     
           1         241   1.1367667995275617E-005   1.8098617748327300E-006   2.1467760954056375E-005   2.1951339750130603       0.52206779624840305       0.51379310000000000        0.0000000000000000        1.0000000000000000        43.515715502227984        696.25144803564774        16.000000000000000        0.0000000000000000     
           1         242   1.1314831515753271E-005   1.7019320797694782E-006   2.1473143545471705E-005   2.2133555246486960       0.52041274668112747       0.51379310000000000        0.0000000000000000        0.0000000000000000        43.531452634995610        696.50324215992975        16.000000000000000        0.0000000000000000     
           1         243   9.4098762910123404E-006  -1.8607368915208561E-006   2.1319956723755459E-005   2.7259995724309243       0.48645118890749478       0.51379310000000000        0.0000000000000000        0.0000000000000000        46.863072567272148        749.80916107635437        16.000000000000000        0.0000000000000000     
           1         244   1.1356025997132035E-005   1.7852438255135022E-006   2.1469831131079291E-005   2.1997737777737583       0.52164572853474045       0.51379310000000000        0.0000000000000000        0.0000000000000000        51.275251801968125        820.40402883149000        16.000000000000000        0.0000000000000000     
           1         245  -2.6526323041296658E-005  -5.5054895320759349E-005   1.6266535377897285E-005   18.135149475859780       0.50029741414881468       0.59999999999999998        0.0000000000000000        1.0000000000000000        61.087363830000015        977.39782128000024        16.000000000000000        45.500000000000000     
           1         246   8.5978325949515428E-006  -4.3399332137755703E-006   2.2269655849495782E-005   3.2041273483057182       0.41048545805955505       0.51379310000000000        0.0000000000000000        1.0000000000000000        42.861373070892327        685.78196913427723        16.000000000000000        0.0000000000000000     
           1         247   1.1356503561537230E-005   1.7866695353496214E-006   2.1469306754581589E-005   2.1992145722676240       0.52168168680753457       0.51379310000000000        0.0000000000000000        0.0000000000000000        46.745286074700743        747.92457719521190        16.000000000000000        0.0000000000000000     
           1         248   1.1302020506054795E-005   1.6791834320186290E-006   2.1470834011301152E-005   2.2143521324322188       0.52037549210387157       0.51379310000000000        1.0000000000000000        0.0000000000000000        45.882588657699998        734.12141852319996        16.000000000000000        0.0000000000000000     
           1         249   1.0967626051286152E-005   1.1079909223900272E-006   2.1386672958568501E-005   2.2704658206068955       0.52110793204871086       0.51379310000000000        0.0000000000000000        0.0000000000000000        50.240770831052217        803.85233329683547        16.000000000000000        0.0000000000000000     
           1         250   1.1353864532979353E-005   1.7817884182445542E-006   2.1469037025236264E-005   2.1997634780013113       0.52163765232300119       0.51379310000000000        0.0000000000000000        0.0000000000000000        49.693233344794649        795.09173351671438        16.000000000000000        0.0000000000000000     
           1         251   1.0994918421254958E-005   1.1599808436252037E-006   2.1387866498127143E-005   2.2628635005105191       0.52173610081128718       0.51379310000000000        0.0000000000000000        0.0000000000000000        42.055876472059211        672.89402355294737        16.000000000000000        0.0000000000000000     
           1         252  -2.5276119020979744E-005  -5.2325971662568783E-005   1.5298659941404050E-005   16.382030987257167       0.50046111834357399       0.59999999999999998        0.0000000000000000        1.0000000000000000        52.086098606249990        833.37757769999985        16.000000000000000        49.000000000000000     
           1         253   1.1311952743910458E-005   1.6967836746026367E-006   2.1472663180441834E-005   2.2139399393162198       0.52039457931302047       0.51379310000000000        0.0000000000000000        0.0000000000000000        47.499619070892344        759.99390513427750        16.000000000000000        0.0000000000000000     
           1         254   1.1233223179299613E-005   1.5506326826648781E-006   2.1465180371384815E-005   2.2303449962787663       0.51905827422291506       0.51379310000000000        0.0000000000000000        0.0000000000000000        47.817296043505905        765.07673669609449        16.000000000000000        0.0000000000000000     
           1         255   1.1354099403883215E-005   1.7816263642911669E-006   2.1469691341550834E-005   2.2001330197698570       0.52159590210363171       0.51379310000000000        0.0000000000000000        0.0000000000000000        52.290928088733132        836.65484941973011        16.000000000000000        0.0000000000000000     
           1         256   1.1321192464054621E-005   1.7199356248529875E-006   2.1467201324294254E-005   2.2076328106609240       0.52099337271440105       0.51379310000000000        0.0000000000000000        0.0000000000000000        41.966337916958729        671.46140667133966        16.000000000000000        0.0000000000000000     
           1         257   1.1415803600234672E-005   1.9034571156220020E-006   2.1467857548056511E-005   2.1818553227604638       0.52320196679022657       0.51379310000000000        0.0000000000000000        0.0000000000000000        45.412402949880445        726.59844719808711        16.000000000000000        0.0000000000000000     
           1         258   1.1389781443787163E-005   1.8532689230190050E-006   2.1467372550030918E-005   2.1884901618153614       0.52267356126193021       0.51379310000000000        0.0000000000000000        0.0000000000000000        47.537195433180401        760.59512693088641        16.000000000000000        0.0000000000000000     
           1         259   1.0138103394919141E-005  -5.5340291334304077E-007   2.1436219834220258E-005   2.5453316834592239       0.49585129482096901       0.51379310000000000        0.0000000000000000        0.0000000000000000        49.974959259366194        799.59934814985911        16.000000000000000        0.0000000000000000     
           1         260   1.0812841553943259E-005   8.1164340496558346E-007   2.1381483423644266E-005   2.3136103392420329       0.51740100878984308       0.51379310000000000        0.0000000000000000        1.0000000000000000        50.452280276115417        807.23648441784667        16.000000000000000        0.0000000000000000     
           1         261   1.1365221185408780E-005   1.8036733700619157E-006   2.1469268028111760E-005   2.1968062337306580       0.52189808973604168       0.51379310000000000        0.0000000000000000        0.0000000000000000        44.432274585470779        710.91639336753246        16.000000000000000        0.0000000000000000     
           1         262   1.0653890922307284E-005   5.4139012058370826E-007   2.1340150487257884E-005   2.3549037146227572       0.51541202816820852       0.51379310000000000        0.0000000000000000        0.0000000000000000        42.463439055826811        679.41502489322897        16.000000000000000        0.0000000000000000     
           1         263   2.0602884092577244E-005  -4.4221911482651707E-006   2.0602884092577244E-005   2.7306129978157498       0.49530873225363237        0.0000000000000000        0.0000000000000000        1.0000000000000000        46.467422703392330        743.47876325427728        16.000000000000000        0.0000000000000000     
           1         264   1.0788420133940927E-005   7.5989472463410172E-007   2.1385939746427942E-005   2.3237947151134781       0.51636279714081024       0.51379310000000000        0.0000000000000000        0.0000000000000000        47.356015519910009        757.69624831856015        16.000000000000000        0.0000000000000000     
           1         265   3.2099999999999968E-006   4.1136999999999982E-004   3.2099999999999968E-006   9.9999999999999982        1.0000000000000000        0.0000000000000000        0.0000000000000000        1.0000000000000000        46.902455011740415        750.43928018784663        16.000000000000000        1.7500000000000000     
           1         266   1.2042295527654539E-005   2.9937493581225287E-006   2.1604234255666763E-005   2.0672704390188206       0.52408202414479454       0.51379310000000000        0.0000000000000000        0.0000000000000000        42.449943221967310        679.19909155147695        16.000000000000000        0.0000000000000000     
           1         267   1.1349614219493674E-005   1.7770319956791961E-006   2.1465321536231385E-005   2.1986048291355247       0.52183679710629649       0.51379310000000000        0.0000000000000000        0.0000000000000000        43.675392994865419        698.80628791784670        16.000000000000000        0.0000000000000000     
           1         268   1.1287847261226453E-005   1.6530114679296751E-006   2.1469340263955904E-005   2.2181579791773300       0.52000426977232939       0.51379310000000000        0.0000000000000000        0.0000000000000000        42.608821957052456        681.74115131283929        16.000000000000000        0.0000000000000000     
           1         269   1.1749329374814251E-005   2.4833290290958669E-006   2.1541060101440662E-005   2.1218640788557988       0.52354026394253661       0.51379310000000000        0.0000000000000000        1.0000000000000000        47.145503365608441        754.32805384973506        16.000000000000000        0.0000000000000000     
           1         270   1.1118045946296502E-005   1.3450768707396800E-006   2.1445509578619114E-005   2.2500481282597131       0.51775082355570690       0.51379310000000000        0.0000000000000000        0.0000000000000000        48.586466901239390        777.38347041983025        16.000000000000000        0.0000000000000000     
           1         271   1.1286030874171524E-005   1.6425538706107617E-006   2.1476655368472394E-005   2.2236071590987940       0.51945327155349985       0.51379310000000000        0.0000000000000000        0.0000000000000000        42.017833333112534        672.28533332980055        16.000000000000000        0.0000000000000000     
           1         272   1.0849600273581673E-005   8.8092385790086130E-007   2.1383875205733853E-005   2.3074840245121644       0.51821366701500815       0.51379310000000000        0.0000000000000000        0.0000000000000000        45.663141896591469        730.61027034546350        16.000000000000000        0.0000000000000000     
           1         273   1.1434165894321622E-005   1.9302802651565976E-006   2.1477278938283578E-005   2.1806278783690831       0.52321866160320407       0.51379310000000000        0.0000000000000000        0.0000000000000000        45.210440700733415        723.36705121173463        16.000000000000000        0.0000000000000000     
           1         274   1.1651469168780453E-005   2.2852319043876970E-006   2.1549124013678263E-005   2.1506620166159212       0.52086587161086106       0.51379310000000000        1.0000000000000000        0.0000000000000000        46.847017619865426        749.55228191784681        16.000000000000000        0.0000000000000000     
           1         275   1.1391068297713234E-005   1.8551040032535464E-006   2.1468080072617257E-005   2.1888665339141022       0.52260122072919146       0.51379310000000000        0.0000000000000000        0.0000000000000000        48.987188468289197        783.79501549262716        16.000000000000000        0.0000000000000000     
           1         276   1.1761149085229879E-005   2.5033215727447035E-006   2.1544243271892122E-005   2.1198406633996081       0.52369296989889147       0.51379310000000000        0.0000000000000000        0.0000000000000000        42.109713501560314        673.75541602496503        16.000000000000000        0.0000000000000000     
           1         277   1.0460118552313165E-005  -6.2175666319255803E-008   2.1579422218516203E-005   2.5088300723675663       0.49262307929084725       0.51379310000000000        0.0000000000000000        0.0000000000000000        44.451760352015718        711.22816563225149        16.000000000000000        0.0000000000000000     
           1         278   1.1294067772203686E-005   1.6562577398723425E-006   2.1478703765075421E-005   2.2218776487548815       0.51948679544869192       0.51379310000000000        0.0000000000000000        0.0000000000000000        46.191618233862087        739.06589174179339        16.000000000000000        0.0000000000000000     
           1         279   1.1753264362494653E-005   2.4481854411055155E-006   2.1586290888373471E-005   2.1325717174709919       0.52043160516226861       0.51379310000000000        0.0000000000000000        0.0000000000000000        44.876908156871778        718.03053050994845        16.000000000000000        0.0000000000000000     
           1         280   1.0976214640169031E-005   1.1234153590277736E-006   2.1388037850279039E-005   2.2680135897458924       0.52133455559078123       0.51379310000000000        0.0000000000000000        0.0000000000000000        47.321714318570180        757.14742909712288        16.000000000000000        0.0000000000000000     
           1         281   1.1406941411397570E-005   1.8860891907144511E-006   2.1467983690120316E-005   2.1844064106063388       0.52298481501509830       0.51379310000000000        0.0000000000000000        0.0000000000000000        39.045892901115415        624.73428641784665        16.000000000000000        0.0000000000000000     
           1         282   1.1730080637181624E-005   2.4464281055515118E-006   2.1540465091925388E-005   2.1260025978559347       0.52323853920363761       0.51379310000000000        0.0000000000000000        0.0000000000000000        43.462576912731294        695.40123060370070        16.000000000000000        0.0000000000000000     
           1         283   7.4357415611426295E-006  -5.4471278067731337E-006   2.1049553683999140E-005   2.9930192857604019       0.43926377504443970       0.51379310000000000        0.0000000000000000        1.0000000000000000        45.699445005752501        731.19112009204002        16.000000000000000        0.0000000000000000     
           1         284   1.1400094778462843E-005   1.8737804699439256E-006   2.1466909050634553E-005   2.1856056124182501       0.52290692790108406       0.51379310000000000        0.0000000000000000        0.0000000000000000        50.342549773970333        805.48079638352533        16.000000000000000        0.0000000000000000     
           1         285   1.1401722988435363E-005   1.8764219072257249E-006   2.1467466545237972E-005   2.1855081183866596       0.52289997909664188       0.51379310000000000        0.0000000000000000        0.0000000000000000        48.756865732597490        780.10985172155983        16.000000000000000        0.0000000000000000     
           1         286   1.0490307607246966E-005   2.6338210531115684E-007   2.1297484052313273E-005   2.3641572792490355       0.51936024066402342       0.51379310000000000        0.0000000000000000        0.0000000000000000        42.059925842231351        672.95881347570162        16.000000000000000        0.0000000000000000     
           1         287   1.1709205707514518E-005   2.4021526321329035E-006   2.1544318396093859E-005   2.1337777598934511       0.52243155103011918       0.51379310000000000        0.0000000000000000        0.0000000000000000        41.440993343264545        663.05589349223271        16.000000000000000        0.0000000000000000     
           1         288   1.0959074812214484E-005   1.0825696834442877E-006   2.1395948882238480E-005   2.2776057691113394       0.52044576638601070       0.51379310000000000        0.0000000000000000        0.0000000000000000        46.845596338615429        749.52954141784687        16.000000000000000        0.0000000000000000     
           1         289   1.2092456164199367E-005   3.0923019653530385E-006   2.1603257278505323E-005   2.0549385781854133       0.52514714859757960       0.51379310000000000        0.0000000000000000        0.0000000000000000        51.051501199779295        816.82401919646873        16.000000000000000        0.0000000000000000     
           1         290   1.1548138576222480E-005   2.0954687119514681E-006   2.1537129997035933E-005   2.1710205672450114       0.51930229221143620       0.51379310000000000        0.0000000000000000        0.0000000000000000        50.258229793587439        804.13167669739903        16.000000000000000        0.0000000000000000     
           1         291   1.1307687076642924E-005   1.6869333684152099E-006   2.1474299010958691E-005   2.2158237758181869       0.52010866117072663       0.51379310000000000        0.0000000000000000        0.0000000000000000        40.896323692559832        654.34117908095732        16.000000000000000        0.0000000000000000     
           1         292   1.2054929041023953E-005   3.0130361311456351E-006   2.1609837019570302E-005   2.0668170239309451       0.52400371591416095       0.51379310000000000        0.0000000000000000        0.0000000000000000        43.905352191796538        702.48563506874461        16.000000000000000        0.0000000000000000     
           1         293   9.6039101390299842E-006  -1.4389422882951251E-006   2.1273307223846733E-005   2.5349220856383012       0.49506090621049403       0.51379310000000000        0.0000000000000000        0.0000000000000000        44.807774423476758        716.92439077562813        16.000000000000000        0.0000000000000000     
           1         294   1.1426501229496441E-005   1.9225492634770908E-006   2.1469684374104310E-005   2.1795609575852835       0.52338104316132139       0.51379310000000000        0.0000000000000000        0.0000000000000000        48.789782908605986        780.63652653769577        16.000000000000000        0.0000000000000000     
           1         295   1.1368195221044649E-005   1.8086475089866899E-006   2.1470128479449681E-005   2.1963756003052342       0.52196340743697411       0.51379310000000000        0.0000000000000000        0.0000000000000000        53.376012633392335        854.01620213427736        16.000000000000000        0.0000000000000000     
           1         296   1.1292648963512047E-005   1.6547529247677309E-006   2.1477375842592096E-005   2.2219266881420716       0.51950129107866116       0.51379310000000000        0.0000000000000000        0.0000000000000000        43.421917740226711        694.75068384362737        16.000000000000000        0.0000000000000000     
           1         297   1.1377310338295833E-005   1.8272978285419571E-006   2.1469167390150312E-005   2.1933587307839644       0.52221720288058204       0.51379310000000000        0.0000000000000000        0.0000000000000000        43.718999736587563        699.50399578540100        16.000000000000000        0.0000000000000000     
           1         298   1.1014795194199869E-005   1.1908254334359655E-006   2.1396153166883958E-005   2.2606845553630710       0.52183594359878160       0.51379310000000000        0.0000000000000000        0.0000000000000000        47.551199858946717        760.81919774314747        16.000000000000000        0.0000000000000000     
           1         299   1.1397236023993496E-005   1.8673277688123751E-006   2.1467848154642479E-005   2.1869026218475587       0.52277829593187042       0.51379310000000000        0.0000000000000000        0.0000000000000000        47.356127958289697        757.69804733263516        16.000000000000000        0.0000000000000000     
           1         300   1.1420327471053515E-005   1.9092340604556992E-006   2.1471057248481050E-005   2.1819340932133193       0.52316603272760631       0.51379310000000000        0.0000000000000000        0.0000000000000000        50.829679766888681        813.27487627021890        16.000000000000000        0.0000000000000000     
           1         301   1.1296901167894679E-005   1.6676258001755625E-006   2.1472518259988331E-005   2.2176226630469427       0.51997465454957470       0.51379310000000000        0.0000000000000000        0.0000000000000000        44.976160074199079        719.61856118718526        16.000000000000000        0.0000000000000000     
           1         302   1.1336935060440677E-005   1.7524176768950674E-006   2.1465254708919075E-005   2.2020719640984452       0.52153657817301569       0.51379310000000000        0.0000000000000000        0.0000000000000000        44.777290914642336        716.43665463427737        16.000000000000000        0.0000000000000000     
           1         303   1.0882649484407391E-005   9.3058836516303105E-007   2.1399366408510950E-005   2.2918525046737042       0.51765765020111887       0.51379310000000000        1.0000000000000000        0.0000000000000000        45.693893058191449        731.10228893106319        16.000000000000000        0.0000000000000000     
           1         304   1.1124804566990324E-005   1.3558704295885090E-006   2.1448004328555945E-005   2.2570225636488384       0.51820669185808899       0.51379310000000000        0.0000000000000000        0.0000000000000000        49.569342432766767        793.10947892426827        16.000000000000000        0.0000000000000000     
           1         305   1.0834488230795265E-005   7.3743885656381292E-007   2.1504419691741805E-005   2.3647200401164494       0.50637443921254599       0.51379310000000000        0.0000000000000000        0.0000000000000000        49.269016709176540        788.30426734682464        16.000000000000000        0.0000000000000000     
           1         306   1.1460492615437991E-005   1.9303708641448684E-006   2.1531330355450255E-005   2.1897419985350695       0.51776780549140955       0.51379310000000000        0.0000000000000000        0.0000000000000000        42.896101092164287        686.33761747462859        16.000000000000000        0.0000000000000000     
           1         307   1.0731736735828163E-005   6.6377603953601368E-007   2.1370929097816769E-005   2.3248954488000475       0.51662026988454068       0.51379310000000000        0.0000000000000000        0.0000000000000000        44.554753578625011        712.87605725800017        16.000000000000000        0.0000000000000000     
           1         308   1.1209981015364203E-005   1.4941607358266129E-006   2.1477053367621043E-005   2.2449134436915346       0.51719279241889904       0.51379310000000000        0.0000000000000000        0.0000000000000000        45.875739036417556        734.01182458268090        16.000000000000000        0.0000000000000000     
           1         309   1.1707612141471481E-005   2.3969596274649722E-006   2.1546528492091313E-005   2.1354655849098854       0.52224855694007510       0.51379310000000000        0.0000000000000000        0.0000000000000000        47.412058633392341        758.59293813427746        16.000000000000000        0.0000000000000000     
           1         310   1.0859420230937851E-005   9.0705652961406864E-007   2.1376456904894067E-005   2.2961394247184916       0.51912380164417593       0.51379310000000000        0.0000000000000000        0.0000000000000000        52.990188950238050        847.84302320380880        16.000000000000000        0.0000000000000000     
           1         311   1.1392813281208367E-005   1.8590606129274570E-006   2.1467487947629892E-005   2.1879005967029386       0.52270267428183514       0.51379310000000000        0.0000000000000000        0.0000000000000000        42.013720886120289        672.21953417792463        16.000000000000000        0.0000000000000000     
           1         312   1.1757592485727283E-005   2.5007891072724209E-006   2.1539604431478658E-005   2.1189178773574326       0.52381857827472533       0.51379310000000000        0.0000000000000000        0.0000000000000000        46.141039968585638        738.25663949737020        16.000000000000000        0.0000000000000000     
           1         313   1.1005132477625921E-005   1.1780132727599036E-006   2.1389818586230455E-005   2.2607027334739676       0.52189668553291135       0.51379310000000000        0.0000000000000000        0.0000000000000000        45.829591005050062        733.27345608080100        16.000000000000000        0.0000000000000000     
           1         314   1.1356737625670530E-005   1.7861722799080844E-006   2.1470313631588724E-005   2.1997654729982403       0.52163433915796587       0.51379310000000000        0.0000000000000000        0.0000000000000000        49.435107846000001        790.96172553600002        16.000000000000000        0.0000000000000000     
           1         315   1.0856494135067003E-005   8.8422115409907820E-007   2.1394569692896209E-005   2.3092987603009822       0.51752583426880905       0.51379310000000000        0.0000000000000000        0.0000000000000000        51.570099665364950        825.12159464583920        16.000000000000000        0.0000000000000000     
           1         316   1.1270902645448436E-005   1.6172512977041114E-006   2.1472278751539589E-005   2.2246245751648366       0.51934887225261994       0.51379310000000000        0.0000000000000000        0.0000000000000000        43.863583820892330        701.81734113427729        16.000000000000000        0.0000000000000000     
           1         317   1.1414814724813228E-005   1.9014943770644376E-006   2.1467897790402767E-005   2.1821590097102614       0.52317604959935327       0.51379310000000000        0.0000000000000000        0.0000000000000000        43.724769377576500        699.59631004122400        16.000000000000000        0.0000000000000000     
           1         318   1.0962058116661253E-005   1.0950386816968287E-006   2.1388908297624758E-005   2.2733926428426181       0.52086024765342676       0.51379310000000000        0.0000000000000000        0.0000000000000000        47.094550526659532        753.51280842655251        16.000000000000000        0.0000000000000000     
           1         319   1.0823425396661581E-005   8.2903430657651239E-007   2.1384873991461648E-005   2.3127078850647034       0.51739657624582802       0.51379310000000000        0.0000000000000000        0.0000000000000000        45.526189089747078        728.41902543595324        16.000000000000000        0.0000000000000000     
           1         320   1.1728101489381186E-005   2.4387259117673273E-006   2.1544533701854452E-005   2.1286004626658488       0.52291808595378941       0.51379310000000000        0.0000000000000000        0.0000000000000000        50.203518769486621        803.25630031178594        16.000000000000000        0.0000000000000000     
           1         321   1.1369377627625830E-005   1.8135183158644803E-006   2.1467413214849978E-005   2.1944404887372055       0.52213631511863268       0.51379310000000000        0.0000000000000000        1.0000000000000000        42.240842808079066        675.85348492926505        16.000000000000000        0.0000000000000000     
           1         322   1.1423961485735732E-005   1.9173859824289000E-006   2.1469917020772320E-005   2.1804237913083830       0.52330375714526989       0.51379310000000000        0.0000000000000000        0.0000000000000000        45.138341506535582        722.21346410456931        16.000000000000000        0.0000000000000000     
           1         323   7.8771526018992390E-006  -4.0934530853988803E-006   2.0526941415991908E-005   2.7136333124530658       0.50226850872718032       0.51379310000000000        0.0000000000000000        1.0000000000000000        42.225781106338502        675.61249770141603        16.000000000000000        0.0000000000000000     
           1         324   1.1055150919361762E-005   1.2349808274850045E-006   2.1432493639164319E-005   2.2708257757589143       0.51788343474363530       0.51379310000000000        0.0000000000000000        0.0000000000000000        48.719835594332970        779.51736950932752        16.000000000000000        0.0000000000000000     
           1         325   1.1100671782407336E-005   1.3116449484789917E-006   2.1445104251356549E-005   2.2641673488056169       0.51813335340319844       0.51379310000000000        0.0000000000000000        0.0000000000000000        46.452283658175247        743.23653853080395        16.000000000000000        0.0000000000000000     
           1         326   1.1320813917121399E-005   1.7135936731138590E-006   2.1473124531288323E-005   2.2115591336380072       0.52053677643398333       0.51379310000000000        0.0000000000000000        0.0000000000000000        42.889478872552765        686.23166196084424        16.000000000000000        0.0000000000000000     
           1         327   1.1377946561921004E-005   1.8268143756867512E-006   2.1470986817983163E-005   2.1939565863069466       0.52214355101288668       0.51379310000000000        0.0000000000000000        0.0000000000000000        43.186869383498014        690.98991013596822        16.000000000000000        0.0000000000000000     
           1         328   1.1356452872471086E-005   1.7913448014305652E-006   2.1464261971138250E-005   2.1960548192620544       0.52209488218310873       0.51379310000000000        0.0000000000000000        0.0000000000000000        45.887041016204591        734.19265625927346        16.000000000000000        0.0000000000000000     
           1         329   1.1324697536962116E-005   1.7283662664122425E-006   2.1465501363733399E-005   2.2056103137591174       0.52121930024820862       0.51379310000000000        0.0000000000000000        0.0000000000000000        49.521694755852245        792.34711609363592        16.000000000000000        0.0000000000000000     
           1         330   1.1215782878708010E-005   1.5153098366194913E-006   2.1466637228494141E-005   2.2396863641514151       0.51867840457020020       0.51379310000000000        0.0000000000000000        0.0000000000000000        49.015347258392346        784.24555613427754        16.000000000000000        0.0000000000000000     
           1         331   1.1350028554073526E-005   1.7757239159308782E-006   2.1467556010750421E-005   2.1996215228738398       0.52170696253877391       0.51379310000000000        0.0000000000000000        0.0000000000000000        40.421849349731090        646.74958959569744        16.000000000000000        0.0000000000000000     
           1         332   1.1194473991220227E-005   1.4854789979404030E-006   2.1454333807034231E-005   2.2343231559353969       0.51900409711545825       0.51379310000000000        1.0000000000000000        0.0000000000000000        42.321662602395079        677.14660163832127        16.000000000000000        0.0000000000000000     
           1         333   1.1166616976885005E-005   1.4308812701673946E-006   2.1454734709346545E-005   2.2419615583796761       0.51830893623413743       0.51379310000000000        0.0000000000000000        1.0000000000000000        45.350772099256382        725.61235358810211        16.000000000000000        0.0000000000000000     
           1         334   1.1421993695875421E-005   1.9126417251595299E-006   2.1470883228346603E-005   2.1813485914571120       0.52321740698350261       0.51379310000000000        0.0000000000000000        0.0000000000000000        46.979685743773565        751.67497190037705        16.000000000000000        0.0000000000000000     
           1         335   1.1325111512898027E-005   1.7284111643359077E-006   2.1466305358272936E-005   2.2059944673411631       0.52116218060522113       0.51379310000000000        0.0000000000000000        0.0000000000000000        50.393348856530878        806.29358170449404        16.000000000000000        0.0000000000000000     
           1         336   8.3972258068900805E-006  -3.5515009279150623E-006   2.1023894309802193E-005   2.7198859161114637       0.49091795289953932       0.51379310000000000        0.0000000000000000        1.0000000000000000        40.686647523800218        650.98636038080349        16.000000000000000        0.0000000000000000     
           1         337   1.1351396778929186E-005   1.7747410919698748E-006   2.1471408677229107E-005   2.2017520991823907       0.52150369305311206       0.51379310000000000        0.0000000000000000        0.0000000000000000        42.513589307365422        680.21742891784675        16.000000000000000        0.0000000000000000     
           1         338   1.1095016799333823E-005   1.3057674134765525E-006   2.1439684447269321E-005   2.2623173067424251       0.51814834000496779       0.51379310000000000        0.0000000000000000        1.0000000000000000        43.712398955923987        699.39838329478380        16.000000000000000        0.0000000000000000     
           1         339   1.1420612075550914E-005   1.9125072495712914E-006   2.1468183703318655E-005   2.1806262210218241       0.52330300834314547       0.51379310000000000        0.0000000000000000        0.0000000000000000        47.550929307590032        760.81486892144051        16.000000000000000        0.0000000000000000     
           1         340   1.0233767119477404E-005  -4.7023786546136386E-007   2.1545091380048688E-005   2.5554657168173165       0.48740685162566494       0.51379310000000000        0.0000000000000000        0.0000000000000000        51.736518478489714        827.78429565583542        16.000000000000000        0.0000000000000000     
           1         341   1.1422531864245467E-005   1.9167292970173782E-006   2.1467670608685302E-005   2.1798564097168214       0.52337354505794143       0.51379310000000000        0.0000000000000000        0.0000000000000000        44.177967451748557        706.84747922797692        16.000000000000000        0.0000000000000000     
           1         342   1.1417687150131106E-005   1.9071180455902425E-006   2.1467862873647374E-005   2.1813353567643827       0.52324584282381059       0.51379310000000000        0.0000000000000000        0.0000000000000000        42.843405690294873        685.49449104471796        16.000000000000000        0.0000000000000000     
           1         343   8.8818173901481732E-006  -2.7069036550728504E-006   2.1128054353999358E-005   2.6251075946074742       0.50461868317609992       0.51379310000000000        0.0000000000000000        1.0000000000000000        45.932652280768757        734.92243649230011        16.000000000000000        0.0000000000000000     
           1         344   1.2043357200780603E-005   2.9924768878934993E-006   2.1607762505780018E-005   2.0681279667382304       0.52399859244005531       0.51379310000000000        0.0000000000000000        0.0000000000000000        44.859656369865426        717.75450191784682        16.000000000000000        0.0000000000000000     
           1         345   1.1380121455839421E-005   1.8301778354499391E-006   2.1471905709714026E-005   2.1936557123536198       0.52214949777564212       0.51379310000000000        0.0000000000000000        0.0000000000000000        49.387337164420920        790.19739463073472        16.000000000000000        0.0000000000000000     
           1         346   1.1386558838400330E-005   1.8424600017053269E-006   2.1472166689732445E-005   2.1917792193069570       0.52231326489463026       0.51379310000000000        0.0000000000000000        0.0000000000000000        43.638179571639064        698.21087314622503        16.000000000000000        0.0000000000000000     
           1         347   1.1418236847385020E-005   1.9079428120838006E-006   2.1468121894900937E-005   2.1812457754394483       0.52325191167851948       0.51379310000000000        0.0000000000000000        0.0000000000000000        45.042858681932856        720.68573891092569        16.000000000000000        0.0000000000000000     
           1         348   1.1336922145637729E-005   1.7466613364145346E-006   2.1471311087833270E-005   2.2060006314260723       0.52107340899103627       0.51379310000000000        0.0000000000000000        0.0000000000000000        44.788265544497342        716.61224871195748        16.000000000000000        0.0000000000000000     
           1         349   1.1003180364224498E-005   1.1741469989445039E-006   2.1389889238061412E-005   2.2613656365749240       0.52184065964798265       0.51379310000000000        0.0000000000000000        0.0000000000000000        47.769475926077902        764.31161481724644        16.000000000000000        0.0000000000000000     
           1         350   1.1397406540141926E-005   1.8664566062998721E-006   2.1469119451771866E-005   2.1874837339512836       0.52271148634054931       0.51379310000000000        0.0000000000000000        0.0000000000000000        48.567705738906419        777.08329182250270        16.000000000000000        0.0000000000000000     
           1         351   1.1357877910650264E-005   1.7900563394487648E-006   2.1468554466895620E-005   2.1982528118078677       0.52178472404701515       0.51379310000000000        0.0000000000000000        0.0000000000000000        43.244692633392333        691.91508213427733        16.000000000000000        0.0000000000000000     
           1         352   1.1269900915163804E-005   1.6223561227677983E-006   2.1464823994770483E-005   2.2203495355371259       0.51993187648355310       0.51379310000000000        0.0000000000000000        0.0000000000000000        48.339439302193831        773.43102883510130        16.000000000000000        0.0000000000000000     
           1         353   1.1266392820696429E-005   1.6009165679512259E-006   2.1480264748211795E-005   2.2313106574024135       0.51869575210426244       0.51379310000000000        0.0000000000000000        1.0000000000000000        47.885246103557108        766.16393765691373        16.000000000000000        0.0000000000000000     
           1         354   1.1378973818381617E-005   1.8305729779601849E-006   2.1469127758695696E-005   2.1925961656452180       0.52227247188810499       0.51379310000000000        0.0000000000000000        0.0000000000000000        47.563491491196032        761.01586385913652        16.000000000000000        0.0000000000000000     
           1         355   1.1349645695413960E-005   1.7783316010907849E-006   2.1464012932069515E-005   2.1977840096232786       0.52195259051952914       0.51379310000000000        0.0000000000000000        0.0000000000000000        51.586639980786238        825.38623969257981        16.000000000000000        0.0000000000000000     
           1         356   1.0843323824881544E-005   8.5771160600727879E-007   2.1395495456615508E-005   2.3145469528666416       0.51704874148677771       0.51379310000000000        0.0000000000000000        1.0000000000000000        41.618245261531904        665.89192418451046        16.000000000000000        0.0000000000000000     
           1         357   1.1425408185663399E-005   1.9222978842252758E-006   2.1467701911684201E-005   2.1790762049062966       0.52343850966488159       0.51379310000000000        0.0000000000000000        1.0000000000000000        44.877720057992562        718.04352092788099        16.000000000000000        0.0000000000000000     
           1         358   1.0951143575939399E-005   1.0780448680852382E-006   2.1384417952988341E-005   2.2737648874710925       0.52088531827690143       0.51379310000000000        0.0000000000000000        0.0000000000000000        49.177680945892348        786.84289513427757        16.000000000000000        0.0000000000000000     
           1         359   1.1391941574689350E-005   1.8569912818603932E-006   2.1467881815970358E-005   2.1884920823252219       0.52263651034544611       0.51379310000000000        0.0000000000000000        0.0000000000000000        49.459869977549978        791.35791964079965        16.000000000000000        0.0000000000000000     
           1         360   1.1393430815255406E-005   1.8607980929406598E-006   2.1466921992693744E-005   2.1874633074357135       0.52274807171560400       0.51379310000000000        0.0000000000000000        0.0000000000000000        49.486113447882644        791.77781516612231        16.000000000000000        0.0000000000000000     
           1         361   1.1358514231268275E-005   1.7896711518335387E-006   2.1470270253645776E-005   2.1985749888037480       0.52175686572593583       0.51379310000000000        0.0000000000000000        0.0000000000000000        43.515456399731157        696.24730239569851        16.000000000000000        0.0000000000000000     
           1         362   1.1366239336587471E-005   1.8059139536674082E-006   2.1468994389012804E-005   2.1963322116510855       0.52194047127701726       0.51379310000000000        0.0000000000000000        0.0000000000000000        43.531109561443714        696.49775298309942        16.000000000000000        0.0000000000000000     
           1         363   1.1392106171964550E-005   1.8575156875066774E-006   2.1467666190220633E-005   2.1882098839283293       0.52267142691683599       0.51379310000000000        0.0000000000000000        0.0000000000000000        46.862717611108344        749.80348177773351        16.000000000000000        0.0000000000000000     
           1         364   1.1767265295137615E-005   2.5195376394539737E-006   2.1539686583624903E-005   2.1164260530560428       0.52403432186919541       0.51379310000000000        0.0000000000000000        0.0000000000000000        49.879844734978633        798.07751575965813        16.000000000000000        0.0000000000000000     
           1         365   1.1113194733852384E-005   1.3388214322988021E-006   2.1442142264548170E-005   2.2580746912807834       0.51836445070383541       0.51379310000000000        1.0000000000000000        0.0000000000000000        50.229282508392330        803.66852013427729        16.000000000000000        0.0000000000000000     
           1         366   1.0539277816360473E-005   3.5793768870812189E-007   2.1298282483593410E-005   2.3490266313513501       0.52060338862224964       0.51379310000000000        0.0000000000000000        0.0000000000000000        41.666541037794332        666.66465660470931        16.000000000000000        0.0000000000000000     
           1         367   1.1128466754850271E-005   1.3623549747784728E-006   2.1448684025377818E-005   2.2562510163868477       0.51823519005675944       0.51379310000000000        0.0000000000000000        1.0000000000000000        46.745002901080305        747.92004641728488        16.000000000000000        0.0000000000000000     
           1         368   1.0864373783983840E-005   9.1793790113534642E-007   2.1375146309424761E-005   2.2937219857146856       0.51938983005033601       0.51379310000000000        0.0000000000000000        0.0000000000000000        45.882310788509628        734.11697261615404        16.000000000000000        0.0000000000000000     
           1         369   1.0863105358804461E-005   8.9569448050766840E-007   2.1396042950051810E-005   2.3040367023318198       0.51688570403393796       0.51379310000000000        0.0000000000000000        0.0000000000000000        50.240399054913929        803.84638487862287        16.000000000000000        0.0000000000000000     
           1         370   1.1693705148675344E-005   2.3363663217963904E-006   2.1581956680302041E-005   2.1443052084104797       0.51983989138296582       0.51379310000000000        0.0000000000000000        0.0000000000000000        49.692845528878472        795.08552846205555        16.000000000000000        0.0000000000000000     
           1         371   1.1650439682030354E-005   2.2850241119996692E-006   2.1547226211621418E-005   2.1487649108351476       0.52121645610719658       0.51379310000000000        0.0000000000000000        0.0000000000000000        42.381842850458831        678.10948560734130        16.000000000000000        0.0000000000000000     
           1         372   1.1299547179078006E-005   1.6702871383644667E-006   2.1475148074550014E-005   2.2188583407955838       0.51988838825419426       0.51379310000000000        0.0000000000000000        1.0000000000000000        44.310081508392337        708.96130413427738        16.000000000000000        0.0000000000000000     
           1         373   1.1364445141834331E-005   1.8020384251475659E-006   2.1469399617855036E-005   2.1971301160781285       0.52187371418480188       0.51379310000000000        0.0000000000000000        0.0000000000000000        49.138406449043131        786.21450318469010        16.000000000000000        0.0000000000000000     
           1         374   1.1374938419524154E-005   1.8225114379121776E-006   2.1469346934512125E-005   2.1940950314246921       0.52214090357109755       0.51379310000000000        0.0000000000000000        0.0000000000000000        47.895316391187663        766.32506225900261        16.000000000000000        0.0000000000000000     
           1         375   1.2066856979334307E-005   3.0418455212174136E-006   2.1603925693500155E-005   2.0612783132584171       0.52459844518981902       0.51379310000000000        0.0000000000000000        0.0000000000000000        52.907588763067920        846.52142020908673        16.000000000000000        0.0000000000000000     
           1         376   9.7445379860688053E-006  -1.0629945591550268E-006   2.1165263709544803E-005   2.5287200333108557       0.51370451696200692       0.51379310000000000        0.0000000000000000        0.0000000000000000        40.490977619088881        647.85564190542209        16.000000000000000        0.0000000000000000     
           1         377   1.0283304187174025E-005  -1.1678774887794754E-007   2.1273472109737803E-005   2.4216590123109158       0.51547825465749753       0.51379310000000000        0.0000000000000000        0.0000000000000000        44.995637383838037        719.93019814140860        16.000000000000000        0.0000000000000000     
           1         378   1.1424550238441169E-005   1.9187926720130924E-006   2.1469641428844711E-005   2.1800764450733623       0.52333865270116464       0.51379310000000000        0.0000000000000000        0.0000000000000000        46.208227806558249        739.33164490493198        16.000000000000000        0.0000000000000000     
           1         379   1.1379735283591889E-005   1.8358520594661374E-006   2.1465115289020862E-005   2.1901369065068512       0.52257859715717681       0.51379310000000000        0.0000000000000000        0.0000000000000000        49.514881820892342        792.23810913427747        16.000000000000000        0.0000000000000000     
           1         380   1.0860477152819007E-005   8.8373409232249118E-007   2.1403276411644968E-005   2.3220483469223705       0.51514797242563448       0.51379310000000000        0.0000000000000000        0.0000000000000000        50.452144667267348        807.23431467627756        16.000000000000000        0.0000000000000000     
           1         381   1.0845911217316710E-005   8.4847141727074686E-007   2.1410581498485286E-005   2.3329115916432945       0.51381416870432228       0.51379310000000000        0.0000000000000000        0.0000000000000000        44.432005875773058        710.91209401236893        16.000000000000000        0.0000000000000000     
           1         382   1.0909758929702760E-005   9.6641368351266346E-007   2.1417265463259588E-005   2.3114068680773587       0.51525010347471523       0.51379310000000000        0.0000000000000000        0.0000000000000000        42.463187278287016        679.41099645259226        16.000000000000000        0.0000000000000000     
           1         383   1.0788243718534548E-005   6.0325107769991624E-007   2.1551108133687033E-005   2.4073477557809864       0.50148576916272769       0.51379310000000000        0.0000000000000000        0.0000000000000000        47.620938431292274        761.93501490067638        16.000000000000000        0.0000000000000000     
           1         384   1.0743918517059307E-005   4.3448209654166835E-007   2.1638287350061621E-005   2.4823960035332835       0.49209635887779213       0.51379310000000000        0.0000000000000000        0.0000000000000000        47.355628359112686        757.69005374580297        16.000000000000000        0.0000000000000000     
           1         385  -4.7774929320389599E-006  -4.7774929320389599E-006   2.0271116301319923E-005   2.9192303937211799       0.45551585814204415        1.0000000000000000        1.0000000000000000        0.0000000000000000        42.391263152230835        678.26021043569335        16.000000000000000        0.0000000000000000     
           1         386   1.1293430245037170E-005   1.6563578442540990E-006   2.1477286754935892E-005   2.2217601837172278       0.51954662648298089       0.51379310000000000        0.0000000000000000        1.0000000000000000        43.600289463615418        697.60463141784669        16.000000000000000        0.0000000000000000     
           1         387   1.0915886324641445E-005   1.0082369238069019E-006   2.1385671717172969E-005   2.2851637147777906       0.51986470892865222       0.51379310000000000        0.0000000000000000        0.0000000000000000        44.502551307024099        712.04082091238558        16.000000000000000        0.0000000000000000     
           1         388   1.0778428628888395E-005   6.3229936312588581E-007   2.1500224655347108E-005   2.3772854765740998       0.50529250342972676       0.51379310000000000        0.0000000000000000        0.0000000000000000        44.318352042683799        709.09363268294078        16.000000000000000        0.0000000000000000     
           1         389   1.1377981613977951E-005   1.8290744246182898E-006   2.1468670632239874E-005   2.1925788779728821       0.52228490128225502       0.51379310000000000        1.0000000000000000        0.0000000000000000        47.659969941168868        762.55951905870188        16.000000000000000        0.0000000000000000     
           1         390   1.1378365889929855E-005   1.8320177650574849E-006   2.1466350648594322E-005   2.1911947399338265       0.52245478232247133       0.51379310000000000        0.0000000000000000        0.0000000000000000        51.071358439409032        817.14173503054451        16.000000000000000        0.0000000000000000     
           1         391   1.0427409998946715E-005   1.4613823358332200E-007   2.1292016182586909E-005   2.3814815134434180       0.51793644763736379       0.51379310000000000        0.0000000000000000        0.0000000000000000        43.002239762163512        688.03583619461619        16.000000000000000        0.0000000000000000     
           1         392   8.8110561628084457E-006  -2.3541162639505195E-006   2.0609713387086978E-005   2.7315886919137538       0.46859517137999479       0.51379310000000000        0.0000000000000000        1.0000000000000000        40.717182979646012        651.47492767433619        16.000000000000000        0.0000000000000000     
           1         393   1.1737879644925420E-005   2.4600713846918009E-006   2.1542088238491202E-005   2.1253924224653256       0.52322867890150626       0.51379310000000000        0.0000000000000000        0.0000000000000000        46.507249303169267        744.11598885070828        16.000000000000000        0.0000000000000000     
           1         394   1.1421952549434105E-005   1.9155401470676480E-006   2.1467735729578558E-005   2.1800609159416489       0.52335498998371677       0.51379310000000000        0.0000000000000000        0.0000000000000000        47.950611073115049        767.20977716984078        16.000000000000000        0.0000000000000000     
           1         395   8.0939079824255731E-006  -3.6566726389709620E-006   2.0511188042143841E-005   2.7370258633623559       0.47723998827635256       0.51379310000000000        1.0000000000000000        0.0000000000000000        46.581707408530605        745.30731853648967        16.000000000000000        0.0000000000000000     
           1         396   9.9828121547915339E-006  -8.1990075287400359E-007   2.1398444786166182E-005   2.5592525456691622       0.49102362322013976       0.51379310000000000        0.0000000000000000        0.0000000000000000        43.421301583771097        694.74082534033755        16.000000000000000        0.0000000000000000     
           1         397   1.1376022648567662E-005   1.8246785899249833E-006   2.1469286798164516E-005   2.1937467339958663       0.52216973939052491       0.51379310000000000        0.0000000000000000        0.0000000000000000        46.007187882338883        736.11500611742213        16.000000000000000        0.0000000000000000     
           1         398   1.0910536956575255E-005   9.9501615432128822E-007   2.1388640354747268E-005   2.2872042023570689       0.51972715967754224       0.51379310000000000        0.0000000000000000        1.0000000000000000        48.286968995367303        772.59150392587685        16.000000000000000        0.0000000000000000     
           1         399   1.1320783117689501E-005   1.7152553389222716E-006   2.1471305240244350E-005   2.2103088776104158       0.52065825270156629       0.51379310000000000        0.0000000000000000        0.0000000000000000        46.783794483670476        748.54071173872762        16.000000000000000        0.0000000000000000     
           1         400   1.1715193260457966E-005   2.4127496337104257E-006   2.1545434971469621E-005   2.1329358839151107       0.52249727438615989       0.51379310000000000        0.0000000000000000        0.0000000000000000        49.809490883392336        796.95185413427737        16.000000000000000        0.0000000000000000     
           1         401   1.1386409351300636E-005   1.8425603682621965E-006   2.1471753172886158E-005   2.1918232803486810       0.52231259393083729       0.51379310000000000        0.0000000000000000        0.0000000000000000        40.424783602620693        646.79653764193108        16.000000000000000        0.0000000000000000     
           1         402   1.0439740171127115E-005   1.6497697705531062E-007   2.1297468502929681E-005   2.3797548597039380       0.51805196964978673       0.51379310000000000        0.0000000000000000        0.0000000000000000        45.363402292792202        725.81443668467523        16.000000000000000        0.0000000000000000     
           1         403   1.1087367151392807E-005   1.2883125644438081E-006   2.1442396323742683E-005   2.2654810837976127       0.51775541417637838       0.51379310000000000        0.0000000000000000        0.0000000000000000        49.419209258186740        790.70734813098784        16.000000000000000        0.0000000000000000     
           1         404   7.8690943408790559E-006  -4.5546613086618246E-006   2.0997743746760277E-005   2.7455756912125144       0.48508608792416930       0.51379310000000000        0.0000000000000000        1.0000000000000000        50.856861106429093        813.70977770286549        16.000000000000000        0.0000000000000000     
           1         405   1.1392229340912233E-005   1.8568820982528648E-006   2.1468589053994338E-005   2.1887804779511124       0.52260385641388474       0.51379310000000000        0.0000000000000000        0.0000000000000000        49.516176054985742        792.25881687977187        16.000000000000000        0.0000000000000000     
           1         406   1.1374850885616194E-005   1.8238091189255466E-006   2.1467795591949098E-005   2.1928952348045105       0.52228181223429115       0.51379310000000000        0.0000000000000000        0.0000000000000000        42.289859559968747        676.63775295949995        16.000000000000000        0.0000000000000000     
           1         407   1.1183616288517846E-005   1.4316013347720377E-006   2.1488936912991601E-005   2.2604094504060392       0.51626417569145933       0.51379310000000000        0.0000000000000000        0.0000000000000000        42.928527977142330        686.85644763427729        16.000000000000000        0.0000000000000000     
           1         408   7.3717965042342812E-006  -5.3231511787857855E-006   2.0787024721679689E-005   2.8744789932335375       0.50304367700074681       0.51379310000000000        0.0000000000000000        1.0000000000000000        47.250133919279975        756.00214270847960        16.000000000000000        0.0000000000000000     
           1         409   1.0907220373285705E-005   9.9020793120177779E-007   2.1386900043312508E-005   2.2884584695428569       0.51955556030687211       0.51379310000000000        0.0000000000000000        0.0000000000000000        53.341728329494650        853.46765327191440        16.000000000000000        0.0000000000000000     
           1         410   1.0731997470622525E-005   6.6374934488604681E-007   2.1371493570104518E-005   2.3370655232897750       0.51635658509092319       0.51379310000000000        0.0000000000000000        0.0000000000000000        52.743146990435314        843.89035184696502        16.000000000000000        0.0000000000000000     
           1         411   1.1114091563436087E-005   1.3372050665655152E-006   2.1445694882054680E-005   2.2591877950933914       0.51818014130399825       0.51379310000000000        0.0000000000000000        0.0000000000000000        41.980349045764648        671.68558473223436        16.000000000000000        0.0000000000000000     
           2           1   1.1383413414449031E-005   1.8484752580044069E-006   2.1459340830757154E-005   2.1884208381797272       0.52253247997945307       0.51379310000000000        0.0000000000000000        0.0000000000000000        43.883902890251605        746.02634913427732        17.000000000000000        0.0000000000000000     
           2           2   9.9193463379373511E-006  -7.3832207031439174E-007   2.1181704996869832E-005   2.4748949510824372       0.51701697799118385       0.51379310000000000        0.0000000000000000        0.0000000000000000        42.941297364806879        730.00205520171698        17.000000000000000        0.0000000000000000     
           2           3   1.1294227941819617E-005   1.6700562412439041E-006   2.1464451797077946E-005   2.2166348886165892       0.52005071733231079       0.51379310000000000        0.0000000000000000        0.0000000000000000        47.772430459879118        812.13131781794505        17.000000000000000        0.0000000000000000     
           2           4   1.0445347676938330E-005   1.9172237020283244E-007   2.1280738808956629E-005   2.3692707754995630       0.51898163173558076       0.51379310000000000        0.0000000000000000        0.0000000000000000        51.748974732531217        879.73257045303069        17.000000000000000        0.0000000000000000     
           2           5   1.1397943814269480E-005   1.8780131295218394E-006   2.1458012271343816E-005   2.1841264417305397       0.52291958926841409       0.51379310000000000        0.0000000000000000        0.0000000000000000        52.475607012480815        892.08531921217389        17.000000000000000        0.0000000000000000     
           2           6   1.1382641114043187E-005   1.8478108798115023E-006   2.1458454484893733E-005   2.1884266920360878       0.52253819475889740       0.51379310000000000        0.0000000000000000        0.0000000000000000        42.327725410975276        719.57133198657971        17.000000000000000        0.0000000000000000     
           2           7   1.1338137444630293E-005   1.7597811904312624E-006   2.1459946396230076E-005   2.2009379907481867       0.52140777254063053       0.51379310000000000        0.0000000000000000        0.0000000000000000        45.324361878822280        770.51415193997877        17.000000000000000        0.0000000000000000     
           2           8   1.1585383310082353E-005   2.5504478583520535E-006   2.1132939081183618E-005   1.9354518499943740       0.51748457494104305       0.51379310000000000        0.0000000000000000        1.0000000000000000        49.871761176470592        847.81994000000009        17.000000000000000        0.0000000000000000     
           2           9   1.1412235380775480E-005   1.9062525517656009E-006   2.1457564614613677E-005   2.1800165110202547       0.52327736007562431       0.51379310000000000        0.0000000000000000        0.0000000000000000        49.389637293614889        839.62383399145313        17.000000000000000        0.0000000000000000     
           2          10   1.1344005146418366E-005   1.7706275148138256E-006   2.1460553000454668E-005   2.1994654611666897       0.52154060244604605       0.51379310000000000        0.0000000000000000        0.0000000000000000        52.516801875772813        892.78563188813780        17.000000000000000        0.0000000000000000     
           2          11   1.1374912310666504E-005   1.8317159820199103E-006   2.1459566447833577E-005   2.1905357343411369       0.52235667074239533       0.51379310000000000        0.0000000000000000        0.0000000000000000        43.208452583044426        734.54369391175521        17.000000000000000        0.0000000000000000     
           2          12   1.2004095858978257E-005   2.9204020228172588E-006   2.1603176446958166E-005   2.0766662595542260       0.52296702824765895       0.51379310000000000        1.0000000000000000        0.0000000000000000        44.174017838244168        750.95830325015083        17.000000000000000        0.0000000000000000     
           2          13   1.1757791239703461E-005   2.5084627333016403E-006   2.1531904207295258E-005   2.1171640785908337       0.52384977647507780       0.51379310000000000        0.0000000000000000        0.0000000000000000        49.618806129087034        843.51970419447957        17.000000000000000        0.0000000000000000     
           2          14   1.2019003674574592E-005   2.9496305020556628E-006   2.1602951079199518E-005   2.0745413577590703       0.52318444500815575       0.51379310000000000        0.0000000000000000        0.0000000000000000        48.490962772282650        824.34636712880501        17.000000000000000        0.0000000000000000     
           2          15   1.1004192662229440E-005   1.1873658098408854E-006   2.1378002455245558E-005   2.2572772552660578       0.52212427630954150       0.51379310000000000        0.0000000000000000        0.0000000000000000        53.247338007898662        905.20474613427723        17.000000000000000        0.0000000000000000     
           2          16   1.1688486727757090E-005   2.3737223770389076E-006   2.1531748210728445E-005   2.1336555939572777       0.52241681543197616       0.51379310000000000        0.0000000000000000        0.0000000000000000        42.489037895903209        722.31364423035450        17.000000000000000        0.0000000000000000     
           2          17   1.1384711953077142E-005   1.8493224748836392E-006   2.1461116298035116E-005   2.1887305576926073       0.52249036254598491       0.51379310000000000        0.0000000000000000        0.0000000000000000        44.887901917360878        763.09433259513492        17.000000000000000        0.0000000000000000     
           2          18   1.1365604974395057E-005   1.8143780747711863E-006   2.1458745317654863E-005   2.1930319305755588       0.52212944962780050       0.51379310000000000        0.0000000000000000        0.0000000000000000        46.142960637054131        784.43033082992019        17.000000000000000        0.0000000000000000     
           2          19   1.1390544284554323E-005   1.8631041084667658E-006   2.1458548303289555E-005   2.1862849871268173       0.52272521647372128       0.51379310000000000        0.0000000000000000        0.0000000000000000        50.449769453451218        857.64608070867075        17.000000000000000        0.0000000000000000     
           2          20   1.1424364264809333E-005   1.9208292415801049E-006   2.1467106810304954E-005   2.1805708952557965       0.52314113277203156       0.51379310000000000        0.0000000000000000        0.0000000000000000        50.479160247253191        858.14572420330421        17.000000000000000        0.0000000000000000     
           2          21   1.2093659885245123E-005   3.1065004434503702E-006   2.1590728951508999E-005   2.0512216016400249       0.52540757420109696       0.51379310000000000        0.0000000000000000        0.0000000000000000        43.836728670984265        745.22438740673249        17.000000000000000        0.0000000000000000     
           2          22   1.1378703067052236E-005   1.8376328515732052E-006   2.1461110460548277E-005   2.1907167876525517       0.52231389599561717       0.51379310000000000        0.0000000000000000        0.0000000000000000        43.333355154957488        736.66703763427734        17.000000000000000        0.0000000000000000     
           2          23   1.1325067467374050E-005   1.7273176926954051E-006   2.1467370280757807E-005   2.2086583661898826       0.52061928105106736       0.51379310000000000        0.0000000000000000        0.0000000000000000        47.888027061147270        814.09646003950354        17.000000000000000        0.0000000000000000     
           2          24   1.1324741945017494E-005   1.7304228622267566E-006   2.1463419417377555E-005   2.2072419926329516       0.52083944179743435       0.51379310000000000        0.0000000000000000        0.0000000000000000        48.817788415494995        829.90240306341491        17.000000000000000        0.0000000000000000     
           2          25   1.1407685965407492E-005   1.8973550651657540E-006   2.1457609969491012E-005   2.1812443046562566       0.52317144438386187       0.51379310000000000        0.0000000000000000        0.0000000000000000        52.012259024260807        832.19614438817291        16.000000000000000        0.0000000000000000     
           2          26   1.1417955498768473E-005   1.9177560249332548E-006   2.1457173243889681E-005   2.1782110265270322       0.52343833127654860       0.51379310000000000        0.0000000000000000        0.0000000000000000        42.913194280776004        686.61110849241607        16.000000000000000        0.0000000000000000     
           2          27   1.1207441113868261E-005   1.3407718227174750E-006   2.1633921284707595E-005   2.3058037051212872       0.50474001669456825       0.51379310000000000        0.0000000000000000        0.0000000000000000        46.399906400918972        742.39850241470356        16.000000000000000        0.0000000000000000     
           2          28   1.1299114160801165E-005   1.6782093348422536E-006   2.1465885786902071E-005   2.2158967921167543       0.52005555410657855       0.51379310000000000        0.0000000000000000        0.0000000000000000        44.222868203358040        707.56589125372864        16.000000000000000        0.0000000000000000     
           2          29   1.1353057422454418E-005   1.7856373825444230E-006   2.1463309665496290E-005   2.1990405802625581       0.52159986902126221       0.51379310000000000        0.0000000000000000        0.0000000000000000        49.643518633392347        794.29629813427755        16.000000000000000        0.0000000000000000     
           2          30   7.2075747888458071E-006  -2.3788872064953158E-006   1.6794036784186664E-005   2.0059295690789649       0.61549232591251546       0.50000000000000000        0.0000000000000000        1.0000000000000000        51.131026233642338        818.09641973827740        16.000000000000000        0.0000000000000000     
           2          31  -9.7386000487949866E-006  -3.1937496394863395E-005   1.2460296297273459E-005   11.500045167267293       0.50004516726729542       0.50000000000000000        0.0000000000000000        1.0000000000000000        51.997681870968748        831.96290993549997        16.000000000000000        3.6250000000000000     
           2          32   1.1722191108919866E-005   2.4362873867727296E-006   2.1534954481269542E-005   2.1278647168518936       0.52290582242747563       0.51379310000000000        0.0000000000000000        0.0000000000000000        44.310814403203381        708.97303045125409        16.000000000000000        0.0000000000000000     
           2          33   1.1674776373020987E-005   2.3378505939047391E-006   2.1541456670075893E-005   2.1420596747077498       0.52144917762794030       0.51379310000000000        0.0000000000000000        0.0000000000000000        45.499596312922591        727.99354100676146        16.000000000000000        0.0000000000000000     
           2          34   1.1412820464167873E-005   1.9044574860126478E-006   2.1460664891039427E-005   2.1810417637654269       0.52316092249836288       0.51379310000000000        0.0000000000000000        0.0000000000000000        44.288250366735774        708.61200586777238        16.000000000000000        0.0000000000000000     
           2          35   1.1315201052499650E-005   1.7106832206495655E-006   2.1464655926199870E-005   2.2105449687749354       0.52050111347173622       0.51379310000000000        0.0000000000000000        0.0000000000000000        48.959641622735525        783.35426596376840        16.000000000000000        0.0000000000000000     
           2          36   1.0963532299333756E-005   1.1081120430302763E-006   2.1378125192377828E-005   2.2692037421637283       0.52110583157513535       0.51379310000000000        0.0000000000000000        0.0000000000000000        41.388270026115414        662.21232041784663        16.000000000000000        0.0000000000000000     
           2          37   1.0972578631960722E-005   1.1260294411634961E-006   2.1377797136762769E-005   2.2664677299711031       0.52134575888836077       0.51379310000000000        0.0000000000000000        0.0000000000000000        43.952758005855031        703.24412809368050        16.000000000000000        0.0000000000000000     
           2          38   1.1324909695042224E-005   1.7318206103224357E-006   2.1462287382225332E-005   2.2066979556139601       0.52092317284003997       0.51379310000000000        0.0000000000000000        0.0000000000000000        47.594357565383241        761.50972104613186        16.000000000000000        0.0000000000000000     
           2          39   1.1400729989214549E-005   1.8836681577636543E-006   2.1457766821215725E-005   2.1831875108241863       0.52300218074343152       0.51379310000000000        0.0000000000000000        0.0000000000000000        47.113643728352606        753.81829965364170        16.000000000000000        0.0000000000000000     
           2          40   1.1342457571397895E-005   1.7689112660984690E-006   2.1459183669265939E-005   2.1987232633692311       0.52165595840625234       0.51379310000000000        0.0000000000000000        0.0000000000000000        48.648627272937325        778.37803636699721        16.000000000000000        0.0000000000000000     
           2          41   1.1362043810677986E-005   1.8065046324494063E-006   2.1459741100768965E-005   2.1949329062983769       0.52197038345243751       0.51379310000000000        0.0000000000000000        0.0000000000000000        41.714034885353264        667.42455816565223        16.000000000000000        0.0000000000000000     
           2          42   1.0991894974706334E-005   1.1636117845394805E-006   2.1377811110313868E-005   2.2605935709081675       0.52185107582436474       0.51379310000000000        0.0000000000000000        0.0000000000000000        43.947188883248053        703.15502213196885        16.000000000000000        0.0000000000000000     
           2          43   1.1358533996978374E-005   1.8004018582688219E-006   2.1458971365837311E-005   2.1946382476290300       0.52200241946208314       0.51379310000000000        0.0000000000000000        0.0000000000000000        46.412829695892341        742.60527513427746        16.000000000000000        0.0000000000000000     
           2          44   1.1409723931720546E-005   1.8992586142079951E-006   2.1459789979585168E-005   2.1815884517875235       0.52312146126719361       0.51379310000000000        0.0000000000000000        0.0000000000000000        48.052650799648305        768.84241279437288        16.000000000000000        0.0000000000000000     
           2          45   1.1036304925500245E-005   1.2058504704008281E-006   2.1424515518345372E-005   2.2720086484999622       0.51761747687028858       0.51379310000000000        0.0000000000000000        0.0000000000000000        46.672434840436168        746.75895744697868        16.000000000000000        0.0000000000000000     
           2          46   1.1295410308378822E-005   1.6725719763644275E-006   2.1464225142978211E-005   2.2124638578668048       0.52041597492872116       0.51379310000000000        0.0000000000000000        0.0000000000000000        40.354242161729104        645.66787458766566        16.000000000000000        0.0000000000000000     
           2          47  -1.2435547091998769E-005  -3.7366898403209913E-005   1.2495804219212385E-005   13.999999999910266       0.33341324249546883       0.50000000000000000        0.0000000000000000        1.0000000000000000        48.809835912946177        780.95737460713883        16.000000000000000        5.2500000000000000     
           2          48   1.1291968750694539E-005   1.6671425024078058E-006   2.1462884291113335E-005   2.2165141348166015       0.52013131922527023       0.51379310000000000        0.0000000000000000        0.0000000000000000        45.275486767274124        724.40778827638599        16.000000000000000        0.0000000000000000     
           2          49  -2.1665828650087824E-005  -6.3059985113630745E-005   1.9728327813455063E-005   21.500043783439118       0.50004378343910894       0.50000000000000000        0.0000000000000000        1.0000000000000000        56.089293241294250        897.42869186070800        16.000000000000000        3.6250000000000000     
           2          50   6.1238687906845818E-006  -8.1304088266030169E-006   2.0378146407972365E-005   3.1302633142038583       0.47249594350091650       0.50000000000000000        0.0000000000000000        1.0000000000000000        58.719506695892335        939.51210713427736        16.000000000000000        0.0000000000000000     
           2          51   1.1403774185321766E-005   1.8897626718195996E-006   2.1457587631733635E-005   2.1822511680862076       0.52308542784749845       0.51379310000000000        0.0000000000000000        0.0000000000000000        40.873868189593018        653.98189103348830        16.000000000000000        0.0000000000000000     
           2          52   1.0106905069347665E-005  -4.2074503949792017E-007   2.1231868505981702E-005   2.4617056316333223       0.51359950838644208       0.51379310000000000        0.0000000000000000        0.0000000000000000        43.997929177294040        703.96686683670464        16.000000000000000        0.0000000000000000     
           2          53   1.1405963114085522E-005   1.8938601556023185E-006   2.1457759718696181E-005   2.1816569421610179       0.52313752785527490       0.51379310000000000        0.0000000000000000        0.0000000000000000        43.151021535090202        690.41634456144322        16.000000000000000        0.0000000000000000     
           2          54   1.0990143269143924E-005   1.1562938069276779E-006   2.1381941493573476E-005   2.2630840883293195       0.52159285724000515       0.51379310000000000        0.0000000000000000        0.0000000000000000        48.737199550417067        779.79519280667307        16.000000000000000        0.0000000000000000     
           2          55   1.1275627556455755E-005   1.6270494655065952E-006   2.1471642561468801E-005   2.2245753037120082       0.51902304341861993       0.51379310000000000        0.0000000000000000        0.0000000000000000        53.138445484761874        850.21512775618999        16.000000000000000        0.0000000000000000     
           2          56   1.0800325685588239E-005   6.5439698088290139E-007   2.1521909771642434E-005   2.3848125319335871       0.50412253488016745       0.51379310000000000        0.0000000000000000        0.0000000000000000        42.425461180526348        678.80737888842157        16.000000000000000        0.0000000000000000     
           2          57   1.1406257442237040E-005   1.8945768404009249E-006   2.1457607726709490E-005   2.1816163054319673       0.52313953820311643       0.51379310000000000        0.0000000000000000        0.0000000000000000        42.869240303169249        685.90784485070799        16.000000000000000        0.0000000000000000     
           2          58   1.1175121766354399E-005   1.4370055223440301E-006   2.1465755102019922E-005   2.2449079020421259       0.51731847015483778       0.51379310000000000        0.0000000000000000        0.0000000000000000        45.838239445346218        733.41183112553949        16.000000000000000        0.0000000000000000     
           2          59   1.1368959136480908E-005   1.8202845738644882E-006   2.1459402329323020E-005   2.1927355509776572       0.52215206642744316       0.51379310000000000        0.0000000000000000        0.0000000000000000        46.689569207917671        747.03310732668274        16.000000000000000        0.0000000000000000     
           2          60   1.2060031016049971E-005   3.0341018759872796E-006   2.1598069479209037E-005   2.0622793355471511       0.52435507627889577       0.51379310000000000        0.0000000000000000        0.0000000000000000        50.772957210008258        812.36731536013212        16.000000000000000        0.0000000000000000     
           2          61  -1.4062113419819323E-005  -3.4012010251678215E-005   5.8877834120395574E-006   10.680352204868003       0.33306403109585686       0.50000000000000000        0.0000000000000000        1.0000000000000000        48.727964866406253        779.64743786250006        16.000000000000000        5.4375000000000000     
           2          62   1.1074711609079216E-005   1.2607834737281158E-006   2.1445458218884909E-005   2.2546004241379700       0.51697868676950476       0.51379310000000000        0.0000000000000000        0.0000000000000000        45.433180326736164        726.93088522777862        16.000000000000000        0.0000000000000000     
           2          63   1.0005292459755523E-005  -5.7767129330037794E-007   2.1188707902585073E-005   2.4499005297023255       0.51904011955787299       0.51379310000000000        0.0000000000000000        0.0000000000000000        45.639091842193906        730.22546947510250        16.000000000000000        0.0000000000000000     
           2          64   1.0531427881080124E-005   3.5067010876731214E-007   2.1289817151544400E-005   2.3491528833876330       0.52050549435552018       0.51379310000000000        0.0000000000000000        0.0000000000000000        49.569740383392343        793.11584613427749        16.000000000000000        0.0000000000000000     
           2          65   1.1964170983683007E-005   2.8425044317929994E-006   2.1603378767163636E-005   2.0857701995188309       0.52212795266981626       0.51379310000000000        0.0000000000000000        0.0000000000000000        49.269573122545324        788.31316996072519        16.000000000000000        0.0000000000000000     
           2          66   1.2081926896998550E-005   3.0808547401797465E-006   2.1593698051985327E-005   2.0551246596938579       0.52502723515422189       0.51379310000000000        0.0000000000000000        1.0000000000000000        42.896770073441246        686.34832117505994        16.000000000000000        0.0000000000000000     
           2          67   1.2092389357889070E-005   3.1024695911229594E-006   2.1592375363266409E-005   2.0521122341956191       0.52531310777080009       0.51379310000000000        0.0000000000000000        0.0000000000000000        47.077717806094014        753.24348489750423        16.000000000000000        0.0000000000000000     
           2          68   1.1409895749266545E-005   1.9016563637749192E-006   2.1457609571127242E-005   2.1806665031371786       0.52322112909426666       0.51379310000000000        0.0000000000000000        0.0000000000000000        46.754249300667752        748.06798881068403        16.000000000000000        0.0000000000000000     
           2          69   1.1608791437684501E-005   2.2099372206064287E-006   2.1540913842036677E-005   2.1619546019183309       0.52005877689200652       0.51379310000000000        0.0000000000000000        0.0000000000000000        47.617747287633463        761.88395660213541        16.000000000000000        0.0000000000000000     
           2          70   1.0923149510398608E-005   1.0303141770467736E-006   2.1377280321196623E-005   2.2795334723922362       0.52023815545176511       0.51379310000000000        0.0000000000000000        0.0000000000000000        51.584962441721842        825.35939906754948        16.000000000000000        0.0000000000000000     
           2          71   1.1393453563641110E-005   1.8691128062487798E-006   2.1458182310183219E-005   2.1854365819346815       0.52280466198420461       0.51379310000000000        0.0000000000000000        0.0000000000000000        41.619652070892329        665.91443313427726        16.000000000000000        0.0000000000000000     
           2          72   1.0504763760235894E-005   2.9970248755093732E-007   2.1288835452724793E-005   2.3567176740725491       0.51988349192957994       0.51379310000000000        0.0000000000000000        0.0000000000000000        44.880566504978589        718.08906407965742        16.000000000000000        0.0000000000000000     
           2          73   1.1360005511070512E-005   1.8057405740217185E-006   2.1456356262628782E-005   2.1928875756464712       0.52220574998725855       0.51379310000000000        0.0000000000000000        0.0000000000000000        46.522307926337135        744.35692682139415        16.000000000000000        0.0000000000000000     
           2          74   1.1770443767488655E-005   2.5330934509159849E-006   2.1531898931818649E-005   2.1138362917966007       0.52414563972134631       0.51379310000000000        0.0000000000000000        0.0000000000000000        47.812172312273638        764.99475699637821        16.000000000000000        0.0000000000000000     
           2          75   1.1257165174932055E-005   1.5826777453847825E-006   2.1480559551560805E-005   2.2354066466758358       0.51784288431741976       0.51379310000000000        0.0000000000000000        0.0000000000000000        49.326172472819160        789.21875956510655        16.000000000000000        0.0000000000000000     
           2          76   1.1397101858873610E-005   1.8765733497777856E-006   2.1457802059399231E-005   2.1841609253249272       0.52291766870760292       0.51379310000000000        0.0000000000000000        0.0000000000000000        44.662355489349537        714.59768782959259        16.000000000000000        0.0000000000000000     
           2          77   1.1389438381333425E-005   1.8612553311931501E-006   2.1458227422992239E-005   2.1860751208001759       0.52276224214849387       0.51379310000000000        0.0000000000000000        0.0000000000000000        43.945764880745365        703.13223809192584        16.000000000000000        0.0000000000000000     
           2          78   1.0486550616595078E-005   2.6830448242652407E-007   2.1284555247622581E-005   2.3594949464894186       0.51972515935285701       0.51379310000000000        0.0000000000000000        0.0000000000000000        48.191652195892345        771.06643513427753        16.000000000000000        0.0000000000000000     
           2          79   1.1359608118403401E-005   1.8000434613888677E-006   2.1461559283181206E-005   2.1964221158980788       0.52185193094253390       0.51379310000000000        0.0000000000000000        0.0000000000000000        47.762424224613369        764.19878759381390        16.000000000000000        0.0000000000000000     
           2          80   9.5080936951582530E-006  -2.5115185081791676E-006   2.1527705898496105E-005   2.6231811633230904       0.51387184493941340       0.50000000000000000        0.0000000000000000        1.0000000000000000        50.977797840030341        815.64476544048546        16.000000000000000        0.0000000000000000     
           2          81   1.1411394079101540E-005   1.9046527365805990E-006   2.1457524862667625E-005   2.1802038042436536       0.52326173015761435       0.51379310000000000        0.0000000000000000        0.0000000000000000        43.503531563260488        696.05650501216780        16.000000000000000        0.0000000000000000     
           2          82   1.1706373943570359E-005   2.4052816475704895E-006   2.1535187652606449E-005   2.1322273276715169       0.52250311225386870       0.51379310000000000        0.0000000000000000        0.0000000000000000        45.900705023195549        734.41128037112878        16.000000000000000        0.0000000000000000     
           2          83   1.1253812870210406E-005   1.5768006699774581E-006   2.1479875266889008E-005   2.2366321254062349       0.51783616566078450       0.51379310000000000        0.0000000000000000        0.0000000000000000        45.551607978226244        728.82572765161990        16.000000000000000        0.0000000000000000     
           2          84   1.1282757398931482E-005   1.6404560917771903E-006   2.1472139490664273E-005   2.2236167085315373       0.51914752459405822       0.51379310000000000        0.0000000000000000        0.0000000000000000        48.997494915159464        783.95991864255143        16.000000000000000        0.0000000000000000     
           2          85   1.0382061152366518E-005  -1.3513966331565627E-006   2.2115518937889209E-005   2.8205017339334364       0.48204520555785096       0.50000000000000000        0.0000000000000000        1.0000000000000000        47.063028722007751        753.00845955212401        16.000000000000000        0.0000000000000000     
           2          86   1.1188851865236979E-005   1.4673025314284766E-006   2.1461978324406262E-005   2.2467387707115001       0.51784764696458430       0.51379310000000000        0.0000000000000000        0.0000000000000000        42.384494314038243        678.15190902461188        16.000000000000000        0.0000000000000000     
           2          87   1.1302889950507319E-005   1.6959762867127120E-006   2.1454876589844601E-005   2.2067189804046778       0.52103927400838101       0.51379310000000000        0.0000000000000000        0.0000000000000000        44.189107817048360        707.02572507277375        16.000000000000000        0.0000000000000000     
           2          88   1.1311386452814259E-005   1.7087373247425592E-006   2.1458866597017159E-005   2.2062755582787661       0.52102196118105359       0.51379310000000000        0.0000000000000000        1.0000000000000000        47.135759328240646        754.17214925185033        16.000000000000000        0.0000000000000000     
           2          89   1.1376526549429561E-005   1.8349907167011025E-006   2.1459425978168238E-005   2.1906991716132365       0.52233848596781096       0.51379310000000000        0.0000000000000000        0.0000000000000000        48.488482817250656        775.81572507601049        16.000000000000000        0.0000000000000000     
           2          90   1.1336438073702401E-005   1.7548228540802799E-006   2.1461690896516840E-005   2.2030894922977899       0.52123125813049198       0.51379310000000000        0.0000000000000000        0.0000000000000000        50.610192770790910        809.76308433265456        16.000000000000000        0.0000000000000000     
           2          91   1.0931746507903098E-005   1.0223353804166396E-006   2.1403393583182604E-005   2.2922116662446554       0.51692442690892915       0.51379310000000000        0.0000000000000000        0.0000000000000000        39.638879489847596        634.22207183756154        16.000000000000000        0.0000000000000000     
           2          92   1.1778440867828370E-005   2.5505171310045557E-006   2.1529934611142984E-005   2.1109781909514727       0.52441719751535509       0.51379310000000000        0.0000000000000000        0.0000000000000000        44.773425557365414        716.37480891784662        16.000000000000000        0.0000000000000000     
           2          93   1.1407869791158768E-005   1.8934785561605903E-006   2.1462084503543074E-005   2.1830480709955435       0.52297440916429561       0.51379310000000000        0.0000000000000000        0.0000000000000000        44.987597415433100        719.80155864692961        16.000000000000000        0.0000000000000000     
           2          94   1.1396862851055443E-005   1.8767869699059071E-006   2.1457084742622887E-005   2.1837129959662125       0.52297273020508617       0.51379310000000000        0.0000000000000000        0.0000000000000000        47.821984654486002        765.15175447177603        16.000000000000000        0.0000000000000000     
           2          95   1.1445840503337620E-005   1.8861028050374356E-006   2.1547974527344041E-005   2.2102380030100557       0.51623646471585505       0.51379310000000000        0.0000000000000000        0.0000000000000000        51.454217122612128        823.26747396179405        16.000000000000000        0.0000000000000000     
           2          96   1.1396613453283052E-005   1.8754748067599063E-006   2.1457958408952530E-005   2.1844154674645022       0.52289384532341476       0.51379310000000000        1.0000000000000000        0.0000000000000000        41.410394320630253        662.56630913008405        16.000000000000000        0.0000000000000000     
           2          97   1.0961729441892887E-005   1.1055838627519156E-006   2.1377088810833056E-005   2.2689847266137337       0.52113784672779717       0.51379310000000000        0.0000000000000000        0.0000000000000000        42.166781074772118        674.66849719635388        16.000000000000000        0.0000000000000000     
           2          98   1.1253831444993794E-005   1.5826979832347612E-006   2.1473681557838571E-005   2.2339081008658122       0.51840557675212917       0.51379310000000000        0.0000000000000000        0.0000000000000000        44.073178513813183        705.17085622101092        16.000000000000000        0.0000000000000000     
           2          99   1.1379851166651950E-005   1.8435141783938987E-006   2.1457256781096943E-005   2.1882897990278853       0.52257566928725052       0.51379310000000000        0.0000000000000000        0.0000000000000000        47.169422088615420        754.71075341784672        16.000000000000000        0.0000000000000000     
           2         100   1.1399891025893495E-005   1.8777400474277166E-006   2.1462305750765315E-005   2.1853004868777601       0.52277626900425955       0.51379310000000000        0.0000000000000000        0.0000000000000000        48.874454627276492        781.99127403642387        16.000000000000000        0.0000000000000000     
           2         101   1.1921310691030888E-005   2.7577027641093458E-006   2.1604839501415695E-005   2.0955641728923480       0.52122754517163583       0.51379310000000000        0.0000000000000000        0.0000000000000000        42.866838668990049        685.86941870384078        16.000000000000000        0.0000000000000000     
           2         102   1.1130410423527602E-005   1.3552203597525342E-006   2.1460221057552625E-005   2.2631455299062710       0.51665355599426066       0.51379310000000000        0.0000000000000000        0.0000000000000000        42.549765371619301        680.79624594590882        16.000000000000000        0.0000000000000000     
           2         103   1.1405456679552930E-005   1.8898100520203609E-006   2.1460998012398585E-005   2.1832368987209501       0.52296772362737742       0.51379310000000000        0.0000000000000000        0.0000000000000000        44.276918597251104        708.43069755601766        16.000000000000000        0.0000000000000000     
           2         104   1.2095062392667703E-005   3.1045685488481647E-006   2.1595655046838084E-005   2.0526586377513745       0.52523624782246847       0.51379310000000000        0.0000000000000000        0.0000000000000000        45.447001730451163        727.15202768721861        16.000000000000000        0.0000000000000000     
           2         105   1.1768928082815404E-005   2.5319559479963564E-006   2.1529983608276405E-005   2.1135331264148025       0.52418971770235701       0.51379310000000000        0.0000000000000000        0.0000000000000000        49.384631360946145        790.15410177513832        16.000000000000000        0.0000000000000000     
           2         106   1.1354165125828770E-005   1.7905535560103583E-006   2.1460392815425933E-005   2.1972461867435662       0.52173520991790145       0.51379310000000000        0.0000000000000000        0.0000000000000000        43.638660883392326        698.21857413427722        16.000000000000000        0.0000000000000000     
           2         107   1.0485884230065406E-005  -3.9876650310656250E-007   2.1988103640390375E-005   2.6660533756312401       0.46318545052898114       0.51379310000000000        0.0000000000000000        0.0000000000000000        46.233806125839834        739.74089801343735        16.000000000000000        0.0000000000000000     
           2         108   1.0854711600607908E-005   8.9304433837389683E-007   2.1381579696951206E-005   2.3056522585041246       0.51804406524011715       0.51379310000000000        0.0000000000000000        0.0000000000000000        44.815567959931933        717.04908735891092        16.000000000000000        0.0000000000000000     
           2         109   1.1393315046714927E-005   1.8689917262348671E-006   2.1458025367016386E-005   2.1853238930805019       0.52281405305106798       0.51379310000000000        0.0000000000000000        0.0000000000000000        47.871755623361437        765.94808997378300        16.000000000000000        0.0000000000000000     
           2         110   1.0839684291284637E-005   8.5356749456304991E-007   2.1392389129388977E-005   2.3144127754349539       0.51676284040565468       0.51379310000000000        0.0000000000000000        0.0000000000000000        46.566543571026990        745.06469713643185        16.000000000000000        0.0000000000000000     
           2         111   1.1364466988652187E-005   1.8082015424878524E-006   2.1462931753359844E-005   2.1956244308056938       0.52188676220914587       0.51379310000000000        0.0000000000000000        0.0000000000000000        42.041691034170306        672.66705654672489        16.000000000000000        0.0000000000000000     
           2         112   1.0988981049817051E-005   1.1579752727727205E-006   2.1377774245276936E-005   2.2614189466859602       0.52178093548476745       0.51379310000000000        0.0000000000000000        0.0000000000000000        45.660135294620545        730.56216471392872        16.000000000000000        0.0000000000000000     
           2         113   1.1393735026908039E-005   1.8680989102559094E-006   2.1459832628251691E-005   2.1854960576182840       0.52280277645034834       0.51379310000000000        0.0000000000000000        0.0000000000000000        47.035828445892342        752.57325513427747        16.000000000000000        0.0000000000000000     
           2         114   1.1218721466248854E-005   1.5225898940274674E-006   2.1464988021700062E-005   2.2339451788667022       0.51832853747175223       0.51379310000000000        1.0000000000000000        0.0000000000000000        46.758821739513003        748.14114783220805        16.000000000000000        0.0000000000000000     
           2         115   1.1564571633028928E-005   2.1269219851139043E-006   2.1537690626848703E-005   2.1718788832120066       0.51948442958332519       0.51379310000000000        0.0000000000000000        0.0000000000000000        49.702422908698011        795.23876653916818        16.000000000000000        0.0000000000000000     
           2         116   1.0257335142552553E-005  -3.1201037561791200E-007   2.1426359684886694E-005   2.5127906057392178       0.49911901239050871       0.51379310000000000        0.0000000000000000        0.0000000000000000        41.047017847270851        656.75228555633362        16.000000000000000        0.0000000000000000     
           2         117   7.6551346556394275E-006  -1.6671270890942667E-006   2.1638527272740025E-005   2.5706156550430306       0.50199175069106550       0.59999999999999998        0.0000000000000000        1.0000000000000000        47.271822928405328        756.34916685448525        16.000000000000000        0.0000000000000000     
           2         118   7.8626182082953382E-006  -4.4950845116300458E-006   2.0921467001574701E-005   2.8227797024679449       0.48279477269892324       0.51379310000000000        0.0000000000000000        1.0000000000000000        50.503651071407262        808.05841714251619        16.000000000000000        0.0000000000000000     
           2         119   6.3120337641375098E-006  -7.7082441521880975E-006   2.0332311680463381E-005   3.2180666812612007       0.49554390453601993       0.50000000000000000        0.0000000000000000        1.0000000000000000        53.626402670713503        858.02244273141605        16.000000000000000        0.0000000000000000     
           2         120   1.1012935250100166E-005   1.2001436112463012E-006   2.1382480881354776E-005   2.2567942794312712       0.52211852864798702       0.51379310000000000        0.0000000000000000        0.0000000000000000        49.486513008392343        791.78420813427749        16.000000000000000        0.0000000000000000     
           2         121   9.8766651851028273E-006  -9.8671995972103584E-007   2.1356412449185506E-005   2.4931804295734974       0.49660353706327104       0.51379310000000000        0.0000000000000000        0.0000000000000000        43.515985133878196        696.25576214205114        16.000000000000000        0.0000000000000000     
           2         122   9.8992025066961751E-006  -7.7874781381667747E-007   2.1182993824389251E-005   2.4797779785312479       0.51663435081764897       0.51379310000000000        0.0000000000000000        0.0000000000000000        43.531746028084200        696.50793644934720        16.000000000000000        0.0000000000000000     
           2         123   1.0974600937006826E-005   1.1295147790490384E-006   2.1378273400035065E-005   2.2661314732305495       0.52137135685436953       0.51379310000000000        0.0000000000000000        0.0000000000000000        46.863459403604892        749.81535045767828        16.000000000000000        0.0000000000000000     
           2         124   1.1366870720365900E-005   1.8156727693682347E-006   2.1459980472524793E-005   2.1936478251617544       0.52207521107305732       0.51379310000000000        0.0000000000000000        0.0000000000000000        51.275661439837023        820.41058303739237        16.000000000000000        0.0000000000000000     
           2         125   1.0722245345115213E-005   6.5500178213182510E-007   2.1360679885390759E-005   2.3358649962556770       0.51644472286497722       0.51379310000000000        0.0000000000000000        0.0000000000000000        51.471140887468856        823.53825419950169        16.000000000000000        0.0000000000000000     
           2         126   1.1147356684826086E-005   1.4013635806953430E-006   2.1446313794546673E-005   2.2504697868859167       0.51830371635836370       0.51379310000000000        0.0000000000000000        0.0000000000000000        41.794367646661044        668.70988234657671        16.000000000000000        0.0000000000000000     
           2         127   6.8926750662390988E-006  -2.6563331746366352E-006   1.6441683307114840E-005   2.4456933597386405       0.50758585367891984       0.50000000000000000        0.0000000000000000        1.0000000000000000        50.349026026115411        805.58441641784657        16.000000000000000        0.0000000000000000     
           2         128   1.1736985026318457E-005   2.4679779908795293E-006   2.1531893034945974E-005   2.1215912402863690       0.52351411152910599       0.51379310000000000        0.0000000000000000        0.0000000000000000        45.444542936299193        727.11268698078709        16.000000000000000        0.0000000000000000     
           2         129   1.1719721345256975E-005   2.4343273550323062E-006   2.1531946064731625E-005   2.1261842735643190       0.52307201034587436       0.51379310000000000        0.0000000000000000        0.0000000000000000        48.847253414207145        781.55605462731432        16.000000000000000        0.0000000000000000     
           2         130   1.2081235170388531E-005   3.0774843867746151E-006   2.1595836930956764E-005   2.0560025998119387       0.52493008919485840       0.51379310000000000        0.0000000000000000        0.0000000000000000        51.915027979101403        830.64044766562245        16.000000000000000        0.0000000000000000     
           2         131   1.1758305143640619E-005   2.5117976213761965E-006   2.1529437071299129E-005   2.1160739624569551       0.52396876274446025       0.51379310000000000        0.0000000000000000        0.0000000000000000        42.403662638303835        678.45860221286136        16.000000000000000        0.0000000000000000     
           2         132   1.3959494090031379E-005   6.7756200302289547E-006   2.4735305179734934E-005   2.4191440245100653       0.42482350845888794       0.59999999999999998        0.0000000000000000        1.0000000000000000        49.922232083115411        798.75571332984657        16.000000000000000        0.0000000000000000     
           2         133  -3.2936258543136171E-005  -6.7801333416737169E-005   1.9361353767265139E-005   16.680820949504138       0.43737728736826892       0.59999999999999998        0.0000000000000000        1.0000000000000000        56.014173320499992        896.22677312799988        16.000000000000000        12.625000000000000     
           2         134   1.1775117245524929E-005   2.5424762307644368E-006   2.1531595913682696E-005   2.1125350764481672       0.52426350574872005       0.51379310000000000        0.0000000000000000        0.0000000000000000        47.817438695892335        765.07901913427736        16.000000000000000        0.0000000000000000     
           2         135   1.1384506258991984E-005   1.8519288719406644E-006   2.1457938961578389E-005   2.1871810088104122       0.52267605595632194       0.51379310000000000        0.0000000000000000        0.0000000000000000        52.291232002095221        836.65971203352353        16.000000000000000        0.0000000000000000     
           2         136  -3.9601022514736294E-005  -7.8618360105374825E-005   1.8924983871221416E-005   17.197125727402256       0.69458556460011855       0.59999999999999998        0.0000000000000000        1.0000000000000000        50.186871875748082        802.98995001196931        16.000000000000000        5.3750000000000000     
           2         137   1.1742809816329695E-005   2.4783032858120052E-006   2.1532961972304870E-005   2.1213330441144671       0.52346296468387288       0.51379310000000000        0.0000000000000000        0.0000000000000000        44.338967578283963        709.42348125254341        16.000000000000000        0.0000000000000000     
           2         138   1.1418104169361132E-005   1.9177928308881243E-006   2.1457440126048455E-005   2.1783716227502081       0.52341928171336150       0.51379310000000000        0.0000000000000000        0.0000000000000000        46.262440628829445        740.19905006127112        16.000000000000000        0.0000000000000000     
           2         139   1.0928991886713124E-005   1.0337458616875559E-006   2.1385670165982048E-005   2.2834262398044749       0.51988104579155825       0.51379310000000000        0.0000000000000000        0.0000000000000000        51.234214633650375        819.74743413840599        16.000000000000000        0.0000000000000000     
           2         140   1.1319058967379778E-005   1.7267095481817828E-006   2.1455655022212930E-005   2.2030492349205799       0.52133947817452098       0.51379310000000000        1.0000000000000000        0.0000000000000000        49.831051893694557        797.29683029911291        16.000000000000000        0.0000000000000000     
           2         141  -2.6358116488941639E-005  -5.0133123765323019E-005   9.3043944256305582E-006   9.2996121502796676       0.59499886045269290       0.59999999999999998        0.0000000000000000        1.0000000000000000        47.971277437499992        767.54043899999988        16.000000000000000        9.0000000000000000     
           2         142  -2.2681741683475366E-005  -6.4839813098912616E-005   1.9476329731961876E-005   20.422147311603485       0.49006070846943894       0.50000000000000000        0.0000000000000000        1.0000000000000000        50.678529034289909        810.85646454863854        16.000000000000000        18.062500000000000     
           2         143   1.0867918283949316E-005   9.1663828610370543E-007   2.1383809767721093E-005   2.2994261250466947       0.51832562619055400       0.51379310000000000        0.0000000000000000        0.0000000000000000        46.986280336651042        751.78048538641667        16.000000000000000        0.0000000000000000     
           2         144   1.2068806416041840E-005   3.0546329774927716E-006   2.1594422187702045E-005   2.0585675164219781       0.52470367488489233       0.51379310000000000        0.0000000000000000        0.0000000000000000        48.161374004808820        770.58198407694113        16.000000000000000        0.0000000000000000     
           2         145   1.0940570050427962E-005   1.0646628281037785E-006   2.1376812290244802E-005   2.2744521376121885       0.52068535392228665       0.51379310000000000        0.0000000000000000        0.0000000000000000        51.530091067603713        824.48145708165941        16.000000000000000        0.0000000000000000     
           2         146   9.6806140494762567E-006  -1.6602219605245231E-006   2.1664901582560976E-005   2.7840659064614757       0.46427107183726030       0.51379310000000000        0.0000000000000000        0.0000000000000000        42.912865062634758        686.60584100215613        16.000000000000000        0.0000000000000000     
           2         147   1.1410591056545449E-005   1.9029825255254671E-006   2.1457638230782078E-005   2.1805112246153713       0.52323444670702179       0.51379310000000000        0.0000000000000000        0.0000000000000000        46.398569388416327        742.37711021466123        16.000000000000000        0.0000000000000000     
           2         148   1.0472341651361745E-005  -1.6243737469964431E-007   2.1710512240086808E-005   2.5569388087550378       0.48198714968836548       0.51379310000000000        0.0000000000000000        0.0000000000000000        44.225451338615429        707.60722141784686        16.000000000000000        0.0000000000000000     
           2         149   1.0901411850084408E-005   5.5523147440034613E-007   2.1834609401130955E-005   2.4699251033528813       0.48362532738610997       0.51379310000000000        0.0000000000000000        0.0000000000000000        49.643359714778995        794.29375543646393        16.000000000000000        0.0000000000000000     
           2         150  -2.0051956473161590E-005  -5.0288709090176852E-005   1.0184796143853737E-005   10.565327455150864       0.43775970776634837       0.50000000000000000        0.0000000000000000        1.0000000000000000        60.786183784687509        972.57894055500014        16.000000000000000        12.625000000000000     
           2         151  -3.1703092376852706E-005  -6.5796005455122334E-005   1.9436277240551325E-005   22.452714294850690       0.45011864314581090       0.59999999999999998        0.0000000000000000        1.0000000000000000        46.263189001767330        740.21102402827728        16.000000000000000        16.250000000000000     
           2         152   1.1000439446752941E-005   1.1800713344057700E-006   2.1377991422226961E-005   2.2583801283774689       0.52203057478773673       0.51379310000000000        0.0000000000000000        0.0000000000000000        45.521850641419711        728.34961026271537        16.000000000000000        0.0000000000000000     
           2         153   1.1358527602230385E-005   1.8001537090865566E-006   2.1459220442084290E-005   2.1957269163275370       0.52193837994993098       0.51379310000000000        0.0000000000000000        0.0000000000000000        46.464725182210003        743.43560291536005        16.000000000000000        0.0000000000000000     
           2         154   1.0556778511217045E-005   7.0120101985705903E-008   2.1638424478643734E-005   2.5036706632064307       0.48916307087199806       0.51379310000000000        0.0000000000000000        0.0000000000000000        46.172170518252130        738.75472829203409        16.000000000000000        0.0000000000000000     
           2         155   1.1348315365487665E-005   1.7788637890881067E-006   2.1460714409471747E-005   2.1992520449701165       0.52158024497569866       0.51379310000000000        0.0000000000000000        0.0000000000000000        49.587801695892338        793.40482713427741        16.000000000000000        0.0000000000000000     
           2         156   1.0861780644734619E-005   9.1237568913262604E-007   2.1375690700914331E-005   2.2951189000371408       0.51891897411173238       0.51379310000000000        0.0000000000000000        0.0000000000000000        43.094541540861229        689.51266465377967        16.000000000000000        0.0000000000000000     
           2         157   1.1355681427211597E-005   1.7930990884145745E-006   2.1460821489715538E-005   2.1970637271218729       0.52175121065162688       0.51379310000000000        0.0000000000000000        0.0000000000000000        45.091846690867527        721.46954705388043        16.000000000000000        0.0000000000000000     
           2         158   1.1746983508630759E-005   2.4886994367899332E-006   2.1530560158719050E-005   2.1194820353500701       0.52365424948397388       0.51379310000000000        0.0000000000000000        1.0000000000000000        48.362401249190363        773.79841998704580        16.000000000000000        0.0000000000000000     
           2         159   1.0206753530211109E-005  -4.1253431943313236E-007   2.1428554010749699E-005   2.5186773423206792       0.49741283339072201       0.51379310000000000        0.0000000000000000        0.0000000000000000        48.561595987269577        776.98553579631323        16.000000000000000        0.0000000000000000     
           2         160   1.0890962928313867E-005   9.7031729241605718E-007   2.1374481930758083E-005   2.2872561116609558       0.51958984314289858       0.51379310000000000        0.0000000000000000        0.0000000000000000        49.890182343119434        798.24291748991095        16.000000000000000        0.0000000000000000     
           2         161   1.1344183797421407E-005   1.7662321946910974E-006   2.1465565138609099E-005   2.2005065037342475       0.52145912416839368       0.51379310000000000        0.0000000000000000        1.0000000000000000        41.943717630730895        671.09948209169431        16.000000000000000        0.0000000000000000     
           2         162   1.1212075491054997E-005   1.5213311292053260E-006   2.1452649178887032E-005   2.2278052132843209       0.51923502476210459       0.51379310000000000        0.0000000000000000        1.0000000000000000        45.434722383392334        726.95555813427734        16.000000000000000        0.0000000000000000     
           2         163   1.1412617923391795E-005   1.9069599217627238E-006   2.1457603899931796E-005   2.1799524775057670       0.52328278975022080       0.51379310000000000        0.0000000000000000        0.0000000000000000        48.144919872058537        770.31871795293659        16.000000000000000        0.0000000000000000     
           2         164   1.1409390765716826E-005   1.9006552647348860E-006   2.1457628851456800E-005   2.1806615763902055       0.52322551423155783       0.51379310000000000        0.0000000000000000        0.0000000000000000        50.342893985734825        805.48630377175721        16.000000000000000        0.0000000000000000     
           2         165   1.0670613644888709E-005   3.0084965170952980E-007   2.1628732890675120E-005   2.4765279969510448       0.49213548331118562       0.51379310000000000        0.0000000000000000        0.0000000000000000        48.757268668607054        780.11629869771286        16.000000000000000        0.0000000000000000     
           2         166   1.1391307210993510E-005   1.8649059632224623E-006   2.1458213355139905E-005   2.1860056288961585       0.52275355949633850       0.51379310000000000        0.0000000000000000        0.0000000000000000        42.060259946470993        672.96415914353588        16.000000000000000        0.0000000000000000     
           2         167   1.1341705575505462E-005   1.7678156613395499E-006   2.1458794777773396E-005   2.1992324457019237       0.52158498105187479       0.51379310000000000        0.0000000000000000        0.0000000000000000        42.269405575675833        676.31048921081333        16.000000000000000        0.0000000000000000     
           2         168   1.1355631768876285E-005   1.7904689865303546E-006   2.1463498683036320E-005   2.1983824858492929       0.52164051496577601       0.51379310000000000        0.0000000000000000        0.0000000000000000        47.369648883558142        757.91438213693027        16.000000000000000        0.0000000000000000     
           2         169   1.0458622137288252E-005   2.1274658627795489E-007   2.1285823811241958E-005   2.3703664861714024       0.51876346184652089       0.51379310000000000        0.0000000000000000        0.0000000000000000        51.621378615669265        825.94205785070824        16.000000000000000        0.0000000000000000     
           2         170   1.1250264925255958E-005   1.5830808723186729E-006   2.1465941549403008E-005   2.2314463172718906       0.51890698006897407       0.51379310000000000        1.0000000000000000        0.0000000000000000        53.022957660270563        848.36732256432902        16.000000000000000        0.0000000000000000     
           2         171   1.0695488366458332E-005   3.7901885018723025E-007   2.1597289336005943E-005   2.4609214980927931       0.49529163930632908       0.51379310000000000        0.0000000000000000        0.0000000000000000        41.168144416308039        658.69031066092862        16.000000000000000        0.0000000000000000     
           2         172   1.0746219408407838E-005   4.4704764200563006E-007   2.1629741195721680E-005   2.4724898353634193       0.49312508395479598       0.51379310000000000        0.0000000000000000        0.0000000000000000        44.341793429869135        709.46869487790616        16.000000000000000        0.0000000000000000     
           2         173   1.0886108592712737E-005   9.5706958335777296E-007   2.1378497188261926E-005   2.2932429422198219       0.51914192687343275       0.51379310000000000        0.0000000000000000        0.0000000000000000        44.808126454210118        716.93002326736189        16.000000000000000        0.0000000000000000     
           2         174   1.0738208212300247E-005   4.8903310846870709E-007   2.1568896647697785E-005   2.4256400845845674       0.49862237376748353       0.51379310000000000        0.0000000000000000        0.0000000000000000        49.251572961018681        788.02516737629890        16.000000000000000        0.0000000000000000     
           2         175   1.0875454293266285E-005   9.4084923087472396E-007   2.1373724746198890E-005   2.2907100953720847       0.51932168232928644       0.51379310000000000        0.0000000000000000        1.0000000000000000        55.621831582838546        889.94930532541673        16.000000000000000        0.0000000000000000     
           2         176  -9.4492552218293498E-006  -3.9250010984075166E-005   2.0351500540416487E-005   17.499995606369911       0.49999560636991797       0.50000000000000000        0.0000000000000000        1.0000000000000000        56.460499472946161        903.36799156713857        16.000000000000000        3.6250000000000000     
           2         177   1.0818518827103623E-005   6.3267719436702717E-007   2.1582280403899445E-005   2.3671293832932974       0.50018896866975249       0.51379310000000000        0.0000000000000000        0.0000000000000000        44.013787143848646        704.22059430157833        16.000000000000000        0.0000000000000000     
           2         178   1.1314368967825035E-005   1.7177065008202916E-006   2.1455522782334909E-005   2.2038852378116434       0.52129954812349955       0.51379310000000000        0.0000000000000000        0.0000000000000000        47.551475134849895        760.82360215759832        16.000000000000000        0.0000000000000000     
           2         179   1.1230983001826196E-005   1.5575697304919320E-006   2.1453242275111122E-005   2.2239504971862569       0.51953066621609456       0.51379310000000000        0.0000000000000000        0.0000000000000000        47.356496666212117        757.70394665939386        16.000000000000000        0.0000000000000000     
           2         180   1.1294724891373864E-005   1.6771462425331736E-006   2.1457981621135794E-005   2.2106607079861695       0.52060356313173828       0.51379310000000000        0.0000000000000000        1.0000000000000000        50.830069319961176        813.28110911937881        16.000000000000000        0.0000000000000000     
           2         181   1.1167319913297666E-005   1.4385653591134824E-006   2.1448060399567152E-005   2.2360170089502645       0.51860127496979536       0.51379310000000000        0.0000000000000000        1.0000000000000000        44.977768791985262        719.64430067176420        16.000000000000000        0.0000000000000000     
           2         182   1.2064882892929318E-005   3.0464316051845024E-006   2.1595019228570551E-005   2.0598981951409208       0.52457739865363184       0.51379310000000000        1.0000000000000000        0.0000000000000000        45.431656766545380        726.90650826472609        16.000000000000000        0.0000000000000000     
           2         183   1.0533864800858985E-005   3.5286418779428836E-007   2.1292510690270422E-005   2.3495998548103261       0.52044059562001599       0.51379310000000000        0.0000000000000000        0.0000000000000000        45.641772195892344        730.26835513427750        16.000000000000000        0.0000000000000000     
           2         184   1.1362612626459450E-005   1.8075170410431760E-006   2.1459841155358612E-005   2.1947235373681262       0.52197279031125710       0.51379310000000000        0.0000000000000000        0.0000000000000000        49.569608624160097        793.11373798656155        16.000000000000000        0.0000000000000000     
           2         185   1.1140093094890143E-005   1.3845947052820249E-006   2.1449094796926742E-005   2.2542421339369252       0.51788818684792814       0.51379310000000000        0.0000000000000000        0.0000000000000000        49.269292667112893        788.30868267380629        16.000000000000000        0.0000000000000000     
           2         186   1.1125664735179737E-005   1.3585708416810314E-006   2.1446919841868006E-005   2.2576037503657131       0.51765002205103949       0.51379310000000000        0.0000000000000000        0.0000000000000000        42.896478591000331        686.34365745600530        16.000000000000000        0.0000000000000000     
           2         187   1.1398411360153829E-005   1.8791874739892438E-006   2.1457732916607997E-005   2.1837656384378876       0.52295284581251089       0.51379310000000000        0.0000000000000000        0.0000000000000000        45.816248745705948        733.05997993129517        16.000000000000000        0.0000000000000000     
           2         188   1.0776354656556660E-005   5.7143797275670423E-007   2.1560273556538414E-005   2.4151654973721004       0.50025038572947034       0.51379310000000000        0.0000000000000000        0.0000000000000000        46.315564869107661        741.04903790572257        16.000000000000000        0.0000000000000000     
           2         189   1.1365440986612538E-005   1.8122617016980372E-006   2.1460644488767690E-005   2.1943831340203159       0.52202400019216533       0.51379310000000000        0.0000000000000000        0.0000000000000000        47.409405471432443        758.55048754291909        16.000000000000000        0.0000000000000000     
           2         190   1.1384282410759159E-005   1.8524925999419116E-006   2.1456882851946635E-005   2.1868824450367228       0.52270728569409419       0.51379310000000000        0.0000000000000000        0.0000000000000000        52.990332695892327        847.84532313427724        16.000000000000000        0.0000000000000000     
           2         191   1.1351826930533135E-005   1.7899493771776674E-006   2.1456222219779124E-005   2.1949302082070439       0.52203266740409449       0.51379310000000000        0.0000000000000000        0.0000000000000000        42.014003164415797        672.22405063065275        16.000000000000000        0.0000000000000000     
           2         192   1.1160549394162467E-005   1.4239133319969281E-006   2.1449618566055627E-005   2.2484439755036569       0.51825738152931777       0.51379310000000000        0.0000000000000000        0.0000000000000000        46.141340770750972        738.26145233201555        16.000000000000000        0.0000000000000000     
           2         193   1.1182612373924831E-005   1.4608453706543320E-006   2.1455968852593124E-005   2.2450191817996665       0.51837667477170690       0.51379310000000000        0.0000000000000000        0.0000000000000000        45.829983112385392        733.27972979816627        16.000000000000000        0.0000000000000000     
           2         194   9.5704004322770617E-006  -2.4358400139215424E-006   2.2257845835042368E-005   2.9883682024294478       0.42752084709002774       0.51379310000000000        0.0000000000000000        0.0000000000000000        48.248648394479780        771.97837431167648        16.000000000000000        0.0000000000000000     
           2         195   1.1298935302731243E-005   1.6859584365467958E-006   2.1457329155852841E-005   2.2092732651447711       0.52073785235764858       0.51379310000000000        0.0000000000000000        1.0000000000000000        50.168991689808486        802.70386703693578        16.000000000000000        0.0000000000000000     
           2         196   1.1301216437001518E-005   1.6808864459824194E-006   2.1467380613422456E-005   2.2157928076506819       0.51995224273687213       0.51379310000000000        0.0000000000000000        0.0000000000000000        44.941027446408398        719.05643914253437        16.000000000000000        0.0000000000000000     
           2         197   1.1053207452616345E-005   1.0589478296977255E-006   2.1614517121122494E-005   2.3294011775596015       0.50296255569434867       0.51379310000000000        0.0000000000000000        0.0000000000000000        44.019422477142328        704.31075963427725        16.000000000000000        0.0000000000000000     
           2         198   1.2064709737608120E-005   3.0466395403796169E-006   2.1594443360581460E-005   2.0595627328020587       0.52461131156069352       0.51379310000000000        0.0000000000000000        0.0000000000000000        48.752344071827459        780.03750514923934        16.000000000000000        0.0000000000000000     
           2         199   1.1414739161026910E-005   1.9111933105746201E-006   2.1457493148056114E-005   2.1792999831444133       0.52333942469841643       0.51379310000000000        0.0000000000000000        0.0000000000000000        46.041252146420952        736.66003434273523        16.000000000000000        0.0000000000000000     
           2         200   1.1324046681825235E-005   1.7370084342819025E-006   2.1455030222009462E-005   2.2013787862605381       0.52150715867140229       0.51379310000000000        0.0000000000000000        0.0000000000000000        50.965222992990185        815.44356788784296        16.000000000000000        0.0000000000000000     
           2         201   1.1286585844382824E-005   1.6497960050649025E-006   2.1470143760964826E-005   2.2216492991861356       0.51940839001512995       0.51379310000000000        1.0000000000000000        0.0000000000000000        42.308451221767058        676.93521954827293        16.000000000000000        0.0000000000000000     
           2         202   1.1332675374504880E-005   1.7502743140243094E-006   2.1458758624882118E-005   2.2015345225767198       0.52138346774217226       0.51379310000000000        0.0000000000000000        0.0000000000000000        45.484284983174156        727.74855973078650        16.000000000000000        0.0000000000000000     
           2         203   1.1267353074076866E-005   1.6276961868597467E-006   2.1453940707900231E-005   2.2149091319957801       0.52036331472565889       0.51379310000000000        0.0000000000000000        0.0000000000000000        46.680538536654105        746.88861658646567        16.000000000000000        0.0000000000000000     
           2         204   1.1418705553134654E-005   1.9191088399009377E-006   2.1457286338480051E-005   2.1780938888374757       0.52344557822364612       0.51379310000000000        0.0000000000000000        0.0000000000000000        50.338986869865437        805.42378991784699        16.000000000000000        0.0000000000000000     
           2         205   1.1372729691311471E-005   1.8288290951306508E-006   2.1458128054444063E-005   2.1907451805665406       0.52234174166253933       0.51379310000000000        0.0000000000000000        0.0000000000000000        47.748573114049741        763.97716982479585        16.000000000000000        0.0000000000000000     
           2         206   1.1742454425408410E-005   2.4729552528292501E-006   2.1537882493843342E-005   2.1225403614750236       0.52336187794447153       0.51379310000000000        0.0000000000000000        0.0000000000000000        43.578876940052311        697.26203104083697        16.000000000000000        0.0000000000000000     
           2         207   1.1712407790330159E-005   2.4200968769512693E-006   2.1531941882398062E-005   2.1283031096628831       0.52285677320625645       0.51379310000000000        0.0000000000000000        0.0000000000000000        43.531382215002509        696.50211544004014        16.000000000000000        0.0000000000000000     
           2         208   1.1995766327153037E-005   2.8860348046836263E-006   2.1622361916597444E-005   2.0874522430961524       0.52161041233366556       0.51379310000000000        0.0000000000000000        0.0000000000000000        46.990854881287682        751.85367810060291        16.000000000000000        0.0000000000000000     
           2         209   1.1254402325941106E-005   1.5768720641654132E-006   2.1481012177717524E-005   2.2370193826882048       0.51772729810720219       0.51379310000000000        0.0000000000000000        0.0000000000000000        49.366753846521149        789.86806154433839        16.000000000000000        0.0000000000000000     
           2         210   1.1374776810193649E-005   1.8303772972509934E-006   2.1460702397414562E-005   2.1913673995705096       0.52225811576912651       0.51379310000000000        0.0000000000000000        0.0000000000000000        48.387328636162444        774.19725817859910        16.000000000000000        0.0000000000000000     
           2         211   1.1346652281034588E-005   1.7719757980862007E-006   2.1464572680089290E-005   2.2011003374538740       0.52134213388847517       0.51379310000000000        0.0000000000000000        0.0000000000000000        39.294394151115412        628.71030641784660        16.000000000000000        0.0000000000000000     
           2         212   1.1089254608297243E-005   1.1095611584867486E-006   2.1635171654369567E-005   2.3326792837882859       0.50208774951153323       0.51379310000000000        0.0000000000000000        0.0000000000000000        43.512196877519699        696.19515004031518        16.000000000000000        0.0000000000000000     
           2         213   1.1273642260427030E-005   1.6229879848932490E-006   2.1471851247701304E-005   2.2264183666590180       0.51895594931431621       0.51379310000000000        0.0000000000000000        1.0000000000000000        44.987291842920413        719.79666948672661        16.000000000000000        0.0000000000000000     
           2         214   1.1751058208657038E-005   2.4971799126235721E-006   2.1529979109906812E-005   2.1179832396638276       0.52379516340914978       0.51379310000000000        0.0000000000000000        0.0000000000000000        47.361662703513836        757.78660325622138        16.000000000000000        0.0000000000000000     
           2         215   1.1410521937889671E-005   1.9031972070578364E-006   2.1457269209803763E-005   2.1802422727891484       0.52326356807433017       0.51379310000000000        0.0000000000000000        0.0000000000000000        49.993639244876313        799.89822791802101        16.000000000000000        0.0000000000000000     
           2         216   1.1379758047875828E-005   1.8419306416801833E-006   2.1458738642956502E-005   2.1894133577347130       0.52245010200303776       0.51379310000000000        0.0000000000000000        0.0000000000000000        41.015547790558223        656.24876464893157        16.000000000000000        0.0000000000000000     
           2         217   1.0881106239229412E-005   9.4798897632434024E-007   2.1377804478541579E-005   2.2912151009921029       0.51921439683694637       0.51379310000000000        0.0000000000000000        1.0000000000000000        43.239310648068560        691.82897036909696        16.000000000000000        0.0000000000000000     
           2         218   1.1358956810636633E-005   1.8028771863674928E-006   2.1457225210365657E-005   2.1937193543243469       0.52210754896790201       0.51379310000000000        0.0000000000000000        0.0000000000000000        45.351495088615430        725.62392141784687        16.000000000000000        0.0000000000000000     
           2         219  -1.7791895892544974E-005  -3.5293139544968655E-005   8.4599695860905418E-006   11.006314142381925       0.40300845686432490       0.59999999999999998        0.0000000000000000        1.0000000000000000        58.511741033637499        936.18785653819998        16.000000000000000        9.0000000000000000     
           2         220   1.1410206704018867E-005   1.8981219448455308E-006   2.1461984076735159E-005   2.1823515186288502       0.52303523650310169       0.51379310000000000        0.0000000000000000        0.0000000000000000        50.334590500369373        805.35344800590997        16.000000000000000        0.0000000000000000     
           2         221  -2.6665923955159642E-005  -5.4965155955895394E-005   1.5782924045943809E-005   17.201344917544482       0.50051566958189908       0.59999999999999998        0.0000000000000000        1.0000000000000000        49.203876418874991        787.26202270199985        16.000000000000000        21.000000000000000     
           2         222   1.1407867280346204E-005   1.8960833402498788E-006   2.1459326766240774E-005   2.1817294007539108       0.52311852827946692       0.51379310000000000        0.0000000000000000        0.0000000000000000        41.288319801071999        660.61311681715199        16.000000000000000        0.0000000000000000     
           2         223   1.2066463349251434E-005   3.0505140719636814E-006   2.1593955716431885E-005   2.0588117512282382       0.52469316478281003       0.51379310000000000        0.0000000000000000        0.0000000000000000        43.838276082084242        701.41241731334787        16.000000000000000        0.0000000000000000     
           2         224  -1.2328519275490440E-005  -5.3379477906757982E-005   1.5038786478687923E-005   16.489422356413211       0.53910054738041902       0.40000000000000002        0.0000000000000000        1.0000000000000000        55.452328193499994        887.23725109599991        16.000000000000000        22.750000000000000     
           2         225   8.6830609507449358E-006  -3.9766790703160509E-006   2.2061083908903315E-005   3.2186579298410063       0.41593690837033781       0.51379310000000000        0.0000000000000000        0.0000000000000000        48.905314526115419        782.48503241784670        16.000000000000000        0.0000000000000000     
           2         226  -1.7148719321624596E-005  -5.0407584093156742E-005   1.6110145449907408E-005   20.527696108086239       0.50032265910159623       0.50000000000000000        0.0000000000000000        1.0000000000000000        50.540332130312507        808.64531408500011        16.000000000000000        35.000000000000000     
           2         227   9.1018746038082841E-006  -3.1859898074681619E-006   2.2086922632229109E-005   3.1401908872435591       0.42322812147381100       0.51379310000000000        0.0000000000000000        0.0000000000000000        44.972385861577649        719.55817378524239        16.000000000000000        0.0000000000000000     
           2         228   1.2001307723881232E-005   2.9079984512489840E-006   2.1610549304871535E-005   2.0822223096494294       0.52229711892186870       0.51379310000000000        0.0000000000000000        1.0000000000000000        44.376916453919428        710.03066326271085        16.000000000000000        0.0000000000000000     
           2         229   1.1604833704907132E-005   2.1932442983512629E-006   2.1550413862493672E-005   2.1675495331726613       0.51923139096305726       0.51379310000000000        0.0000000000000000        1.0000000000000000        47.871412342423582        765.94259747877732        16.000000000000000        0.0000000000000000     
           2         230  -1.8586618316967486E-005  -5.1217463180094723E-005   1.4044226546159836E-005   14.101695609830454       0.50089568428905262       0.50000000000000000        1.0000000000000000        0.0000000000000000        59.923655135312494        958.77848216499990        16.000000000000000        24.500000000000000     
           2         231   1.1339391189957710E-005   1.7611646555699562E-006   2.1461063061758286E-005   2.2019775802434789       0.52135177610056394       0.51379310000000000        0.0000000000000000        0.0000000000000000        43.057580183042013        688.92128292867221        16.000000000000000        0.0000000000000000     
           2         232   1.1400544553612963E-005   1.8807744138848086E-006   2.1460443356732577E-005   2.1841116102152349       0.52290365042390086       0.51379310000000000        0.0000000000000000        0.0000000000000000        46.874781664642335        749.99650663427735        16.000000000000000        0.0000000000000000     
           2         233   1.0526301653404699E-005   3.4070769378231591E-007   2.1289801504714194E-005   2.3504586799949259       0.52040239555965695       0.51379310000000000        0.0000000000000000        0.0000000000000000        46.343625348688484        741.49800557901574        16.000000000000000        0.0000000000000000     
           2         234   1.1419410734524099E-005   1.9184248996003684E-006   2.1459459456954527E-005   2.1787791325112873       0.52336642799703625       0.51379310000000000        0.0000000000000000        0.0000000000000000        48.000287759999452        768.00460415999123        16.000000000000000        0.0000000000000000     
           2         235   1.0888009585561094E-005   9.6044248124428175E-007   2.1378842763750619E-005   2.2885444160302937       0.51952914738364031       0.51379310000000000        0.0000000000000000        0.0000000000000000        51.104883631501941        817.67813810403106        16.000000000000000        0.0000000000000000     
           2         236   1.1397742942211411E-005   1.8772384451197694E-006   2.1458417768350004E-005   2.1843202169891400       0.52289821022589400       0.51379310000000000        0.0000000000000000        0.0000000000000000        40.423889295701684        646.78222873122695        16.000000000000000        0.0000000000000000     
           2         237   1.1272263932361946E-005   1.6161239428421336E-006   2.1476269879725968E-005   2.2290105147385133       0.51863093524414405       0.51379310000000000        0.0000000000000000        1.0000000000000000        44.879282523002388        718.06852036803821        16.000000000000000        0.0000000000000000     
           2         238   1.0423871408603982E-005   1.4756596448075474E-007   2.1283229493984982E-005   2.3806630943348721       0.51801182917528443       0.51379310000000000        0.0000000000000000        0.0000000000000000        49.174664082439335        786.79462531902936        16.000000000000000        0.0000000000000000     
           2         239   1.1308330442327368E-005   1.6939083146058277E-006   2.1468251557619250E-005   2.2132895910640427       0.52016155209251191       0.51379310000000000        0.0000000000000000        0.0000000000000000        49.460023258392347        791.36037213427755        16.000000000000000        0.0000000000000000     
           2         240   1.1678067692233665E-005   2.3461400190908857E-006   2.1539466302907222E-005   2.1417303988778160       0.52160122204679282       0.51379310000000000        0.0000000000000000        0.0000000000000000        49.486378854062160        791.78206166499456        16.000000000000000        0.0000000000000000     
           2         241   1.1364568640737924E-005   1.8126823674701237E-006   2.1458405768901600E-005   2.1930574978829105       0.52213439585041865       0.51379310000000000        0.0000000000000000        1.0000000000000000        43.515715502227984        696.25144803564774        16.000000000000000        0.0000000000000000     
           2         242   1.1313324742702303E-005   1.7073983698490354E-006   2.1464268074605293E-005   2.2109659102017618       0.52049371165603375       0.51379310000000000        0.0000000000000000        0.0000000000000000        43.531452634995610        696.50324215992975        16.000000000000000        0.0000000000000000     
           2         243   1.0863160251402338E-005   5.8442612017086990E-007   2.1725084821706689E-005   2.4243705364949331       0.49288308526011931       0.51379310000000000        0.0000000000000000        0.0000000000000000        46.863072567272148        749.80916107635437        16.000000000000000        0.0000000000000000     
           2         244   1.1353327780392516E-005   1.7888897965244298E-006   2.1460428772767249E-005   2.1976826851805091       0.52171628704068418       0.51379310000000000        0.0000000000000000        0.0000000000000000        51.275251801968125        820.40402883149000        16.000000000000000        0.0000000000000000     
           2         245  -2.6522151425650652E-005  -5.5045507550071842E-005   1.6262882760981360E-005   18.132882451486825       0.50026164238356585       0.59999999999999998        0.0000000000000000        1.0000000000000000        61.087363830000015        977.39782128000024        16.000000000000000        45.500000000000000     
           2         246   1.0756045329261251E-005  -7.3349804465921487E-007   2.2897477521340508E-005   2.8179727931007221       0.41846040998730349       0.51379310000000000        0.0000000000000000        1.0000000000000000        42.861373070892327        685.78196913427723        16.000000000000000        0.0000000000000000     
           2         247   1.1355909097948820E-005   1.7930575409946917E-006   2.1461333653394850E-005   2.1969941650796225       0.52174570039084989       0.51379310000000000        0.0000000000000000        0.0000000000000000        46.745286074700743        747.92457719521190        16.000000000000000        0.0000000000000000     
           2         248   1.0873509354303644E-005   9.3621196941640694E-007   2.1374624885578800E-005   2.2921589231260273       0.51915191910362657       0.51379310000000000        1.0000000000000000        0.0000000000000000        45.882588657699998        734.12141852319996        16.000000000000000        0.0000000000000000     
           2         249   1.0966065527699081E-005   1.1131657098642927E-006   2.1377994978709977E-005   2.2683336427321859       0.52118187782168524       0.51379310000000000        0.0000000000000000        0.0000000000000000        50.240770831052217        803.85233329683547        16.000000000000000        0.0000000000000000     
           2         250   1.1718031060752683E-005   2.4298070448782933E-006   2.1533246374666784E-005   2.1278933309519892       0.52285614250905588       0.51379310000000000        0.0000000000000000        0.0000000000000000        49.693233344794649        795.09173351671438        16.000000000000000        0.0000000000000000     
           2         251   1.0998458415677646E-005   1.1723344312071271E-006   2.1382092837495717E-005   2.2607567617487114       0.52178891535917393       0.51379310000000000        0.0000000000000000        0.0000000000000000        42.055876472059211        672.89402355294737        16.000000000000000        0.0000000000000000     
           2         252  -2.5293745053449928E-005  -5.2365156426971749E-005   1.5313372006833013E-005   16.389958961702892       0.50060772292762923       0.59999999999999998        0.0000000000000000        1.0000000000000000        52.086098606249990        833.37757769999985        16.000000000000000        49.000000000000000     
           2         253   1.1310458997628737E-005   1.7023225308002905E-006   2.1463737818877562E-005   2.2115653451620081       0.52047572530896125       0.51379310000000000        0.0000000000000000        0.0000000000000000        47.499619070892344        759.99390513427750        16.000000000000000        0.0000000000000000     
           2         254   1.1229548204205259E-005   1.5510485112213290E-006   2.1457182490365038E-005   2.2268009284587511       0.51915665991454085       0.51379310000000000        0.0000000000000000        0.0000000000000000        47.817296043505905        765.07673669609449        16.000000000000000        0.0000000000000000     
           2         255   1.1356780635629366E-005   1.7925988733192758E-006   2.1463610869056789E-005   2.1978031066628247       0.52165169795619648       0.51379310000000000        0.0000000000000000        0.0000000000000000        52.290928088733132        836.65484941973011        16.000000000000000        0.0000000000000000     
           2         256   9.8952067203931558E-006  -7.8093100399150228E-007   2.1177082599651163E-005   2.4788524786944288       0.51675280954337566       0.51379310000000000        0.0000000000000000        0.0000000000000000        41.966337916958729        671.46140667133966        16.000000000000000        0.0000000000000000     
           2         257   1.1418577060318026E-005   1.9145918527388816E-006   2.1461795332531567E-005   2.1800043939375371       0.52323914493667290       0.51379310000000000        0.0000000000000000        0.0000000000000000        45.412402949880445        726.59844719808711        16.000000000000000        0.0000000000000000     
           2         258   1.1386067603664683E-005   1.8552269439044894E-006   2.1457665041266029E-005   2.1865971807557338       0.52273488403352031       0.51379310000000000        0.0000000000000000        0.0000000000000000        47.537195433180401        760.59512693088641        16.000000000000000        0.0000000000000000     
           2         259   1.0151192151549849E-005  -5.1906311264560687E-007   2.1426851814097724E-005   2.5397882985007629       0.49608663099680794       0.51379310000000000        0.0000000000000000        0.0000000000000000        49.974959259366194        799.59934814985911        16.000000000000000        0.0000000000000000     
           2         260   1.1239953142659078E-005   1.5655091364447105E-006   2.1463301632220267E-005   2.2280497253454761       0.51888207339252690       0.51379310000000000        0.0000000000000000        1.0000000000000000        50.452280276115417        807.23648441784667        16.000000000000000        0.0000000000000000     
           2         261   1.1362282086329463E-005   1.8068935688773976E-006   2.1459820167517535E-005   2.1947537633951271       0.52196643664873499       0.51379310000000000        0.0000000000000000        0.0000000000000000        44.432274585470779        710.91639336753246        16.000000000000000        0.0000000000000000     
           2         262   1.0661912794539132E-005   5.6293280566085175E-007   2.1333884408524755E-005   2.3498155531271023       0.51554896765122527       0.51379310000000000        0.0000000000000000        0.0000000000000000        42.463439055826811        679.41502489322897        16.000000000000000        0.0000000000000000     
           2         263   2.0603375423078508E-005  -4.3858863748482083E-006   2.0603375423078508E-005   2.7243340529422375       0.49546325222868515        0.0000000000000000        0.0000000000000000        1.0000000000000000        46.467422703392330        743.47876325427728        16.000000000000000        0.0000000000000000     
           2         264   1.1217908234075712E-005   1.5170299150337172E-006   2.1469190855246765E-005   2.2372736447015793       0.51788274024715464       0.51379310000000000        0.0000000000000000        0.0000000000000000        47.356015519910009        757.69624831856015        16.000000000000000        0.0000000000000000     
           2         265   3.2100000000000015E-006   4.1136999999999999E-004   3.2100000000000015E-006   10.000000000000005        1.0000000000000000        0.0000000000000000        0.0000000000000000        1.0000000000000000        46.902455011740415        750.43928018784663        16.000000000000000        1.7500000000000000     
           2         266   1.1720867753047003E-005   2.4352960847306040E-006   2.1533280231637139E-005   2.1262130714742433       0.52307499964954540       0.51379310000000000        0.0000000000000000        0.0000000000000000        42.449943221967310        679.19909155147695        16.000000000000000        0.0000000000000000     
           2         267   1.0462220213609774E-005   2.2274716540987828E-007   2.1282656122275716E-005   2.3657134802669484       0.51922482656856839       0.51379310000000000        0.0000000000000000        0.0000000000000000        43.675392994865419        698.80628791784670        16.000000000000000        0.0000000000000000     
           2         268   1.0865997484241007E-005   9.1948122713486970E-007   2.1376854944180131E-005   2.2959181077810116       0.51875588294556274       0.51379310000000000        0.0000000000000000        0.0000000000000000        42.608821957052456        681.74115131283929        16.000000000000000        0.0000000000000000     
           2         269   1.0501984765806586E-005   2.9545092952210327E-007   2.1287612571581199E-005   2.3573733658961662       0.51984559151847398       0.51379310000000000        0.0000000000000000        1.0000000000000000        47.145503365608441        754.32805384973506        16.000000000000000        0.0000000000000000     
           2         270   1.0683454537709415E-005   5.8757061727568066E-007   2.1352154419837474E-005   2.3282004605267699       0.51638801219151298       0.51379310000000000        0.0000000000000000        0.0000000000000000        48.586466901239390        777.38347041983025        16.000000000000000        0.0000000000000000     
           2         271   1.0878493708786953E-005   9.3112481996366218E-007   2.1390252176699058E-005   2.3016298146842247       0.51816987296025141       0.51379310000000000        0.0000000000000000        0.0000000000000000        42.017833333112534        672.28533332980055        16.000000000000000        0.0000000000000000     
           2         272   1.1272961239949139E-005   1.6306017557183358E-006   2.1462404809584896E-005   2.2230783906649130       0.51966542357746759       0.51379310000000000        0.0000000000000000        0.0000000000000000        45.663141896591469        730.61027034546350        16.000000000000000        0.0000000000000000     
           2         273   1.1416235588397920E-005   1.9128639854752757E-006   2.1458805441514825E-005   2.1794392688705955       0.52331535539320417       0.51379310000000000        0.0000000000000000        0.0000000000000000        45.210440700733415        723.36705121173463        16.000000000000000        0.0000000000000000     
           2         274   1.1270258081702955E-005   1.6263158163871358E-006   2.1461374235582305E-005   2.2191711732312509       0.51974090855148447       0.51379310000000000        1.0000000000000000        0.0000000000000000        46.847017619865426        749.55228191784681        16.000000000000000        0.0000000000000000     
           2         275   1.1387438315726465E-005   1.8573469437562784E-006   2.1458243952767604E-005   2.1870205658816397       0.52266367807656544       0.51379310000000000        0.0000000000000000        0.0000000000000000        48.987188468289197        783.79501549262716        16.000000000000000        0.0000000000000000     
           2         276   1.1754818570202613E-005   2.5017208395767782E-006   2.1532914618656852E-005   2.1181717718169613       0.52375053278457384       0.51379310000000000        0.0000000000000000        0.0000000000000000        42.109713501560314        673.75541602496503        16.000000000000000        0.0000000000000000     
           2         277   1.0483081087957197E-005  -1.5025172988182027E-008   2.1576824430432781E-005   2.5023591790108126       0.49291564650345532       0.51379310000000000        0.0000000000000000        0.0000000000000000        44.451760352015718        711.22816563225149        16.000000000000000        0.0000000000000000     
           2         278   1.1289885360183907E-005   1.6576406715593686E-006   2.1468640245248455E-005   2.2191926390693082       0.51958482265997952       0.51379310000000000        0.0000000000000000        0.0000000000000000        46.191618233862087        739.06589174179339        16.000000000000000        0.0000000000000000     
           2         279   1.1025260159529592E-005   1.1909684334646584E-006   2.1417525740785987E-005   2.2706341099154921       0.51801203073837221       0.51379310000000000        0.0000000000000000        0.0000000000000000        44.876908156871778        718.03053050994845        16.000000000000000        0.0000000000000000     
           2         280   1.1380719622641622E-005   1.8459782298869647E-006   2.1456439111364988E-005   2.1875309996513890       0.52266537062459018       0.51379310000000000        0.0000000000000000        0.0000000000000000        47.321714318570180        757.14742909712288        16.000000000000000        0.0000000000000000     
           2         281   1.1402931816982758E-005   1.8878645045380954E-006   2.1457860965807364E-005   2.1827030626986468       0.52304418368200856       0.51379310000000000        0.0000000000000000        0.0000000000000000        39.045892901115415        624.73428641784665        16.000000000000000        0.0000000000000000     
           2         282   1.0944055830173217E-005   1.0726734780229167E-006   2.1375516469659392E-005   2.2725130662669932       0.52089544496099571       0.51379310000000000        0.0000000000000000        0.0000000000000000        43.462576912731294        695.40123060370070        16.000000000000000        0.0000000000000000     
           2         283   5.6713238835397799E-006  -8.2670241509518164E-006   2.0400499971991940E-005   3.2683428828326839       0.43087310478339824       0.51379310000000000        0.0000000000000000        1.0000000000000000        45.699445005752501        731.19112009204002        16.000000000000000        0.0000000000000000     
           2         284   1.0990401608091856E-005   1.1585134164669476E-006   2.1380127284194820E-005   2.2619112245080419       0.52172145662349745       0.51379310000000000        0.0000000000000000        0.0000000000000000        50.342549773970333        805.48079638352533        16.000000000000000        0.0000000000000000     
           2         285   1.1762541747094140E-005   2.5195681147528168E-006   2.1529939280487648E-005   2.1150024085691173       0.52406312535302002       0.51379310000000000        0.0000000000000000        0.0000000000000000        48.756865732597490        780.10985172155983        16.000000000000000        0.0000000000000000     
           2         286   1.0954359136309411E-005   1.0896427689961385E-006   2.1378775579150132E-005   2.2720517176227077       0.52085132800314682       0.51379310000000000        0.0000000000000000        0.0000000000000000        42.059925842231351        672.95881347570162        16.000000000000000        0.0000000000000000     
           2         287   1.1336980181542924E-005   1.7570086389632345E-006   2.1460496069067125E-005   2.2016203873648088       0.52133577961998789       0.51379310000000000        0.0000000000000000        0.0000000000000000        41.440993343264545        663.05589349223271        16.000000000000000        0.0000000000000000     
           2         288   1.1355863133490559E-005   1.7945161027858203E-006   2.1459697799518057E-005   2.1966902604085012       0.52183730000084716       0.51379310000000000        0.0000000000000000        0.0000000000000000        46.845596338615429        749.52954141784687        16.000000000000000        0.0000000000000000     
           2         289   1.1404790391387236E-005   1.8915403600068975E-006   2.1457799151028994E-005   2.1821645589824210       0.52309098811748744       0.51379310000000000        0.0000000000000000        0.0000000000000000        51.051501199779295        816.82401919646873        16.000000000000000        0.0000000000000000     
           2         290   1.0735453227833418E-005   6.7786847471049716E-007   2.1363680940808119E-005   2.3222755109881086       0.51666653413722874       0.51379310000000000        0.0000000000000000        0.0000000000000000        50.258229793587439        804.13167669739903        16.000000000000000        0.0000000000000000     
           2         291   1.2005894831576258E-005   2.9178367274646969E-006   2.1609587305483213E-005   2.0803399969558050       0.52245001278272485       0.51379310000000000        0.0000000000000000        0.0000000000000000        40.896323692559832        654.34117908095732        16.000000000000000        0.0000000000000000     
           2         292   9.9444212746521119E-006  -6.9067154272166022E-007   2.1182923458447689E-005   2.4669697612133370       0.51768138461068414       0.51379310000000000        0.0000000000000000        0.0000000000000000        43.905352191796538        702.48563506874461        16.000000000000000        0.0000000000000000     
           2         293   1.0112972719920288E-005  -6.0688323493789960E-007   2.1441047295991190E-005   2.4195446244213636       0.49735323085734040       0.51379310000000000        0.0000000000000000        0.0000000000000000        44.807774423476758        716.92439077562813        16.000000000000000        0.0000000000000000     
           2         294   1.1418595776638120E-005   1.9189407678994640E-006   2.1457238165034099E-005   2.1780878428111179       0.52344717953859221       0.51379310000000000        0.0000000000000000        0.0000000000000000        48.789782908605986        780.63652653769577        16.000000000000000        0.0000000000000000     
           2         295   1.1363054777606033E-005   1.8089462904297264E-006   2.1459240202705358E-005   2.1944627407475918       0.52203732192154351       0.51379310000000000        0.0000000000000000        0.0000000000000000        53.376012633392335        854.01620213427736        16.000000000000000        0.0000000000000000     
           2         296   1.1665461038672728E-005   2.3151475521217379E-006   2.1546288629204511E-005   2.1480114893954143       0.52079112054413024       0.51379310000000000        0.0000000000000000        0.0000000000000000        43.421917740226711        694.75068384362737        16.000000000000000        0.0000000000000000     
           2         297   1.1373344453443608E-005   1.8291811576855994E-006   2.1459020421090233E-005   2.1914606952595239       0.52228500176662440       0.51379310000000000        0.0000000000000000        0.0000000000000000        43.718999736587563        699.50399578540100        16.000000000000000        0.0000000000000000     
           2         298   1.1407532151882624E-005   1.8970293804624671E-006   2.1457637778698551E-005   2.1813074774256149       0.52316570612521229       0.51379310000000000        0.0000000000000000        0.0000000000000000        47.551199858946717        760.81919774314747        16.000000000000000        0.0000000000000000     
           2         299   1.1394833264327746E-005   1.8712157829324078E-006   2.1458797697947068E-005   2.1850473088968840       0.52283507958658815       0.51379310000000000        0.0000000000000000        0.0000000000000000        47.356127958289697        757.69804733263516        16.000000000000000        0.0000000000000000     
           2         300   1.1417870827345593E-005   1.9131629898771111E-006   2.1461852729715249E-005   2.1802436125750742       0.52321864829154185       0.51379310000000000        0.0000000000000000        0.0000000000000000        50.829679766888681        813.27487627021890        16.000000000000000        0.0000000000000000     
           2         301   1.0878606255806546E-005   9.3966996839534965E-007   2.1381453676959011E-005   2.2953635771910221       0.51872436906471020       0.51379310000000000        0.0000000000000000        0.0000000000000000        44.976160074199079        719.61856118718526        16.000000000000000        0.0000000000000000     
           2         302   1.1716142286218317E-005   2.4210381944365956E-006   2.1538628034856026E-005   2.1294648206522897       0.52272309170179365       0.51379310000000000        0.0000000000000000        0.0000000000000000        44.777290914642336        716.43665463427737        16.000000000000000        0.0000000000000000     
           2         303   1.0885074291131145E-005   9.4232640160786082E-007   2.1391949575452112E-005   2.2880564456900618       0.51777263080869107       0.51379310000000000        1.0000000000000000        0.0000000000000000        45.693893058191449        731.10228893106319        16.000000000000000        0.0000000000000000     
           2         304   1.1125041917206825E-005   1.3648873859032210E-006   2.1438963939123536E-005   2.2533485311783745       0.51833690647201069       0.51379310000000000        0.0000000000000000        0.0000000000000000        49.569342432766767        793.10947892426827        16.000000000000000        0.0000000000000000     
           2         305   1.0846269234983833E-005   7.5995431767313562E-007   2.1504857191965584E-005   2.3578796669905207       0.50655698099905688       0.51379310000000000        0.0000000000000000        0.0000000000000000        49.269016709176540        788.30426734682464        16.000000000000000        0.0000000000000000     
           2         306   1.1468553600198506E-005   1.9435719024048312E-006   2.1533959652545409E-005   2.1839651131636812       0.51783399954405374       0.51379310000000000        0.0000000000000000        0.0000000000000000        42.896101092164287        686.33761747462859        16.000000000000000        0.0000000000000000     
           2         307   1.1132105699684531E-005   1.3635850947169525E-006   2.1454868465988731E-005   2.2417858678540177       0.51818809739544203       0.51379310000000000        0.0000000000000000        0.0000000000000000        44.554753578625011        712.87605725800017        16.000000000000000        0.0000000000000000     
           2         308   1.0368587272680980E-005   4.8005010094594954E-008   2.1274734335792132E-005   2.4103256296527062       0.51427629701427235       0.51379310000000000        0.0000000000000000        0.0000000000000000        45.875739036417556        734.01182458268090        16.000000000000000        0.0000000000000000     
           2         309   1.2028487159050603E-005   2.9684006705266609E-006   2.1602620975758947E-005   2.0719193277075258       0.52336186042370392       0.51379310000000000        0.0000000000000000        0.0000000000000000        47.412058633392341        758.59293813427746        16.000000000000000        0.0000000000000000     
           2         310   1.1666859640783814E-005   2.3249805110818254E-006   2.1538774329520231E-005   2.1411846221671440       0.52169830874781609       0.51379310000000000        0.0000000000000000        0.0000000000000000        52.990188950238050        847.84302320380880        16.000000000000000        0.0000000000000000     
           2         311   1.1391890328070329E-005   1.8649484682805703E-006   2.1459367757249521E-005   2.1859588306838811       0.52275592693414874       0.51379310000000000        0.0000000000000000        0.0000000000000000        42.013720886120289        672.21953417792463        16.000000000000000        0.0000000000000000     
           2         312   1.1753567872376217E-005   2.5023350757610138E-006   2.1529693174988420E-005   2.1172103039455843       0.52386799333349976       0.51379310000000000        0.0000000000000000        0.0000000000000000        46.141039968585638        738.25663949737020        16.000000000000000        0.0000000000000000     
           2         313   1.1408539199611338E-005   1.8990777209344440E-006   2.1457544453259737E-005   2.1809683466492413       0.52319601744728339       0.51379310000000000        0.0000000000000000        0.0000000000000000        45.829591005050062        733.27345608080100        16.000000000000000        0.0000000000000000     
           2         314   1.1353341372720835E-005   1.7888188135617176E-006   2.1460531738983677E-005   2.1976814027358604       0.52170693652003686       0.51379310000000000        0.0000000000000000        0.0000000000000000        49.435107846000001        790.96172553600002        16.000000000000000        0.0000000000000000     
           2         315   1.1279686405577618E-005   1.6331149901653129E-006   2.1473580881151803E-005   2.2247947380878501       0.51898590568361780       0.51379310000000000        0.0000000000000000        0.0000000000000000        51.570099665364950        825.12159464583920        16.000000000000000        0.0000000000000000     
           2         316   1.1271279137577281E-005   1.6243902478528886E-006   2.1465509100186180E-005   2.2214793726724422       0.51943567943914792       0.51379310000000000        0.0000000000000000        0.0000000000000000        43.863583820892330        701.81734113427729        16.000000000000000        0.0000000000000000     
           2         317   1.0536782117104083E-005   3.6173081569635345E-007   2.1289141145348077E-005   2.3473006650597918       0.52066674547092162       0.51379310000000000        0.0000000000000000        0.0000000000000000        43.724769377576500        699.59631004122400        16.000000000000000        0.0000000000000000     
           2         318   1.0961823988006709E-005   1.1022352552429825E-006   2.1380821866752997E-005   2.2712132537459757       0.52093357567667842       0.51379310000000000        0.0000000000000000        0.0000000000000000        47.094550526659532        753.51280842655251        16.000000000000000        0.0000000000000000     
           2         319   1.1249874088755556E-005   1.5821078962653080E-006   2.1466165881642512E-005   2.2273781004175430       0.51887280323167584       0.51379310000000000        0.0000000000000000        0.0000000000000000        45.526189089747078        728.41902543595324        16.000000000000000        0.0000000000000000     
           2         320   1.1352414371734983E-005   1.7888671155667021E-006   2.1458574098681121E-005   2.1963186247463065       0.52184575798232613       0.51379310000000000        0.0000000000000000        0.0000000000000000        50.203518769486621        803.25630031178594        16.000000000000000        0.0000000000000000     
           2         321   1.1736777526798165E-005   2.4658459819930585E-006   2.1533719236784942E-005   2.1229281894538707       0.52332128623390317       0.51379310000000000        0.0000000000000000        1.0000000000000000        42.240842808079066        675.85348492926505        16.000000000000000        0.0000000000000000     
           2         322   1.0550699165548823E-005   3.8445136801736573E-007   2.1293755200462886E-005   2.3451515983305895       0.52079491387206145       0.51379310000000000        0.0000000000000000        0.0000000000000000        45.138341506535582        722.21346410456931        16.000000000000000        0.0000000000000000     
           2         323   7.2635063510036641E-006  -5.0592356823650206E-006   2.0285410873182784E-005   2.8241774456942261       0.49948651768591185       0.51379310000000000        0.0000000000000000        1.0000000000000000        42.225781106338502        675.61249770141603        16.000000000000000        0.0000000000000000     
           2         324   1.1058474407372435E-005   1.2487227976854561E-006   2.1424807525580255E-005   2.2659829999211967       0.51804285532527372       0.51379310000000000        0.0000000000000000        0.0000000000000000        48.719835594332970        779.51736950932752        16.000000000000000        0.0000000000000000     
           2         325   1.1090012164461079E-005   1.3057135673872216E-006   2.1429448127867067E-005   2.2595903319910957       0.51833567800151203       0.51379310000000000        0.0000000000000000        0.0000000000000000        46.452283658175247        743.23653853080395        16.000000000000000        0.0000000000000000     
           2         326   1.1319200148847641E-005   1.7187694699615231E-006   2.1464335974439651E-005   2.2091484019181737       0.52061659342595368       0.51379310000000000        0.0000000000000000        0.0000000000000000        42.889478872552765        686.23166196084424        16.000000000000000        0.0000000000000000     
           2         327   1.1736221478562325E-005   2.4666678923547103E-006   2.1531707047923527E-005   2.1228330652209788       0.52335141258070939       0.51379310000000000        0.0000000000000000        0.0000000000000000        43.186869383498014        690.98991013596822        16.000000000000000        0.0000000000000000     
           2         328   1.1720157257455186E-005   2.4385698662142112E-006   2.1528359400753727E-005   2.1244212364559529       0.52329966027300201       0.51379310000000000        0.0000000000000000        0.0000000000000000        45.887041016204591        734.19265625927346        16.000000000000000        0.0000000000000000     
           2         329   1.1323147551782954E-005   1.7329054836721664E-006   2.1457516689541224E-005   2.2030692350204695       0.52129000969211736       0.51379310000000000        0.0000000000000000        0.0000000000000000        49.521694755852245        792.34711609363592        16.000000000000000        0.0000000000000000     
           2         330   1.0795964519194037E-005   7.8710270845175108E-007   2.1372704868236781E-005   2.3190239928682956       0.51738972035140196       0.51379310000000000        0.0000000000000000        0.0000000000000000        49.015347258392346        784.24555613427754        16.000000000000000        0.0000000000000000     
           2         331   1.1345153385912559E-005   1.7758583701415807E-006   2.1457386986397467E-005   2.1974083625638432       0.52178198518576657       0.51379310000000000        0.0000000000000000        0.0000000000000000        40.421849349731090        646.74958959569744        16.000000000000000        0.0000000000000000     
           2         332   1.1911831944583616E-005   2.7440087022353391E-006   2.1599815237165685E-005   2.0947893846881169       0.52147557479048290       0.51379310000000000        1.0000000000000000        0.0000000000000000        42.321662602395079        677.14660163832127        16.000000000000000        0.0000000000000000     
           2         333   1.1163756455017027E-005   1.4308989319383115E-006   2.1448832702682183E-005   2.2375962109548810       0.51840706820775084       0.51379310000000000        0.0000000000000000        1.0000000000000000        45.350772099256382        725.61235358810211        16.000000000000000        0.0000000000000000     
           2         334   1.1412490708057047E-005   1.9068282742943477E-006   2.1457481368199124E-005   2.1798810957267043       0.52328993955186676       0.51379310000000000        0.0000000000000000        0.0000000000000000        46.979685743773565        751.67497190037705        16.000000000000000        0.0000000000000000     
           2         335   1.1692007064387955E-005   2.3801558288021274E-006   2.1532190149142024E-005   2.1333566018291243       0.52240379312694296       0.51379310000000000        0.0000000000000000        0.0000000000000000        50.393348856530878        806.29358170449404        16.000000000000000        0.0000000000000000     
           2         336   8.4166231878859054E-006  -3.5271661887555195E-006   2.1038074198909384E-005   2.7062703499630025       0.49113898918822962       0.51379310000000000        0.0000000000000000        1.0000000000000000        40.686647523800218        650.98636038080349        16.000000000000000        0.0000000000000000     
           2         337   1.1345269444847787E-005   1.7737225874328943E-006   2.1459882651008607E-005   2.1997686624694550       0.52158538750800587       0.51379310000000000        0.0000000000000000        0.0000000000000000        42.513589307365422        680.21742891784675        16.000000000000000        0.0000000000000000     
           2         338   1.0183088657731051E-005  -2.8002505798640122E-007   2.1239854062851939E-005   2.4381651409151903       0.51524248253900595       0.51379310000000000        0.0000000000000000        1.0000000000000000        43.712398955923987        699.39838329478380        16.000000000000000        0.0000000000000000     
           2         339   1.1776787383735439E-005   2.5492048798989545E-006   2.1527920533330672E-005   2.1107014478513846       0.52445749680254783       0.51379310000000000        0.0000000000000000        0.0000000000000000        47.550929307590032        760.81486892144051        16.000000000000000        0.0000000000000000     
           2         340   1.0742590189896244E-005   3.7566902089977961E-007   2.1697705316552060E-005   2.4463246956120148       0.48971110197846307       0.51379310000000000        0.0000000000000000        0.0000000000000000        51.736518478489714        827.78429565583542        16.000000000000000        0.0000000000000000     
           2         341   1.1781162973046358E-005   2.5567682369423900E-006   2.1528927488701179E-005   2.1099311406575842       0.52451696610972065       0.51379310000000000        0.0000000000000000        0.0000000000000000        44.177967451748557        706.84747922797692        16.000000000000000        0.0000000000000000     
           2         342   1.1413420119018234E-005   1.9085476083767856E-006   2.1457576037717571E-005   2.1797174925706426       0.52330305771357322       0.51379310000000000        0.0000000000000000        0.0000000000000000        42.843405690294873        685.49449104471796        16.000000000000000        0.0000000000000000     
           2         343   8.3743729528778988E-006  -3.5519857472090978E-006   2.0977404313045028E-005   2.7300035155201443       0.50235182548129820       0.51379310000000000        0.0000000000000000        1.0000000000000000        45.932652280768757        734.92243649230011        16.000000000000000        0.0000000000000000     
           2         344   1.0462151055729317E-005   2.2050581839160578E-007   2.1284882398274920E-005   2.3663519658109244       0.51917594450708227       0.51379310000000000        0.0000000000000000        0.0000000000000000        44.859656369865426        717.75450191784682        16.000000000000000        0.0000000000000000     
           2         345   1.1371623851480229E-005   1.8256876552313354E-006   2.1459173309690535E-005   2.1918449742650554       0.52223066301178456       0.51379310000000000        0.0000000000000000        0.0000000000000000        49.387337164420920        790.19739463073472        16.000000000000000        0.0000000000000000     
           2         346   1.0963790288527548E-005   1.1089647135092145E-006   2.1377754759513388E-005   2.2687791125407890       0.52114677898727546       0.51379310000000000        0.0000000000000000        0.0000000000000000        43.638179571639064        698.21087314622503        16.000000000000000        0.0000000000000000     
           2         347   1.1418507614014053E-005   1.9156063641598962E-006   2.1460580427370647E-005   2.1794798115934935       0.52329574015482905       0.51379310000000000        0.0000000000000000        0.0000000000000000        45.042858681932856        720.68573891092569        16.000000000000000        0.0000000000000000     
           2         348   1.1336920217276165E-005   1.7540857522099770E-006   2.1463461462562923E-005   2.2036841251658266       0.52114279576276612       0.51379310000000000        0.0000000000000000        0.0000000000000000        44.788265544497342        716.61224871195748        16.000000000000000        0.0000000000000000     
           2         349   1.2089581179252765E-005   3.0965932910736487E-006   2.1592809383809157E-005   2.0529729190008079       0.52523133008068146       0.51379310000000000        0.0000000000000000        0.0000000000000000        47.769475926077902        764.31161481724644        16.000000000000000        0.0000000000000000     
           2         350   1.0979890429075025E-005   1.1403941307976243E-006   2.1377655877345272E-005   2.2641633898053550       0.52154340290345147       0.51379310000000000        0.0000000000000000        0.0000000000000000        48.567705738906419        777.08329182250270        16.000000000000000        0.0000000000000000     
           2         351   1.1726025817830698E-005   2.4434847107813597E-006   2.1535235788459253E-005   2.1263861377195776       0.52298487115143877       0.51379310000000000        0.0000000000000000        0.0000000000000000        43.244692633392333        691.91508213427733        16.000000000000000        0.0000000000000000     
           2         352   1.1268946426823691E-005   1.6271705498338614E-006   2.1457773276759026E-005   2.2172034402432383       0.52001439393865989       0.51379310000000000        0.0000000000000000        0.0000000000000000        48.339439302193831        773.43102883510130        16.000000000000000        0.0000000000000000     
           2         353   1.1266521303430096E-005   1.6090459740757056E-006   2.1471938354571160E-005   2.2285862112591976       0.51879132886379142       0.51379310000000000        0.0000000000000000        1.0000000000000000        47.885246103557108        766.16393765691373        16.000000000000000        0.0000000000000000     
           2         354   1.1373548497053340E-005   1.8302332334796549E-006   2.1458328317226396E-005   2.1906758016785890       0.52234346072508508       0.51379310000000000        0.0000000000000000        0.0000000000000000        47.563491491196032        761.01586385913652        16.000000000000000        0.0000000000000000     
           2         355   1.0932023503588503E-005   1.0512079582479446E-006   2.1373452552762514E-005   2.2747430894616345       0.52074704481406253       0.51379310000000000        0.0000000000000000        0.0000000000000000        51.586639980786238        825.38623969257981        16.000000000000000        0.0000000000000000     
           2         356   1.1268739553693341E-005   1.6099444373192478E-006   2.1475551273368297E-005   2.2296735728488724       0.51852222401291415       0.51379310000000000        0.0000000000000000        1.0000000000000000        41.618245261531904        665.89192418451046        16.000000000000000        0.0000000000000000     
           2         357   1.1420950887917252E-005   1.9234588148424702E-006   2.1457307620926553E-005   2.1775161815671269       0.52349410247552530       0.51379310000000000        0.0000000000000000        1.0000000000000000        44.877720057992562        718.04352092788099        16.000000000000000        0.0000000000000000     
           2         358   1.1731532829786766E-005   2.4577642187882870E-006   2.1531472574220314E-005   2.1231009205126452       0.52334926036910223       0.51379310000000000        0.0000000000000000        0.0000000000000000        49.177680945892348        786.84289513427757        16.000000000000000        0.0000000000000000     
           2         359   1.2072125843240844E-005   3.0620612641953592E-006   2.1593399628676483E-005   2.0573823265348858       0.52482243743807266       0.51379310000000000        0.0000000000000000        0.0000000000000000        49.459869977549978        791.35791964079965        16.000000000000000        0.0000000000000000     
           2         360   1.0528805119299012E-005   3.3946727299879522E-007   2.1296261276333906E-005   2.3525556227115896       0.52016414048936577       0.51379310000000000        0.0000000000000000        0.0000000000000000        49.486113447882644        791.77781516612231        16.000000000000000        0.0000000000000000     
           2         361   9.9394618930403264E-006  -7.0054552211630489E-007   2.1183157516974148E-005   2.4679642454728339       0.51760725027321164       0.51379310000000000        0.0000000000000000        0.0000000000000000        43.515456399731157        696.24730239569851        16.000000000000000        0.0000000000000000     
           2         362   1.1365382979553426E-005   1.8119759114567997E-006   2.1460827188756024E-005   2.1942075580042926       0.52200237075764355       0.51379310000000000        0.0000000000000000        0.0000000000000000        43.531109561443714        696.49775298309942        16.000000000000000        0.0000000000000000     
           2         363   1.0976458902759027E-005   1.1339078377491689E-006   2.1377452437815584E-005   2.2648281234339582       0.52149481408823306       0.51379310000000000        0.0000000000000000        0.0000000000000000        46.862717611108344        749.80348177773351        16.000000000000000        0.0000000000000000     
           2         364   1.2081097334658315E-005   3.0808197937108079E-006   2.1592028789197130E-005   2.0546728534783956       0.52508465615902367       0.51379310000000000        0.0000000000000000        0.0000000000000000        49.879844734978633        798.07751575965813        16.000000000000000        0.0000000000000000     
           2         365   1.1116437055948966E-005   1.3521261533881463E-006   2.1434751271543604E-005   2.2538427983077027       0.51850139701115960       0.51379310000000000        1.0000000000000000        0.0000000000000000        50.229282508392330        803.66852013427729        16.000000000000000        0.0000000000000000     
           2         366   1.1001095502108568E-005   1.1811905547129801E-006   2.1378158033775337E-005   2.2583381255775952       0.52203153115980705       0.51379310000000000        0.0000000000000000        0.0000000000000000        41.666541037794332        666.66465660470931        16.000000000000000        0.0000000000000000     
           2         367   1.1128616740003562E-005   1.3712308736185068E-006   2.1439613009670046E-005   2.2526144530152732       0.51836435508423861       0.51379310000000000        0.0000000000000000        1.0000000000000000        46.745002901080305        747.92004641728488        16.000000000000000        0.0000000000000000     
           2         368   1.1284514850634826E-005   1.6621371548017652E-006   2.1452842913673187E-005   2.2101744999760227       0.52079864310107771       0.51379310000000000        0.0000000000000000        0.0000000000000000        45.882310788509628        734.11697261615404        16.000000000000000        0.0000000000000000     
           2         369   1.1261515157900717E-005   1.5932454846151552E-006   2.1478338997861293E-005   2.2223006684248774       0.51840606204198447       0.51379310000000000        0.0000000000000000        0.0000000000000000        50.240399054913929        803.84638487862287        16.000000000000000        0.0000000000000000     
           2         370   1.1692512629401126E-005   2.3433997975803322E-006   2.1572071442966116E-005   2.1409785653280848       0.51994354294067124       0.51379310000000000        0.0000000000000000        0.0000000000000000        49.692845528878472        795.08552846205555        16.000000000000000        0.0000000000000000     
           2         371   1.0840325783838394E-005   8.7496621501651655E-007   2.1371095679287690E-005   2.2981464185416440       0.51875712417439634       0.51379310000000000        0.0000000000000000        0.0000000000000000        42.381842850458831        678.10948560734130        16.000000000000000        0.0000000000000000     
           2         372   1.1670931282670765E-005   2.3288024170868525E-006   2.1543109876697208E-005   2.1453339567808429       0.52116615769528951       0.51379310000000000        0.0000000000000000        1.0000000000000000        44.310081508392337        708.96130413427738        16.000000000000000        0.0000000000000000     
           2         373   1.1361526952957450E-005   1.8053311077974796E-006   2.1459918167668590E-005   2.1950883129737799       0.52194232256582629       0.51379310000000000        0.0000000000000000        0.0000000000000000        49.138406449043131        786.21450318469010        16.000000000000000        0.0000000000000000     
           2         374   1.1371049527694464E-005   1.8244594063874136E-006   2.1459290013084283E-005   2.1921571308510686       0.52220928252732135       0.51379310000000000        0.0000000000000000        0.0000000000000000        47.895316391187663        766.32506225900261        16.000000000000000        0.0000000000000000     
           2         375   1.0497046056354819E-005   2.8692948631538867E-007   2.1286459871506363E-005   2.3574156561842106       0.51986921075298986       0.51379310000000000        0.0000000000000000        0.0000000000000000        52.907588763067920        846.52142020908673        16.000000000000000        0.0000000000000000     
           2         376   1.1196353174852337E-005   1.4872506102304033E-006   2.1456326665346082E-005   2.2414626323606521       0.51850969794846502       0.51379310000000000        0.0000000000000000        0.0000000000000000        40.490977619088881        647.85564190542209        16.000000000000000        0.0000000000000000     
           2         377   9.7507356802562007E-006  -1.0445514338761396E-006   2.1158521196586950E-005   2.5240834592624655       0.51391432008489635       0.51379310000000000        0.0000000000000000        0.0000000000000000        44.995637383838037        719.93019814140860        16.000000000000000        0.0000000000000000     
           2         378   1.1009461965344958E-005   1.1963139944339952E-006   2.1379384146072763E-005   2.2563759481624701       0.52218580704181716       0.51379310000000000        0.0000000000000000        0.0000000000000000        46.208227806558249        739.33164490493198        16.000000000000000        0.0000000000000000     
           2         379   1.0502073107014151E-005   2.9577420458153022E-007   2.1287452649360436E-005   2.3560249690492845       0.52000363578182884       0.51379310000000000        0.0000000000000000        0.0000000000000000        49.514881820892342        792.23810913427747        16.000000000000000        0.0000000000000000     
           2         380   1.0864035697711461E-005   8.9895128582668668E-007   2.1394514824486680E-005   2.3179555769143798       0.51528956489034605       0.51379310000000000        0.0000000000000000        0.0000000000000000        50.452144667267348        807.23431467627756        16.000000000000000        0.0000000000000000     
           2         381   1.0857038035950211E-005   8.7534056491824807E-007   2.1405072806546388E-005   2.3290144706806029       0.51394116165415704       0.51379310000000000        0.0000000000000000        0.0000000000000000        44.432005875773058        710.91209401236893        16.000000000000000        0.0000000000000000     
           2         382   1.1314843278380488E-005   1.6743335116965414E-006   2.1502332181982826E-005   2.2291521897890352       0.51678077624520791       0.51379310000000000        0.0000000000000000        0.0000000000000000        42.463187278287016        679.41099645259226        16.000000000000000        0.0000000000000000     
           2         383   1.0800037341167359E-005   6.2774297441906645E-007   2.1549483012967317E-005   2.4004230241231688       0.50171393597148617       0.51379310000000000        0.0000000000000000        0.0000000000000000        47.620938431292274        761.93501490067638        16.000000000000000        0.0000000000000000     
           2         384   1.0789569736411010E-005   5.1229164248293246E-007   2.1649955657386971E-005   2.4735348035387315       0.49235873926404700       0.51379310000000000        0.0000000000000000        0.0000000000000000        47.355628359112686        757.69005374580297        16.000000000000000        0.0000000000000000     
           2         385  -2.4436411363323375E-006  -2.4436411363323375E-006   2.0852853303425680E-005   2.7018882935367010       0.46544911985751086        1.0000000000000000        1.0000000000000000        0.0000000000000000        42.391263152230835        678.26021043569335        16.000000000000000        0.0000000000000000     
           2         386   1.1292768606043980E-005   1.6630137337933359E-006   2.1468892408593378E-005   2.2191266309332423       0.51963484988998465       0.51379310000000000        0.0000000000000000        1.0000000000000000        43.600289463615418        697.60463141784669        16.000000000000000        0.0000000000000000     
           2         387   1.1335418748913571E-005   1.7517704725665726E-006   2.1462819979159485E-005   2.2026568222897711       0.52123194178447474       0.51379310000000000        0.0000000000000000        0.0000000000000000        44.502551307024099        712.04082091238558        16.000000000000000        0.0000000000000000     
           2         388   1.0323229424990174E-005  -1.5091029577215254E-007   2.1391646423933515E-005   2.4616389252034048       0.50371892028252707       0.51379310000000000        0.0000000000000000        0.0000000000000000        44.318352042683799        709.09363268294078        16.000000000000000        0.0000000000000000     
           2         389   1.1372544384845197E-005   1.8286725165619047E-006   2.1457912390128352E-005   2.1906427292068678       0.52235567809819183       0.51379310000000000        1.0000000000000000        0.0000000000000000        47.659969941168868        762.55951905870188        16.000000000000000        0.0000000000000000     
           2         390   9.9666422020226353E-006  -6.4784327235012067E-007   2.1183367832166832E-005   2.4590479164313610       0.51836846762684508       0.51379310000000000        0.0000000000000000        0.0000000000000000        51.071358439409032        817.14173503054451        16.000000000000000        0.0000000000000000     
           2         391   1.0899836573755645E-005   9.8402262905931354E-007   2.1378249746561028E-005   2.2874884302857645       0.51948509747280891       0.51379310000000000        0.0000000000000000        0.0000000000000000        43.002239762163512        688.03583619461619        16.000000000000000        0.0000000000000000     
           2         392   8.8302377032191366E-006  -2.3170818654478585E-006   2.0610029141547598E-005   2.7256636824751848       0.46890168848583602       0.51379310000000000        0.0000000000000000        1.0000000000000000        40.717182979646012        651.47492767433619        16.000000000000000        0.0000000000000000     
           2         393   1.1368486509380080E-005   1.8194516857451699E-006   2.1459310403577373E-005   2.1929416799865153       0.52215146254377631       0.51379310000000000        0.0000000000000000        0.0000000000000000        46.507249303169267        744.11598885070828        16.000000000000000        0.0000000000000000     
           2         394   1.1417577824146943E-005   1.9168118229511010E-006   2.1457394240016712E-005   2.1784733836919092       0.52341127430184053       0.51379310000000000        0.0000000000000000        0.0000000000000000        47.950611073115049        767.20977716984078        16.000000000000000        0.0000000000000000     
           2         395   7.6049063309930196E-006  -4.3454203452474483E-006   2.0233265552136098E-005   2.8472251224390930       0.47001579115338576       0.51379310000000000        1.0000000000000000        0.0000000000000000        46.581707408530605        745.30731853648967        16.000000000000000        0.0000000000000000     
           2         396   1.0003006685159812E-005  -8.1235355861818162E-007   2.1432004231816504E-005   2.5360094620546199       0.49136480819988254       0.51379310000000000        0.0000000000000000        0.0000000000000000        43.421301583771097        694.74082534033755        16.000000000000000        0.0000000000000000     
           2         397   1.0962269763886167E-005   1.1038824619442759E-006   2.1379998045540435E-005   2.2705820556602725       0.52097489630630234       0.51379310000000000        0.0000000000000000        0.0000000000000000        46.007187882338883        736.11500611742213        16.000000000000000        0.0000000000000000     
           2         398   1.0897193244703872E-005   9.8286735364261446E-007   2.1374033935320685E-005   2.2847969871496141       0.51984552876185697       0.51379310000000000        0.0000000000000000        1.0000000000000000        48.286968995367303        772.59150392587685        16.000000000000000        0.0000000000000000     
           2         399   1.1691039234309676E-005   2.3718269129061975E-006   2.1539001055032552E-005   2.1373380149800543       0.52190669080026475       0.51379310000000000        0.0000000000000000        0.0000000000000000        46.783794483670476        748.54071173872762        16.000000000000000        0.0000000000000000     
           2         400   1.1343443399558462E-005   1.7686855414025366E-006   2.1461449790852787E-005   2.2008420274059679       0.52140598534000404       0.51379310000000000        0.0000000000000000        0.0000000000000000        49.809490883392336        796.95185413427737        16.000000000000000        0.0000000000000000     
           2         401   1.1377757014739043E-005   1.8378883459991742E-006   2.1458894688648969E-005   2.1900737609123380       0.52239247623775165       0.51379310000000000        0.0000000000000000        0.0000000000000000        40.424783602620693        646.79653764193108        16.000000000000000        0.0000000000000000     
           2         402   1.0899059266211354E-005   9.8417635828801644E-007   2.1376488577476121E-005   2.2863333031018409       0.51962774780819077       0.51379310000000000        0.0000000000000000        0.0000000000000000        45.363402292792202        725.81443668467523        16.000000000000000        0.0000000000000000     
           2         403   1.1473894283068777E-005   1.9694637608166746E-006   2.1517583136029377E-005   2.1869742987602634       0.51919341751052561       0.51379310000000000        0.0000000000000000        0.0000000000000000        49.419209258186740        790.70734813098784        16.000000000000000        0.0000000000000000     
           2         404   7.8950326669819462E-006  -4.5233072308891556E-006   2.1017959044581386E-005   2.7295578632859092       0.48532790853459729       0.51379310000000000        0.0000000000000000        1.0000000000000000        50.856861106429093        813.70977770286549        16.000000000000000        0.0000000000000000     
           2         405   1.1752155506854423E-005   2.4988919577549595E-006   2.1530426781920268E-005   2.1180305070598715       0.52378423067474300       0.51379310000000000        0.0000000000000000        0.0000000000000000        49.516176054985742        792.25881687977187        16.000000000000000        0.0000000000000000     
           2         406   1.0488895927115684E-005   2.7213182325636282E-007   2.1285334441029585E-005   2.3593929535607128       0.51971115468545381       0.51379310000000000        0.0000000000000000        0.0000000000000000        42.289859559968747        676.63775295949995        16.000000000000000        0.0000000000000000     
           2         407   1.1179873987444708E-005   1.4353654372075349E-006   2.1477262313285064E-005   2.2573541220735449       0.51640542135210477       0.51379310000000000        0.0000000000000000        0.0000000000000000        42.928527977142330        686.85644763427729        16.000000000000000        0.0000000000000000     
           2         408   7.3558819464724332E-006  -5.3207533206808028E-006   2.0751758745999696E-005   2.8846753770483979       0.50300119831347179       0.51379310000000000        0.0000000000000000        1.0000000000000000        47.250133919279975        756.00214270847960        16.000000000000000        0.0000000000000000     
           2         409   1.0435899954578691E-005   1.6790086921847769E-007   2.1286480398550739E-005   2.3764830195015865       0.51820510126755404       0.51379310000000000        0.0000000000000000        0.0000000000000000        53.341728329494650        853.46765327191440        16.000000000000000        0.0000000000000000     
           2         410   1.1166032251834054E-005   1.4292118680442021E-006   2.1455296203313498E-005   2.2498857536559553       0.51790134020226619       0.51379310000000000        0.0000000000000000        0.0000000000000000        52.743146990435314        843.89035184696502        16.000000000000000        0.0000000000000000     
           2         411   1.1498845197532637E-005   2.0157456813709882E-006   2.1519992774864838E-005   2.1810512529879782       0.51960502941224540       0.51379310000000000        0.0000000000000000        0.0000000000000000        41.980349045764648        671.68558473223436        16.000000000000000        0.0000000000000000     
