  economy_id district_id avg_expect_cont avg_C1 avg_C2 avg_expect_exp avg_expect_MA lambda urban suburban budg_per_teach budget capacity share_tenured
           1           1   1.1383936951276612E-005   1.8421384706532423E-006   2.1467113929914368E-005   2.1904009161420772       0.52247794279600046       0.51379310000000000        0.0000000000000000        0.0000000000000000        43.883902890251605        746.02634913427732        17.000000000000000        0.0000000000000000     
           1           2   1.2039485576959060E-005   2.9789334590597551E-006   2.1614111441723623E-005   2.0724766176322347       0.52342873705712401       0.51379310000000000        0.0000000000000000        0.0000000000000000        42.941297364806879        730.00205520171698        17.000000000000000        0.0000000000000000     
           1           3   9.8575701395616867E-006  -8.5862289363141643E-007   2.1181773968677491E-005   2.4965376895951135       0.51552942139329783       0.51379310000000000        0.0000000000000000        0.0000000000000000        47.772430459879118        812.13131781794505        17.000000000000000        0.0000000000000000     
           1           4   1.1332678335896530E-005   1.7465491870537431E-006   2.1462701197325249E-005   2.2018370520612969       0.52162269349999302       0.51379310000000000        0.0000000000000000        0.0000000000000000        51.748974732531217        879.73257045303069        17.000000000000000        0.0000000000000000     
           1           5   1.1399554527367439E-005   1.8731192149101144E-006   2.1466496668946961E-005   2.1859050254212038       0.52286589276150286       0.51379310000000000        0.0000000000000000        0.0000000000000000        52.475607012480815        892.08531921217389        17.000000000000000        0.0000000000000000     
           1           6   1.1383869899056667E-005   1.8424444256510372E-006   2.1466652706951697E-005   2.1903479941974400       0.52248140851288405       0.51379310000000000        0.0000000000000000        0.0000000000000000        42.327725410975276        719.57133198657971        17.000000000000000        0.0000000000000000     
           1           7   1.1348864471303417E-005   1.7674426717953367E-006   2.1473912899815887E-005   2.2030702831132989       0.52131272483770641       0.51379310000000000        0.0000000000000000        0.0000000000000000        45.324361878822280        770.51415193997877        17.000000000000000        0.0000000000000000     
           1           8   1.1357245413238769E-005   2.1735799535842802E-006   2.1061969772105217E-005   1.9569359277465215       0.51629892496009389       0.51379310000000000        0.0000000000000000        1.0000000000000000        49.871761176470592        847.81994000000009        17.000000000000000        0.0000000000000000     
           1           9   1.2095942180469392E-005   3.1016957952498124E-006   2.1600500286135201E-005   2.0530729773463796       0.52533266049453231       0.51379310000000000        0.0000000000000000        0.0000000000000000        49.389637293614889        839.62383399145313        17.000000000000000        0.0000000000000000     
           1          10   1.2046207736144182E-005   2.9924508460690505E-006   2.1613652828342784E-005   2.0702792927152114       0.52366721064599620       0.51379310000000000        0.0000000000000000        0.0000000000000000        52.516801875772813        892.78563188813780        17.000000000000000        0.0000000000000000     
           1          11   1.2071151377493872E-005   3.0447842573667115E-006   2.1609652670643767E-005   2.0623760673411899       0.52444526544609682       0.51379310000000000        0.0000000000000000        0.0000000000000000        43.208452583044426        734.54369391175521        17.000000000000000        0.0000000000000000     
           1          12   9.8744898856159739E-006  -8.2601600479714741E-007   2.1182116521526804E-005   2.4874406465883787       0.51623308455655459       0.51379310000000000        1.0000000000000000        0.0000000000000000        44.174017838244168        750.95830325015083        17.000000000000000        0.0000000000000000     
           1          13   1.1767159414110294E-005   2.5139470116483581E-006   2.1545376640602392E-005   2.1187459325917728       0.52378480056174404       0.51379310000000000        0.0000000000000000        0.0000000000000000        49.618806129087034        843.51970419447957        17.000000000000000        0.0000000000000000     
           1          14   1.0916167452229520E-005   1.0031414669094161E-006   2.1391634483606719E-005   2.2888066328569883       0.51955566010080956       0.51379310000000000        0.0000000000000000        0.0000000000000000        48.490962772282650        824.34636712880501        17.000000000000000        0.0000000000000000     
           1          15   1.1415853207364297E-005   1.9053613803349519E-006   2.1465947268830845E-005   2.1810058452833396       0.52329003371087013       0.51379310000000000        0.0000000000000000        0.0000000000000000        53.247338007898662        905.20474613427723        17.000000000000000        0.0000000000000000     
           1          16   1.1691678179844549E-005   2.3716075996883494E-006   2.1540546954840100E-005   2.1360075443998849       0.52235646594334784       0.51379310000000000        0.0000000000000000        0.0000000000000000        42.489037895903209        722.31364423035450        17.000000000000000        0.0000000000000000     
           1          17   1.1380625989775638E-005   1.8366862755615413E-006   2.1466065690403218E-005   2.1908610715126362       0.52244862411650461       0.51379310000000000        0.0000000000000000        0.0000000000000000        44.887901917360878        763.09433259513492        17.000000000000000        0.0000000000000000     
           1          18   1.1733013377682711E-005   2.4527940879475578E-006   2.1539769796715001E-005   2.1255896172774746       0.52321602942072143       0.51379310000000000        0.0000000000000000        0.0000000000000000        46.142960637054131        784.43033082992019        17.000000000000000        0.0000000000000000     
           1          19   1.1395476142371162E-005   1.8626870808625418E-006   2.1469132529309579E-005   2.1880706650640360       0.52266019258675966       0.51379310000000000        0.0000000000000000        0.0000000000000000        50.449769453451218        857.64608070867075        17.000000000000000        0.0000000000000000     
           1          20   1.1411890096138689E-005   1.8964422805955974E-006   2.1467221336884723E-005   2.1827188415417664       0.52313152015284725       0.51379310000000000        0.0000000000000000        0.0000000000000000        50.479160247253191        858.14572420330421        17.000000000000000        0.0000000000000000     
           1          21   1.1782520881763801E-005   2.5490083623002022E-006   2.1539920501687039E-005   2.1125494606070232       0.52436706710025394       0.51379310000000000        0.0000000000000000        0.0000000000000000        43.836728670984265        745.22438740673249        17.000000000000000        0.0000000000000000     
           1          22   1.1741944825824939E-005   2.4700234018788642E-006   2.1539932578293379E-005   2.1234358488804319       0.52340438618895857       0.51379310000000000        0.0000000000000000        0.0000000000000000        43.333355154957488        736.66703763427734        17.000000000000000        0.0000000000000000     
           1          23   1.1319039364557280E-005   1.7117767442985020E-006   2.1471394759301692E-005   2.2112978665297223       0.52056127036631561       0.51379310000000000        0.0000000000000000        0.0000000000000000        47.888027061147270        814.09646003950354        17.000000000000000        0.0000000000000000     
           1          24   1.1323590336906854E-005   1.7215153467248319E-006   2.1470463768028391E-005   2.2096075425965478       0.52077019277371073       0.51379310000000000        0.0000000000000000        0.0000000000000000        48.817788415494995        829.90240306341491        17.000000000000000        0.0000000000000000     
           1          25   1.2092049730929881E-005   3.0937926823717495E-006   2.1600846055242338E-005   2.0541623558723265       0.52523287789785389       0.51379310000000000        0.0000000000000000        0.0000000000000000        52.012259024260807        832.19614438817291        16.000000000000000        0.0000000000000000     
           1          26   1.1420084385075063E-005   1.9135922269962613E-006   2.1465951846077186E-005   2.1798316148906993       0.52338901787394099       0.51379310000000000        0.0000000000000000        0.0000000000000000        42.913194280776004        686.61110849241607        16.000000000000000        0.0000000000000000     
           1          27   1.0764639970387077E-005   5.8237578563279488E-007   2.1524621123480403E-005   2.3963470798257265       0.50292536419166689       0.51379310000000000        0.0000000000000000        0.0000000000000000        46.399906400918972        742.39850241470356        16.000000000000000        0.0000000000000000     
           1          28   1.1677007966777581E-005   2.3304484490325232E-006   2.1553868597420008E-005   2.1470944653303912       0.52116494269520730       0.51379310000000000        0.0000000000000000        0.0000000000000000        44.222868203358040        707.56589125372864        16.000000000000000        0.0000000000000000     
           1          29   1.0467534257102711E-005   2.2022267887128744E-007   2.1296253434978523E-005   2.3713389884537222       0.51882302238367939       0.51379310000000000        0.0000000000000000        0.0000000000000000        49.643518633392347        794.29629813427755        16.000000000000000        0.0000000000000000     
           1          30   7.2151782639224295E-006  -2.3772766440654342E-006   1.6807633171909845E-005   2.0083375485096644       0.61528870987614515       0.50000000000000000        0.0000000000000000        1.0000000000000000        51.131026233642338        818.09641973827740        16.000000000000000        0.0000000000000000     
           1          31  -9.7385946787634475E-006  -3.1937484208386605E-005   1.2460294850859710E-005   11.500044946777393       0.50004494677739453       0.50000000000000000        0.0000000000000000        1.0000000000000000        51.997681870968748        831.96290993549997        16.000000000000000        3.6250000000000000     
           1          32   1.1352701900822636E-005   1.7809792749577234E-006   2.1467500848108724E-005   2.1997256814751749       0.52170694148031582       0.51379310000000000        0.0000000000000000        0.0000000000000000        44.310814403203381        708.97303045125409        16.000000000000000        0.0000000000000000     
           1          33   1.1669700063464090E-005   2.3242836552223026E-006   2.1545352727343188E-005   2.1447704555609119       0.52140169743044984       0.51379310000000000        0.0000000000000000        0.0000000000000000        45.499596312922591        727.99354100676146        16.000000000000000        0.0000000000000000     
           1          34   1.1437458812250212E-005   1.9302893718827778E-006   2.1484041982895567E-005   2.1822818815750824       0.52304554522045310       0.51379310000000000        0.0000000000000000        0.0000000000000000        44.288250366735774        708.61200586777238        16.000000000000000        0.0000000000000000     
           1          35   1.1314426445317574E-005   1.7023151431104332E-006   2.1471905624461319E-005   2.2129942076599529       0.52042704169706988       0.51379310000000000        0.0000000000000000        0.0000000000000000        48.959641622735525        783.35426596376840        16.000000000000000        0.0000000000000000     
           1          36   1.1387546504371908E-005   1.8430239580963359E-006   2.1473602105538295E-005   2.1921766158480818       0.52226979106677918       0.51379310000000000        0.0000000000000000        0.0000000000000000        41.388270026115414        662.21232041784663        16.000000000000000        0.0000000000000000     
           1          37   1.1752402821400158E-005   2.4903621404330513E-006   2.1539949221503257E-005   2.1206000737930397       0.52365789513502892       0.51379310000000000        0.0000000000000000        0.0000000000000000        43.952758005855031        703.24412809368050        16.000000000000000        0.0000000000000000     
           1          38   1.0906943242594657E-005   9.9024474354198256E-007   2.1386291157224942E-005   2.2892416636402939       0.51954009781521626       0.51379310000000000        0.0000000000000000        0.0000000000000000        47.594357565383241        761.50972104613186        16.000000000000000        0.0000000000000000     
           1          39   1.1403825428458012E-005   1.8807985335057459E-006   2.1467165767192354E-005   2.1849200638295407       0.52294527349870812       0.51379310000000000        0.0000000000000000        0.0000000000000000        47.113643728352606        753.81829965364170        16.000000000000000        0.0000000000000000     
           1          40   1.0923197309833709E-005   1.0259442164257542E-006   2.1381996533676360E-005   2.2808666292891071       0.52030707031535783       0.51379310000000000        0.0000000000000000        0.0000000000000000        48.648627272937325        778.37803636699721        16.000000000000000        0.0000000000000000     
           1          41   1.2054396336709449E-005   3.0142994078834843E-006   2.1607406434596097E-005   2.0662194528130327       0.52408986287691628       0.51379310000000000        0.0000000000000000        0.0000000000000000        41.714034885353264        667.42455816565223        16.000000000000000        0.0000000000000000     
           1          42   1.1431663843625013E-005   1.9194771476949035E-006   2.1483548936742122E-005   2.1835786974344207       0.52294773533761540       0.51379310000000000        0.0000000000000000        0.0000000000000000        43.947188883248053        703.15502213196885        16.000000000000000        0.0000000000000000     
           1          43   1.1731324727610646E-005   2.4462000877390964E-006   2.1543264814446132E-005   2.1270985980754831       0.52308033017749889       0.51379310000000000        0.0000000000000000        0.0000000000000000        46.412829695892341        742.60527513427746        16.000000000000000        0.0000000000000000     
           1          44   1.1003784465595472E-005   1.1746129136749534E-006   2.1390639366447281E-005   2.2614851579680741       0.52182674734994061       0.51379310000000000        0.0000000000000000        0.0000000000000000        48.052650799648305        768.84241279437288        16.000000000000000        0.0000000000000000     
           1          45   1.1026552046179825E-005   1.1833076650465501E-006   2.1428278234434155E-005   2.2764087703766798       0.51749590748313745       0.51379310000000000        0.0000000000000000        0.0000000000000000        46.672434840436168        746.75895744697868        16.000000000000000        0.0000000000000000     
           1          46   1.0381545523881896E-005   6.7404124199613504E-008   2.1280886285152673E-005   2.3885913277719868       0.51755648089910156       0.51379310000000000        0.0000000000000000        0.0000000000000000        40.354242161729104        645.66787458766566        16.000000000000000        0.0000000000000000     
           1          47  -1.2435613328735795E-005  -3.7367033333330247E-005   1.2495806675858683E-005   14.000000000032724       0.33345977011050332       0.50000000000000000        0.0000000000000000        1.0000000000000000        48.809835912946177        780.95737460713883        16.000000000000000        5.2500000000000000     
           1          48   1.1290850967370985E-005   1.6580243356015816E-006   2.1470220813621859E-005   2.2189730122533691       0.52005402100886544       0.51379310000000000        0.0000000000000000        0.0000000000000000        45.275486767274124        724.40778827638599        16.000000000000000        0.0000000000000000     
           1          49  -2.1665827394777143E-005  -6.3059982170752437E-005   1.9728327381198158E-005   21.500052438963351       0.50005243896334994       0.50000000000000000        0.0000000000000000        1.0000000000000000        56.089293241294250        897.42869186070800        16.000000000000000        3.6250000000000000     
           1          50   6.0558794269865507E-006  -8.1846816787463313E-006   2.0296440532719299E-005   3.1727265837095655       0.47239850774178410       0.50000000000000000        0.0000000000000000        1.0000000000000000        58.719506695892335        939.51210713427736        16.000000000000000        0.0000000000000000     
           1          51   1.2095455374242558E-005   3.0959855461693811E-006   2.1605533288238321E-005   2.0549597794017065       0.52513103809263628       0.51379310000000000        0.0000000000000000        0.0000000000000000        40.873868189593018        653.98189103348830        16.000000000000000        0.0000000000000000     
           1          52   1.1030089594103251E-005   1.1793928706250441E-006   2.1439690952528211E-005   2.2819578649512509       0.51661614735430805       0.51379310000000000        0.0000000000000000        0.0000000000000000        43.997929177294040        703.96686683670464        16.000000000000000        0.0000000000000000     
           1          53   1.1407092715026248E-005   1.8883563719749349E-006   2.1465899066352991E-005   2.1834103721528297       0.52308782772511708       0.51379310000000000        0.0000000000000000        0.0000000000000000        43.151021535090202        690.41634456144322        16.000000000000000        0.0000000000000000     
           1          54   1.0527715707169725E-005   3.3207746624825568E-007   2.1301829727932623E-005   2.3543081498295670       0.52014310456691992       0.51379310000000000        0.0000000000000000        0.0000000000000000        48.737199550417067        779.79519280667307        16.000000000000000        0.0000000000000000     
           1          55   1.1272616674825809E-005   1.6158819268506160E-006   2.1477251125796771E-005   2.2276239140543610       0.51893880209335119       0.51379310000000000        0.0000000000000000        0.0000000000000000        53.138445484761874        850.21512775618999        16.000000000000000        0.0000000000000000     
           1          56   1.0784331759907012E-005   6.2311818804891449E-007   2.1522067939395403E-005   2.3909988456957545       0.50392635699371180       0.51379310000000000        0.0000000000000000        0.0000000000000000        42.425461180526348        678.80737888842157        16.000000000000000        0.0000000000000000     
           1          57   1.1439621675525756E-005   1.9323157469149856E-006   2.1486349078425980E-005   2.1826242743605833       0.52299871295337486       0.51379310000000000        0.0000000000000000        0.0000000000000000        42.869240303169249        685.90784485070799        16.000000000000000        0.0000000000000000     
           1          58   9.6883993548401307E-006  -1.1632683613383469E-006   2.1155764371801361E-005   2.5350138836389795       0.51242846368164940       0.51379310000000000        0.0000000000000000        0.0000000000000000        45.838239445346218        733.41183112553949        16.000000000000000        0.0000000000000000     
           1          59   1.1737506217763152E-005   2.4599768586582402E-006   2.1541420086027100E-005   2.1252290021073601       0.52323227184842247       0.51379310000000000        0.0000000000000000        0.0000000000000000        46.689569207917671        747.03310732668274        16.000000000000000        0.0000000000000000     
           1          60   1.1370810533710136E-005   1.8165863638603378E-006   2.1467118205037168E-005   2.1943815402630880       0.52215478572402330       0.51379310000000000        0.0000000000000000        0.0000000000000000        50.772957210008258        812.36731536013212        16.000000000000000        0.0000000000000000     
           1          61  -1.4097552243100718E-005  -3.4109838967640797E-005   5.9147344814394131E-006   10.690043815467105       0.33271999956588477       0.50000000000000000        0.0000000000000000        1.0000000000000000        48.727964866406253        779.64743786250006        16.000000000000000        5.4375000000000000     
           1          62   1.1804057435762940E-005   2.5330152478088475E-006   2.1601116066522271E-005   2.1207451532784218       0.51951358994303742       0.51379310000000000        0.0000000000000000        0.0000000000000000        45.433180326736164        726.93088522777862        16.000000000000000        0.0000000000000000     
           1          63   1.1008567987150672E-005   1.1801580135144448E-006   2.1394618099613656E-005   2.2616430604398423       0.52178790284492838       0.51379310000000000        0.0000000000000000        0.0000000000000000        45.639091842193906        730.22546947510250        16.000000000000000        0.0000000000000000     
           1          64   1.1410201529081550E-005   1.8915646196599802E-006   2.1468902805155953E-005   2.1838288589017476       0.52302556861375327       0.51379310000000000        0.0000000000000000        0.0000000000000000        49.569740383392343        793.11584613427749        16.000000000000000        0.0000000000000000     
           1          65   1.1631019936342278E-005   2.2544634058209108E-006   2.1539579537494740E-005   2.1514360194662636       0.52097135013206852       0.51379310000000000        0.0000000000000000        0.0000000000000000        49.269573122545324        788.31316996072519        16.000000000000000        0.0000000000000000     
           1          66   1.1399242911363406E-005   1.8726808051072124E-006   2.1466319040714343E-005   2.1858664868861006       0.52287057362017986       0.51379310000000000        0.0000000000000000        1.0000000000000000        42.896770073441246        686.34832117505994        16.000000000000000        0.0000000000000000     
           1          67   1.1412091495203485E-005   1.8977474591210441E-006   2.1466256330719858E-005   2.1822565354260477       0.52317801501446159       0.51379310000000000        0.0000000000000000        0.0000000000000000        47.077717806094014        753.24348489750423        16.000000000000000        0.0000000000000000     
           1          68   1.1411807176801245E-005   1.8971757007832884E-006   2.1466275760897364E-005   2.1823489628990211       0.52316994982793186       0.51379310000000000        0.0000000000000000        0.0000000000000000        46.754249300667752        748.06798881068403        16.000000000000000        0.0000000000000000     
           1          69   1.1239664316796279E-005   1.5537493279067847E-006   2.1475134624761710E-005   2.2371035718163119       0.51869580359977718       0.51379310000000000        0.0000000000000000        0.0000000000000000        47.617747287633463        761.88395660213541        16.000000000000000        0.0000000000000000     
           1          70   1.1336366129291796E-005   1.7514442338558659E-006   2.1465113240683749E-005   2.2025122234966630       0.52146621999017462       0.51379310000000000        0.0000000000000000        0.0000000000000000        51.584962441721842        825.35939906754948        16.000000000000000        0.0000000000000000     
           1          71   1.1769392717596058E-005   2.5184210986814003E-006   2.1545242023918967E-005   2.1181022718092604       0.52384311085387525       0.51379310000000000        0.0000000000000000        0.0000000000000000        41.619652070892329        665.91443313427726        16.000000000000000        0.0000000000000000     
           1          72   1.1395754611340151E-005   1.8574757693822449E-006   2.1475212255552761E-005   2.1903814997841122       0.52241862002772699       0.51379310000000000        0.0000000000000000        0.0000000000000000        44.880566504978589        718.08906407965742        16.000000000000000        0.0000000000000000     
           1          73   1.1360908225390905E-005   1.8002361492005279E-006   2.1464029641621707E-005   2.1950454049305481       0.52214696785946946       0.51379310000000000        0.0000000000000000        0.0000000000000000        46.522307926337135        744.35692682139415        16.000000000000000        0.0000000000000000     
           1          74   1.1404794284910453E-005   1.8835052132669378E-006   2.1466298200456892E-005   2.1843122201295473       0.52300319879050272       0.51379310000000000        0.0000000000000000        0.0000000000000000        47.812172312273638        764.99475699637821        16.000000000000000        0.0000000000000000     
           1          75   1.1253042644394589E-005   1.5695102758637346E-006   2.1485995147902090E-005   2.2385979334973873       0.51774829756727681       0.51379310000000000        0.0000000000000000        0.0000000000000000        49.326172472819160        789.21875956510655        16.000000000000000        0.0000000000000000     
           1          76   1.1405728609113030E-005   1.8811467004287389E-006   2.1470712189285955E-005   2.1858009498499293       0.52284428914299441       0.51379310000000000        0.0000000000000000        0.0000000000000000        44.662355489349537        714.59768782959259        16.000000000000000        0.0000000000000000     
           1          77   1.0512910975681864E-005   3.0859025430544909E-007   2.1296200099777816E-005   2.3559819326998879       0.52007153459488364       0.51379310000000000        0.0000000000000000        0.0000000000000000        43.945764880745365        703.13223809192584        16.000000000000000        0.0000000000000000     
           1          78   1.0954969640430110E-005   1.0865708327270903E-006   2.1383277456394975E-005   2.2721028528381320       0.52104069407172071       0.51379310000000000        0.0000000000000000        0.0000000000000000        48.191652195892345        771.06643513427753        16.000000000000000        0.0000000000000000     
           1          79   1.1356634387480968E-005   1.7886643089339034E-006   2.1467467877018205E-005   2.1985895304993734       0.52179929765641886       0.51379310000000000        0.0000000000000000        0.0000000000000000        47.762424224613369        764.19878759381390        16.000000000000000        0.0000000000000000     
           1          80   9.4954070271859389E-006  -2.5386391680490046E-006   2.1529453222420799E-005   2.6284394579478727       0.51382770394012789       0.50000000000000000        0.0000000000000000        1.0000000000000000        50.977797840030341        815.64476544048546        16.000000000000000        0.0000000000000000     
           1          81   1.1417547351160552E-005   1.9058681231800228E-006   2.1468896183827928E-005   2.1817812371141225       0.52319900946203968       0.51379310000000000        0.0000000000000000        0.0000000000000000        43.503531563260488        696.05650501216780        16.000000000000000        0.0000000000000000     
           1          82   1.1337928318080420E-005   1.7512974180638811E-006   2.1468481398826769E-005   2.2044582308296286       0.52128010819360782       0.51379310000000000        0.0000000000000000        0.0000000000000000        45.900705023195549        734.41128037112878        16.000000000000000        0.0000000000000000     
           1          83   1.1249737269634534E-005   1.5632572456278352E-006   2.1485804671439109E-005   2.2396377855121861       0.51774118647334033       0.51379310000000000        0.0000000000000000        0.0000000000000000        45.551607978226244        728.82572765161990        16.000000000000000        0.0000000000000000     
           1          84   1.1281373736755864E-005   1.6311020334987277E-006   2.1479178445530730E-005   2.2264139218147720       0.51906015164841646       0.51379310000000000        0.0000000000000000        0.0000000000000000        48.997494915159464        783.95991864255143        16.000000000000000        0.0000000000000000     
           1          85   1.1589110733048477E-005   8.7549045942465228E-007   2.2302731006671679E-005   2.5063227407419872       0.48290227141692527       0.50000000000000000        0.0000000000000000        1.0000000000000000        47.063028722007751        753.00845955212401        16.000000000000000        0.0000000000000000     
           1          86   1.1184895019648025E-005   1.4533013425344239E-006   2.1468635713793779E-005   2.2499015922531904       0.51774155287588297       0.51379310000000000        0.0000000000000000        0.0000000000000000        42.384494314038243        678.15190902461188        16.000000000000000        0.0000000000000000     
           1          87   1.0914738353699803E-005   9.9552909959534646E-007   2.1396739477532149E-005   2.2889424231595652       0.51956781453355050       0.51379310000000000        0.0000000000000000        0.0000000000000000        44.189107817048360        707.02572507277375        16.000000000000000        0.0000000000000000     
           1          88   1.2011815229132660E-005   2.9296389274306783E-006   2.1609292181430390E-005   2.0765387701964104       0.52321195159265033       0.51379310000000000        0.0000000000000000        1.0000000000000000        47.135759328240646        754.17214925185033        16.000000000000000        0.0000000000000000     
           1          89   1.1378267025687056E-005   1.8301979910516443E-006   2.1468070334359920E-005   2.1926387258408200       0.52227800777505551       0.51379310000000000        0.0000000000000000        0.0000000000000000        48.488482817250656        775.81572507601049        16.000000000000000        0.0000000000000000     
           1          90   9.9131704561404150E-006  -7.5517365459293918E-007   2.1186810531014742E-005   2.4792682877050165       0.51684686155907411       0.51379310000000000        0.0000000000000000        0.0000000000000000        50.610192770790910        809.76308433265456        16.000000000000000        0.0000000000000000     
           1          91   1.0926274949519043E-005   1.0055359388036344E-006   2.1409892624641514E-005   2.2962998878409904       0.51679860051041915       0.51379310000000000        0.0000000000000000        0.0000000000000000        39.638879489847596        634.22207183756154        16.000000000000000        0.0000000000000000     
           1          92   1.1004987086968039E-005   1.1810864661250562E-006   2.1386271996899804E-005   2.2591819830197277       0.52205345071803899       0.51379310000000000        0.0000000000000000        0.0000000000000000        44.773425557365414        716.37480891784662        16.000000000000000        0.0000000000000000     
           1          93   1.0529009015170650E-005   3.3770790590361956E-007   2.1298539825950408E-005   2.3524487177077558       0.52032195161002814       0.51379310000000000        0.0000000000000000        0.0000000000000000        44.987597415433100        719.80155864692961        16.000000000000000        0.0000000000000000     
           1          94   1.1402736254918056E-005   1.8777318225073088E-006   2.1468166331788507E-005   2.1854279092580806       0.52290788453261006       0.51379310000000000        0.0000000000000000        0.0000000000000000        47.821984654486002        765.15175447177603        16.000000000000000        0.0000000000000000     
           1          95   1.1056552477101051E-005   1.1999131023814215E-006   2.1472433658382398E-005   2.2897406963521485       0.51472620911106248       0.51379310000000000        0.0000000000000000        0.0000000000000000        51.454217122612128        823.26747396179405        16.000000000000000        0.0000000000000000     
           1          96   1.1399601925095898E-005   1.8724547802909090E-006   2.1467296286663647E-005   2.1861806829139683       0.52283602762125903       0.51379310000000000        1.0000000000000000        0.0000000000000000        41.410394320630253        662.56630913008405        16.000000000000000        0.0000000000000000     
           1          97   1.1375978825817344E-005   1.8275447071365131E-006   2.1466167932518166E-005   2.1922136873115292       0.52233004401051153       0.51379310000000000        0.0000000000000000        0.0000000000000000        42.166781074772118        674.66849719635388        16.000000000000000        0.0000000000000000     
           1          98   1.1958021625957481E-005   2.8066498122415850E-006   2.1628620075756255E-005   2.1007447853189967       0.52069660901896020       0.51379310000000000        0.0000000000000000        0.0000000000000000        44.073178513813183        705.17085622101092        16.000000000000000        0.0000000000000000     
           1          99   1.1391669256732154E-005   1.8525255420565068E-006   2.1472040844442636E-005   2.1900198574940455       0.52248999576030886       0.51379310000000000        0.0000000000000000        0.0000000000000000        47.169422088615420        754.71075341784672        16.000000000000000        0.0000000000000000     
           1         100   1.1394353760624201E-005   1.8629929300659053E-006   2.1466500882252745E-005   2.1873458061843198       0.52274186282233626       0.51379310000000000        0.0000000000000000        0.0000000000000000        48.874454627276492        781.99127403642387        16.000000000000000        0.0000000000000000     
           1         101   1.1201249766000611E-005   1.4957255154810298E-006   2.1457441917530294E-005   2.2351777115992073       0.51876307837406066       0.51379310000000000        0.0000000000000000        0.0000000000000000        42.866838668990049        685.86941870384078        16.000000000000000        0.0000000000000000     
           1         102   1.1136251504955481E-005   1.3540851306239100E-006   2.1473434268474099E-005   2.2662274123048105       0.51650851031977840       0.51379310000000000        0.0000000000000000        0.0000000000000000        42.549765371619301        680.79624594590882        16.000000000000000        0.0000000000000000     
           1         103   1.1406079643845218E-005   1.8834077501051608E-006   2.1469044839459877E-005   2.1850706848877497       0.52291796699843351       0.51379310000000000        0.0000000000000000        0.0000000000000000        44.276918597251104        708.43069755601766        16.000000000000000        0.0000000000000000     
           1         104   1.1409626941694186E-005   1.8928400985637297E-006   2.1466373183204249E-005   2.1830239956680795       0.52311210996969881       0.51379310000000000        0.0000000000000000        0.0000000000000000        45.447001730451163        727.15202768721861        16.000000000000000        0.0000000000000000     
           1         105   1.1406536534112715E-005   1.8868282611042869E-006   2.1466369960344384E-005   2.1838789507613177       0.52303936677678275       0.51379310000000000        0.0000000000000000        0.0000000000000000        49.384631360946145        790.15410177513832        16.000000000000000        0.0000000000000000     
           1         106   1.1354595227958092E-005   1.7840676067633146E-006   2.1468131368908175E-005   2.1994102771670461       0.52167168369700101       0.51379310000000000        0.0000000000000000        0.0000000000000000        43.638660883392326        698.21857413427722        16.000000000000000        0.0000000000000000     
           1         107   1.0439104825528353E-005  -4.7667917421337260E-007   2.1974223928441037E-005   2.6791594457136543       0.46275767330744744       0.51379310000000000        0.0000000000000000        0.0000000000000000        46.233806125839834        739.74089801343735        16.000000000000000        0.0000000000000000     
           1         108   1.1271403507845829E-005   1.6174757398036553E-006   2.1473071717651711E-005   2.2271447230502557       0.51930898684817295       0.51379310000000000        0.0000000000000000        0.0000000000000000        44.815567959931933        717.04908735891092        16.000000000000000        0.0000000000000000     
           1         109   1.0530129969958052E-005   3.3468556603519755E-007   2.1304039155880559E-005   2.3546035055727645       0.52010022986769633       0.51379310000000000        0.0000000000000000        0.0000000000000000        47.871755623361437        765.94808997378300        16.000000000000000        0.0000000000000000     
           1         110   1.0347515074562076E-005  -1.1990574944846422E-008   2.1294793943141831E-005   2.4114270064259169       0.51513713267512651       0.51379310000000000        0.0000000000000000        0.0000000000000000        46.566543571026990        745.06469713643185        16.000000000000000        0.0000000000000000     
           1         111   1.1359761621496711E-005   1.7944633279946109E-006   2.1467771735386546E-005   2.1978496683118074       0.52183951433201559       0.51379310000000000        0.0000000000000000        0.0000000000000000        42.041691034170306        672.66705654672489        16.000000000000000        0.0000000000000000     
           1         112   1.1400887044838771E-005   1.8764778357966861E-006   2.1465688126810475E-005   2.1849991664145012       0.52295848620297269       0.51379310000000000        0.0000000000000000        0.0000000000000000        45.660135294620545        730.56216471392872        16.000000000000000        0.0000000000000000     
           1         113   1.0514381942260301E-005   3.1153618438671360E-007   2.1296112417002252E-005   2.3554121233636249       0.52012450908882646       0.51379310000000000        0.0000000000000000        0.0000000000000000        47.035828445892342        752.57325513427747        16.000000000000000        0.0000000000000000     
           1         114   1.1211917855130594E-005   1.5076442323796363E-006   2.1466788421305612E-005   2.2379891602722748       0.51824813855278073       0.51379310000000000        1.0000000000000000        0.0000000000000000        46.758821739513003        748.14114783220805        16.000000000000000        0.0000000000000000     
           1         115   1.1180868967636923E-005   1.4503016839009792E-006   2.1463525033335477E-005   2.2483312238423756       0.51811567661927216       0.51379310000000000        0.0000000000000000        0.0000000000000000        49.702422908698011        795.23876653916818        16.000000000000000        0.0000000000000000     
           1         116   1.0702117332846293E-005   4.4598475750173300E-007   2.1540157989812023E-005   2.4241752258135008       0.50074653915461165       0.51379310000000000        0.0000000000000000        0.0000000000000000        41.047017847270851        656.75228555633362        16.000000000000000        0.0000000000000000     
           1         117   5.3084450240915047E-006  -5.3990503573567990E-006   2.1369688096264502E-005   3.1299723932464021       0.50211209209143703       0.59999999999999998        0.0000000000000000        1.0000000000000000        47.271822928405328        756.34916685448525        16.000000000000000        0.0000000000000000     
           1         118   7.8035765278669943E-006  -4.5558768863066480E-006   2.0864275345538740E-005   2.8546470245270457       0.48245048843374827       0.51379310000000000        0.0000000000000000        1.0000000000000000        50.503651071407262        808.05841714251619        16.000000000000000        0.0000000000000000     
           1         119   6.2908144972353358E-006  -7.7566720382823671E-006   2.0338301032752918E-005   3.2229816127865250       0.49535024436694558       0.50000000000000000        0.0000000000000000        1.0000000000000000        53.626402670713503        858.02244273141605        16.000000000000000        0.0000000000000000     
           1         120   1.1418715904657617E-005   1.9098225537483014E-006   2.1467120796347097E-005   2.1807504129898443       0.52329894755302542       0.51379310000000000        0.0000000000000000        0.0000000000000000        49.486513008392343        791.78420813427749        16.000000000000000        0.0000000000000000     
           1         121   9.3208913474750339E-006  -1.9013762498111563E-006   2.1179883183747064E-005   2.6189100134952845       0.49409670025842323       0.51379310000000000        0.0000000000000000        0.0000000000000000        43.515985133878196        696.25576214205114        16.000000000000000        0.0000000000000000     
           1         122   1.0415889969572975E-005   1.3005981931568091E-007   2.1285313169807802E-005   2.3805701482914285       0.51815764510915396       0.51379310000000000        0.0000000000000000        0.0000000000000000        43.531746028084200        696.50793644934720        16.000000000000000        0.0000000000000000     
           1         123   1.1752128444900893E-005   2.4906818667867926E-006   2.1539047034195832E-005   2.1203445340760529       0.52368767745973221       0.51379310000000000        0.0000000000000000        0.0000000000000000        46.863459403604892        749.81535045767828        16.000000000000000        0.0000000000000000     
           1         124   1.1371176589240487E-005   1.8143155633467395E-006   2.1470270725426512E-005   2.1955999645890829       0.52200468434204117       0.51379310000000000        0.0000000000000000        0.0000000000000000        51.275661439837023        820.41058303739237        16.000000000000000        0.0000000000000000     
           1         125   1.0727539302454171E-005   6.5344563510183391E-007   2.1373212605402528E-005   2.3392178064438522       0.51629122889100099       0.51379310000000000        0.0000000000000000        0.0000000000000000        51.471140887468856        823.53825419950169        16.000000000000000        0.0000000000000000     
           1         126   1.0712108332006507E-005   6.3429586843591317E-007   2.1361711426648658E-005   2.3381144040002568       0.51675417041997729       0.51379310000000000        0.0000000000000000        0.0000000000000000        41.794367646661044        668.70988234657671        16.000000000000000        0.0000000000000000     
           1         127   5.9959658806618840E-006  -3.5393551684609832E-006   1.5531286929784454E-005   2.5075521681675625       0.50946443770826033       0.50000000000000000        0.0000000000000000        1.0000000000000000        50.349026026115411        805.58441641784657        16.000000000000000        0.0000000000000000     
           1         128   1.0979902026722185E-005   1.1199805415967571E-006   2.1399251537391871E-005   2.2713783215370826       0.52100305696453886       0.51379310000000000        0.0000000000000000        0.0000000000000000        45.444542936299193        727.11268698078709        16.000000000000000        0.0000000000000000     
           1         129   1.1731844074068744E-005   2.4438489403222476E-006   2.1546817519638076E-005   2.1280859432886987       0.52299190349720082       0.51379310000000000        0.0000000000000000        0.0000000000000000        48.847253414207145        781.55605462731432        16.000000000000000        0.0000000000000000     
           1         130   1.0982112479475140E-005   1.1373922304905378E-006   2.1385398272742479E-005   2.2655652760901477       0.52153061633407261       0.51379310000000000        0.0000000000000000        0.0000000000000000        51.915027979101403        830.64044766562245        16.000000000000000        0.0000000000000000     
           1         131   1.1396924047139508E-005   1.8679895810499450E-006   2.1466507138265810E-005   2.1866396051542645       0.52280260573388060       0.51379310000000000        0.0000000000000000        0.0000000000000000        42.403662638303835        678.45860221286136        16.000000000000000        0.0000000000000000     
           1         132   1.3975077219993110E-005   6.7926852743255359E-006   2.4748665138494759E-005   2.4283445542227104       0.42486726070285163       0.59999999999999998        0.0000000000000000        1.0000000000000000        49.922232083115411        798.75571332984657        16.000000000000000        0.0000000000000000     
           1         133  -3.2941017914861328E-005  -6.7809058688191948E-005   1.9361043245134104E-005   16.678981115491670       0.43731215554447295       0.59999999999999998        0.0000000000000000        1.0000000000000000        56.014173320499992        896.22677312799988        16.000000000000000        12.625000000000000     
           1         134   1.1410030150369571E-005   1.8936896214939722E-006   2.1466304754836442E-005   2.1828629295174764       0.52312612252525126       0.51379310000000000        0.0000000000000000        0.0000000000000000        47.817438695892335        765.07901913427736        16.000000000000000        0.0000000000000000     
           1         135   1.1390802442397660E-005   1.8534553973768369E-006   2.1469275421775634E-005   2.1890309349798649       0.52260725485446047       0.51379310000000000        0.0000000000000000        0.0000000000000000        52.291232002095221        836.65971203352353        16.000000000000000        0.0000000000000000     
           1         136  -3.9691618074776022E-005  -7.8765412924396697E-005   1.8919074199655097E-005   17.151194384949214       0.69216812552364171       0.59999999999999998        0.0000000000000000        1.0000000000000000        50.186871875748082        802.98995001196931        16.000000000000000        5.3750000000000000     
           1         137   1.1741462195627023E-005   2.4695643568612334E-006   2.1539425024749077E-005   2.1232534883606689       0.52342568372203568       0.51379310000000000        0.0000000000000000        0.0000000000000000        44.338967578283963        709.42348125254341        16.000000000000000        0.0000000000000000     
           1         138   1.1420213603291690E-005   1.9135713657803223E-006   2.1466239658869638E-005   2.1799853235257660       0.52336973282294308       0.51379310000000000        0.0000000000000000        0.0000000000000000        46.262440628829445        740.19905006127112        16.000000000000000        0.0000000000000000     
           1         139   1.1335533704914541E-005   1.7442005031322405E-006   2.1471055884622046E-005   2.2062126802831981       0.52112742016817470       0.51379310000000000        0.0000000000000000        0.0000000000000000        51.234214633650375        819.74743413840599        16.000000000000000        0.0000000000000000     
           1         140   1.2043338045268715E-005   2.9791395120252494E-006   2.1621817214138589E-005   2.0731943942582260       0.52343440965881582       0.51379310000000000        1.0000000000000000        0.0000000000000000        49.831051893694557        797.29683029911291        16.000000000000000        0.0000000000000000     
           1         141  -2.6353160833348799E-005  -5.0123597704150423E-005   9.3024944728537251E-006   9.2996770646028732       0.59493513749417215       0.59999999999999998        0.0000000000000000        1.0000000000000000        47.971277437499992        767.54043899999988        16.000000000000000        9.0000000000000000     
           1         142  -2.2681472983469721E-005  -6.4839296463519743E-005   1.9476350496580386E-005   20.422295461160875       0.49005409612646061       0.50000000000000000        0.0000000000000000        1.0000000000000000        50.678529034289909        810.85646454863854        16.000000000000000        18.062500000000000     
           1         143   1.0864773445996658E-005   9.0531085746194523E-007   2.1389311780802888E-005   2.3027744025130565       0.51823148672107311       0.51379310000000000        0.0000000000000000        0.0000000000000000        46.986280336651042        751.78048538641667        16.000000000000000        0.0000000000000000     
           1         144   1.1753868103275207E-005   2.4917617390372616E-006   2.1541483913358829E-005   2.1207253982799870       0.52363771390502145       0.51379310000000000        0.0000000000000000        0.0000000000000000        48.161374004808820        770.58198407694113        16.000000000000000        0.0000000000000000     
           1         145   1.1749303276586233E-005   2.4686730786680423E-006   2.1556493917734845E-005   2.1273299122667235       0.52297172804092174       0.51379310000000000        0.0000000000000000        0.0000000000000000        51.530091067603713        824.48145708165941        16.000000000000000        0.0000000000000000     
           1         146   9.6424652232525557E-006  -1.7278679136194890E-006   2.1657923478629490E-005   2.7968649082129762       0.46380266862505015       0.51379310000000000        0.0000000000000000        0.0000000000000000        42.912865062634758        686.60584100215613        16.000000000000000        0.0000000000000000     
           1         147   1.1412515918208030E-005   1.8985103097361143E-006   2.1466323124551707E-005   2.1821852832692303       0.52318335866812582       0.51379310000000000        0.0000000000000000        0.0000000000000000        46.398569388416327        742.37711021466123        16.000000000000000        0.0000000000000000     
           1         148   1.0447270312664340E-005  -2.0195719717516256E-007   2.1700709157085630E-005   2.5697431117584588       0.48163280479775306       0.51379310000000000        0.0000000000000000        0.0000000000000000        44.225451338615429        707.60722141784686        16.000000000000000        0.0000000000000000     
           1         149   9.8653253623959961E-006  -1.1817277390265293E-006   2.1539161457368293E-005   2.6822199697556810       0.47915720524087085       0.51379310000000000        0.0000000000000000        0.0000000000000000        49.643359714778995        794.29375543646393        16.000000000000000        0.0000000000000000     
           1         150  -2.0057041536169088E-005  -5.0299519279869973E-005   1.0185436207531804E-005   10.563819990562870       0.43766726594857525       0.50000000000000000        0.0000000000000000        1.0000000000000000        60.786183784687509        972.57894055500014        16.000000000000000        12.625000000000000     
           1         151  -3.1665000456033014E-005  -6.5734175340145985E-005   1.9438761870136805E-005   22.473565117444615       0.45064030860209309       0.59999999999999998        0.0000000000000000        1.0000000000000000        46.263189001767330        740.21102402827728        16.000000000000000        16.250000000000000     
           1         152   1.1001306550725378E-005   1.1740467356935706E-006   2.1386141247375177E-005   2.2602180524019917       0.52196868206006830       0.51379310000000000        0.0000000000000000        0.0000000000000000        45.521850641419711        728.34961026271537        16.000000000000000        0.0000000000000000     
           1         153   1.1726229253817816E-005   2.4385978807643614E-006   2.1540818299794442E-005   2.1280343143913734       0.52302795562098137       0.51379310000000000        0.0000000000000000        0.0000000000000000        46.464725182210003        743.43560291536005        16.000000000000000        0.0000000000000000     
           1         154   1.0525856502137662E-005   2.1763530820696934E-008   2.1625926226407414E-005   2.5153297087160409       0.48886966650369457       0.51379310000000000        0.0000000000000000        0.0000000000000000        46.172170518252130        738.75472829203409        16.000000000000000        0.0000000000000000     
           1         155   1.1348602122187586E-005   1.7720431550332267E-006   2.1468511813035159E-005   2.2014077668373977       0.52151526524323244       0.51379310000000000        0.0000000000000000        0.0000000000000000        49.587801695892338        793.40482713427741        16.000000000000000        0.0000000000000000     
           1         156   1.1279643739169241E-005   1.6410026490083524E-006   2.1465157942075697E-005   2.2176564116554953       0.52018537630157935       0.51379310000000000        0.0000000000000000        0.0000000000000000        43.094541540861229        689.51266465377967        16.000000000000000        0.0000000000000000     
           1         157   1.1362501260072347E-005   1.7951759503610728E-006   2.1472653398154152E-005   2.1990710892437453       0.52167025401393230       0.51379310000000000        0.0000000000000000        0.0000000000000000        45.091846690867527        721.46954705388043        16.000000000000000        0.0000000000000000     
           1         158   1.1384203372291897E-005   1.8428862155481900E-006   2.1466871717900223E-005   2.1904131640973592       0.52247528236457808       0.51379310000000000        0.0000000000000000        1.0000000000000000        48.362401249190363        773.79841998704580        16.000000000000000        0.0000000000000000     
           1         159   1.0680868723330179E-005   3.9684380016850526E-007   2.1548384272263330E-005   2.4320360119843549       0.49903929655926849       0.51379310000000000        0.0000000000000000        0.0000000000000000        48.561595987269577        776.98553579631323        16.000000000000000        0.0000000000000000     
           1         160   1.1309617015125565E-005   1.6994819188433393E-006   2.1465007863214307E-005   2.2098420812568356       0.52082636820264017       0.51379310000000000        0.0000000000000000        0.0000000000000000        49.890182343119434        798.24291748991095        16.000000000000000        0.0000000000000000     
           1         161   1.1328422014165411E-005   1.7378456685434123E-006   2.1463144395529141E-005   2.2034862958621670       0.52143986662549102       0.51379310000000000        0.0000000000000000        1.0000000000000000        41.943717630730895        671.09948209169431        16.000000000000000        0.0000000000000000     
           1         162   1.1207948955816302E-005   1.5107138781865956E-006   2.1455381626895253E-005   2.2317550267093664       0.51916235589872517       0.51379310000000000        0.0000000000000000        1.0000000000000000        45.434722383392334        726.95555813427734        16.000000000000000        0.0000000000000000     
           1         163   1.1421592455376275E-005   1.9119378394502709E-006   2.1470801804412591E-005   2.1814514595576679       0.52321226991480863       0.51379310000000000        0.0000000000000000        0.0000000000000000        48.144919872058537        770.31871795293659        16.000000000000000        0.0000000000000000     
           1         164   1.1777466969570899E-005   2.5393838599987139E-006   2.1539696503797974E-005   2.1137030747386358       0.52427498765406122       0.51379310000000000        0.0000000000000000        0.0000000000000000        50.342893985734825        805.48630377175721        16.000000000000000        0.0000000000000000     
           1         165   1.1521513365480106E-005   1.7320980732817805E-006   2.1866356332879257E-005   2.3184873274350761       0.49522001594415294       0.51379310000000000        0.0000000000000000        0.0000000000000000        48.757268668607054        780.11629869771286        16.000000000000000        0.0000000000000000     
           1         166   1.1394157436012728E-005   1.8616898733531902E-006   2.1467474083038089E-005   2.1878123688350546       0.52269456240118517       0.51379310000000000        0.0000000000000000        0.0000000000000000        42.060259946470993        672.96415914353588        16.000000000000000        0.0000000000000000     
           1         167   1.1721075255069817E-005   2.4227073427578508E-006   2.1547010005496816E-005   2.1313736369541889       0.52265624110808528       0.51379310000000000        0.0000000000000000        0.0000000000000000        42.269405575675833        676.31048921081333        16.000000000000000        0.0000000000000000     
           1         168   1.1350672640753990E-005   1.7763477433380961E-006   2.1468221506165679E-005   2.2006739878721970       0.52159114499711601       0.51379310000000000        0.0000000000000000        0.0000000000000000        47.369648883558142        757.91438213693027        16.000000000000000        0.0000000000000000     
           1         169   9.9394622507876309E-006  -7.1348131787674254E-007   2.1196827994196679E-005   2.4752673517119677       0.51706346461675246       0.51379310000000000        0.0000000000000000        0.0000000000000000        51.621378615669265        825.94205785070824        16.000000000000000        0.0000000000000000     
           1         170   1.1968924624110644E-005   2.8265727497331615E-006   2.1629991365095019E-005   2.0981552285978133       0.52114704648068344       0.51379310000000000        1.0000000000000000        0.0000000000000000        53.022957660270563        848.36732256432902        16.000000000000000        0.0000000000000000     
           1         171   1.0671251890515060E-005   3.3299214999374173E-007   2.1596079408774300E-005   2.4680418818441598       0.49502620366085975       0.51379310000000000        0.0000000000000000        0.0000000000000000        41.168144416308039        658.69031066092862        16.000000000000000        0.0000000000000000     
           1         172   1.0719078244236995E-005   3.9696559180679362E-007   2.1626842527798870E-005   2.4802009337903748       0.49284572837059759       0.51379310000000000        0.0000000000000000        0.0000000000000000        44.341793429869135        709.46869487790616        16.000000000000000        0.0000000000000000     
           1         173   1.1302590626542753E-005   1.6815528096156677E-006   2.1469502789196379E-005   2.2151698686723904       0.52038584888791017       0.51379310000000000        0.0000000000000000        0.0000000000000000        44.808126454210118        716.93002326736189        16.000000000000000        0.0000000000000000     
           1         174   1.1534691940912984E-005   1.8439650516981834E-006   2.1775247164755162E-005   2.2726152125945562       0.50164613796736890       0.51379310000000000        0.0000000000000000        0.0000000000000000        49.251572961018681        788.02516737629890        16.000000000000000        0.0000000000000000     
           1         175   1.1293005147937938E-005   1.6689014562392779E-006   2.1463157135659815E-005   2.2132906664509790       0.52057471899382612       0.51379310000000000        0.0000000000000000        1.0000000000000000        55.621831582838546        889.94930532541673        16.000000000000000        0.0000000000000000     
           1         176  -9.4492554416998872E-006  -3.9250011446571100E-005   2.0351500563171285E-005   17.499995421371541       0.49999542137156167       0.50000000000000000        0.0000000000000000        1.0000000000000000        56.460499472946161        903.36799156713857        16.000000000000000        3.6250000000000000     
           1         177   9.8424371452001365E-006  -1.0203101315631490E-006   2.1321510350135068E-005   2.5693384253247205       0.49598221152123917       0.51379310000000000        0.0000000000000000        0.0000000000000000        44.013787143848646        704.22059430157833        16.000000000000000        0.0000000000000000     
           1         178   1.1316521780053669E-005   1.7142374192768308E-006   2.1463616460949553E-005   2.2064830396033170       0.52122882193763020       0.51379310000000000        0.0000000000000000        0.0000000000000000        47.551475134849895        760.82360215759832        16.000000000000000        0.0000000000000000     
           1         179   1.1229237531937925E-005   1.5499108499313058E-006   2.1457745728470760E-005   2.2275675970091928       0.51945299810334167       0.51379310000000000        0.0000000000000000        0.0000000000000000        47.356496666212117        757.70394665939386        16.000000000000000        0.0000000000000000     
           1         180   1.1293289471559860E-005   1.6689220755828234E-006   2.1463720125501061E-005   2.2135606507541135       0.52053426787643930       0.51379310000000000        0.0000000000000000        1.0000000000000000        50.830069319961176        813.28110911937881        16.000000000000000        0.0000000000000000     
           1         181   1.1165616617351170E-005   1.4321395323050020E-006   2.1451347579426946E-005   2.2404362072633193       0.51851905346698812       0.51379310000000000        0.0000000000000000        1.0000000000000000        44.977768791985262        719.64430067176420        16.000000000000000        0.0000000000000000     
           1         182   1.2072086149696688E-005   3.0492511303999920E-006   2.1606854939183348E-005   2.0614524747880387       0.52452693447792276       0.51379310000000000        1.0000000000000000        0.0000000000000000        45.431656766545380        726.90650826472609        16.000000000000000        0.0000000000000000     
           1         183   1.1780722656607039E-005   2.5392115674539714E-006   2.1546574665659714E-005   2.1155010612428153       0.52406490871311595       0.51379310000000000        0.0000000000000000        0.0000000000000000        45.641772195892344        730.26835513427750        16.000000000000000        0.0000000000000000     
           1         184   1.1367522279800466E-005   1.8070350904498154E-006   2.1470448319160979E-005   2.1967005943176683       0.52189943981859976       0.51379310000000000        0.0000000000000000        0.0000000000000000        49.569608624160097        793.11373798656155        16.000000000000000        0.0000000000000000     
           1         185   1.1136411644258139E-005   1.3706994567117379E-006   2.1456206650349355E-005   2.2576857510291788       0.51777509518237097       0.51379310000000000        0.0000000000000000        0.0000000000000000        49.269292667112893        788.30868267380629        16.000000000000000        0.0000000000000000     
           1         186   1.1128348000185405E-005   1.3534257762320355E-006   2.1457875597806508E-005   2.2608801329428605       0.51751821803266329       0.51379310000000000        0.0000000000000000        0.0000000000000000        42.896478591000331        686.34365745600530        16.000000000000000        0.0000000000000000     
           1         187   1.1765092931386883E-005   2.5161853103469316E-006   2.1538761133602704E-005   2.1166907625182363       0.52401485134766901       0.51379310000000000        0.0000000000000000        0.0000000000000000        45.816248745705948        733.05997993129517        16.000000000000000        0.0000000000000000     
           1         188   9.7424026487289654E-006  -1.1987564706574718E-006   2.1304336594016414E-005   2.6255290050726425       0.49615430144710676       0.51379310000000000        0.0000000000000000        0.0000000000000000        46.315564869107661        741.04903790572257        16.000000000000000        0.0000000000000000     
           1         189   1.1737689151670895E-005   2.4566869780424958E-006   2.1545272873529488E-005   2.1267093745889731       0.52309679260128572       0.51379310000000000        0.0000000000000000        0.0000000000000000        47.409405471432443        758.55048754291909        16.000000000000000        0.0000000000000000     
           1         190   1.0972353109267316E-005   1.1197560336030582E-006   2.1383962641251009E-005   2.2675152125439171       0.52140018154053069       0.51379310000000000        0.0000000000000000        0.0000000000000000        52.990332695892327        847.84532313427724        16.000000000000000        0.0000000000000000     
           1         191   1.1720070990095609E-005   2.4299815235288654E-006   2.1537257595848559E-005   2.1274628824292994       0.52312728132773911       0.51379310000000000        0.0000000000000000        0.0000000000000000        42.014003164415797        672.22405063065275        16.000000000000000        0.0000000000000000     
           1         192   1.0726144758103139E-005   6.5815680783751751E-007   2.1365365920389498E-005   2.3356671233668864       0.51671830310078148       0.51379310000000000        0.0000000000000000        0.0000000000000000        46.141340770750972        738.26145233201555        16.000000000000000        0.0000000000000000     
           1         193   1.1178860148215339E-005   1.4469656875237279E-006   2.1462918691669930E-005   2.2483216020191605       0.51827219815646763       0.51379310000000000        0.0000000000000000        0.0000000000000000        45.829983112385392        733.27972979816627        16.000000000000000        0.0000000000000000     
           1         194   1.0100445642967750E-005  -1.5803624623145642E-006   2.2443994463270428E-005   2.8814098644239210       0.42912353504223943       0.51379310000000000        0.0000000000000000        0.0000000000000000        48.248648394479780        771.97837431167648        16.000000000000000        0.0000000000000000     
           1         195   1.1298351598189320E-005   1.6788789517028018E-006   2.1463609786428621E-005   2.2120923081807566       0.52066764889749340       0.51379310000000000        0.0000000000000000        1.0000000000000000        50.168991689808486        802.70386703693578        16.000000000000000        0.0000000000000000     
           1         196   1.2003366017021953E-005   2.9027384434130001E-006   2.1620341121633365E-005   2.0847463112787934       0.52216290896052908       0.51379310000000000        0.0000000000000000        0.0000000000000000        44.941027446408398        719.05643914253437        16.000000000000000        0.0000000000000000     
           1         197   1.0609247024375987E-005   3.0135897350743777E-007   2.1501979636991590E-005   2.4242272432423801       0.50101229072986198       0.51379310000000000        0.0000000000000000        0.0000000000000000        44.019422477142328        704.31075963427725        16.000000000000000        0.0000000000000000     
           1         198   1.0970905115976241E-005   1.1134248722935425E-006   2.1387674875086195E-005   2.2699031706721811       0.52114700421129379       0.51379310000000000        0.0000000000000000        0.0000000000000000        48.752344071827459        780.03750514923934        16.000000000000000        0.0000000000000000     
           1         199   1.1416768777017469E-005   1.9068693801993738E-006   2.1466236795219796E-005   2.1809422568015715       0.52328922301947689       0.51379310000000000        0.0000000000000000        0.0000000000000000        46.041252146420952        736.66003434273523        16.000000000000000        0.0000000000000000     
           1         200   1.1324266242583720E-005   1.7308890941461325E-006   2.1461948337520623E-005   2.2038920346875694       0.52144341774997949       0.51379310000000000        0.0000000000000000        0.0000000000000000        50.965222992990185        815.44356788784296        16.000000000000000        0.0000000000000000     
           1         201   1.1288354558320537E-005   1.6446327092451517E-006   2.1479237790076416E-005   2.2242598880719422       0.51931548921669446       0.51379310000000000        1.0000000000000000        0.0000000000000000        42.308451221767058        676.93521954827293        16.000000000000000        0.0000000000000000     
           1         202   1.1332738233670237E-005   1.7436781682246993E-006   2.1465858304799218E-005   2.2039786392097311       0.52131774561733601       0.51379310000000000        0.0000000000000000        0.0000000000000000        45.484284983174156        727.74855973078650        16.000000000000000        0.0000000000000000     
           1         203   1.0361962582437105E-005   3.4235247949902324E-008   2.1275660111494680E-005   2.3912609278433750       0.51745414937843648       0.51379310000000000        0.0000000000000000        0.0000000000000000        46.680538536654105        746.88861658646567        16.000000000000000        0.0000000000000000     
           1         204   1.1420841397269458E-005   1.9149409773878403E-006   2.1466083546284997E-005   2.1797064067695673       0.52339629030012613       0.51379310000000000        0.0000000000000000        0.0000000000000000        50.338986869865437        805.42378991784699        16.000000000000000        0.0000000000000000     
           1         205   1.1373759833765620E-005   1.8233023142856251E-006   2.1466087144118352E-005   2.1927764237569254       0.52228354164109558       0.51379310000000000        0.0000000000000000        0.0000000000000000        47.748573114049741        763.97716982479585        16.000000000000000        0.0000000000000000     
           1         206   9.9552118526820294E-006  -6.7769187041239190E-007   2.1191400738298923E-005   2.4653882935397333       0.51797231198508020       0.51379310000000000        0.0000000000000000        0.0000000000000000        43.578876940052311        697.26203104083697        16.000000000000000        0.0000000000000000     
           1         207   1.1355458476932709E-005   1.7819588514650647E-006   2.1472135246468173E-005   2.2001259896804415       0.52161483659775576       0.51379310000000000        0.0000000000000000        0.0000000000000000        43.531382215002509        696.50211544004014        16.000000000000000        0.0000000000000000     
           1         208   1.1655426592957849E-005   2.2876530550672826E-006   2.1554704875785155E-005   2.1530812731041227       0.52047609738425371       0.51379310000000000        0.0000000000000000        0.0000000000000000        46.990854881287682        751.85367810060291        16.000000000000000        0.0000000000000000     
           1         209   1.1255327165984991E-005   1.5703429713786048E-006   2.1489813868657493E-005   2.2399870070954577       0.51761829641320645       0.51379310000000000        0.0000000000000000        0.0000000000000000        49.366753846521149        789.86806154433839        16.000000000000000        0.0000000000000000     
           1         210   1.0958948125511949E-005   1.0921199682998193E-006   2.1385596176087534E-005   2.2725437771418964       0.52093997112589119       0.51379310000000000        0.0000000000000000        0.0000000000000000        48.387328636162444        774.19725817859910        16.000000000000000        0.0000000000000000     
           1         211   1.1341370012344080E-005   1.7575764892997115E-006   2.1468924730232168E-005   2.2035562830100557       0.52129041597268522       0.51379310000000000        0.0000000000000000        0.0000000000000000        39.294394151115412        628.71030641784660        16.000000000000000        0.0000000000000000     
           1         212   1.1070570565232684E-005   1.0798403896431094E-006   2.1628150534130415E-005   2.3416096446207297       0.50189725260621521       0.51379310000000000        0.0000000000000000        0.0000000000000000        43.512196877519699        696.19515004031518        16.000000000000000        0.0000000000000000     
           1         213   1.1271378526560422E-005   1.6122020466666211E-006   2.1478593247395653E-005   2.2291761716599225       0.51886865667153881       0.51379310000000000        0.0000000000000000        1.0000000000000000        44.987291842920413        719.79666948672661        16.000000000000000        0.0000000000000000     
           1         214   1.1388086201344724E-005   1.8511757552449573E-006   2.1466097810237920E-005   2.1888143366955046       0.52262320393182660       0.51379310000000000        0.0000000000000000        0.0000000000000000        47.361662703513836        757.78660325622138        16.000000000000000        0.0000000000000000     
           1         215   1.1412475982192625E-005   1.8988140083145354E-006   2.1465920056949551E-005   2.1819275104522817       0.52321283529151319       0.51379310000000000        0.0000000000000000        0.0000000000000000        49.993639244876313        799.89822791802101        16.000000000000000        0.0000000000000000     
           1         216   1.1380900216547713E-005   1.8364162463764413E-006   2.1466915052894965E-005   2.1913503420643776       0.52239252987207563       0.51379310000000000        0.0000000000000000        0.0000000000000000        41.015547790558223        656.24876464893157        16.000000000000000        0.0000000000000000     
           1         217   1.1297767179517796E-005   1.6744394447993979E-006   2.1467099184343697E-005   2.2138414649040787       0.52046891525682615       0.51379310000000000        0.0000000000000000        1.0000000000000000        43.239310648068560        691.82897036909696        16.000000000000000        0.0000000000000000     
           1         218   1.1359754941770757E-005   1.7971906614395153E-006   2.1464875921215219E-005   2.1958922077273026       0.52204778062870472       0.51379310000000000        0.0000000000000000        0.0000000000000000        45.351495088615430        725.62392141784687        16.000000000000000        0.0000000000000000     
           1         219  -1.7789689257202574E-005  -3.5288624761936729E-005   8.4587139998986093E-006   11.005994648638875       0.40301647842650468       0.59999999999999998        0.0000000000000000        1.0000000000000000        58.511741033637499        936.18785653819998        16.000000000000000        9.0000000000000000     
           1         220   1.0012808367331571E-005  -5.7564755373525092E-007   2.1202027590461320E-005   2.4524958935534795       0.51886405283163328       0.51379310000000000        0.0000000000000000        0.0000000000000000        50.334590500369373        805.35344800590997        16.000000000000000        0.0000000000000000     
           1         221  -2.6683392712672997E-005  -5.5005618605373041E-005   1.5799946126377001E-005   17.211253166075004       0.50066699714195673       0.59999999999999998        0.0000000000000000        1.0000000000000000        49.203876418874991        787.26202270199985        16.000000000000000        21.000000000000000     
           1         222   1.1413192751747310E-005   1.8961155404468490E-006   2.1470245836212873E-005   2.1834211445801226       0.52305712111409219       0.51379310000000000        0.0000000000000000        0.0000000000000000        41.288319801071999        660.61311681715199        16.000000000000000        0.0000000000000000     
           1         223   1.1383430884444868E-005   1.8415714116298938E-006   2.1466672315823142E-005   2.1902580257555710       0.52250076676301638       0.51379310000000000        0.0000000000000000        0.0000000000000000        43.838276082084242        701.41241731334787        16.000000000000000        0.0000000000000000     
           1         224  -1.2328353067762683E-005  -5.3378374821055950E-005   1.5038328101099624E-005   16.489159490330849       0.53910187763137285       0.40000000000000002        0.0000000000000000        1.0000000000000000        55.452328193499994        887.23725109599991        16.000000000000000        22.750000000000000     
           1         225   1.0618867513780803E-005  -7.9994860301942689E-007   2.2685559555750432E-005   2.8512199046215212       0.42238128347856585       0.51379310000000000        0.0000000000000000        0.0000000000000000        48.905314526115419        782.48503241784670        16.000000000000000        0.0000000000000000     
           1         226  -1.7148149566435404E-005  -5.0405694959909609E-005   1.6109395827038733E-005   20.527085083601879       0.50031870465449446       0.50000000000000000        0.0000000000000000        1.0000000000000000        50.540332130312507        808.64531408500011        16.000000000000000        35.000000000000000     
           1         227   1.0923825167879606E-005  -1.9470212124532489E-007   2.2673190722572417E-005   2.7863618555922351       0.42929039351020443       0.51379310000000000        0.0000000000000000        0.0000000000000000        44.972385861577649        719.55817378524239        16.000000000000000        0.0000000000000000     
           1         228   1.1300810036112822E-005   1.6740469826473125E-006   2.1473772271337082E-005   2.2179428493894120       0.51995238250139220       0.51379310000000000        0.0000000000000000        1.0000000000000000        44.376916453919428        710.03066326271085        16.000000000000000        0.0000000000000000     
           1         229   1.1223361283091350E-005   1.5200539723033405E-006   2.1477210711106788E-005   2.2433916181245692       0.51787538038313674       0.51379310000000000        0.0000000000000000        1.0000000000000000        47.871412342423582        765.94259747877732        16.000000000000000        0.0000000000000000     
           1         230  -1.8585306050439300E-005  -5.1213508786178484E-005   1.4042896685299997E-005   14.101148396506316       0.50088432616673983       0.50000000000000000        1.0000000000000000        0.0000000000000000        59.923655135312494        958.77848216499990        16.000000000000000        24.500000000000000     
           1         231   1.1340876145330914E-005   1.7558973051277674E-006   2.1469683432398463E-005   2.2041480029826959       0.52128094483821563       0.51379310000000000        0.0000000000000000        0.0000000000000000        43.057580183042013        688.92128292867221        16.000000000000000        0.0000000000000000     
           1         232   1.0525344234001740E-005   3.2997026890451070E-007   2.1299178984570922E-005   2.3536202197100407       0.52022952575610837       0.51379310000000000        0.0000000000000000        0.0000000000000000        46.874781664642335        749.99650663427735        16.000000000000000        0.0000000000000000     
           1         233   1.1407264443976109E-005   1.8846903628092918E-006   2.1470126277369159E-005   2.1849936114698338       0.52292678703916717       0.51379310000000000        0.0000000000000000        0.0000000000000000        46.343625348688484        741.49800557901574        16.000000000000000        0.0000000000000000     
           1         234   1.1014610799783403E-005   1.1953944148489897E-006   2.1390945701624850E-005   2.2583689008960341       0.52208253573734975       0.51379310000000000        0.0000000000000000        0.0000000000000000        48.000287759999452        768.00460415999123        16.000000000000000        0.0000000000000000     
           1         235   1.1663790150277226E-005   2.3218702788555513E-006   2.1535747892319215E-005   2.1409175293579126       0.52201890398069573       0.51379310000000000        0.0000000000000000        0.0000000000000000        51.104883631501941        817.67813810403106        16.000000000000000        0.0000000000000000     
           1         236   1.2082952455393830E-005   3.0749745335339040E-006   2.1602021191776918E-005   2.0569004936367077       0.52497619273280083       0.51379310000000000        0.0000000000000000        0.0000000000000000        40.423889295701684        646.78222873122695        16.000000000000000        0.0000000000000000     
           1         237   1.1643829747826776E-005   2.2595990018863963E-006   2.1560498980764263E-005   2.1598182074136361       0.51978552175124437       0.51379310000000000        0.0000000000000000        1.0000000000000000        44.879282523002388        718.06852036803821        16.000000000000000        0.0000000000000000     
           1         238   1.1685575083019658E-005   2.3555746817965150E-006   2.1544937073039785E-005   2.1408228653145436       0.52187022233376779       0.51379310000000000        0.0000000000000000        0.0000000000000000        49.174664082439335        786.79462531902936        16.000000000000000        0.0000000000000000     
           1         239   1.1301800050909019E-005   1.6779052247576777E-006   2.1471731322559377E-005   2.2161760316482506       0.52009990509240034       0.51379310000000000        0.0000000000000000        0.0000000000000000        49.460023258392347        791.36037213427755        16.000000000000000        0.0000000000000000     
           1         240   1.1305918687047098E-005   1.6867880189610879E-006   2.1470815493861495E-005   2.2149059042569643       0.52034402081073761       0.51379310000000000        0.0000000000000000        0.0000000000000000        49.486378854062160        791.78206166499456        16.000000000000000        0.0000000000000000     
           1         241   1.1365390270521905E-005   1.8069011115829066E-006   2.1466204916071742E-005   2.1951678144052993       0.52207451816629058       0.51379310000000000        0.0000000000000000        1.0000000000000000        43.515715502227984        696.25144803564774        16.000000000000000        0.0000000000000000     
           1         242   1.1312549233019072E-005   1.6989622954698137E-006   2.1471587771473946E-005   2.2133909477577256       0.52041953105395522       0.51379310000000000        0.0000000000000000        0.0000000000000000        43.531452634995610        696.50324215992975        16.000000000000000        0.0000000000000000     
           1         243   9.4116283697908235E-006  -1.8579968705434588E-006   2.1320664806891242E-005   2.7259742122069919       0.48645116590864879       0.51379310000000000        0.0000000000000000        0.0000000000000000        46.863072567272148        749.80916107635437        16.000000000000000        0.0000000000000000     
           1         244   1.1353747229349567E-005   1.7822810704475913E-006   2.1468275158359376E-005   2.1998080129414328       0.52165247025049211       0.51379310000000000        0.0000000000000000        0.0000000000000000        51.275251801968125        820.40402883149000        16.000000000000000        0.0000000000000000     
           1         245  -2.6526323041296658E-005  -5.5054895320759349E-005   1.6266535377897285E-005   18.135149475859780       0.50029741414881468       0.59999999999999998        0.0000000000000000        1.0000000000000000        61.087363830000015        977.39782128000024        16.000000000000000        45.500000000000000     
           1         246   8.6001213818910977E-006  -4.3359654490854156E-006   2.2270170397560352E-005   3.2041070319310858       0.41048972088457858       0.51379310000000000        0.0000000000000000        1.0000000000000000        42.861373070892327        685.78196913427723        16.000000000000000        0.0000000000000000     
           1         247   1.1354224852215574E-005   1.7837069041412512E-006   2.1467750771215331E-005   2.1992487614073877       0.52168842337067090       0.51379310000000000        0.0000000000000000        0.0000000000000000        46.745286074700743        747.92457719521190        16.000000000000000        0.0000000000000000     
           1         248   1.1306843768122085E-005   1.6855545379205102E-006   2.1474021608629780E-005   2.2142841645880802       0.52036329228676537       0.51379310000000000        1.0000000000000000        0.0000000000000000        45.882588657699998        734.12141852319996        16.000000000000000        0.0000000000000000     
           1         249   1.0965315852886700E-005   1.1049653647254339E-006   2.1385118707183426E-005   2.2705087632922689       0.52111444206569080       0.51379310000000000        0.0000000000000000        0.0000000000000000        50.240770831052217        803.85233329683547        16.000000000000000        0.0000000000000000     
           1         250   1.1351585621013051E-005   1.7788253838490208E-006   2.1467481051146172E-005   2.1997977201456989       0.52164438882565967       0.51379310000000000        0.0000000000000000        0.0000000000000000        49.693233344794649        795.09173351671438        16.000000000000000        0.0000000000000000     
           1         251   1.0993322361444627E-005   1.1578953575319536E-006   2.1386787633459957E-005   2.2628931332384941       0.52174073049612901       0.51379310000000000        0.0000000000000000        0.0000000000000000        42.055876472059211        672.89402355294737        16.000000000000000        0.0000000000000000     
           1         252  -2.5276119020979744E-005  -5.2325971662568783E-005   1.5298659941404050E-005   16.382030987257167       0.50046111834357399       0.59999999999999998        0.0000000000000000        1.0000000000000000        52.086098606249990        833.37757769999985        16.000000000000000        49.000000000000000     
           1         253   1.1309670257833659E-005   1.6938134811343963E-006   2.1471107420605504E-005   2.2139754237585874       0.52040136486013400       0.51379310000000000        0.0000000000000000        0.0000000000000000        47.499619070892344        759.99390513427750        16.000000000000000        0.0000000000000000     
           1         254   1.1234509414583695E-005   1.5523675514531957E-006   2.1465992518787964E-005   2.2303285178294012       0.51905565394423470       0.51379310000000000        0.0000000000000000        0.0000000000000000        47.817296043505905        765.07673669609449        16.000000000000000        0.0000000000000000     
           1         255   1.1351820480322433E-005   1.7786633040307042E-006   2.1468135370946374E-005   2.2001672872939655       0.52160264225959396       0.51379310000000000        0.0000000000000000        0.0000000000000000        52.290928088733132        836.65484941973011        16.000000000000000        0.0000000000000000     
           1         256   1.1318910978655154E-005   1.7169674588621046E-006   2.1465645480077078E-005   2.2076677886457086       0.52100011868188134       0.51379310000000000        0.0000000000000000        0.0000000000000000        41.966337916958729        671.46140667133966        16.000000000000000        0.0000000000000000     
           1         257   1.1413529799762379E-005   1.9005042885304027E-006   2.1466301300526572E-005   2.1818879556550574       0.52320865984561871       0.51379310000000000        0.0000000000000000        0.0000000000000000        45.412402949880445        726.59844719808711        16.000000000000000        0.0000000000000000     
           1         258   1.1389612187751270E-005   1.8530609307005742E-006   2.1467244228080227E-005   2.1884937945274423       0.52267448930603788       0.51379310000000000        0.0000000000000000        0.0000000000000000        47.537195433180401        760.59512693088641        16.000000000000000        0.0000000000000000     
           1         259   1.0141651612310477E-005  -5.4827158970957482E-007   2.1438095123761763E-005   2.5452673841469160       0.49584590595677519       0.51379310000000000        0.0000000000000000        0.0000000000000000        49.974959259366194        799.59934814985911        16.000000000000000        0.0000000000000000     
           1         260   1.0811247921659812E-005   8.0956479466469812E-007   2.1380402285854468E-005   2.3136436216968366       0.51740577601895144       0.51379310000000000        0.0000000000000000        1.0000000000000000        50.452280276115417        807.23648441784667        16.000000000000000        0.0000000000000000     
           1         261   1.1362943190705962E-005   1.8007121634215411E-006   2.1467712009134363E-005   2.1968402058371859       0.52190482161833207       0.51379310000000000        0.0000000000000000        0.0000000000000000        44.432274585470779        710.91639336753246        16.000000000000000        0.0000000000000000     
           1         262   1.0651564412303471E-005   5.3833217464705908E-007   2.1338596913087214E-005   2.3549538228196161       0.51541897769238199       0.51379310000000000        0.0000000000000000        0.0000000000000000        42.463439055826811        679.41502489322897        16.000000000000000        0.0000000000000000     
           1         263   2.0601337839382851E-005  -4.4255999722403608E-006   2.0601337839382851E-005   2.7306971424268269       0.49531517847339651        0.0000000000000000        0.0000000000000000        1.0000000000000000        46.467422703392330        743.47876325427728        16.000000000000000        0.0000000000000000     
           1         264   1.0788294018230367E-005   7.5978014576471933E-007   2.1385801439303833E-005   2.3238013430873328       0.51636402161461048       0.51379310000000000        0.0000000000000000        0.0000000000000000        47.356015519910009        757.69624831856015        16.000000000000000        0.0000000000000000     
           1         265   3.2099999999999985E-006   4.1136999999999993E-004   3.2099999999999985E-006   9.9999999999999964        1.0000000000000000        0.0000000000000000        0.0000000000000000        1.0000000000000000        46.902455011740415        750.43928018784663        16.000000000000000        1.7500000000000000     
           1         266   1.2040074164639329E-005   2.9909007045116096E-006   2.1602675774193796E-005   2.0672886338238703       0.52408910581518819       0.51379310000000000        0.0000000000000000        0.0000000000000000        42.449943221967310        679.19909155147695        16.000000000000000        0.0000000000000000     
           1         267   1.1347335140285837E-005   1.7740686258915851E-006   2.1463765572590729E-005   2.1986390156532898       0.52184351840401622       0.51379310000000000        0.0000000000000000        0.0000000000000000        43.675392994865419        698.80628791784670        16.000000000000000        0.0000000000000000     
           1         268   1.1285562957225439E-005   1.6500376858007624E-006   2.1467784557399115E-005   2.2181938790797826       0.52001104382102015       0.51379310000000000        0.0000000000000000        0.0000000000000000        42.608821957052456        681.74115131283929        16.000000000000000        0.0000000000000000     
           1         269   1.1747083243483315E-005   2.4804312664116010E-006   2.1539502573444692E-005   2.1218891443349195       0.52354716725966211       0.51379310000000000        0.0000000000000000        1.0000000000000000        47.145503365608441        754.32805384973506        16.000000000000000        0.0000000000000000     
           1         270   1.1115749009985018E-005   1.3420778332844965E-006   2.1443954578966919E-005   2.2500872014223354       0.51775757156603930       0.51379310000000000        0.0000000000000000        0.0000000000000000        48.586466901239390        777.38347041983025        16.000000000000000        0.0000000000000000     
           1         271   1.1283746075310920E-005   1.6395790507180618E-006   2.1475099740763219E-005   2.2236434644308636       0.51946009135882232       0.51379310000000000        0.0000000000000000        0.0000000000000000        42.017833333112534        672.28533332980055        16.000000000000000        0.0000000000000000     
           1         272   1.0847281199710377E-005   8.7788047348333478E-007   2.1382321538032002E-005   2.3075303560301021       0.51822025331921084       0.51379310000000000        0.0000000000000000        0.0000000000000000        45.663141896591469        730.61027034546350        16.000000000000000        0.0000000000000000     
           1         273   1.1447644071197840E-005   1.9478447164484063E-006   2.1486438995446701E-005   2.1804423537538726       0.52318194980144395       0.51379310000000000        0.0000000000000000        0.0000000000000000        45.210440700733415        723.36705121173463        16.000000000000000        0.0000000000000000     
           1         274   1.1654484422945292E-005   2.2892071320452871E-006   2.1551124827783243E-005   2.1506303536055928       0.52085821739495719       0.51379310000000000        1.0000000000000000        0.0000000000000000        46.847017619865426        749.55228191784681        16.000000000000000        0.0000000000000000     
           1         275   1.1388792467663597E-005   1.8521471219841811E-006   2.1466523934981345E-005   2.1888998008969485       0.52260793039516473       0.51379310000000000        0.0000000000000000        0.0000000000000000        48.987188468289197        783.79501549262716        16.000000000000000        0.0000000000000000     
           1         276   1.1765831916551550E-005   2.5094022084090009E-006   2.1547448990843595E-005   2.1197923174768118       0.52368006127883471       0.51379310000000000        0.0000000000000000        0.0000000000000000        42.109713501560314        673.75541602496503        16.000000000000000        0.0000000000000000     
           1         277   1.0458583454492653E-005  -6.4123963070175724E-008   2.1578323763531144E-005   2.5088760464080058       0.49262929651468623       0.51379310000000000        0.0000000000000000        0.0000000000000000        44.451760352015718        711.22816563225149        16.000000000000000        0.0000000000000000     
           1         278   1.1295360127440614E-005   1.6580047870487840E-006   2.1479515630255231E-005   2.2218619887630382       0.51948416642889461       0.51379310000000000        0.0000000000000000        0.0000000000000000        46.191618233862087        739.06589174179339        16.000000000000000        0.0000000000000000     
           1         279   1.1753121845679814E-005   2.4480374228659803E-006   2.1586154185120739E-005   2.1325754703700315       0.52043284794356337       0.51379310000000000        0.0000000000000000        0.0000000000000000        44.876908156871778        718.03053050994845        16.000000000000000        0.0000000000000000     
           1         280   1.0979255582142321E-005   1.1274318849405016E-006   2.1390047856046894E-005   2.2679608192756766       0.52132710687364248       0.51379310000000000        0.0000000000000000        0.0000000000000000        47.321714318570180        757.14742909712288        16.000000000000000        0.0000000000000000     
           1         281   1.1404666881986468E-005   1.8831349069647280E-006   2.1466427482659969E-005   2.1844392739117984       0.52299151448678349       0.51379310000000000        0.0000000000000000        0.0000000000000000        39.045892901115415        624.73428641784665        16.000000000000000        0.0000000000000000     
           1         282   1.1731304585850983E-005   2.4480316629853238E-006   2.1541287893749926E-005   2.1259906944628524       0.52323556363731660       0.51379310000000000        0.0000000000000000        0.0000000000000000        43.462576912731294        695.40123060370070        16.000000000000000        0.0000000000000000     
           1         283   7.4406349873310191E-006  -5.4391752708081539E-006   2.1051214433943660E-005   2.9929541671006596       0.43926577130363942       0.51379310000000000        0.0000000000000000        1.0000000000000000        45.699445005752501        731.19112009204002        16.000000000000000        0.0000000000000000     
           1         284   1.1397819739934076E-005   1.8708251698431490E-006   2.1465352870069111E-005   2.1856385985752489       0.52291362600950386       0.51379310000000000        0.0000000000000000        0.0000000000000000        50.342549773970333        805.48079638352533        16.000000000000000        0.0000000000000000     
           1         285   1.1399448056414494E-005   1.8734668203200546E-006   2.1465910358440038E-005   2.1855410882443933       0.52290667885808617       0.51379310000000000        0.0000000000000000        0.0000000000000000        48.756865732597490        780.10985172155983        16.000000000000000        0.0000000000000000     
           1         286   1.0493420978385319E-005   2.6754627228226443E-007   2.1299487008012548E-005   2.3640910528422743       0.51935316817896682       0.51379310000000000        0.0000000000000000        0.0000000000000000        42.059925842231351        672.95881347570162        16.000000000000000        0.0000000000000000     
           1         287   1.1707653557193924E-005   2.4001554814304300E-006   2.1543236494397440E-005   2.1337963025337792       0.52243652065954382       0.51379310000000000        0.0000000000000000        0.0000000000000000        41.440993343264545        663.05589349223271        16.000000000000000        0.0000000000000000     
           1         288   1.0972905003812514E-005   1.1008551842832783E-006   2.1405070981157339E-005   2.2773600315519409       0.52041074820576516       0.51379310000000000        0.0000000000000000        0.0000000000000000        46.845596338615429        749.52954141784687        16.000000000000000        0.0000000000000000     
           1         289   1.2090921707528219E-005   3.0903390523191371E-006   2.1602175587771628E-005   2.0549506473453705       0.52515215837895912       0.51379310000000000        0.0000000000000000        0.0000000000000000        51.051501199779295        816.82401919646873        16.000000000000000        0.0000000000000000     
           1         290   1.1545875801446239E-005   2.0925377595386220E-006   2.1535573310674352E-005   2.1710501794713704       0.51930927932163906       0.51379310000000000        0.0000000000000000        0.0000000000000000        50.258229793587439        804.13167669739903        16.000000000000000        0.0000000000000000     
           1         291   1.1305404139315352E-005   1.6839622921693787E-006   2.1472743255882185E-005   2.2158594011018908       0.52011544995339798       0.51379310000000000        0.0000000000000000        0.0000000000000000        40.896323692559832        654.34117908095732        16.000000000000000        0.0000000000000000     
           1         292   1.2056140706715406E-005   3.0146159949384288E-006   2.1610659596493440E-005   2.0668090648100783       0.52400067142060924       0.51379310000000000        0.0000000000000000        0.0000000000000000        43.905352191796538        702.48563506874461        16.000000000000000        0.0000000000000000     
           1         293   9.6015025823654224E-006  -1.4421645513275294E-006   2.1271760598012849E-005   2.5349878174197782       0.49506747716312272       0.51379310000000000        0.0000000000000000        0.0000000000000000        44.807774423476758        716.92439077562813        16.000000000000000        0.0000000000000000     
           1         294   1.1427726195865930E-005   1.9241519584642682E-006   2.1470510180450718E-005   2.1795449586522166       0.52337806388763364       0.51379310000000000        0.0000000000000000        0.0000000000000000        48.789782908605986        780.63652653769577        16.000000000000000        0.0000000000000000     
           1         295   1.1368033382835936E-005   1.8084554837030521E-006   2.1469998541057217E-005   2.1963795733729414       0.52196438734446471       0.51379310000000000        0.0000000000000000        0.0000000000000000        53.376012633392335        854.01620213427736        16.000000000000000        0.0000000000000000     
           1         296   1.1290364645176288E-005   1.6517790835672015E-006   2.1475820168975683E-005   2.2219628241149985       0.51950810356899846       0.51379310000000000        0.0000000000000000        0.0000000000000000        43.421917740226711        694.75068384362737        16.000000000000000        0.0000000000000000     
           1         297   1.1375737635427022E-005   1.8252593618370039E-006   2.1468086877427973E-005   2.1933824631997174       0.52222200611046055       0.51379310000000000        0.0000000000000000        0.0000000000000000        43.718999736587563        699.50399578540100        16.000000000000000        0.0000000000000000     
           1         298   1.1026717182394937E-005   1.2064998039821585E-006   2.1404109871656448E-005   2.2604753180911925       0.52180512851141569       0.51379310000000000        0.0000000000000000        0.0000000000000000        47.551199858946717        760.81919774314747        16.000000000000000        0.0000000000000000     
           1         299   1.1395662639430203E-005   1.8652876517012115E-006   2.1466767983899745E-005   2.1869258888444132       0.52278307216698827       0.51379310000000000        0.0000000000000000        0.0000000000000000        47.356127958289697        757.69804733263516        16.000000000000000        0.0000000000000000     
           1         300   1.1423307171815535E-005   1.9131260460132796E-006   2.1473072903621355E-005   2.1818937976669157       0.52315824803746291       0.51379310000000000        0.0000000000000000        0.0000000000000000        50.829679766888681        813.27487627021890        16.000000000000000        0.0000000000000000     
           1         301   1.1294617441068897E-005   1.6646531624459591E-006   2.1470962531199770E-005   2.2176584729000255       0.51998143903623972       0.51379310000000000        0.0000000000000000        0.0000000000000000        44.976160074199079        719.61856118718526        16.000000000000000        0.0000000000000000     
           1         302   1.1334654951437591E-005   1.7494522524994910E-006   2.1463698798441249E-005   2.2021064653068954       0.52154330644646407       0.51379310000000000        0.0000000000000000        0.0000000000000000        44.777290914642336        716.43665463427737        16.000000000000000        0.0000000000000000     
           1         303   1.0880336387984761E-005   9.2755637619436702E-007   2.1397812992853433E-005   2.2918960626815319       0.51766453690586267       0.51379310000000000        1.0000000000000000        0.0000000000000000        45.693893058191449        731.10228893106319        16.000000000000000        0.0000000000000000     
           1         304   1.1124667725803213E-005   1.3557337394626156E-006   2.1447867327736775E-005   2.2570280185226546       0.51820790063297550       0.51379310000000000        0.0000000000000000        0.0000000000000000        49.569342432766767        793.10947892426827        16.000000000000000        0.0000000000000000     
           1         305   1.0832165483675351E-005   7.3438832575181830E-007   2.1502866020995017E-005   2.3647686185524028       0.50638165972841842       0.51379310000000000        0.0000000000000000        0.0000000000000000        49.269016709176540        788.30426734682464        16.000000000000000        0.0000000000000000     
           1         306   1.1465335964465320E-005   1.9367968496385076E-006   2.1534501273057443E-005   2.1896842303680928       0.51775572065316455       0.51379310000000000        0.0000000000000000        0.0000000000000000        42.896101092164287        686.33761747462859        16.000000000000000        0.0000000000000000     
           1         307   1.0734896461656414E-005   6.6805399531868396E-007   2.1372907148035724E-005   2.3248410489186919       0.51661317059231626       0.51379310000000000        0.0000000000000000        0.0000000000000000        44.554753578625011        712.87605725800017        16.000000000000000        0.0000000000000000     
           1         308   1.1208413564487183E-005   1.4921357762906300E-006   2.1475969383334526E-005   2.2449401748865552       0.51719802904626133       0.51379310000000000        0.0000000000000000        0.0000000000000000        45.875739036417556        734.01182458268090        16.000000000000000        0.0000000000000000     
           1         309   1.1706060715975478E-005   2.3949640346607976E-006   2.1545446434879171E-005   2.1354842484910805       0.52225354083130837       0.51379310000000000        0.0000000000000000        0.0000000000000000        47.412058633392341        758.59293813427746        16.000000000000000        0.0000000000000000     
           1         310   1.0857102010526922E-005   9.0401494747447795E-007   2.1374903088001393E-005   2.2961847838539828       0.51913032833972905       0.51379310000000000        0.0000000000000000        0.0000000000000000        52.990188950238050        847.84302320380880        16.000000000000000        0.0000000000000000     
           1         311   1.1391239807310589E-005   1.8570203494872034E-006   2.1466407747780975E-005   2.1879239354461211       0.52270745249600115       0.51379310000000000        0.0000000000000000        0.0000000000000000        42.013720886120289        672.21953417792463        16.000000000000000        0.0000000000000000     
           1         312   1.1755347117790949E-005   2.4978928752209722E-006   2.1538046856108352E-005   2.1189426912682312       0.52382546901794602       0.51379310000000000        0.0000000000000000        0.0000000000000000        46.141039968585638        738.25663949737020        16.000000000000000        0.0000000000000000     
           1         313   1.1006381848236632E-005   1.1796654994054857E-006   2.1390642243732101E-005   2.2606819053102405       0.52189383713778259       0.51379310000000000        0.0000000000000000        0.0000000000000000        45.829591005050062        733.27345608080100        16.000000000000000        0.0000000000000000     
           1         314   1.1355165509674109E-005   1.7841352749539904E-006   2.1469232781221820E-005   2.1997896649127018       0.52163916693705492       0.51379310000000000        0.0000000000000000        0.0000000000000000        49.435107846000001        790.96172553600002        16.000000000000000        0.0000000000000000     
           1         315   1.0857827040896721E-005   8.8605120265971869E-007   2.1395377249322477E-005   2.3092785906264051       0.51752339923832891       0.51379310000000000        0.0000000000000000        0.0000000000000000        51.570099665364950        825.12159464583920        16.000000000000000        0.0000000000000000     
           1         316   1.1268616817233687E-005   1.6142744796750607E-006   2.1470723118224882E-005   2.2246610192244747       0.51935566879632156       0.51379310000000000        0.0000000000000000        0.0000000000000000        43.863583820892330        701.81734113427729        16.000000000000000        0.0000000000000000     
           1         317   1.1412540841911123E-005   1.8985413851270105E-006   2.1466341547535145E-005   2.1821916697542019       0.52318274355565209       0.51379310000000000        0.0000000000000000        0.0000000000000000        43.724769377576500        699.59631004122400        16.000000000000000        0.0000000000000000     
           1         318   1.0963326092336080E-005   1.0967306304140991E-006   2.1389728245055193E-005   2.2733718411781796       0.52085749442637075       0.51379310000000000        0.0000000000000000        0.0000000000000000        47.094550526659532        753.51280842655251        16.000000000000000        0.0000000000000000     
           1         319   1.0821832909564268E-005   8.2695802853676053E-007   2.1383792744431353E-005   2.3127411085051066       0.51740135314756253       0.51379310000000000        0.0000000000000000        0.0000000000000000        45.526189089747078        728.41902543595324        16.000000000000000        0.0000000000000000     
           1         320   1.1731070349011611E-005   2.4426011949422187E-006   2.1546544709667420E-005   2.1285699369001967       0.52291020991990012       0.51379310000000000        0.0000000000000000        0.0000000000000000        50.203518769486621        803.25630031178594        16.000000000000000        0.0000000000000000     
           1         321   1.1367100058983041E-005   1.8105579643163838E-006   2.1465857168557571E-005   2.1944742698530555       0.52214303430884046       0.51379310000000000        0.0000000000000000        1.0000000000000000        42.240842808079066        675.85348492926505        16.000000000000000        0.0000000000000000     
           1         322   1.1425187856888697E-005   1.9189916857039055E-006   2.1470742537418860E-005   2.1804078006362193       0.52330078495472854       0.51379310000000000        0.0000000000000000        0.0000000000000000        45.138341506535582        722.21346410456931        16.000000000000000        0.0000000000000000     
           1         323   7.8746692833984890E-006  -4.0968188458315144E-006   2.0525390607037123E-005   2.7137147682176259       0.50227588741428131       0.51379310000000000        0.0000000000000000        1.0000000000000000        42.225781106338502        675.61249770141603        16.000000000000000        0.0000000000000000     
           1         324   1.1055013863643765E-005   1.2348440558849191E-006   2.1432356283208262E-005   2.2708313656193591       0.51788465523487603       0.51379310000000000        0.0000000000000000        0.0000000000000000        48.719835594332970        779.51736950932752        16.000000000000000        0.0000000000000000     
           1         325   1.1114574219081591E-005   1.3301135389554550E-006   2.1454181461738879E-005   2.2639441619120553       0.51809808494166898       0.51379310000000000        0.0000000000000000        0.0000000000000000        46.452283658175247        743.23653853080395        16.000000000000000        0.0000000000000000     
           1         326   1.1318532113524735E-005   1.7106248531886283E-006   2.1471568723660012E-005   2.2115943913539073       0.52054355435216060       0.51379310000000000        0.0000000000000000        0.0000000000000000        42.889478872552765        686.23166196084424        16.000000000000000        0.0000000000000000     
           1         327   1.1379192258003933E-005   1.8284615594791220E-006   2.1471808246917987E-005   2.1939405987856180       0.52214068137821967       0.51379310000000000        0.0000000000000000        0.0000000000000000        43.186869383498014        690.98991013596822        16.000000000000000        0.0000000000000000     
           1         328   1.1354174401627568E-005   1.7883826412039564E-006   2.1462705980554787E-005   2.1960887894517227       0.52210159522387511       0.51379310000000000        0.0000000000000000        0.0000000000000000        45.887041016204591        734.19265625927346        16.000000000000000        0.0000000000000000     
           1         329   1.1322416419454219E-005   1.7253988312368987E-006   2.1463945503892378E-005   2.2056451316389900       0.52122603652428678       0.51379310000000000        0.0000000000000000        0.0000000000000000        49.521694755852245        792.34711609363592        16.000000000000000        0.0000000000000000     
           1         330   1.1213493116752817E-005   1.5123250309394670E-006   2.1465081945358511E-005   2.2397243136336633       0.51868524347612832       0.51379310000000000        0.0000000000000000        0.0000000000000000        49.015347258392346        784.24555613427754        16.000000000000000        0.0000000000000000     
           1         331   1.1349866879882506E-005   1.7755324408547023E-006   2.1467425828274412E-005   2.1996255317346218       0.52170794997421066       0.51379310000000000        0.0000000000000000        0.0000000000000000        40.421849349731090        646.74958959569744        16.000000000000000        0.0000000000000000     
           1         332   1.1194327150154265E-005   1.4853204970853745E-006   2.1454199287305745E-005   2.2343280289552618       0.51900522154882045       0.51379310000000000        1.0000000000000000        0.0000000000000000        42.321662602395079        677.14660163832127        16.000000000000000        0.0000000000000000     
           1         333   1.1169700930669229E-005   1.4349970627554837E-006   2.1456728280296637E-005   2.2419169122485982       0.51830170633725225       0.51379310000000000        0.0000000000000000        1.0000000000000000        45.350772099256382        725.61235358810211        16.000000000000000        0.0000000000000000     
           1         334   1.1424971851805253E-005   1.9165304160603460E-006   2.1472899187760133E-005   2.1813083112009624       0.52320961617260497       0.51379310000000000        0.0000000000000000        0.0000000000000000        46.979685743773565        751.67497190037705        16.000000000000000        0.0000000000000000     
           1         335   1.1322830390193011E-005   1.7254437204754695E-006   2.1464749496920669E-005   2.2060293091753698       0.52116892026146611       0.51379310000000000        0.0000000000000000        0.0000000000000000        50.393348856530878        806.29358170449404        16.000000000000000        0.0000000000000000     
           1         336   8.3988143582787972E-006  -3.5491063229227792E-006   2.1024631074061488E-005   2.7198532173425045       0.49091735018903498       0.51379310000000000        0.0000000000000000        1.0000000000000000        40.686647523800218        650.98636038080349        16.000000000000000        0.0000000000000000     
           1         337   1.1352653418812863E-005   1.7764117631810368E-006   2.1472227794652201E-005   2.2017361053742368       0.52150088036285291       0.51379310000000000        0.0000000000000000        0.0000000000000000        42.513589307365422        680.21742891784675        16.000000000000000        0.0000000000000000     
           1         338   1.1092719001637626E-005   1.3027663768891780E-006   2.1438129788532413E-005   2.2623577507968817       0.51815517619543427       0.51379310000000000        0.0000000000000000        1.0000000000000000        43.712398955923987        699.39838329478380        16.000000000000000        0.0000000000000000     
           1         339   1.1419038616936668E-005   1.9104667371282337E-006   2.1467103798034542E-005   2.1806490373479335       0.52330776528471035       0.51379310000000000        0.0000000000000000        0.0000000000000000        47.550929307590032        760.81486892144051        16.000000000000000        0.0000000000000000     
           1         340   1.0233829928479537E-005  -4.6993368144732603E-007   2.1544899119006389E-005   2.5554813162888959       0.48740981131709255       0.51379310000000000        0.0000000000000000        0.0000000000000000        51.736518478489714        827.78429565583542        16.000000000000000        0.0000000000000000     
           1         341   1.1420258621360327E-005   1.9137775842706446E-006   2.1466114330395771E-005   2.1798888631138547       0.52338023271024614       0.51379310000000000        0.0000000000000000        0.0000000000000000        44.177967451748557        706.84747922797692        16.000000000000000        0.0000000000000000     
           1         342   1.1415413503209016E-005   1.9041655252428961E-006   2.1466306617781787E-005   2.1813679423123702       0.52325253471537636       0.51379310000000000        0.0000000000000000        0.0000000000000000        42.843405690294873        685.49449104471796        16.000000000000000        0.0000000000000000     
           1         343   8.8817700310388005E-006  -2.7068376646106107E-006   2.1127887214138504E-005   2.6251201756172415       0.50462090738013365       0.51379310000000000        0.0000000000000000        1.0000000000000000        45.932652280768757        734.92243649230011        16.000000000000000        0.0000000000000000     
           1         344   1.2047997731348349E-005   2.9984767046936094E-006   2.1610966627511969E-005   2.0680933830399835       0.52398541904328400       0.51379310000000000        0.0000000000000000        0.0000000000000000        44.859656369865426        717.75450191784682        16.000000000000000        0.0000000000000000     
           1         345   1.1383127782558707E-005   1.8341267402533401E-006   2.1473915978755372E-005   2.1936148880512962       0.52214183232128764       0.51379310000000000        0.0000000000000000        0.0000000000000000        49.387337164420920        790.19739463073472        16.000000000000000        0.0000000000000000     
           1         346   1.1391319105891654E-005   1.8486964257039352E-006   2.1475367047177144E-005   2.1917136625440392       0.52230078239944033       0.51379310000000000        0.0000000000000000        0.0000000000000000        43.638179571639064        698.21087314622503        16.000000000000000        0.0000000000000000     
           1         347   1.1416663386542665E-005   1.9059023189455469E-006   2.1467041964634095E-005   2.1812686362758082       0.52325667042064050       0.51379310000000000        0.0000000000000000        0.0000000000000000        45.042858681932856        720.68573891092569        16.000000000000000        0.0000000000000000     
           1         348   1.1334641747801124E-005   1.7436953238943501E-006   2.1469755204794114E-005   2.2060354111283624       0.52108016948467084       0.51379310000000000        0.0000000000000000        0.0000000000000000        44.788265544497342        716.61224871195748        16.000000000000000        0.0000000000000000     
           1         349   1.1004430849963459E-005   1.1758016004925360E-006   2.1390712679440609E-005   2.2613448162729943       0.52183781663045148       0.51379310000000000        0.0000000000000000        0.0000000000000000        47.769475926077902        764.31161481724644        16.000000000000000        0.0000000000000000     
           1         350   1.1397237818158829E-005   1.8662496809638886E-006   2.1468991100707168E-005   2.1874873761181695       0.52271241533118340       0.51379310000000000        0.0000000000000000        0.0000000000000000        48.567705738906419        777.08329182250270        16.000000000000000        0.0000000000000000     
           1         351   1.1356305078122705E-005   1.7880178059169220E-006   2.1467473758117714E-005   2.1982768916410969       0.52178953923026594       0.51379310000000000        0.0000000000000000        0.0000000000000000        43.244692633392333        691.91508213427733        16.000000000000000        0.0000000000000000     
           1         352   1.1267615374150651E-005   1.6193798711584553E-006   2.1463268353597093E-005   2.2203856927369823       0.51993863940496221       0.51379310000000000        0.0000000000000000        0.0000000000000000        48.339439302193831        773.43102883510130        16.000000000000000        0.0000000000000000     
           1         353   1.1264106239993813E-005   1.5979381800853151E-006   2.1478709226132074E-005   2.2313476111536321       0.51870260096943943       0.51379310000000000        0.0000000000000000        1.0000000000000000        47.885246103557108        766.16393765691373        16.000000000000000        0.0000000000000000     
           1         354   1.1378808555248864E-005   1.8303735869225739E-006   2.1468998559802291E-005   2.1925999797637044       0.52227342795741249       0.51379310000000000        0.0000000000000000        0.0000000000000000        47.563491491196032        761.01586385913652        16.000000000000000        0.0000000000000000     
           1         355   1.1347366681745228E-005   1.7753683568265726E-006   2.1462456970580295E-005   2.1978181397932972       0.52195930643345767       0.51379310000000000        0.0000000000000000        0.0000000000000000        51.586639980786238        825.38623969257981        16.000000000000000        0.0000000000000000     
           1         356   1.0841736681656669E-005   8.5564633357399108E-007   2.1394413570490387E-005   2.3145803754932039       0.51705356994524398       0.51379310000000000        0.0000000000000000        1.0000000000000000        41.618245261531904        665.89192418451046        16.000000000000000        0.0000000000000000     
           1         357   1.1423135176162622E-005   1.9193466377526824E-006   2.1466145620675096E-005   2.1791085869080402       0.52344519563054415       0.51379310000000000        0.0000000000000000        1.0000000000000000        44.877720057992562        718.04352092788099        16.000000000000000        0.0000000000000000     
           1         358   1.0949547399451459E-005   1.0759595244901221E-006   2.1383338697762702E-005   2.2737953087664069       0.52088997149074334       0.51379310000000000        0.0000000000000000        0.0000000000000000        49.177680945892348        786.84289513427757        16.000000000000000        0.0000000000000000     
           1         359   1.1389665824979450E-005   1.8540345615248230E-006   2.1466325673507426E-005   2.1885253177899462       0.52264321833891669       0.51379310000000000        0.0000000000000000        0.0000000000000000        49.459869977549978        791.35791964079965        16.000000000000000        0.0000000000000000     
           1         360   1.1391155232317280E-005   1.8578417056936141E-006   2.1465365841249414E-005   2.1874964621157544       0.52275477399177617       0.51379310000000000        0.0000000000000000        0.0000000000000000        49.486113447882644        791.77781516612231        16.000000000000000        0.0000000000000000     
           1         361   1.1361528227494691E-005   1.7936365834169881E-006   2.1472278832381142E-005   2.1985337639295555       0.52174924398092004       0.51379310000000000        0.0000000000000000        0.0000000000000000        43.515456399731157        696.24730239569851        16.000000000000000        0.0000000000000000     
           1         362   1.1363961437054987E-005   1.8029529387230715E-006   2.1467438363203412E-005   2.1963661439446192       0.52194720072674494       0.51379310000000000        0.0000000000000000        0.0000000000000000        43.531109561443714        696.49775298309942        16.000000000000000        0.0000000000000000     
           1         363   1.1390532764988460E-005   1.8554755746189625E-006   2.1466585968917554E-005   2.1882332447448256       0.52267620674819082       0.51379310000000000        0.0000000000000000        0.0000000000000000        46.862717611108344        749.80348177773351        16.000000000000000        0.0000000000000000     
           1         364   1.1765712392163352E-005   2.5175382028046291E-006   2.1538605549563339E-005   2.1164433750804013       0.52403922066574526       0.51379310000000000        0.0000000000000000        0.0000000000000000        49.879844734978633        798.07751575965813        16.000000000000000        0.0000000000000000     
           1         365   1.1110898234483033E-005   1.3358229983580245E-006   2.1440587525814961E-005   2.2581147123791498       0.51837127993410759       0.51379310000000000        1.0000000000000000        0.0000000000000000        50.229282508392330        803.66852013427729        16.000000000000000        0.0000000000000000     
           1         366   1.0536933428978223E-005   3.5484350087279467E-007   2.1296730438522988E-005   2.3490791039659586       0.52060965908251511       0.51379310000000000        0.0000000000000000        0.0000000000000000        41.666541037794332        666.66465660470931        16.000000000000000        0.0000000000000000     
           1         367   1.1128329826230966E-005   1.3622180725193133E-006   2.1448547068902632E-005   2.2562564603725850       0.51823639737421523       0.51379310000000000        0.0000000000000000        1.0000000000000000        46.745002901080305        747.92004641728488        16.000000000000000        0.0000000000000000     
           1         368   1.0862056013609311E-005   9.1489720259871341E-007   2.1373592484402411E-005   2.2937671476411841       0.51939634877315466       0.51379310000000000        0.0000000000000000        0.0000000000000000        45.882310788509628        734.11697261615404        16.000000000000000        0.0000000000000000     
           1         369   1.0860791314380547E-005   8.9266089669319892E-007   2.1394489269937840E-005   2.3040814460175842       0.51689261390506636       0.51379310000000000        0.0000000000000000        0.0000000000000000        50.240399054913929        803.84638487862287        16.000000000000000        0.0000000000000000     
           1         370   1.1696732316036179E-005   2.3403753218334379E-006   2.1583946308182507E-005   2.1442764925616014       0.51983214969250002       0.51379310000000000        0.0000000000000000        0.0000000000000000        49.692845528878472        795.08552846205555        16.000000000000000        0.0000000000000000     
           1         371   1.1663958229583278E-005   2.3027018690838528E-006   2.1556349566184076E-005   2.1486137034042421       0.52117952128868306       0.51379310000000000        0.0000000000000000        0.0000000000000000        42.381842850458831        678.10948560734130        16.000000000000000        0.0000000000000000     
           1         372   1.1297263551691988E-005   1.6673146642026708E-006   2.1473592377434139E-005   2.2188942352693108       0.51989519157180253       0.51379310000000000        0.0000000000000000        1.0000000000000000        44.310081508392337        708.96130413427738        16.000000000000000        0.0000000000000000     
           1         373   1.1362167079092448E-005   1.7990770808304480E-006   2.1467843604427372E-005   2.1971641164161655       0.52188044779607612       0.51379310000000000        0.0000000000000000        0.0000000000000000        49.138406449043131        786.21450318469010        16.000000000000000        0.0000000000000000     
           1         374   1.1373365786308193E-005   1.8204731465636945E-006   2.1468266379741631E-005   2.1941188159062048       0.52214570933920679       0.51379310000000000        0.0000000000000000        0.0000000000000000        47.895316391187663        766.32506225900261        16.000000000000000        0.0000000000000000     
           1         375   1.2065322067510994E-005   3.0398819487621014E-006   2.1602843763473303E-005   2.0612908242641734       0.52460347744140046       0.51379310000000000        0.0000000000000000        0.0000000000000000        52.907588763067920        846.52142020908673        16.000000000000000        0.0000000000000000     
           1         376   9.7497304535947978E-006  -1.0558702125669931E-006   2.1168414687876992E-005   2.5285832959024677       0.51369423568724937       0.51379310000000000        0.0000000000000000        0.0000000000000000        40.490977619088881        647.85564190542209        16.000000000000000        0.0000000000000000     
           1         377   1.0280942187834049E-005  -1.1991728106941577E-007   2.1271921191201282E-005   2.4217182399885333       0.51548462002651496       0.51379310000000000        0.0000000000000000        0.0000000000000000        44.995637383838037        719.93019814140860        16.000000000000000        0.0000000000000000     
           1         378   1.1425775844669234E-005   1.9203967448956386E-006   2.1470467095138497E-005   2.1800604417327585       0.52333567703643769       0.51379310000000000        0.0000000000000000        0.0000000000000000        46.208227806558249        739.33164490493198        16.000000000000000        0.0000000000000000     
           1         379   1.1377458670153089E-005   1.8328936093316554E-006   2.1463559198037760E-005   2.1901703286347272       0.52258530010051163       0.51379310000000000        0.0000000000000000        0.0000000000000000        49.514881820892342        792.23810913427747        16.000000000000000        0.0000000000000000     
           1         380   1.0863647417536871E-005   8.8803561773868191E-007   2.1405251230676863E-005   2.3219955238191687       0.51514103917727605       0.51379310000000000        0.0000000000000000        0.0000000000000000        50.452144667267348        807.23431467627756        16.000000000000000        0.0000000000000000     
           1         381   1.0843595872675664E-005   8.4543607412262367E-007   2.1409027003319869E-005   2.3329588158670127       0.51382115635646608       0.51379310000000000        0.0000000000000000        0.0000000000000000        44.432005875773058        710.91209401236893        16.000000000000000        0.0000000000000000     
           1         382   1.0907447917528627E-005   9.6338669808868412E-007   2.1415711046920501E-005   2.3114520395594957       0.51525705018354850       0.51379310000000000        0.0000000000000000        0.0000000000000000        42.463187278287016        679.41099645259226        16.000000000000000        0.0000000000000000     
           1         383   1.0793882459011151E-005   6.1135214768544949E-007   2.1554144838051662E-005   2.4072737492073859       0.50147650621875606       0.51379310000000000        0.0000000000000000        0.0000000000000000        47.620938431292274        761.93501490067638        16.000000000000000        0.0000000000000000     
           1         384   1.0741580830503702E-005   4.3140117855383424E-007   2.1636735064086467E-005   2.4824533032720315       0.49210424194099911       0.51379310000000000        0.0000000000000000        0.0000000000000000        47.355628359112686        757.69005374580297        16.000000000000000        0.0000000000000000     
           1         385  -4.7694294338467856E-006  -4.7694294338467856E-006   2.0271488257898254E-005   2.9192483825360434       0.45551927506780299        1.0000000000000000        1.0000000000000000        0.0000000000000000        42.391263152230835        678.26021043569335        16.000000000000000        0.0000000000000000     
           1         386   1.1291146000448784E-005   1.6533841411520124E-006   2.1475731087064162E-005   2.2217963084299144       0.51955344057831210       0.51379310000000000        0.0000000000000000        1.0000000000000000        43.600289463615418        697.60463141784669        16.000000000000000        0.0000000000000000     
           1         387   1.0915730243530239E-005   1.0080575817824358E-006   2.1385540216742832E-005   2.2851688947216240       0.51986571998576214       0.51379310000000000        0.0000000000000000        0.0000000000000000        44.502551307024099        712.04082091238558        16.000000000000000        0.0000000000000000     
           1         388   1.0776101643135877E-005   6.2924045172603454E-007   2.1498671122927431E-005   2.3773352189347170       0.50529973027613917       0.51379310000000000        0.0000000000000000        0.0000000000000000        44.318352042683799        709.09363268294078        16.000000000000000        0.0000000000000000     
           1         389   1.1377816001688930E-005   1.8288743016391643E-006   2.1468541488694068E-005   2.1925826794102563       0.52228585557594975       0.51379310000000000        1.0000000000000000        0.0000000000000000        47.659969941168868        762.55951905870188        16.000000000000000        0.0000000000000000     
           1         390   1.1376792149838050E-005   1.8299770763151508E-006   2.1465270350686857E-005   2.1912183159341772       0.52245956744276401       0.51379310000000000        0.0000000000000000        0.0000000000000000        51.071358439409032        817.14173503054451        16.000000000000000        0.0000000000000000     
           1         391   1.0427259959891975E-005   1.4597181981096105E-007   2.1291883447311593E-005   2.3814879842561796       0.51793747786961031       0.51379310000000000        0.0000000000000000        0.0000000000000000        43.002239762163512        688.03583619461619        16.000000000000000        0.0000000000000000     
           1         392   8.8086404311697704E-006  -2.3573172959081066E-006   2.0608127511801746E-005   2.7316708780255778       0.46860039636638456       0.51379310000000000        0.0000000000000000        1.0000000000000000        40.717182979646012        651.47492767433619        16.000000000000000        0.0000000000000000     
           1         393   1.1735632504368585E-005   2.4571715994281205E-006   2.1540530772118545E-005   2.1254177992772925       0.52323559506904227       0.51379310000000000        0.0000000000000000        0.0000000000000000        46.507249303169267        744.11598885070828        16.000000000000000        0.0000000000000000     
           1         394   1.1419679256300131E-005   1.9125883338715571E-006   2.1466179454088942E-005   2.1800933871118078       0.52336167836466285       0.51379310000000000        0.0000000000000000        0.0000000000000000        47.950611073115049        767.20977716984078        16.000000000000000        0.0000000000000000     
           1         395   8.0953958252739178E-006  -3.6544889621658074E-006   2.0511940571104506E-005   2.7369908175855358       0.47723987255914557       0.51379310000000000        1.0000000000000000        0.0000000000000000        46.581707408530605        745.30731853648967        16.000000000000000        0.0000000000000000     
           1         396   9.9984218684069053E-006  -7.9778221833868590E-007   2.1407176384152530E-005   2.5589235013949909       0.49099611381499536       0.51379310000000000        0.0000000000000000        0.0000000000000000        43.421301583771097        694.74082534033755        16.000000000000000        0.0000000000000000     
           1         397   1.1374449979344096E-005   1.8226402116055045E-006   2.1468206261241361E-005   2.1937704932295348       0.52217454367520877       0.51379310000000000        0.0000000000000000        0.0000000000000000        46.007187882338883        736.11500611742213        16.000000000000000        0.0000000000000000     
           1         398   1.0922611030335644E-005   1.0110131195342726E-006   2.1396568961710800E-005   2.2869865813307944       0.51969698205322667       0.51379310000000000        0.0000000000000000        1.0000000000000000        48.286968995367303        772.59150392587685        16.000000000000000        0.0000000000000000     
           1         399   1.1318501396785513E-005   1.7122866984949992E-006   2.1469749413010920E-005   2.2103440435432438       0.52066501890966632       0.51379310000000000        0.0000000000000000        0.0000000000000000        46.783794483670476        748.54071173872762        16.000000000000000        0.0000000000000000     
           1         400   1.1713641583724615E-005   2.4107534147613920E-006   2.1544353059198975E-005   2.1329543698782873       0.52250224670259726       0.51379310000000000        0.0000000000000000        0.0000000000000000        49.809490883392336        796.95185413427737        16.000000000000000        0.0000000000000000     
           1         401   1.1389411497551471E-005   1.8465003343433166E-006   2.1473764289684637E-005   2.1917825371593307       0.52230490933039231       0.51379310000000000        0.0000000000000000        0.0000000000000000        40.424783602620693        646.79653764193108        16.000000000000000        0.0000000000000000     
           1         402   1.0452054876548266E-005   1.8146018438293742E-007   2.1305378195758819E-005   2.3794842532293834       0.51802309054866780       0.51379310000000000        0.0000000000000000        0.0000000000000000        45.363402292792202        725.81443668467523        16.000000000000000        0.0000000000000000     
           1         403   1.1085068534948229E-005   1.2853099877604966E-006   2.1440841608532971E-005   2.2655217506833405       0.51776227276479281       0.51379310000000000        0.0000000000000000        0.0000000000000000        49.419209258186740        790.70734813098784        16.000000000000000        0.0000000000000000     
           1         404   7.8690527709837247E-006  -4.5545790366513312E-006   2.0997571308469726E-005   2.7455898469801490       0.48508832977919752       0.51379310000000000        0.0000000000000000        1.0000000000000000        50.856861106429093        813.70977770286549        16.000000000000000        0.0000000000000000     
           1         405   1.1390656269128888E-005   1.8548426987870544E-006   2.1467508768195026E-005   2.1888038800282130       0.52260864165106213       0.51379310000000000        0.0000000000000000        0.0000000000000000        49.516176054985742        792.25881687977187        16.000000000000000        0.0000000000000000     
           1         406   1.1374684872333665E-005   1.8236081716867615E-006   2.1467666494690702E-005   2.1928990249464397       0.52228276504115134       0.51379310000000000        0.0000000000000000        0.0000000000000000        42.289859559968747        676.63775295949995        16.000000000000000        0.0000000000000000     
           1         407   1.1188609741753834E-005   1.4383350460557842E-006   2.1492091370159757E-005   2.2603389089521335       0.51625256762269400       0.51379310000000000        0.0000000000000000        0.0000000000000000        42.928527977142330        686.85644763427729        16.000000000000000        0.0000000000000000     
           1         408   7.3734381807539538E-006  -5.3206396614483220E-006   2.0787747204723875E-005   2.8744403102413894       0.50304240683605517       0.51379310000000000        0.0000000000000000        1.0000000000000000        47.250133919279975        756.00214270847960        16.000000000000000        0.0000000000000000     
           1         409   1.0908508787755756E-005   9.9194365237714347E-007   2.1387715771979888E-005   2.2884376325077298       0.51955292069286141       0.51379310000000000        0.0000000000000000        0.0000000000000000        53.341728329494650        853.46765327191440        16.000000000000000        0.0000000000000000     
           1         410   1.0729669956491917E-005   6.6068909783363779E-007   2.1369940362384073E-005   2.3371146825237523       0.51636322131999013       0.51379310000000000        0.0000000000000000        0.0000000000000000        52.743146990435314        843.89035184696502        16.000000000000000        0.0000000000000000     
           1         411   1.1115394079114006E-005   1.3389753746684236E-006   2.1446503063900278E-005   2.2591701833800499       0.51817759670654895       0.51379310000000000        0.0000000000000000        0.0000000000000000        41.980349045764648        671.68558473223436        16.000000000000000        0.0000000000000000     
           2           1   1.1383280548311391E-005   1.8483211538987904E-006   2.1459230407578534E-005   2.1884238958669453       0.52253296207836764       0.51379310000000000        0.0000000000000000        0.0000000000000000        43.883902890251605        746.02634913427732        17.000000000000000        0.0000000000000000     
           2           2   9.9177386154928698E-006  -7.4045098128750628E-007   2.1180648033926983E-005   2.4749404234013062       0.51702088252153500       0.51379310000000000        0.0000000000000000        0.0000000000000000        42.941297364806879        730.00205520171698        17.000000000000000        0.0000000000000000     
           2           3   1.1291981318932141E-005   1.6671366440929704E-006   2.1462916331380771E-005   2.2166699538957970       0.52005700825211165       0.51379310000000000        0.0000000000000000        0.0000000000000000        47.772430459879118        812.13131781794505        17.000000000000000        0.0000000000000000     
           2           4   1.0445221322756638E-005   1.9158186601515998E-007   2.1280627407618161E-005   2.3692756881062440       0.51898212405982469       0.51379310000000000        0.0000000000000000        0.0000000000000000        51.748974732531217        879.73257045303069        17.000000000000000        0.0000000000000000     
           2           5   1.1395703188801043E-005   1.8751077614178417E-006   2.1456474104395201E-005   2.1841585646874884       0.52292585273363545       0.51379310000000000        0.0000000000000000        0.0000000000000000        52.475607012480815        892.08531921217389        17.000000000000000        0.0000000000000000     
           2           6   1.1380399561852891E-005   1.8449033697772219E-006   2.1456916675379696E-005   2.1884592089870156       0.52254445954396445       0.51379310000000000        0.0000000000000000        0.0000000000000000        42.327725410975276        719.57133198657971        17.000000000000000        0.0000000000000000     
           2           7   1.1335893198743134E-005   1.7568674453977849E-006   2.1458409635246364E-005   2.2009716488230531       0.52141404032573269       0.51379310000000000        0.0000000000000000        0.0000000000000000        45.324361878822280        770.51415193997877        17.000000000000000        0.0000000000000000     
           2           8   1.1583878030702767E-005   2.5485212341183440E-006   2.1131879052742474E-005   1.9354542320756087       0.51748890047178309       0.51379310000000000        0.0000000000000000        1.0000000000000000        49.871761176470592        847.81994000000009        17.000000000000000        0.0000000000000000     
           2           9   1.1409995612739352E-005   1.9033491727408206E-006   2.1456026109243544E-005   2.1800482569056765       0.52328362150921603       0.51379310000000000        0.0000000000000000        0.0000000000000000        49.389637293614889        839.62383399145313        17.000000000000000        0.0000000000000000     
           2          10   1.1343881135953196E-005   1.7704917952827089E-006   2.1460441363399697E-005   2.1994689315112663       0.52154112236922001       0.51379310000000000        0.0000000000000000        0.0000000000000000        52.516801875772813        892.78563188813780        17.000000000000000        0.0000000000000000     
           2          11   1.1376187490378548E-005   1.8334022571081980E-006   2.1460407207614800E-005   2.1905191136437319       0.52235330990109607       0.51379310000000000        0.0000000000000000        0.0000000000000000        43.208452583044426        734.54369391175521        17.000000000000000        0.0000000000000000     
           2          12   1.2007078406172998E-005   2.9242881286740712E-006   2.1605204169764724E-005   2.0766444200397109       0.52295849253929949       0.51379310000000000        1.0000000000000000        0.0000000000000000        44.174017838244168        750.95830325015083        17.000000000000000        0.0000000000000000     
           2          13   1.1759041691728002E-005   2.5100990342933038E-006   2.1532746918218057E-005   2.1171519380457524       0.52384628782370779       0.51379310000000000        0.0000000000000000        0.0000000000000000        49.618806129087034        843.51970419447957        17.000000000000000        0.0000000000000000     
           2          14   1.2016815222170046E-005   2.9468273844190244E-006   2.1601412166641039E-005   2.0745597289240449       0.52319108128656888       0.51379310000000000        0.0000000000000000        0.0000000000000000        48.490962772282650        824.34636712880501        17.000000000000000        0.0000000000000000     
           2          15   1.1001920152384316E-005   1.1843969599276945E-006   2.1376465794114410E-005   2.2573181181931257       0.52213034295835503       0.51379310000000000        0.0000000000000000        0.0000000000000000        53.247338007898662        905.20474613427723        17.000000000000000        0.0000000000000000     
           2          16   1.1688362498551459E-005   2.3735862529310338E-006   2.1531636551313241E-005   2.1336584392266413       0.52241734651821359       0.51379310000000000        0.0000000000000000        0.0000000000000000        42.489037895903209        722.31364423035450        17.000000000000000        0.0000000000000000     
           2          17   1.1387742896577831E-005   1.8533001976680537E-006   2.1463146744292181E-005   2.1886894195697488       0.52248218116434908       0.51379310000000000        0.0000000000000000        0.0000000000000000        44.887901917360878        763.09433259513492        17.000000000000000        0.0000000000000000     
           2          18   1.1363362378549929E-005   1.8114681719825264E-006   2.1457207890130117E-005   2.1930648708575369       0.52213571489365607       0.51379310000000000        0.0000000000000000        0.0000000000000000        46.142960637054131        784.43033082992019        17.000000000000000        0.0000000000000000     
           2          19   1.1389005411050116E-005   1.8611140182115358E-006   2.1457486247480412E-005   2.1863075289210245       0.52272955040415470       0.51379310000000000        0.0000000000000000        0.0000000000000000        50.449769453451218        857.64608070867075        17.000000000000000        0.0000000000000000     
           2          20   1.1437883238572289E-005   1.9384575948034809E-006   2.1476283248386144E-005   2.1803853165783211       0.52310393272628042       0.51379310000000000        0.0000000000000000        0.0000000000000000        50.479160247253191        858.14572420330421        17.000000000000000        0.0000000000000000     
           2          21   1.2091476311995859E-005   3.1037089683217971E-006   2.1589187771016769E-005   2.0512378903966257       0.52541416987597067       0.51379310000000000        0.0000000000000000        0.0000000000000000        43.836728670984265        745.22438740673249        17.000000000000000        0.0000000000000000     
           2          22   1.1379980476732455E-005   1.8393237468236581E-006   2.1461950924489820E-005   2.1907002593126594       0.52231054007178679       0.51379310000000000        0.0000000000000000        0.0000000000000000        43.333355154957488        736.66703763427734        17.000000000000000        0.0000000000000000     
           2          23   1.1328153413344410E-005   1.7314111070095368E-006   2.1469391597074480E-005   2.2086167967615897       0.52061127595412215       0.51379310000000000        0.0000000000000000        0.0000000000000000        47.888027061147270        814.09646003950354        17.000000000000000        0.0000000000000000     
           2          24   1.1323207066030246E-005   1.7284402517142070E-006   2.1462357673116367E-005   2.2072660885366515       0.52084381453122697       0.51379310000000000        0.0000000000000000        0.0000000000000000        48.817788415494995        829.90240306341491        17.000000000000000        0.0000000000000000     
           2          25   1.1405445918585914E-005   1.8944510484856799E-006   2.1456071564566751E-005   2.1812761641411509       0.52317770606477687       0.51379310000000000        0.0000000000000000        0.0000000000000000        52.012259024260807        832.19614438817291        16.000000000000000        0.0000000000000000     
           2          26   1.1415716063357621E-005   1.9148534359438381E-006   2.1455634587782455E-005   2.1782426087928739       0.52344459120545472       0.51379310000000000        0.0000000000000000        0.0000000000000000        42.913194280776004        686.61110849241607        16.000000000000000        0.0000000000000000     
           2          27   1.1210941788565002E-005   1.3457464389486930E-006   2.1635864390002784E-005   2.3057698151085275       0.50473319815866080       0.51379310000000000        0.0000000000000000        0.0000000000000000        46.399906400918972        742.39850241470356        16.000000000000000        0.0000000000000000     
           2          28   1.1297581190734816E-005   1.6762303325937869E-006   2.1464824155802004E-005   2.2159215315621457       0.52005994466163019       0.51379310000000000        0.0000000000000000        0.0000000000000000        44.222868203358040        707.56589125372864        16.000000000000000        0.0000000000000000     
           2          29   1.1356115139480342E-005   1.7896714228595571E-006   2.1465335665017939E-005   2.1989991316257598       0.52159176953522324       0.51379310000000000        0.0000000000000000        0.0000000000000000        49.643518633392347        794.29629813427755        16.000000000000000        0.0000000000000000     
           2          30   7.2121862657092544E-006  -2.3730960480251690E-006   1.6797468579443759E-005   2.0059172212237328       0.61546292217055032       0.50000000000000000        0.0000000000000000        1.0000000000000000        51.131026233642338        818.09641973827740        16.000000000000000        0.0000000000000000     
           2          31  -9.7386000487949866E-006  -3.1937496394863395E-005   1.2460296297273459E-005   11.500045167267293       0.50004516726729542       0.50000000000000000        0.0000000000000000        1.0000000000000000        51.997681870968748        831.96290993549997        16.000000000000000        3.6250000000000000     
           2          32   1.1723457715313921E-005   2.4379576586446235E-006   2.1535794519185540E-005   2.1278526087229728       0.52290238985588233       0.51379310000000000        0.0000000000000000        0.0000000000000000        44.310814403203381        708.97303045125409        16.000000000000000        0.0000000000000000     
           2          33   1.1677816881188471E-005   2.3418538683655734E-006   2.1543479786926002E-005   2.1420284440438428       0.52144092620885474       0.51379310000000000        0.0000000000000000        0.0000000000000000        45.499596312922591        727.99354100676146        16.000000000000000        0.0000000000000000     
           2          34   1.1415833933980700E-005   1.9083983641649057E-006   2.1462698333613323E-005   2.1810009879633019       0.52315267991494241       0.51379310000000000        0.0000000000000000        0.0000000000000000        44.288250366735774        708.61200586777238        16.000000000000000        0.0000000000000000     
           2          35   1.1312955639877259E-005   1.7077664084948878E-006   2.1463120006690181E-005   2.2105794639858654       0.52050739799723955       0.51379310000000000        0.0000000000000000        0.0000000000000000        48.959641622735525        783.35426596376840        16.000000000000000        0.0000000000000000     
           2          36   1.0961972193820880E-005   1.1060793807751216E-006   2.1377064455330601E-005   2.2692330020034102       0.52111003694820102       0.51379310000000000        0.0000000000000000        0.0000000000000000        41.388270026115414        662.21232041784663        16.000000000000000        0.0000000000000000     
           2          37   1.0970304355905851E-005   1.1230564832291378E-006   2.1376261184102002E-005   2.2665094343839636       0.52135182646321787       0.51379310000000000        0.0000000000000000        0.0000000000000000        43.952758005855031        703.24412809368050        16.000000000000000        0.0000000000000000     
           2          38   1.1322664812676170E-005   1.7289051787706067E-006   2.1460751094378887E-005   2.2067321245619413       0.52092945392646151       0.51379310000000000        0.0000000000000000        0.0000000000000000        47.594357565383241        761.50972104613186        16.000000000000000        0.0000000000000000     
           2          39   1.1398489520784931E-005   1.8807631691707832E-006   2.1456228576211092E-005   2.1832195491116391       0.52300844309429351       0.51379310000000000        0.0000000000000000        0.0000000000000000        47.113643728352606        753.81829965364170        16.000000000000000        0.0000000000000000     
           2          40   1.1343743413105589E-005   1.7706199560509452E-006   2.1460022671344976E-005   2.1987065845698548       0.52165263944099605       0.51379310000000000        0.0000000000000000        0.0000000000000000        48.648627272937325        778.37803636699721        16.000000000000000        0.0000000000000000     
           2          41   1.1359801069532406E-005   1.8035942990350421E-006   2.1458203829457704E-005   2.1949660133464119       0.52197665433563778       0.51379310000000000        0.0000000000000000        0.0000000000000000        41.714034885353264        667.42455816565223        16.000000000000000        0.0000000000000000     
           2          42   1.0990333293379796E-005   1.1615761588400120E-006   2.1376750263814410E-005   2.2606221908560791       0.52185526952199479       0.51379310000000000        0.0000000000000000        0.0000000000000000        43.947188883248053        703.15502213196885        16.000000000000000        0.0000000000000000     
           2          43   1.1358405293375658E-005   1.8002564145849610E-006   2.1458860352107608E-005   2.1946415074562906       0.52200292003385118       0.51379310000000000        0.0000000000000000        0.0000000000000000        46.412829695892341        742.60527513427746        16.000000000000000        0.0000000000000000     
           2          44   1.1410987165529099E-005   1.9009197875472218E-006   2.1460632695739199E-005   2.1815718816527614       0.52311805428010294       0.51379310000000000        0.0000000000000000        0.0000000000000000        48.052650799648305        768.84241279437288        16.000000000000000        0.0000000000000000     
           2          45   1.1037655081364355E-005   1.2076946016091320E-006   2.1425343671902320E-005   2.2719900179373118       0.51761438530009740       0.51379310000000000        0.0000000000000000        0.0000000000000000        46.672434840436168        746.75895744697868        16.000000000000000        0.0000000000000000     
           2          46   1.1307368663657811E-005   1.6883225780004006E-006   2.1472176089041481E-005   2.2122925882611968       0.52038427103338991       0.51379310000000000        0.0000000000000000        0.0000000000000000        40.354242161729104        645.66787458766566        16.000000000000000        0.0000000000000000     
           2          47  -1.2435547091998769E-005  -3.7366898403209913E-005   1.2495804219212385E-005   13.999999999910266       0.33341324249546883       0.50000000000000000        0.0000000000000000        1.0000000000000000        48.809835912946177        780.95737460713883        16.000000000000000        5.2500000000000000     
           2          48   1.1289721965191938E-005   1.6642226398505538E-006   2.1461348771424383E-005   2.2165492094500707       0.52013760885569882       0.51379310000000000        0.0000000000000000        0.0000000000000000        45.275486767274124        724.40778827638599        16.000000000000000        0.0000000000000000     
           2          49  -2.1665828650087824E-005  -6.3059985113630745E-005   1.9728327813455063E-005   21.500043783439118       0.50004378343910894       0.50000000000000000        0.0000000000000000        1.0000000000000000        56.089293241294250        897.42869186070800        16.000000000000000        3.6250000000000000     
           2          50   6.1213539867153948E-006  -8.1339669161122372E-006   2.0376674889543444E-005   3.1303828931049651       0.47249973975493265       0.50000000000000000        0.0000000000000000        1.0000000000000000        58.719506695892335        939.51210713427736        16.000000000000000        0.0000000000000000     
           2          51   1.1401533895481059E-005   1.8868581047096677E-006   2.1456049308642580E-005   2.1822831213400433       0.52309168951134966       0.51379310000000000        0.0000000000000000        0.0000000000000000        40.873868189593018        653.98189103348830        16.000000000000000        0.0000000000000000     
           2          52   1.0110209974227573E-005  -4.1620144853719406E-007   2.1233864444737378E-005   2.4616309847860371       0.51359252528593102       0.51379310000000000        0.0000000000000000        0.0000000000000000        43.997929177294040        703.96686683670464        16.000000000000000        0.0000000000000000     
           2          53   1.1404423516610677E-005   1.8918687299328296E-006   2.1456697585051839E-005   2.1816791419640267       0.52314185431010196       0.51379310000000000        0.0000000000000000        0.0000000000000000        43.151021535090202        690.41634456144322        16.000000000000000        0.0000000000000000     
           2          54   1.0994995700540251E-005   1.1626935000999626E-006   2.1385158875314227E-005   2.2629996550786289       0.52158025205446124       0.51379310000000000        0.0000000000000000        0.0000000000000000        48.737199550417067        779.79519280667307        16.000000000000000        0.0000000000000000     
           2          55   1.1274097139951755E-005   1.6250753152490055E-006   2.1470581055095270E-005   2.2246006757389916       0.51902744938501622       0.51379310000000000        0.0000000000000000        0.0000000000000000        53.138445484761874        850.21512775618999        16.000000000000000        0.0000000000000000     
           2          56   1.0798051842409501E-005   6.5141057831491919E-007   2.1520388916743839E-005   2.3848622182757899       0.50412901526926546       0.51379310000000000        0.0000000000000000        0.0000000000000000        42.425461180526348        678.80737888842157        16.000000000000000        0.0000000000000000     
           2          57   1.1404017306942556E-005   1.8916726228429772E-006   2.1456069352094813E-005   2.1816481994969861       0.52314579989583410       0.51379310000000000        0.0000000000000000        0.0000000000000000        42.869240303169249        685.90784485070799        16.000000000000000        0.0000000000000000     
           2          58   1.1180075683559989E-005   1.4436288811579489E-006   2.1468944857550295E-005   2.2448366649603799       0.51730609659737770       0.51379310000000000        0.0000000000000000        0.0000000000000000        45.838239445346218        733.41183112553949        16.000000000000000        0.0000000000000000     
           2          59   1.1366716789835695E-005   1.8173751753208398E-006   2.1457864881482477E-005   2.1927684572075186       0.52215833474630458       0.51379310000000000        0.0000000000000000        0.0000000000000000        46.689569207917671        747.03310732668274        16.000000000000000        0.0000000000000000     
           2          60   1.2061271949003637E-005   3.0357201559741073E-006   2.1598911655373997E-005   2.0622711196514603       0.52435151922924683       0.51379310000000000        0.0000000000000000        0.0000000000000000        50.772957210008258        812.36731536013212        16.000000000000000        0.0000000000000000     
           2          61  -1.4062113419819323E-005  -3.4012010251678215E-005   5.8877834120395574E-006   10.680352204868003       0.33306403109585686       0.50000000000000000        0.0000000000000000        1.0000000000000000        48.727964866406253        779.64743786250006        16.000000000000000        5.4375000000000000     
           2          62   1.1088675337926164E-005   1.2793554609121892E-006   2.1454552227996195E-005   2.2543844259635515       0.51694340706794417       0.51379310000000000        0.0000000000000000        0.0000000000000000        45.433180326736164        726.93088522777862        16.000000000000000        0.0000000000000000     
           2          63   1.0003679629437975E-005  -5.7980994216654870E-007   2.1187650724485285E-005   2.4499441597447635       0.51904400745496282       0.51379310000000000        0.0000000000000000        0.0000000000000000        45.639091842193906        730.22546947510250        16.000000000000000        0.0000000000000000     
           2          64   1.0531288984103082E-005   3.5050361016592728E-007   2.1289707422241147E-005   2.3491571818756367       0.52050593605764706       0.51379310000000000        0.0000000000000000        0.0000000000000000        49.569740383392343        793.11584613427749        16.000000000000000        0.0000000000000000     
           2          65   1.1964055289125914E-005   2.8423861392863542E-006   2.1603265817957760E-005   2.0857728820866144       0.52212853556839234       0.51379310000000000        0.0000000000000000        0.0000000000000000        49.269573122545324        788.31316996072519        16.000000000000000        0.0000000000000000     
           2          66   1.2081791196594706E-005   3.0806945985808250E-006   2.1593588179510469E-005   2.0551263677620448       0.52502771806788517       0.51379310000000000        0.0000000000000000        1.0000000000000000        42.896770073441246        686.34832117505994        16.000000000000000        0.0000000000000000     
           2          67   1.2092251372951672E-005   3.1023046839776281E-006   2.1592265828037956E-005   2.0521138344169159       0.52531357976988302       0.51379310000000000        0.0000000000000000        0.0000000000000000        47.077717806094014        753.24348489750423        16.000000000000000        0.0000000000000000     
           2          68   1.1407655839191465E-005   1.8987526578657924E-006   2.1456071119051270E-005   2.1806983089519347       0.52322739075002300       0.51379310000000000        0.0000000000000000        0.0000000000000000        46.754249300667752        748.06798881068403        16.000000000000000        0.0000000000000000     
           2          69   1.1607277958355359E-005   2.2079966088790201E-006   2.1539851729562084E-005   2.1619747220200174       0.52006332038175207       0.51379310000000000        0.0000000000000000        0.0000000000000000        47.617747287633463        761.88395660213541        16.000000000000000        0.0000000000000000     
           2          70   1.0924461307661488E-005   1.0320751543541382E-006   2.1378117453028736E-005   2.2795118700482844       0.52023496961384752       0.51379310000000000        0.0000000000000000        0.0000000000000000        51.584962441721842        825.35939906754948        16.000000000000000        0.0000000000000000     
           2          71   1.1391212670119974E-005   1.8662068138613515E-006   2.1456644251624277E-005   2.1854688247033818       0.52281092615473035       0.51379310000000000        0.0000000000000000        0.0000000000000000        41.619652070892329        665.91443313427726        16.000000000000000        0.0000000000000000     
           2          72   1.0506083187249622E-005   3.0147741672204600E-007   2.1289673533493490E-005   2.3566905720320022       0.51988037068950743       0.51379310000000000        0.0000000000000000        0.0000000000000000        44.880566504978589        718.08906407965742        16.000000000000000        0.0000000000000000     
           2          73   1.1357762469822256E-005   1.8028298490306252E-006   2.1454818787878937E-005   2.1929205297091681       0.52221200932409073       0.51379310000000000        0.0000000000000000        0.0000000000000000        46.522307926337135        744.35692682139415        16.000000000000000        0.0000000000000000     
           2          74   1.1773417217486070E-005   2.5369548154217264E-006   2.1533934089192482E-005   2.1138061837106963       0.52413716348265005       0.51379310000000000        0.0000000000000000        0.0000000000000000        47.812172312273638        764.99475699637821        16.000000000000000        0.0000000000000000     
           2          75   1.1255640105528168E-005   1.5807140083594797E-006   2.1479498038715207E-005   2.2354328584564302       0.51784732660039268       0.51379310000000000        0.0000000000000000        0.0000000000000000        49.326172472819160        789.21875956510655        16.000000000000000        0.0000000000000000     
           2          76   1.1394861167731861E-005   1.8736678521378423E-006   2.1456263894263364E-005   2.1841930535925345       0.52292393120177083       0.51379310000000000        0.0000000000000000        0.0000000000000000        44.662355489349537        714.59768782959259        16.000000000000000        0.0000000000000000     
           2          77   1.1389302948683260E-005   1.8610959153270438E-006   2.1458117334307770E-005   2.1860780655211491       0.52276271388201534       0.51379310000000000        0.0000000000000000        0.0000000000000000        43.945764880745365        703.13223809192584        16.000000000000000        0.0000000000000000     
           2          78   1.0484965321194809E-005   2.6622119967042072E-007   2.1283496194172860E-005   2.3595314160039793       0.51972920952415802       0.51379310000000000        0.0000000000000000        0.0000000000000000        48.191652195892345        771.06643513427753        16.000000000000000        0.0000000000000000     
           2          79   1.1360894142805298E-005   1.8017524081254051E-006   2.1462398389660934E-005   2.1964056017678066       0.52184860453165638       0.51379310000000000        0.0000000000000000        0.0000000000000000        47.762424224613369        764.19878759381390        16.000000000000000        0.0000000000000000     
           2          80   9.5115088122263667E-006  -2.5066018070147004E-006   2.1529619431467870E-005   2.6230939709961247       0.51386310576191963       0.50000000000000000        0.0000000000000000        1.0000000000000000        50.977797840030341        815.64476544048546        16.000000000000000        0.0000000000000000     
           2          81   1.1409154256678786E-005   1.9017492375242013E-006   2.1455986372280414E-005   2.1802355679467897       0.52326799144192393       0.51379310000000000        0.0000000000000000        0.0000000000000000        43.503531563260488        696.05650501216780        16.000000000000000        0.0000000000000000     
           2          82   1.1704857145383144E-005   2.4033351650225937E-006   2.1534124918028366E-005   2.1322452677806254       0.52250759954311288       0.51379310000000000        0.0000000000000000        0.0000000000000000        45.900705023195549        734.41128037112878        16.000000000000000        0.0000000000000000     
           2          83   1.1252288097746126E-005   1.5748375177662067E-006   2.1478813746775238E-005   2.2366584392660829       0.51784061336502607       0.51379310000000000        0.0000000000000000        0.0000000000000000        45.551607978226244        728.82572765161990        16.000000000000000        0.0000000000000000     
           2          84   1.1281227633334190E-005   1.6384832795010402E-006   2.1471077909139760E-005   2.2236420293307289       0.51915193528614512       0.51379310000000000        0.0000000000000000        0.0000000000000000        48.997494915159464        783.95991864255143        16.000000000000000        0.0000000000000000     
           2          85   1.0395972921998021E-005  -1.3308625579469359E-006   2.2122808401942517E-005   2.8201012686454385       0.48201406693045518       0.50000000000000000        0.0000000000000000        1.0000000000000000        47.063028722007751        753.00845955212401        16.000000000000000        0.0000000000000000     
           2          86   1.1186599190821266E-005   1.4643690881823903E-006   2.1460445043992606E-005   2.2467766763004691       0.51785395927923938       0.51379310000000000        0.0000000000000000        0.0000000000000000        42.384494314038243        678.15190902461188        16.000000000000000        0.0000000000000000     
           2          87   1.1300643324490274E-005   1.6930575320665859E-006   2.1453340227404277E-005   2.2067532299470956       0.52104552887974165       0.51379310000000000        0.0000000000000000        0.0000000000000000        44.189107817048360        707.02572507277375        16.000000000000000        0.0000000000000000     
           2          88   1.1314451645310761E-005   1.7127874154255109E-006   2.1460891010592965E-005   2.2062332975495917       0.52101391241885275       0.51379310000000000        0.0000000000000000        1.0000000000000000        47.135759328240646        754.17214925185033        16.000000000000000        0.0000000000000000     
           2          89   1.1374988467851995E-005   1.8330021048109181E-006   2.1458363988900469E-005   2.1907220411019206       0.52234282809492305       0.51379310000000000        0.0000000000000000        0.0000000000000000        48.488482817250656        775.81572507601049        16.000000000000000        0.0000000000000000     
           2          90   1.1334193853656738E-005   1.7519089899190337E-006   2.1460154314569099E-005   2.2031233330591005       0.52123753574411291       0.51379310000000000        0.0000000000000000        0.0000000000000000        50.610192770790910        809.76308433265456        16.000000000000000        0.0000000000000000     
           2          91   1.0930203837026024E-005   1.0203357994867053E-006   2.1402333746326534E-005   2.2922419998086081       0.51692886550521322       0.51379310000000000        0.0000000000000000        0.0000000000000000        39.638879489847596        634.22207183756154        16.000000000000000        0.0000000000000000     
           2          92   1.1779681899169084E-005   2.5521336135036699E-006   2.1530778889137099E-005   2.1109660272296553       0.52441367532041028       0.51379310000000000        0.0000000000000000        0.0000000000000000        44.773425557365414        716.37480891784662        16.000000000000000        0.0000000000000000     
           2          93   1.1412641357934333E-005   1.8997157454187395E-006   2.1465307291971859E-005   2.1829829530483935       0.52296135766121155       0.51379310000000000        0.0000000000000000        0.0000000000000000        44.987597415433100        719.80155864692961        16.000000000000000        0.0000000000000000     
           2          94   1.1394622112031919E-005   1.8738814224734416E-006   2.1455546531624367E-005   2.1837450906589932       0.52297899064525089       0.51379310000000000        0.0000000000000000        0.0000000000000000        47.821984654486002        765.15175447177603        16.000000000000000        0.0000000000000000     
           2          95   1.1447206590179973E-005   1.8879832697181661E-006   2.1548797051797021E-005   2.2102251105800423       0.51623338856388090       0.51379310000000000        0.0000000000000000        0.0000000000000000        51.454217122612128        823.26747396179405        16.000000000000000        0.0000000000000000     
           2          96   1.1394372740855482E-005   1.8725692468068608E-006   2.1456420265886391E-005   2.1844476177178871       0.52290010843781443       0.51379310000000000        1.0000000000000000        0.0000000000000000        41.410394320630253        662.56630913008405        16.000000000000000        0.0000000000000000     
           2          97   1.0959454510135611E-005   1.1026094476037322E-006   2.1375553049457109E-005   2.2690266674675716       0.52114391178143937       0.51379310000000000        0.0000000000000000        0.0000000000000000        42.166781074772118        674.66849719635388        16.000000000000000        0.0000000000000000     
           2          98   1.1255185293956575E-005   1.5845488099541453E-006   2.1474510231732168E-005   2.2338922001675754       0.51840248266129574       0.51379310000000000        0.0000000000000000        0.0000000000000000        44.073178513813183        705.17085622101092        16.000000000000000        0.0000000000000000     
           2          99   1.1377609385532115E-005   1.8406062477711868E-006   2.1455718945186486E-005   2.1883223165470920       0.52258193047645518       0.51379310000000000        0.0000000000000000        0.0000000000000000        47.169422088615420        754.71075341784672        16.000000000000000        0.0000000000000000     
           2         100   1.1404669818389740E-005   1.8839924973193277E-006   2.1465527274120570E-005   2.1852351708148943       0.52276324147908571       0.51379310000000000        0.0000000000000000        0.0000000000000000        48.874454627276492        781.99127403642387        16.000000000000000        0.0000000000000000     
           2         101   1.1922589653859082E-005   2.7594018014274394E-006   2.1605674555746209E-005   2.0955554963849061       0.52122414736324985       0.51379310000000000        0.0000000000000000        0.0000000000000000        42.866838668990049        685.86941870384078        16.000000000000000        0.0000000000000000     
           2         102   1.1128154393751606E-005   1.3522793091868012E-006   2.1458688914983918E-005   2.2631849742135839       0.51665988252730322       0.51379310000000000        0.0000000000000000        0.0000000000000000        42.549765371619301        680.79624594590882        16.000000000000000        0.0000000000000000     
           2         103   1.1408475517437078E-005   1.8937622366257314E-006   2.1463030547732622E-005   2.1831960394985326       0.52295949875136594       0.51379310000000000        0.0000000000000000        0.0000000000000000        44.276918597251104        708.43069755601766        16.000000000000000        0.0000000000000000     
           2         104   1.2099699773070733E-005   3.1105375994116599E-006   2.1598885201346213E-005   2.0526257780037063       0.52522244566804577       0.51379310000000000        0.0000000000000000        0.0000000000000000        45.447001730451163        727.15202768721861        16.000000000000000        0.0000000000000000     
           2         105   1.1768790830783505E-005   2.5317926546351954E-006   2.1529873875095875E-005   2.1135353334155980       0.52419018735835388       0.51379310000000000        0.0000000000000000        0.0000000000000000        49.384631360946145        790.15410177513832        16.000000000000000        0.0000000000000000     
           2         106   1.1351921906091990E-005   1.7876420941000213E-006   2.1458855752302262E-005   2.1972794993187303       0.52174148071061943       0.51379310000000000        0.0000000000000000        0.0000000000000000        43.638660883392326        698.21857413427722        16.000000000000000        0.0000000000000000     
           2         107   1.0490061565149615E-005  -3.9233238343456870E-007   2.1989896146404082E-005   2.6660031141675966       0.46318116256411229       0.51379310000000000        0.0000000000000000        0.0000000000000000        46.233806125839834        739.74089801343735        16.000000000000000        0.0000000000000000     
           2         108   1.0856071934160222E-005   8.9490651262895109E-007   2.1382409716576482E-005   2.3056311281825379       0.51804104049923960       0.51379310000000000        0.0000000000000000        0.0000000000000000        44.815567959931933        717.04908735891092        16.000000000000000        0.0000000000000000     
           2         109   1.1391074133340752E-005   1.8660857041455518E-006   2.1456487299012112E-005   2.1853561268959263       0.52282031638390158       0.51379310000000000        0.0000000000000000        0.0000000000000000        47.871755623361437        765.94808997378300        16.000000000000000        0.0000000000000000     
           2         110   1.0842910070905211E-005   8.5794877477940190E-007   2.1394393848112942E-005   2.3143592550311718       0.51675541088841892       0.51379310000000000        0.0000000000000000        0.0000000000000000        46.566543571026990        745.06469713643185        16.000000000000000        0.0000000000000000     
           2         111   1.1367516482096086E-005   1.8122182693859250E-006   2.1464959134869648E-005   2.1955831187453110       0.52187863663766021       0.51379310000000000        0.0000000000000000        0.0000000000000000        42.041691034170306        672.66705654672489        16.000000000000000        0.0000000000000000     
           2         112   1.0987419488108768E-005   1.1559398682516173E-006   2.1376713411073364E-005   2.2614476277121223       0.52178513008532390       0.51379310000000000        0.0000000000000000        0.0000000000000000        45.660135294620545        730.56216471392872        16.000000000000000        0.0000000000000000     
           2         113   1.1396756874959815E-005   1.8720574915891422E-006   2.1461864595047896E-005   2.1854549768823883       0.52279456608663666       0.51379310000000000        0.0000000000000000        0.0000000000000000        47.035828445892342        752.57325513427747        16.000000000000000        0.0000000000000000     
           2         114   1.1220059024114166E-005   1.5244072697265755E-006   2.1465818538031797E-005   2.2339285535892950       0.51832541881306538       0.51379310000000000        1.0000000000000000        0.0000000000000000        46.758821739513003        748.14114783220805        16.000000000000000        0.0000000000000000     
           2         115   1.1564474572518969E-005   2.1268423961586787E-006   2.1537575103490679E-005   2.1718830262838096       0.51948508577456409       0.51379310000000000        0.0000000000000000        0.0000000000000000        49.702422908698011        795.23876653916818        16.000000000000000        0.0000000000000000     
           2         116   1.0271344656208032E-005  -2.9196369240073317E-007   2.1433989494625098E-005   2.5125353861784934       0.49909374208501323       0.51379310000000000        0.0000000000000000        0.0000000000000000        41.047017847270851        656.75228555633362        16.000000000000000        0.0000000000000000     
           2         117   7.6568797294493213E-006  -1.6647118212411993E-006   2.1639267055484898E-005   2.5705826865051793       0.50198800858413750       0.59999999999999998        0.0000000000000000        1.0000000000000000        47.271822928405328        756.34916685448525        16.000000000000000        0.0000000000000000     
           2         118   7.8643350448365449E-006  -4.4924679981128662E-006   2.0922233115650732E-005   2.8227420520482216       0.48279371769721169       0.51379310000000000        0.0000000000000000        1.0000000000000000        50.503651071407262        808.05841714251619        16.000000000000000        0.0000000000000000     
           2         119   6.3095349968024653E-006  -7.7117665271049252E-006   2.0330836520710371E-005   3.2181969626099711       0.49554960533398823       0.50000000000000000        0.0000000000000000        1.0000000000000000        53.626402670713503        858.02244273141605        16.000000000000000        0.0000000000000000     
           2         120   1.1017767625726428E-005   1.2065010861712946E-006   2.1385701627247955E-005   2.2567104098412898       0.52210585312589619       0.51379310000000000        0.0000000000000000        0.0000000000000000        49.486513008392343        791.78420813427749        16.000000000000000        0.0000000000000000     
           2         121   9.8766880038247624E-006  -9.8654924034539769E-007   2.1356278975729704E-005   2.4931914871592031       0.49660474008685307       0.51379310000000000        0.0000000000000000        0.0000000000000000        43.515985133878196        696.25576214205114        16.000000000000000        0.0000000000000000     
           2         122   9.9117697428068534E-006  -7.6177629994840114E-007   2.1190906894706757E-005   2.4794477387042297       0.51660621781488225       0.51379310000000000        0.0000000000000000        0.0000000000000000        43.531746028084200        696.50793644934720        16.000000000000000        0.0000000000000000     
           2         123   1.0973040404262337E-005   1.1274813307950929E-006   2.1377212614879006E-005   2.2661605064217314       0.52137555918445289       0.51379310000000000        0.0000000000000000        0.0000000000000000        46.863459403604892        749.81535045767828        16.000000000000000        0.0000000000000000     
           2         124   1.1365333134944190E-005   1.8136850781384526E-006   2.1458918530822952E-005   2.1936709127807399       0.52207955819782281       0.51379310000000000        0.0000000000000000        0.0000000000000000        51.275661439837023        820.41058303739237        16.000000000000000        0.0000000000000000     
           2         125   1.0719957428168253E-005   6.5199782083029631E-007   2.1359148639417723E-005   2.3359132436121017       0.51645080670547927       0.51379310000000000        0.0000000000000000        0.0000000000000000        51.471140887468856        823.53825419950169        16.000000000000000        0.0000000000000000     
           2         126   1.1148698213035374E-005   1.4031893833398071E-006   2.1447143571763903E-005   2.2504522240925824       0.51830059323353483       0.51379310000000000        0.0000000000000000        0.0000000000000000        41.794367646661044        668.70988234657671        16.000000000000000        0.0000000000000000     
           2         127   6.8906465488196226E-006  -2.6589066851429335E-006   1.6440199782782008E-005   2.4457394237131562       0.50759634436136813       0.50000000000000000        0.0000000000000000        1.0000000000000000        50.349026026115411        805.58441641784657        16.000000000000000        0.0000000000000000     
           2         128   1.1741705309478205E-005   2.4741150125109222E-006   2.1535116197330081E-005   2.1215421434827046       0.52350073603960789       0.51379310000000000        0.0000000000000000        0.0000000000000000        45.444542936299193        727.11268698078709        16.000000000000000        0.0000000000000000     
           2         129   1.1720982293413013E-005   2.4359858342969758E-006   2.1532786926828065E-005   2.1261720102636903       0.52306856426433146       0.51379310000000000        0.0000000000000000        0.0000000000000000        48.847253414207145        781.55605462731432        16.000000000000000        0.0000000000000000     
           2         130   1.2084174414339901E-005   3.0812783243805437E-006   2.1597872988008875E-005   2.0559818753597408       0.52492140724685876       0.51379310000000000        0.0000000000000000        0.0000000000000000        51.915027979101403        830.64044766562245        16.000000000000000        0.0000000000000000     
           2         131   1.1756093966956146E-005   2.5089509167608840E-006   2.1527897480858330E-005   2.1160979456281370       0.52397520426644006       0.51379310000000000        0.0000000000000000        0.0000000000000000        42.403662638303835        678.45860221286136        16.000000000000000        0.0000000000000000     
           2         132   1.3957428139430500E-005   6.7730498862538025E-006   2.4733995519196198E-005   2.4192032338831209       0.42482375191524874       0.59999999999999998        0.0000000000000000        1.0000000000000000        49.922232083115411        798.75571332984657        16.000000000000000        0.0000000000000000     
           2         133  -3.2936258543136171E-005  -6.7801333416737169E-005   1.9361353767265139E-005   16.680820949504138       0.43737728736826892       0.59999999999999998        0.0000000000000000        1.0000000000000000        56.014173320499992        896.22677312799988        16.000000000000000        12.625000000000000     
           2         134   1.1778087762121815E-005   2.5463313874344404E-006   2.1533631597874673E-005   2.1125050298992969       0.52425501973921951       0.51379310000000000        0.0000000000000000        0.0000000000000000        47.817438695892335        765.07901913427736        16.000000000000000        0.0000000000000000     
           2         135   1.1384371418479587E-005   1.8517706914475537E-006   2.1457828785300860E-005   2.1871839841062273       0.52267653044749995       0.51379310000000000        0.0000000000000000        0.0000000000000000        52.291232002095221        836.65971203352353        16.000000000000000        0.0000000000000000     
           2         136  -3.9601022514736294E-005  -7.8618360105374825E-005   1.8924983871221416E-005   17.197125727402256       0.69458556460011855       0.59999999999999998        0.0000000000000000        1.0000000000000000        50.186871875748082        802.98995001196931        16.000000000000000        5.3750000000000000     
           2         137   1.1744066231349997E-005   2.4799521478668600E-006   2.1533803673797673E-005   2.1213209009540592       0.52345949836550487       0.51379310000000000        0.0000000000000000        0.0000000000000000        44.338967578283963        709.42348125254341        16.000000000000000        0.0000000000000000     
           2         138   1.1415864756536679E-005   1.9148902706793964E-006   2.1455901485981859E-005   2.1784032170202643       0.52342554249506434       0.51379310000000000        0.0000000000000000        0.0000000000000000        46.262440628829445        740.19905006127112        16.000000000000000        0.0000000000000000     
           2         139   1.0941114250289970E-005   1.0498204736670291E-006   2.1393616040169601E-005   2.2832111079813751       0.51985024488595089       0.51379310000000000        0.0000000000000000        0.0000000000000000        51.234214633650375        819.74743413840599        16.000000000000000        0.0000000000000000     
           2         140   1.1316813370130793E-005   1.7237930704923048E-006   2.1454118369533323E-005   2.2030831368438442       0.52134573527680150       0.51379310000000000        1.0000000000000000        0.0000000000000000        49.831051893694557        797.29683029911291        16.000000000000000        0.0000000000000000     
           2         141  -2.6358116488941639E-005  -5.0133123765323019E-005   9.3043944256305582E-006   9.2996121502796676       0.59499886045269290       0.59999999999999998        0.0000000000000000        1.0000000000000000        47.971277437499992        767.54043899999988        16.000000000000000        9.0000000000000000     
           2         142  -2.2681741683475366E-005  -6.4839813098912616E-005   1.9476329731961876E-005   20.422147311603485       0.49006070846943894       0.50000000000000000        0.0000000000000000        1.0000000000000000        50.678529034289909        810.85646454863854        16.000000000000000        18.062500000000000     
           2         143   1.0872897230084397E-005   9.2330421773167644E-007   2.1387006012898950E-005   2.2993390474236803       0.51831346025438418       0.51379310000000000        0.0000000000000000        0.0000000000000000        46.986280336651042        751.78048538641667        16.000000000000000        0.0000000000000000     
           2         144   1.2067305206470441E-005   3.0527177735673274E-006   2.1593358461520220E-005   2.0585794270149322       0.52470824329543242       0.51379310000000000        0.0000000000000000        0.0000000000000000        48.161374004808820        770.58198407694113        16.000000000000000        0.0000000000000000     
           2         145   1.0940442062492066E-005   1.0645188977561992E-006   2.1376701149254582E-005   2.2744561506018943       0.52068584841770860       0.51379310000000000        0.0000000000000000        0.0000000000000000        51.530091067603713        824.48145708165941        16.000000000000000        0.0000000000000000     
           2         146   9.6968136495902557E-006  -1.6367367203161383E-006   2.1673402173036299E-005   2.7836544782281583       0.46424223792038510       0.51379310000000000        0.0000000000000000        0.0000000000000000        42.912865062634758        686.60584100215613        16.000000000000000        0.0000000000000000     
           2         147   1.1408351191493285E-005   1.9000789191718822E-006   2.1456099766102331E-005   2.1805430157242296       0.52324070850008586       0.51379310000000000        0.0000000000000000        0.0000000000000000        46.398569388416327        742.37711021466123        16.000000000000000        0.0000000000000000     
           2         148   1.0470891784616840E-005  -1.6426002516136203E-007   2.1709456307902476E-005   2.5569870361443674       0.48199237718725885       0.51379310000000000        0.0000000000000000        0.0000000000000000        44.225451338615429        707.60722141784686        16.000000000000000        0.0000000000000000     
           2         149   1.0905260509481784E-005   5.6095841040423379E-007   2.1836473215063718E-005   2.4698864604573370       0.48361973327611979       0.51379310000000000        0.0000000000000000        0.0000000000000000        49.643359714778995        794.29375543646393        16.000000000000000        0.0000000000000000     
           2         150  -2.0051956473161590E-005  -5.0288709090176852E-005   1.0184796143853737E-005   10.565327455150864       0.43775970776634837       0.50000000000000000        0.0000000000000000        1.0000000000000000        60.786183784687509        972.57894055500014        16.000000000000000        12.625000000000000     
           2         151  -3.1703092376852706E-005  -6.5796005455122334E-005   1.9436277240551325E-005   22.452714294850690       0.45011864314581090       0.59999999999999998        0.0000000000000000        1.0000000000000000        46.263189001767330        740.21102402827728        16.000000000000000        16.250000000000000     
           2         152   1.0998166727836539E-005   1.1771019970790299E-006   2.1376454846159258E-005   2.2584210922352690       0.52203664158294583       0.51379310000000000        0.0000000000000000        0.0000000000000000        45.521850641419711        728.34961026271537        16.000000000000000        0.0000000000000000     
           2         153   1.1356284647757126E-005   1.7972429182776957E-006   2.1457683215359939E-005   2.1957601044353394       0.52194465178854299       0.51379310000000000        0.0000000000000000        0.0000000000000000        46.464725182210003        743.43560291536005        16.000000000000000        0.0000000000000000     
           2         154   1.0554492933902134E-005   6.7099591358196559E-008   2.1636915532974496E-005   2.5037296272011083       0.48916972902270811       0.51379310000000000        0.0000000000000000        0.0000000000000000        46.172170518252130        738.75472829203409        16.000000000000000        0.0000000000000000     
           2         155   1.1346071827429918E-005   1.7759515599848039E-006   2.1459177502367028E-005   2.1992855413300965       0.52158651923751242       0.51379310000000000        0.0000000000000000        0.0000000000000000        49.587801695892338        793.40482713427741        16.000000000000000        0.0000000000000000     
           2         156   1.0866725231919006E-005   9.1896972835904858E-007   2.1378892250149298E-005   2.2950310916606376       0.51890672721090958       0.51379310000000000        0.0000000000000000        0.0000000000000000        43.094541540861229        689.51266465377967        16.000000000000000        0.0000000000000000     
           2         157   1.1354144442587191E-005   1.7911125121155230E-006   2.1459759605506895E-005   2.1970870662358446       0.52175556312280280       0.51379310000000000        0.0000000000000000        0.0000000000000000        45.091846690867527        721.46954705388043        16.000000000000000        0.0000000000000000     
           2         158   1.1744771621242473E-005   2.4858510587488694E-006   2.1529020874919181E-005   2.1195063268270613       0.52366069466360621       0.51379310000000000        0.0000000000000000        1.0000000000000000        48.362401249190363        773.79841998704580        16.000000000000000        0.0000000000000000     
           2         159   1.0204439713076659E-005  -4.1560385614940883E-007   2.1427038790892566E-005   2.5187408556911248       0.49741902456199871       0.51379310000000000        0.0000000000000000        0.0000000000000000        48.561595987269577        776.98553579631323        16.000000000000000        0.0000000000000000     
           2         160   1.0888683879118902E-005   9.6733353354022790E-007   2.1372947574761435E-005   2.2872997394483270       0.51959589929385219       0.51379310000000000        0.0000000000000000        0.0000000000000000        49.890182343119434        798.24291748991095        16.000000000000000        0.0000000000000000     
           2         161   1.1357836656849383E-005   1.7841444886782326E-006   2.1474716893493480E-005   2.2003137121191307       0.52142239185455785       0.51379310000000000        0.0000000000000000        1.0000000000000000        41.943717630730895        671.09948209169431        16.000000000000000        0.0000000000000000     
           2         162   1.1213393694919380E-005   1.5231080092309183E-006   2.1453482682417327E-005   2.2277880666059704       0.51923184516301735       0.51379310000000000        0.0000000000000000        1.0000000000000000        45.434722383392334        726.95555813427734        16.000000000000000        0.0000000000000000     
           2         163   1.1410378181727422E-005   1.9040565989118884E-006   2.1456065389440383E-005   2.1799842170554569       0.52328905137512260       0.51379310000000000        0.0000000000000000        0.0000000000000000        48.144919872058537        770.31871795293659        16.000000000000000        0.0000000000000000     
           2         164   1.1407851030232280E-005   1.8986635872017923E-006   2.1456566700116456E-005   2.1806837027506853       0.52322983920717836       0.51379310000000000        0.0000000000000000        0.0000000000000000        50.342893985734825        805.48630377175721        16.000000000000000        0.0000000000000000     
           2         165   1.0668335122272543E-005   2.9784493985745457E-007   2.1627221759510252E-005   2.4765846429627167       0.49214213984473026       0.51379310000000000        0.0000000000000000        0.0000000000000000        48.757268668607054        780.11629869771286        16.000000000000000        0.0000000000000000     
           2         166   1.1389066184719703E-005   1.8619996674659595E-006   2.1456675344125118E-005   2.1860379240329619       0.52275982363789386       0.51379310000000000        0.0000000000000000        0.0000000000000000        42.060259946470993        672.96415914353588        16.000000000000000        0.0000000000000000     
           2         167   1.1339461501279255E-005   1.7649023989732415E-006   2.1457257859798680E-005   2.1992659590704253       0.52159124584019156       0.51379310000000000        0.0000000000000000        0.0000000000000000        42.269405575675833        676.31048921081333        16.000000000000000        0.0000000000000000     
           2         168   1.1358688348347145E-005   1.7945006264555867E-006   2.1465524879487938E-005   2.1983410866427633       0.52163241223635359       0.51379310000000000        0.0000000000000000        0.0000000000000000        47.369648883558142        757.91438213693027        16.000000000000000        0.0000000000000000     
           2         169   1.0456309207647171E-005   2.0969509735513125E-007   2.1284291344944269E-005   2.3704198361765290       0.51876931093664980       0.51379310000000000        0.0000000000000000        0.0000000000000000        51.621378615669265        825.94205785070824        16.000000000000000        0.0000000000000000     
           2         170   1.1250169329119783E-005   1.5830039969617687E-006   2.1465826170316199E-005   2.2314510826395106       0.51890761696982735       0.51379310000000000        1.0000000000000000        0.0000000000000000        53.022957660270563        848.36732256432902        16.000000000000000        0.0000000000000000     
           2         171   1.0693211205576722E-005   3.7601869345728611E-007   2.1595776192002964E-005   2.4609771295512219       0.49529830264703895       0.51379310000000000        0.0000000000000000        0.0000000000000000        41.168144416308039        658.69031066092862        16.000000000000000        0.0000000000000000     
           2         172   1.0744801333129364E-005   4.4529220894289791E-007   2.1628679619089813E-005   2.4725342166353332       0.49313025216713824       0.51379310000000000        0.0000000000000000        0.0000000000000000        44.341793429869135        709.46869487790616        16.000000000000000        0.0000000000000000     
           2         173   1.0885999264300286E-005   9.5696420480574101E-007   2.1378383685883803E-005   2.2932477859096307       0.51914249411574176       0.51379310000000000        0.0000000000000000        0.0000000000000000        44.808126454210118        716.93002326736189        16.000000000000000        0.0000000000000000     
           2         174   1.0735931910467892E-005   4.8603775200390051E-007   2.1567380197913122E-005   2.4256928632025576       0.49862891351567601       0.51379310000000000        0.0000000000000000        0.0000000000000000        49.251572961018681        788.02516737629890        16.000000000000000        0.0000000000000000     
           2         175   1.0875337601903639E-005   9.4072874415247390E-007   2.1373612065535062E-005   2.2907146489248600       0.51932222414591089       0.51379310000000000        0.0000000000000000        1.0000000000000000        55.621831582838546        889.94930532541673        16.000000000000000        0.0000000000000000     
           2         176  -9.4492552218293498E-006  -3.9250010984075166E-005   2.0351500540416487E-005   17.499995606369911       0.49999560636991797       0.50000000000000000        0.0000000000000000        1.0000000000000000        56.460499472946161        903.36799156713857        16.000000000000000        3.6250000000000000     
           2         177   1.0822006963871720E-005   6.3763177810463199E-007   2.1584218891054413E-005   2.3670855896693497       0.50018237884053462       0.51379310000000000        0.0000000000000000        0.0000000000000000        44.013787143848646        704.22059430157833        16.000000000000000        0.0000000000000000     
           2         178   1.1314244465581991E-005   1.7175698460765053E-006   2.1455411122096260E-005   2.2038887254015029       0.52130006909795690       0.51379310000000000        0.0000000000000000        0.0000000000000000        47.551475134849895        760.82360215759832        16.000000000000000        0.0000000000000000     
           2         179   1.1228731860037200E-005   1.5546408579156515E-006   2.1451707316909912E-005   2.2239863501328507       0.51953691137706759       0.51379310000000000        0.0000000000000000        0.0000000000000000        47.356496666212117        757.70394665939386        16.000000000000000        0.0000000000000000     
           2         180   1.1293187649093702E-005   1.6751588201179152E-006   2.1456920101119362E-005   2.2106850262937927       0.52060791922913874       0.51379310000000000        0.0000000000000000        1.0000000000000000        50.830069319961176        813.28110911937881        16.000000000000000        0.0000000000000000     
           2         181   1.1168645060925694E-005   1.4403569139552339E-006   2.1448892677167370E-005   2.2359996189458533       0.51859813077651606       0.51379310000000000        0.0000000000000000        1.0000000000000000        44.977768791985262        719.64430067176420        16.000000000000000        0.0000000000000000     
           2         182   1.2062697416189694E-005   3.0436356270085543E-006   2.1593478891638006E-005   2.0599152621673169       0.52458400775518077       0.51379310000000000        1.0000000000000000        0.0000000000000000        45.431656766545380        726.90650826472609        16.000000000000000        0.0000000000000000     
           2         183   1.0538791995506634E-005   3.5941338914613804E-007   2.1295723849488434E-005   2.3494941882199920       0.52042842948566070       0.51379310000000000        0.0000000000000000        0.0000000000000000        45.641772195892344        730.26835513427750        16.000000000000000        0.0000000000000000     
           2         184   1.1360369910461796E-005   1.8046067651428139E-006   2.1458303874992796E-005   2.1947566230016298       0.52197906016380080       0.51379310000000000        0.0000000000000000        0.0000000000000000        49.569608624160097        793.11373798656155        16.000000000000000        0.0000000000000000     
           2         185   1.1141442016213696E-005   1.3864360157787844E-006   2.1449923392109626E-005   2.2542246723857393       0.51788508939872746       0.51379310000000000        0.0000000000000000        0.0000000000000000        49.269292667112893        788.30868267380629        16.000000000000000        0.0000000000000000     
           2         186   1.1123408100857685E-005   1.3556293160654598E-006   2.1445386957909721E-005   2.2576428467215575       0.51765633017711921       0.51379310000000000        0.0000000000000000        0.0000000000000000        42.896478591000331        686.34365745600530        16.000000000000000        0.0000000000000000     
           2         187   1.1396170746371949E-005   1.8762821581149026E-006   2.1456194718502525E-005   2.1837977307559568       0.52295910805254953       0.51379310000000000        0.0000000000000000        0.0000000000000000        45.816248745705948        733.05997993129517        16.000000000000000        0.0000000000000000     
           2         188   1.0778104901466583E-005   5.7411576311680165E-007   2.1561043629319208E-005   2.4151554350268278       0.50024861185729741       0.51379310000000000        0.0000000000000000        0.0000000000000000        46.315564869107661        741.04903790572257        16.000000000000000        0.0000000000000000     
           2         189   1.1365313727264498E-005   1.8121192084428114E-006   2.1460533327662027E-005   2.1943864454045365       0.52202450532930267       0.51379310000000000        0.0000000000000000        0.0000000000000000        47.409405471432443        758.55048754291909        16.000000000000000        0.0000000000000000     
           2         190   1.1382040887789152E-005   1.8495852856550658E-006   2.1455344895677373E-005   2.1869148362845618       0.52271354594884345       0.51379310000000000        0.0000000000000000        0.0000000000000000        52.990332695892327        847.84532313427724        16.000000000000000        0.0000000000000000     
           2         191   1.1349583379274273E-005   1.7870375034892892E-006   2.1454684909942890E-005   2.1949633529599701       0.52203892642239735       0.51379310000000000        0.0000000000000000        0.0000000000000000        42.014003164415797        672.22405063065275        16.000000000000000        0.0000000000000000     
           2         192   1.1159014341713968E-005   1.4219295560696314E-006   2.1448557696567697E-005   2.2484710849578700       0.51826179851524079       0.51379310000000000        0.0000000000000000        0.0000000000000000        46.141340770750972        738.26145233201555        16.000000000000000        0.0000000000000000     
           2         193   1.1187551004157118E-005   1.4674358341664613E-006   2.1459161928532482E-005   2.2449470351889684       0.51836413773174017       0.51379310000000000        0.0000000000000000        0.0000000000000000        45.829983112385392        733.27972979816627        16.000000000000000        0.0000000000000000     
           2         194   9.5722937050459805E-006  -2.4327915410634499E-006   2.2258518364471243E-005   2.9883383067152081       0.42752061833692268       0.51379310000000000        0.0000000000000000        0.0000000000000000        48.248648394479780        771.97837431167648        16.000000000000000        0.0000000000000000     
           2         195   1.1296688524079205E-005   1.6830391506423385E-006   2.1455793040883356E-005   2.2093077221254642       0.52074411194770365       0.51379310000000000        0.0000000000000000        1.0000000000000000        50.168991689808486        802.70386703693578        16.000000000000000        0.0000000000000000     
           2         196   1.1298970252114521E-005   1.6779676705640472E-006   2.1465845180221601E-005   2.2158277543729774       0.51995853202882514       0.51379310000000000        0.0000000000000000        0.0000000000000000        44.941027446408398        719.05643914253437        16.000000000000000        0.0000000000000000     
           2         197   1.1056682772099169E-005   1.0638729319994318E-006   2.1616460400626265E-005   2.3293626405820795       0.50295577566485150       0.51379310000000000        0.0000000000000000        0.0000000000000000        44.019422477142328        704.31075963427725        16.000000000000000        0.0000000000000000     
           2         198   1.2062524227357650E-005   3.0438435319475258E-006   2.1592902986698285E-005   2.0595797742988577       0.52461791820259907       0.51379310000000000        0.0000000000000000        0.0000000000000000        48.752344071827459        780.03750514923934        16.000000000000000        0.0000000000000000     
           2         199   1.1412499543476510E-005   1.9082902801066850E-006   2.1455954583862541E-005   2.1793316631741266       0.52334568578325358       0.51379310000000000        0.0000000000000000        0.0000000000000000        46.041252146420952        736.66003434273523        16.000000000000000        0.0000000000000000     
           2         200   1.1321801370299515E-005   1.7340926519797740E-006   2.1453493422145237E-005   2.2014125411453929       0.52151341483764113       0.51379310000000000        0.0000000000000000        0.0000000000000000        50.965222992990185        815.44356788784296        16.000000000000000        0.0000000000000000     
           2         201   1.1285055159808407E-005   1.6478214156519172E-006   2.1469082167312844E-005   2.2216744725680866       0.51941279578674104       0.51379310000000000        1.0000000000000000        0.0000000000000000        42.308451221767058        676.93521954827293        16.000000000000000        0.0000000000000000     
           2         202   1.1330430739787617E-005   1.7473597824372960E-006   2.1457221895357579E-005   2.2015682491093220       0.52138973214888806       0.51379310000000000        0.0000000000000000        0.0000000000000000        45.484284983174156        727.74855973078650        16.000000000000000        0.0000000000000000     
           2         203   1.1267235304859782E-005   1.6275735570249237E-006   2.1453828075080798E-005   2.2149129536172021       0.52036386608847141       0.51379310000000000        0.0000000000000000        0.0000000000000000        46.680538536654105        746.88861658646567        16.000000000000000        0.0000000000000000     
           2         204   1.1416466169237159E-005   1.9162063587745078E-006   2.1455747674339372E-005   2.1781254589396650       0.52345183844704557       0.51379310000000000        0.0000000000000000        0.0000000000000000        50.338986869865437        805.42378991784699        16.000000000000000        0.0000000000000000     
           2         205   1.1370487508075383E-005   1.8259201803972264E-006   2.1456590431432749E-005   2.1907779158846163       0.52234800518783131       0.51379310000000000        0.0000000000000000        0.0000000000000000        47.748573114049741        763.97716982479585        16.000000000000000        0.0000000000000000     
           2         206   1.1755850918659822E-005   2.4903481920836441E-006   2.1547055792440802E-005   2.1223992526102857       0.52332381157589403       0.51379310000000000        0.0000000000000000        0.0000000000000000        43.578876940052311        697.26203104083697        16.000000000000000        0.0000000000000000     
           2         207   1.1710889425314787E-005   2.4181473646140625E-006   2.1530879126957838E-005   2.1283207525286527       0.52286124346802509       0.51379310000000000        0.0000000000000000        0.0000000000000000        43.531382215002509        696.50211544004014        16.000000000000000        0.0000000000000000     
           2         208   1.2007472761454322E-005   2.9012952160108103E-006   2.1630312729837799E-005   2.0873624836958680       0.52157689001285501       0.51379310000000000        0.0000000000000000        0.0000000000000000        46.990854881287682        751.85367810060291        16.000000000000000        0.0000000000000000     
           2         209   1.1252153810022353E-005   1.5739468643013680E-006   2.1479478739149284E-005   2.2370561249451448       0.51773361958398956       0.51379310000000000        0.0000000000000000        0.0000000000000000        49.366753846521149        789.86806154433839        16.000000000000000        0.0000000000000000     
           2         210   1.1376054499489693E-005   1.8320688041038807E-006   2.1461542790149216E-005   2.1913508403467716       0.52225476237889012       0.51379310000000000        0.0000000000000000        0.0000000000000000        48.387328636162444        774.19725817859910        16.000000000000000        0.0000000000000000     
           2         211   1.1349716347523079E-005   1.7760232232897114E-006   2.1466597594474655E-005   2.2010588811016500       0.52133405969438740       0.51379310000000000        0.0000000000000000        0.0000000000000000        39.294394151115412        628.71030641784660        16.000000000000000        0.0000000000000000     
           2         212   1.1087772367928209E-005   1.1076780142716262E-006   2.1634113064158330E-005   2.3327114532782312       0.50209266085291349       0.51379310000000000        0.0000000000000000        0.0000000000000000        43.512196877519699        696.19515004031518        16.000000000000000        0.0000000000000000     
           2         213   1.1271394614261690E-005   1.6200654890296278E-006   2.1470316740569109E-005   2.2264542444759781       0.51896225406782770       0.51379310000000000        0.0000000000000000        1.0000000000000000        44.987291842920413        719.79666948672661        16.000000000000000        0.0000000000000000     
           2         214   1.1749539055899861E-005   2.4952291055223647E-006   2.1528916102514182E-005   2.1180001327826168       0.52379961889674753       0.51379310000000000        0.0000000000000000        0.0000000000000000        47.361662703513836        757.78660325622138        16.000000000000000        0.0000000000000000     
           2         215   1.1408282048849291E-005   1.9002935781404271E-006   2.1455730719630570E-005   2.1802740428749976       0.52326982856103543       0.51379310000000000        0.0000000000000000        0.0000000000000000        49.993639244876313        799.89822791802101        16.000000000000000        0.0000000000000000     
           2         216   1.1377516334112015E-005   1.8390227387667353E-006   2.1457200916298272E-005   2.1894459632224006       0.52245636797036010       0.51379310000000000        0.0000000000000000        0.0000000000000000        41.015547790558223        656.24876464893157        16.000000000000000        0.0000000000000000     
           2         217   1.0886042693746227E-005   9.5456578961420712E-007   2.1381007504308031E-005   2.2911278721712471       0.51920210981978443       0.51379310000000000        0.0000000000000000        1.0000000000000000        43.239310648068560        691.82897036909696        16.000000000000000        0.0000000000000000     
           2         218   1.1356713738411997E-005   1.7999663238746990E-006   2.1455687817208703E-005   2.1937523754087662       0.52211381016469949       0.51379310000000000        0.0000000000000000        0.0000000000000000        45.351495088615430        725.62392141784687        16.000000000000000        0.0000000000000000     
           2         219  -1.7791895892544974E-005  -3.5293139544968655E-005   8.4599695860905418E-006   11.006314142381925       0.40300845686432490       0.59999999999999998        0.0000000000000000        1.0000000000000000        58.511741033637499        936.18785653819998        16.000000000000000        9.0000000000000000     
           2         220   1.1414975952985747E-005   1.9043542423041587E-006   2.1465207267388113E-005   2.1822864572954375       0.52302217771085768       0.51379310000000000        0.0000000000000000        0.0000000000000000        50.334590500369373        805.35344800590997        16.000000000000000        0.0000000000000000     
           2         221  -2.6665923955159642E-005  -5.4965155955895394E-005   1.5782924045943809E-005   17.201344917544482       0.50051566958189908       0.59999999999999998        0.0000000000000000        1.0000000000000000        49.203876418874991        787.26202270199985        16.000000000000000        21.000000000000000     
           2         222   1.1409130149745860E-005   1.8977437646978698E-006   2.1460169524282854E-005   2.1817128035491256       0.52311512087103096       0.51379310000000000        0.0000000000000000        0.0000000000000000        41.288319801071999        660.61311681715199        16.000000000000000        0.0000000000000000     
           2         223   1.2064961948775010E-005   3.0485984815590056E-006   2.1592892006015604E-005   2.0588236790416734       0.52469773211859938       0.51379310000000000        0.0000000000000000        0.0000000000000000        43.838276082084242        701.41241731334787        16.000000000000000        0.0000000000000000     
           2         224  -1.2328519275490440E-005  -5.3379477906757982E-005   1.5038786478687923E-005   16.489422356413211       0.53910054738041902       0.40000000000000002        0.0000000000000000        1.0000000000000000        55.452328193499994        887.23725109599991        16.000000000000000        22.750000000000000     
           2         225   8.6834784100466954E-006  -3.9756737995358206E-006   2.2060880205729720E-005   3.2186880260376616       0.41594046807035839       0.51379310000000000        0.0000000000000000        0.0000000000000000        48.905314526115419        782.48503241784670        16.000000000000000        0.0000000000000000     
           2         226  -1.7148719321624596E-005  -5.0407584093156742E-005   1.6110145449907408E-005   20.527696108086239       0.50032265910159623       0.50000000000000000        0.0000000000000000        1.0000000000000000        50.540332130312507        808.64531408500011        16.000000000000000        35.000000000000000     
           2         227   9.1071820065893782E-006  -3.1771912991840151E-006   2.2088540852650134E-005   3.1401198865758495       0.42322815247178336       0.51379310000000000        0.0000000000000000        0.0000000000000000        44.972385861577649        719.55817378524239        16.000000000000000        0.0000000000000000     
           2         228   1.1999118197624275E-005   2.9051924484813899E-006   2.1609011232506932E-005   2.0822413184383075       0.52230377126325445       0.51379310000000000        0.0000000000000000        1.0000000000000000        44.376916453919428        710.03066326271085        16.000000000000000        0.0000000000000000     
           2         229   1.1602613341840123E-005   2.1903753384697890E-006   2.1548878896051011E-005   2.1675781301367048       0.51923790489626787       0.51379310000000000        0.0000000000000000        1.0000000000000000        47.871412342423582        765.94259747877732        16.000000000000000        0.0000000000000000     
           2         230  -1.8586618316967486E-005  -5.1217463180094723E-005   1.4044226546159836E-005   14.101695609830454       0.50089568428905262       0.50000000000000000        1.0000000000000000        0.0000000000000000        59.923655135312494        958.77848216499990        16.000000000000000        24.500000000000000     
           2         231   1.1337147134753085E-005   1.7582512119276145E-006   2.1459526374467175E-005   2.2020113259228307       0.52135805287898784       0.51379310000000000        0.0000000000000000        0.0000000000000000        43.057580183042013        688.92128292867221        16.000000000000000        0.0000000000000000     
           2         232   1.1403564342460105E-005   1.8847286312606381E-006   2.1462475699843007E-005   2.1840706540334551       0.52289543114171866       0.51379310000000000        0.0000000000000000        0.0000000000000000        46.874781664642335        749.99650663427735        16.000000000000000        0.0000000000000000     
           2         233   1.0527610982255911E-005   3.4246156689842215E-007   2.1290641066937126E-005   2.3504315349913831       0.52039923734728444       0.51379310000000000        0.0000000000000000        0.0000000000000000        46.343625348688484        741.49800557901574        16.000000000000000        0.0000000000000000     
           2         234   1.1420669704521815E-005   1.9200771309416358E-006   2.1460302852913806E-005   2.1787625541514366       0.52336300561357374       0.51379310000000000        0.0000000000000000        0.0000000000000000        48.000287759999452        768.00460415999123        16.000000000000000        0.0000000000000000     
           2         235   1.0901931554515082E-005   9.7889927572754696E-007   2.1387972612176142E-005   2.2882930830035204       0.51949389795159984       0.51379310000000000        0.0000000000000000        0.0000000000000000        51.104883631501941        817.67813810403106        16.000000000000000        0.0000000000000000     
           2         236   1.1396203855654814E-005   1.8752479766984570E-006   2.1457355673970332E-005   2.1843426144166935       0.52290254174155992       0.51379310000000000        0.0000000000000000        0.0000000000000000        40.423889295701684        646.78222873122695        16.000000000000000        0.0000000000000000     
           2         237   1.1273615853811534E-005   1.6179705826717831E-006   2.1477099013674614E-005   2.2289948430031128       0.51862783186256789       0.51379310000000000        0.0000000000000000        1.0000000000000000        44.879282523002388        718.06852036803821        16.000000000000000        0.0000000000000000     
           2         238   1.0421556761514038E-005   1.4451047957905023E-007   2.1281697718046670E-005   2.3807173945924300       0.51801767935504350       0.51379310000000000        0.0000000000000000        0.0000000000000000        49.174664082439335        786.79462531902936        16.000000000000000        0.0000000000000000     
           2         239   1.1311427086810328E-005   1.6980243412503107E-006   2.1470270982669663E-005   2.2132478237747013       0.52015358833723235       0.51379310000000000        0.0000000000000000        0.0000000000000000        49.460023258392347        791.36037213427755        16.000000000000000        0.0000000000000000     
           2         240   1.1676552743542478E-005   2.3441969723623996E-006   2.1538403741497641E-005   2.1417490366581613       0.52160573132444754       0.51379310000000000        0.0000000000000000        0.0000000000000000        49.486378854062160        791.78206166499456        16.000000000000000        0.0000000000000000     
           2         241   1.1362325965006722E-005   1.8097723114637745E-006   2.1456868338983450E-005   2.1930904442941777       0.52214066008575055       0.51379310000000000        0.0000000000000000        1.0000000000000000        43.515715502227984        696.25144803564774        16.000000000000000        0.0000000000000000     
           2         242   1.1311079220199267E-005   1.7044813268176322E-006   2.1462732173076080E-005   2.2110004501157472       0.52049999702466032       0.51379310000000000        0.0000000000000000        0.0000000000000000        43.531452634995610        696.50324215992975        16.000000000000000        0.0000000000000000     
           2         243   1.0864802759410645E-005   5.8689933306635641E-007   2.1725849492647456E-005   2.4243581051599916       0.49288097390034935       0.51379310000000000        0.0000000000000000        0.0000000000000000        46.863072567272148        749.80916107635437        16.000000000000000        0.0000000000000000     
           2         244   1.1351084531737838E-005   1.7859782529938386E-006   2.1458891736418231E-005   2.1977160390706536       0.52172255986048655       0.51379310000000000        0.0000000000000000        0.0000000000000000        51.275251801968125        820.40402883149000        16.000000000000000        0.0000000000000000     
           2         245  -2.6522151425650652E-005  -5.5045507550071842E-005   1.6262882760981360E-005   18.132882451486825       0.50026164238356585       0.59999999999999998        0.0000000000000000        1.0000000000000000        61.087363830000015        977.39782128000024        16.000000000000000        45.500000000000000     
           2         246   1.0756392484772349E-005  -7.3263294032736959E-007   2.2897277340871190E-005   2.8179972705908916       0.41846399059484779       0.51379310000000000        0.0000000000000000        1.0000000000000000        42.861373070892327        685.78196913427723        16.000000000000000        0.0000000000000000     
           2         247   1.1355784082053471E-005   1.7929197076469920E-006   2.1461222182183272E-005   2.1969975792797727       0.52174621506237051       0.51379310000000000        0.0000000000000000        0.0000000000000000        46.745286074700743        747.92457719521190        16.000000000000000        0.0000000000000000     
           2         248   1.0871951235359519E-005   9.3418276391584710E-007   2.1373564581499641E-005   2.2921898569122434       0.51915613867474275       0.51379310000000000        1.0000000000000000        0.0000000000000000        45.882588657699998        734.12141852319996        16.000000000000000        0.0000000000000000     
           2         249   1.0964505210512873E-005   1.1111326429549656E-006   2.1376934233919527E-005   2.2683628373091436       0.52118608161445201       0.51379310000000000        0.0000000000000000        0.0000000000000000        50.240770831052217        803.85233329683547        16.000000000000000        0.0000000000000000     
           2         250   1.1715817332345495E-005   2.4269543600878325E-006   2.1531707855477779E-005   2.1279183822098804       0.52286259413624914       0.51379310000000000        0.0000000000000000        0.0000000000000000        49.693233344794649        795.09173351671438        16.000000000000000        0.0000000000000000     
           2         251   1.1003303311371890E-005   1.1787182635123288E-006   2.1385311481049066E-005   2.2606725306485531       0.52177628392839837       0.51379310000000000        0.0000000000000000        0.0000000000000000        42.055876472059211        672.89402355294737        16.000000000000000        0.0000000000000000     
           2         252  -2.5293745053449928E-005  -5.2365156426971749E-005   1.5313372006833013E-005   16.389958961702892       0.50060772292762923       0.59999999999999998        0.0000000000000000        1.0000000000000000        52.086098606249990        833.37757769999985        16.000000000000000        49.000000000000000     
           2         253   1.1308213300753520E-005   1.6994051209924674E-006   2.1462201946296978E-005   2.2115999480326383       0.52048201126640592       0.51379310000000000        0.0000000000000000        0.0000000000000000        47.499619070892344        759.99390513427750        16.000000000000000        0.0000000000000000     
           2         254   1.1227297124756049E-005   1.5481194872917261E-006   2.1455647820321127E-005   2.2268369985713625       0.51916291302835982       0.51379310000000000        0.0000000000000000        0.0000000000000000        47.817296043505905        765.07673669609449        16.000000000000000        0.0000000000000000     
           2         255   1.1359835771902982E-005   1.7966275084748356E-006   2.1465637272483362E-005   2.1977617302143222       0.52164359468798194       0.51379310000000000        0.0000000000000000        0.0000000000000000        52.290928088733132        836.65484941973011        16.000000000000000        0.0000000000000000     
           2         256   9.8928521705317356E-006  -7.8406680678566076E-007   2.1175553629118220E-005   2.4789179852306953       0.51675839660269673       0.51379310000000000        0.0000000000000000        0.0000000000000000        41.966337916958729        671.46140667133966        16.000000000000000        0.0000000000000000     
           2         257   1.1423338860490959E-005   1.9208084183709294E-006   2.1465019827382404E-005   2.1799395438763689       0.52322606154888796       0.51379310000000000        0.0000000000000000        0.0000000000000000        45.412402949880445        726.59844719808711        16.000000000000000        0.0000000000000000     
           2         258   1.1385932146726838E-005   1.8550674867224537E-006   2.1457554946288275E-005   2.1866001287894092       0.52273535600703558       0.51379310000000000        0.0000000000000000        0.0000000000000000        47.537195433180401        760.59512693088641        16.000000000000000        0.0000000000000000     
           2         259   1.0149676771129518E-005  -5.2101418180207959E-007   2.1425796842335543E-005   2.5398349636534716       0.49609172695761494       0.51379310000000000        0.0000000000000000        0.0000000000000000        49.974959259366194        799.59934814985911        16.000000000000000        0.0000000000000000     
           2         260   1.1237702939875337E-005   1.5625816353177655E-006   2.1461767156044741E-005   2.2280858416102269       0.51888834166775588       0.51379310000000000        0.0000000000000000        1.0000000000000000        50.452280276115417        807.23648441784667        16.000000000000000        0.0000000000000000     
           2         261   1.1360039344498669E-005   1.8039832387670383E-006   2.1458282891305504E-005   2.1947868517860396       0.52197270602862067       0.51379310000000000        0.0000000000000000        0.0000000000000000        44.432274585470779        710.91639336753246        16.000000000000000        0.0000000000000000     
           2         262   1.0660362700979469E-005   5.6091809398212209E-007   2.1332825294389294E-005   2.3498501635149331       0.51555343109057084       0.51379310000000000        0.0000000000000000        0.0000000000000000        42.463439055826811        679.41502489322897        16.000000000000000        0.0000000000000000     
           2         263   2.0601864813135487E-005  -4.3892058120123148E-006   2.0601864813135487E-005   2.7244164178170918       0.49546879471347316        0.0000000000000000        0.0000000000000000        1.0000000000000000        46.467422703392330        743.47876325427728        16.000000000000000        0.0000000000000000     
           2         264   1.1215656882866510E-005   1.5140993700377843E-006   2.1467657233631829E-005   2.2373105405201894       0.51788901953519817       0.51379310000000000        0.0000000000000000        0.0000000000000000        47.356015519910009        757.69624831856015        16.000000000000000        0.0000000000000000     
           2         265   3.2099999999999968E-006   4.1137000000000004E-004   3.2099999999999968E-006   9.9999999999999947        1.0000000000000000        0.0000000000000000        0.0000000000000000        1.0000000000000000        46.902455011740415        750.43928018784663        16.000000000000000        1.7500000000000000     
           2         266   1.1725602584134699E-005   2.4414639814207098E-006   2.1536500688456615E-005   2.1261635669579837       0.52306167190251129       0.51379310000000000        0.0000000000000000        0.0000000000000000        42.449943221967310        679.19909155147695        16.000000000000000        0.0000000000000000     
           2         267   1.0460635579148420E-005   2.2066507604572068E-007   2.1281597167101777E-005   2.3657504044434696       0.51922887926079364       0.51379310000000000        0.0000000000000000        0.0000000000000000        43.675392994865419        698.80628791784670        16.000000000000000        0.0000000000000000     
           2         268   1.0864440840038596E-005   9.1745488234936607E-007   2.1375794650232587E-005   2.2959493231147099       0.51876011218766072       0.51379310000000000        0.0000000000000000        0.0000000000000000        42.608821957052456        681.74115131283929        16.000000000000000        0.0000000000000000     
           2         269   1.0500400371667847E-005   2.9336949835492922E-007   2.1286553415146028E-005   2.3574096921122818       0.51984964828275260       0.51379310000000000        0.0000000000000000        1.0000000000000000        47.145503365608441        754.32805384973506        16.000000000000000        0.0000000000000000     
           2         270   1.0681162605040796E-005   5.8455888062077277E-007   2.1350623131086814E-005   2.3282480056638026       0.51639399026122645       0.51379310000000000        0.0000000000000000        0.0000000000000000        48.586466901239390        777.38347041983025        16.000000000000000        0.0000000000000000     
           2         271   1.0890772605084461E-005   9.4752883089416155E-007   2.1398171909366348E-005   2.3014117769999372       0.51813954225657255       0.51379310000000000        0.0000000000000000        0.0000000000000000        42.017833333112534        672.28533332980055        16.000000000000000        0.0000000000000000     
           2         272   1.1270713514861426E-005   1.6276796171648218E-006   2.1460869762546701E-005   2.2231141007508080       0.51967171356286790       0.51379310000000000        0.0000000000000000        0.0000000000000000        45.663141896591469        730.61027034546350        16.000000000000000        0.0000000000000000     
           2         273   1.1416095780458291E-005   1.9126954667096541E-006   2.1458695973384057E-005   2.1794419999164911       0.52331580770946562       0.51379310000000000        0.0000000000000000        0.0000000000000000        45.210440700733415        723.36705121173463        16.000000000000000        0.0000000000000000     
           2         274   1.1268009683591044E-005   1.6233925481439108E-006   2.1459838998096006E-005   2.2192064957197766       0.51974717539808923       0.51379310000000000        1.0000000000000000        0.0000000000000000        46.847017619865426        749.55228191784681        16.000000000000000        0.0000000000000000     
           2         275   1.1385197049858307E-005   1.8544401021034722E-006   2.1456706025839201E-005   2.1870529547297712       0.52266994216606510       0.51379310000000000        0.0000000000000000        0.0000000000000000        48.987188468289197        783.79501549262716        16.000000000000000        0.0000000000000000     
           2         276   1.1757801772269675E-005   2.5056028450592392E-006   2.1534948021383046E-005   2.1181414580554172       0.52374208932587540       0.51379310000000000        0.0000000000000000        0.0000000000000000        42.109713501560314        673.75541602496503        16.000000000000000        0.0000000000000000     
           2         277   1.0480790929020240E-005  -1.8052822737911343E-008   2.1575313605748005E-005   2.5024187777831353       0.49292233902382887       0.51379310000000000        0.0000000000000000        0.0000000000000000        44.451760352015718        711.22816563225149        16.000000000000000        0.0000000000000000     
           2         278   1.1287638489552694E-005   1.6547202641879058E-006   2.1467105126197969E-005   2.2192278824951703       0.51959111139000291       0.51379310000000000        0.0000000000000000        0.0000000000000000        46.191618233862087        739.06589174179339        16.000000000000000        0.0000000000000000     
           2         279   1.1022996957084916E-005   1.1880137039446030E-006   2.1415993300985078E-005   2.2706747911059120       0.51801832214254862       0.51379310000000000        0.0000000000000000        0.0000000000000000        44.876908156871778        718.03053050994845        16.000000000000000        0.0000000000000000     
           2         280   1.1378477862740973E-005   1.8430704111710561E-006   2.1454901200840700E-005   2.1875634562166812       0.52267163001177974       0.51379310000000000        0.0000000000000000        0.0000000000000000        47.321714318570180        757.14742909712288        16.000000000000000        0.0000000000000000     
           2         281   1.1400691491708231E-005   1.8849598319382800E-006   2.1456322681313465E-005   2.1827350551100602       0.52305044652837018       0.51379310000000000        0.0000000000000000        0.0000000000000000        39.045892901115415        624.73428641784665        16.000000000000000        0.0000000000000000     
           2         282   1.0943925164065549E-005   1.0725240198277076E-006   2.1375405661856928E-005   2.2725169660926139       0.52089592929549644       0.51379310000000000        0.0000000000000000        0.0000000000000000        43.462576912731294        695.40123060370070        16.000000000000000        0.0000000000000000     
           2         283   5.6688096653172346E-006  -8.2705209215184119E-006   2.0399024053749802E-005   3.2684645050664440       0.43087722576189874       0.51379310000000000        0.0000000000000000        1.0000000000000000        45.699445005752501        731.19112009204002        16.000000000000000        0.0000000000000000     
           2         284   1.0993468058642949E-005   1.1625609334955843E-006   2.1382157004936250E-005   2.2618582033212706       0.52171350353580337       0.51379310000000000        0.0000000000000000        0.0000000000000000        50.342549773970333        805.48079638352533        16.000000000000000        0.0000000000000000     
           2         285   1.1762405310497421E-005   2.5194065272616621E-006   2.1529829421786396E-005   2.1150046572147030       0.52406359902485478       0.51379310000000000        0.0000000000000000        0.0000000000000000        48.756865732597490        780.10985172155983        16.000000000000000        0.0000000000000000     
           2         286   1.0954230823887121E-005   1.0894981311148611E-006   2.1378664518453970E-005   2.2720556999585240       0.52085181996051488       0.51379310000000000        0.0000000000000000        0.0000000000000000        42.059925842231351        672.95881347570162        16.000000000000000        0.0000000000000000     
           2         287   1.1334735888413325E-005   1.7540947414572772E-006   2.1458959372041543E-005   2.2016541023729732       0.52134204895049530       0.51379310000000000        0.0000000000000000        0.0000000000000000        41.440993343264545        663.05589349223271        16.000000000000000        0.0000000000000000     
           2         288   1.1353620028643946E-005   1.7916049349217074E-006   2.1458160661963629E-005   2.1967235318972529       0.52184357253385705       0.51379310000000000        0.0000000000000000        0.0000000000000000        46.845596338615429        749.52954141784687        16.000000000000000        0.0000000000000000     
           2         289   1.1402550177281759E-005   1.8886359457113061E-006   2.1456260822220859E-005   2.1821965020177276       0.52309725067402923       0.51379310000000000        0.0000000000000000        0.0000000000000000        51.051501199779295        816.82401919646873        16.000000000000000        0.0000000000000000     
           2         290   1.0735354806954214E-005   6.7778600189377438E-007   2.1363565667012311E-005   2.3222809765250050       0.51666715552446141       0.51379310000000000        0.0000000000000000        0.0000000000000000        50.258229793587439        804.13167669739903        16.000000000000000        0.0000000000000000     
           2         291   1.2004397736140834E-005   2.9159290442157391E-006   2.1608524093617955E-005   2.0803534766826597       0.52245463825443650       0.51379310000000000        0.0000000000000000        0.0000000000000000        40.896323692559832        654.34117908095732        16.000000000000000        0.0000000000000000     
           2         292   9.9420692421242183E-006  -6.9380167024622300E-007   2.1181393668138560E-005   2.4670341810888496       0.51768698927652057       0.51379310000000000        0.0000000000000000        0.0000000000000000        43.905352191796538        702.48563506874461        16.000000000000000        0.0000000000000000     
           2         293   1.0116465691461292E-005  -6.0191917312328882E-007   2.1442985711165132E-005   2.4194906303987680       0.49734718051201676       0.51379310000000000        0.0000000000000000        0.0000000000000000        44.807774423476758        716.92439077562813        16.000000000000000        0.0000000000000000     
           2         294   1.1416356383664203E-005   1.9160382701353788E-006   2.1455699499807263E-005   2.1781194128872960       0.52345343962238755       0.51379310000000000        0.0000000000000000        0.0000000000000000        48.789782908605986        780.63652653769577        16.000000000000000        0.0000000000000000     
           2         295   1.1360812092492634E-005   1.8060361164560827E-006   2.1457702878150612E-005   2.1944958108777151       0.52204359282902868       0.51379310000000000        0.0000000000000000        0.0000000000000000        53.376012633392335        854.01620213427736        16.000000000000000        0.0000000000000000     
           2         296   1.1663948561724781E-005   2.3132092369008523E-006   2.1545226151560225E-005   2.1480305870132432       0.52079564717420701       0.51379310000000000        0.0000000000000000        0.0000000000000000        43.421917740226711        694.75068384362737        16.000000000000000        0.0000000000000000     
           2         297   1.1371102375525854E-005   1.8262723924469727E-006   2.1457482856714351E-005   2.1914934885744919       0.52229127035856382       0.51379310000000000        0.0000000000000000        0.0000000000000000        43.718999736587563        699.50399578540100        16.000000000000000        0.0000000000000000     
           2         298   1.1405292097173616E-005   1.8941253433604961E-006   2.1456099379132493E-005   2.1813393424887635       0.52317196792079723       0.51379310000000000        0.0000000000000000        0.0000000000000000        47.551199858946717        760.81919774314747        16.000000000000000        0.0000000000000000     
           2         299   1.1394697520810111E-005   1.8710557104030100E-006   2.1458687663810545E-005   2.1850502340096916       0.52283554957450251       0.51379310000000000        0.0000000000000000        0.0000000000000000        47.356127958289697        757.69804733263516        16.000000000000000        0.0000000000000000     
           2         300   1.1422633481065928E-005   1.9193813546964996E-006   2.1465077078820220E-005   2.1801787463378344       0.52320556729652445       0.51379310000000000        0.0000000000000000        0.0000000000000000        50.829679766888681        813.27487627021890        16.000000000000000        0.0000000000000000     
           2         301   1.0879948589537573E-005   9.4149468062530511E-007   2.1382286263205007E-005   2.2953423169854776       0.51872128967323072       0.51379310000000000        0.0000000000000000        0.0000000000000000        44.976160074199079        719.61856118718526        16.000000000000000        0.0000000000000000     
           2         302   1.1727848825012170E-005   2.4362762699977833E-006   2.1546602666053387E-005   2.1293401950656436       0.52269009870747329       0.51379310000000000        0.0000000000000000        0.0000000000000000        44.777290914642336        716.43665463427737        16.000000000000000        0.0000000000000000     
           2         303   1.0882801464623489E-005   9.3935174085958027E-007   2.1390418403557528E-005   2.2880989282911277       0.51777894718749051       0.51379310000000000        1.0000000000000000        0.0000000000000000        45.693893058191449        731.10228893106319        16.000000000000000        0.0000000000000000     
           2         304   1.1122785005009204E-005   1.3619457612896382E-006   2.1437430588263038E-005   2.2533873397069377       0.51834320127551614       0.51379310000000000        0.0000000000000000        0.0000000000000000        49.569342432766767        793.10947892426827        16.000000000000000        0.0000000000000000     
           2         305   1.0843997037037878E-005   7.5697335108114026E-007   2.1503333976478990E-005   2.3579271052515778       0.50656337894687753       0.51379310000000000        0.0000000000000000        0.0000000000000000        49.269016709176540        788.30426734682464        16.000000000000000        0.0000000000000000     
           2         306   1.1480548152006389E-005   1.9594239605315626E-006   2.1541877832483705E-005   2.1838214004662175       0.51780219558484586       0.51379310000000000        0.0000000000000000        0.0000000000000000        42.896101092164287        686.33761747462859        16.000000000000000        0.0000000000000000     
           2         307   1.1135249643762139E-005   1.3678069505717105E-006   2.1456873340189747E-005   2.2417430077200202       0.51818001091370858       0.51379310000000000        0.0000000000000000        0.0000000000000000        44.554753578625011        712.87605725800017        16.000000000000000        0.0000000000000000     
           2         308   1.0367022714337392E-005   4.5961479670890951E-008   2.1273675925242743E-005   2.4103652015386738       0.51428058660671594       0.51379310000000000        0.0000000000000000        0.0000000000000000        45.875739036417556        734.01182458268090        16.000000000000000        0.0000000000000000     
           2         309   1.2026299322957614E-005   2.9655989582360434E-006   2.1601081845709645E-005   2.0719374500192100       0.52336849011283415       0.51379310000000000        0.0000000000000000        0.0000000000000000        47.412058633392341        758.59293813427746        16.000000000000000        0.0000000000000000     
           2         310   1.1678631889404984E-005   2.3403585682943424E-006   2.1546736184717835E-005   2.1410561284646361       0.52166554440478496       0.51379310000000000        0.0000000000000000        0.0000000000000000        52.990188950238050        847.84302320380880        16.000000000000000        0.0000000000000000     
           2         311   1.1393159038724531E-005   1.8666211598673480E-006   2.1460209566072833E-005   2.1859422186611712       0.52275254164948626       0.51379310000000000        0.0000000000000000        0.0000000000000000        42.013720886120289        672.21953417792463        16.000000000000000        0.0000000000000000     
           2         312   1.1752048603784363E-005   2.5003840584239199E-006   2.1528630151518397E-005   2.1172271405608134       0.52387244728752447       0.51379310000000000        0.0000000000000000        0.0000000000000000        46.141039968585638        738.25663949737020        16.000000000000000        0.0000000000000000     
           2         313   1.1406299201876608E-005   1.8961738216072186E-006   2.1456006025283031E-005   2.1810001811904320       0.52320227886511517       0.51379310000000000        0.0000000000000000        0.0000000000000000        45.829591005050062        733.27345608080100        16.000000000000000        0.0000000000000000     
           2         314   1.1351098121802467E-005   1.7859072609721399E-006   2.1458994707551818E-005   2.1977147548683726       0.52171320893943263       0.51379310000000000        0.0000000000000000        0.0000000000000000        49.435107846000001        790.96172553600002        16.000000000000000        0.0000000000000000     
           2         315   1.1279592455244809E-005   1.6330414151237550E-006   2.1473465399483392E-005   2.2247995131226768       0.51898654416517565       0.51379310000000000        0.0000000000000000        0.0000000000000000        51.570099665364950        825.12159464583920        16.000000000000000        0.0000000000000000     
           2         316   1.1269745545918928E-005   1.6224098352887018E-006   2.1464447680968115E-005   2.2215044884612674       0.51944006405850629       0.51379310000000000        0.0000000000000000        0.0000000000000000        43.863583820892330        701.81734113427729        16.000000000000000        0.0000000000000000     
           2         317   1.0534473178727703E-005   3.5868868401899231E-007   2.1287606999881576E-005   2.3473519203575632       0.52067260003434612       0.51379310000000000        0.0000000000000000        0.0000000000000000        43.724769377576500        699.59631004122400        16.000000000000000        0.0000000000000000     
           2         318   1.0964915180566266E-005   1.1063346591677491E-006   2.1382847644480146E-005   2.2711599761904324       0.52092570223277435       0.51379310000000000        0.0000000000000000        0.0000000000000000        47.094550526659532        753.51280842655251        16.000000000000000        0.0000000000000000     
           2         319   1.1247624609377538E-005   1.5791818103281530E-006   2.1464631397838141E-005   2.2274141229374629       0.51887907949464929       0.51379310000000000        0.0000000000000000        0.0000000000000000        45.526189089747078        728.41902543595324        16.000000000000000        0.0000000000000000     
           2         320   1.1350170951049762E-005   1.7859553544649368E-006   2.1457036938426088E-005   2.1963518711201822       0.52185202246297535       0.51379310000000000        0.0000000000000000        0.0000000000000000        50.203518769486621        803.25630031178594        16.000000000000000        0.0000000000000000     
           2         321   1.1739770883317142E-005   2.4697494991026980E-006   2.1535750792408871E-005   2.1228976210142840       0.52331287824906836       0.51379310000000000        0.0000000000000000        1.0000000000000000        42.240842808079066        675.85348492926505        16.000000000000000        0.0000000000000000     
           2         322   1.0555612607073035E-005   3.9097168808731316E-007   2.1296970593050905E-005   2.3450463502673800       0.52078269574797131       0.51379310000000000        0.0000000000000000        0.0000000000000000        45.138341506535582        722.21346410456931        16.000000000000000        0.0000000000000000     
           2         323   7.2610625430883540E-006  -5.0625611922841773E-006   2.0283898792904190E-005   2.8242683683653618       0.49949250526149586       0.51379310000000000        0.0000000000000000        1.0000000000000000        42.225781106338502        675.61249770141603        16.000000000000000        0.0000000000000000     
           2         324   1.1056934151586037E-005   1.2467283551708318E-006   2.1423747225975361E-005   2.2660114250655830       0.51804726308039684       0.51379310000000000        0.0000000000000000        0.0000000000000000        48.719835594332970        779.51736950932752        16.000000000000000        0.0000000000000000     
           2         325   1.1088472514761061E-005   1.3037204376198202E-006   2.1428387687593517E-005   2.2596182919038288       0.51834007815597727       0.51379310000000000        0.0000000000000000        0.0000000000000000        46.452283658175247        743.23653853080395        16.000000000000000        0.0000000000000000     
           2         326   1.1316954953706248E-005   1.7158531878583831E-006   2.1462799942105963E-005   2.2091827708531317       0.52062287578844457       0.51379310000000000        0.0000000000000000        0.0000000000000000        42.889478872552765        686.23166196084424        16.000000000000000        0.0000000000000000     
           2         327   1.1734008925561729E-005   2.4638179358667014E-006   2.1530168063137716E-005   2.1228576595872144       0.52335786223416902       0.51379310000000000        0.0000000000000000        0.0000000000000000        43.186869383498014        690.98991013596822        16.000000000000000        0.0000000000000000     
           2         328   1.1718637630021749E-005   2.4366179492397598E-006   2.1527296589921333E-005   2.1244385978478131       0.52330411905677077       0.51379310000000000        0.0000000000000000        0.0000000000000000        45.887041016204591        734.19265625927346        16.000000000000000        0.0000000000000000     
           2         329   1.1321609592277212E-005   1.7309168153631020E-006   2.1456455010963124E-005   2.2030930012649663       0.52129435784080058       0.51379310000000000        0.0000000000000000        0.0000000000000000        49.521694755852245        792.34711609363592        16.000000000000000        0.0000000000000000     
           2         330   1.0799156027894941E-005   7.9141304615374384E-007   2.1374714068293087E-005   2.3189681131191224       0.51738218797612390       0.51379310000000000        0.0000000000000000        0.0000000000000000        49.015347258392346        784.24555613427754        16.000000000000000        0.0000000000000000     
           2         331   1.1342909467454796E-005   1.7729455725817316E-006   2.1455849897619127E-005   2.1974417232342600       0.52178824660656231       0.51379310000000000        0.0000000000000000        0.0000000000000000        40.421849349731090        646.74958959569744        16.000000000000000        0.0000000000000000     
           2         332   1.1914841604609682E-005   2.7479526889968914E-006   2.1601837559024322E-005   2.0947658994112501       0.52146715492068085       0.51379310000000000        1.0000000000000000        0.0000000000000000        42.321662602395079        677.14660163832127        16.000000000000000        0.0000000000000000     
           2         333   1.1163651137576411E-005   1.4308022828979813E-006   2.1448718225017016E-005   2.2376006672464799       0.51840767696167678       0.51379310000000000        0.0000000000000000        1.0000000000000000        45.350772099256382        725.61235358810211        16.000000000000000        0.0000000000000000     
           2         334   1.1410250950951464E-005   1.9039249275711759E-006   2.1455942851175982E-005   2.1799128298984227       0.52329620064646709       0.51379310000000000        0.0000000000000000        0.0000000000000000        46.979685743773565        751.67497190037705        16.000000000000000        0.0000000000000000     
           2         335   1.1689791569220416E-005   2.3772992790959342E-006   2.1530652080392282E-005   2.1333821784862947       0.52241024121545854       0.51379310000000000        0.0000000000000000        0.0000000000000000        50.393348856530878        806.29358170449404        16.000000000000000        0.0000000000000000     
           2         336   8.4142073184661200E-006  -3.5304506747402656E-006   2.1036576229251360E-005   2.7063516561718890       0.49114461384632518       0.51379310000000000        0.0000000000000000        1.0000000000000000        40.686647523800218        650.98636038080349        16.000000000000000        0.0000000000000000     
           2         337   1.1343025716022229E-005   1.7708099739211436E-006   2.1458345757763407E-005   2.1998022181154999       0.52159166241746879       0.51379310000000000        0.0000000000000000        0.0000000000000000        42.513589307365422        680.21742891784675        16.000000000000000        0.0000000000000000     
           2         338   1.0184486080597378E-005  -2.7808679552001644E-007   2.1240679960191139E-005   2.4381362677240248       0.51523966272930388       0.51379310000000000        0.0000000000000000        1.0000000000000000        43.712398955923987        699.39838329478380        16.000000000000000        0.0000000000000000     
           2         339   1.1774577379097671E-005   2.5463609096935758E-006   2.1526380463928642E-005   2.1107249415876970       0.52446393318150453       0.51379310000000000        0.0000000000000000        0.0000000000000000        47.550929307590032        760.81486892144051        16.000000000000000        0.0000000000000000     
           2         340   1.0744282558219968E-005   3.7824210178799213E-007   2.1698467002816654E-005   2.4463123099149384       0.48970935985780328       0.51379310000000000        0.0000000000000000        0.0000000000000000        51.736518478489714        827.78429565583542        16.000000000000000        0.0000000000000000     
           2         341   1.1781022804796840E-005   2.5565988796167544E-006   2.1528818165645467E-005   2.1099332115773519       0.52451742275176783       0.51379310000000000        0.0000000000000000        0.0000000000000000        44.177967451748557        706.84747922797692        16.000000000000000        0.0000000000000000     
           2         342   1.1411180425131525E-005   1.9056443967399531E-006   2.1456037507968224E-005   2.1797492105612051       0.52330931919281432       0.51379310000000000        0.0000000000000000        0.0000000000000000        42.843405690294873        685.49449104471796        16.000000000000000        0.0000000000000000     
           2         343   8.3727673304178731E-006  -3.5541216861972033E-006   2.0976359095986305E-005   2.7300645419554201       0.50235650751003824       0.51379310000000000        0.0000000000000000        1.0000000000000000        45.932652280768757        734.92243649230011        16.000000000000000        0.0000000000000000     
           2         344   1.0467122541338403E-005   2.2714820195366061E-007   2.1288088183234715E-005   2.3662443346348008       0.51916396374692808       0.51379310000000000        0.0000000000000000        0.0000000000000000        44.859656369865426        717.75450191784682        16.000000000000000        0.0000000000000000     
           2         345   1.1369381655300851E-005   1.8227786198690484E-006   2.1457635787531317E-005   2.1918778003069783       0.52223693031103358       0.51379310000000000        0.0000000000000000        0.0000000000000000        49.387337164420920        790.19739463073472        16.000000000000000        0.0000000000000000     
           2         346   1.0962229928538268E-005   1.1069315507572513E-006   2.1376694027968759E-005   2.2688083388907461       0.52115098247217373       0.51379310000000000        0.0000000000000000        0.0000000000000000        43.638179571639064        698.21087314622503        16.000000000000000        0.0000000000000000     
           2         347   1.1421517532605624E-005   1.9195397555522929E-006   2.1462614477554779E-005   2.1794391095642411       0.52328748527642843       0.51379310000000000        0.0000000000000000        0.0000000000000000        45.042858681932856        720.68573891092569        16.000000000000000        0.0000000000000000     
           2         348   1.1336802110115401E-005   1.7539622136005827E-006   2.1463349095018264E-005   2.2036878465717900       0.52114333827446591       0.51379310000000000        0.0000000000000000        0.0000000000000000        44.788265544497342        716.61224871195748        16.000000000000000        0.0000000000000000     
           2         349   1.2089443892346000E-005   3.0964298384231143E-006   2.1592699747227229E-005   2.0529745517271820       0.52523180535635494       0.51379310000000000        0.0000000000000000        0.0000000000000000        47.769475926077902        764.31161481724644        16.000000000000000        0.0000000000000000     
           2         350   1.0977616547067815E-005   1.1374221091683395E-006   2.1376119745708381E-005   2.2642048853143337       0.52154946949198833       0.51379310000000000        0.0000000000000000        0.0000000000000000        48.567705738906419        777.08329182250270        16.000000000000000        0.0000000000000000     
           2         351   1.1729027986004701E-005   2.4474068557573339E-006   2.1537265782579214E-005   2.1263554639146318       0.52297649139284630       0.51379310000000000        0.0000000000000000        0.0000000000000000        43.244692633392333        691.91508213427733        16.000000000000000        0.0000000000000000     
           2         352   1.1266697808979716E-005   1.6242470592350124E-006   2.1456237822312563E-005   2.2172386223553602       0.52002065237168693       0.51379310000000000        0.0000000000000000        0.0000000000000000        48.339439302193831        773.43102883510130        16.000000000000000        0.0000000000000000     
           2         353   1.1264273253247843E-005   1.6061225368471606E-006   2.1470404011257889E-005   2.2286222898175838       0.51879763631652165       0.51379310000000000        0.0000000000000000        1.0000000000000000        47.885246103557108        766.16393765691373        16.000000000000000        0.0000000000000000     
           2         354   1.1371306373774439E-005   1.8273244383288557E-006   2.1456790691163862E-005   2.1907085283462502       0.52234972485201281       0.51379310000000000        0.0000000000000000        0.0000000000000000        47.563491491196032        761.01586385913652        16.000000000000000        0.0000000000000000     
           2         355   1.0930462367050661E-005   1.0491731160026264E-006   2.1372391998844993E-005   2.2747727452458060       0.52075124438405607       0.51379310000000000        0.0000000000000000        0.0000000000000000        51.586639980786238        825.38623969257981        16.000000000000000        0.0000000000000000     
           2         356   1.1266491701662564E-005   1.6070212001087724E-006   2.1474017126233962E-005   2.2297097036332816       0.51852853297020474       0.51379310000000000        0.0000000000000000        1.0000000000000000        41.618245261531904        665.89192418451046        16.000000000000000        0.0000000000000000     
           2         357   1.1418711643439225E-005   1.9205566491287779E-006   2.1455768910226997E-005   2.1775476976893473       0.52350036267313782       0.51379310000000000        0.0000000000000000        1.0000000000000000        44.877720057992562        718.04352092788099        16.000000000000000        0.0000000000000000     
           2         358   1.1732789701197935E-005   2.4594141011111078E-006   2.1532314136233861E-005   2.1230886751619029       0.52334579861047603       0.51379310000000000        0.0000000000000000        0.0000000000000000        49.177680945892348        786.84289513427757        16.000000000000000        0.0000000000000000     
           2         359   1.2069940827040448E-005   3.0592664183484749E-006   2.1591859042377167E-005   2.0573991722966181       0.52482904113480300       0.51379310000000000        0.0000000000000000        0.0000000000000000        49.459869977549978        791.35791964079965        16.000000000000000        0.0000000000000000     
           2         360   1.0542798613736485E-005   3.5805086207755413E-007   2.1305404245295590E-005   2.3522526060428213       0.52012958380115737       0.51379310000000000        0.0000000000000000        0.0000000000000000        49.486113447882644        791.77781516612231        16.000000000000000        0.0000000000000000     
           2         361   9.9408212138255703E-006  -6.9868916414450991E-007   2.1183991599888436E-005   2.4679309114466563       0.51760432442026660       0.51379310000000000        0.0000000000000000        0.0000000000000000        43.515456399731157        696.24730239569851        16.000000000000000        0.0000000000000000     
           2         362   1.1365255558178589E-005   1.8118330884476598E-006   2.1460716042867121E-005   2.1942108618000415       0.52200287531533129       0.51379310000000000        0.0000000000000000        0.0000000000000000        43.531109561443714        696.49775298309942        16.000000000000000        0.0000000000000000     
           2         363   1.0974897762178017E-005   1.1318732008426416E-006   2.1376391658593093E-005   2.2648570560540526       0.52149901192247861       0.51379310000000000        0.0000000000000000        0.0000000000000000        46.862717611108344        749.80348177773351        16.000000000000000        0.0000000000000000     
           2         364   1.2078912912259958E-005   3.0780263539654301E-006   2.1590487938312505E-005   2.0546894567050531       0.52509125580679306       0.51379310000000000        0.0000000000000000        0.0000000000000000        49.879844734978633        798.07751575965813        16.000000000000000        0.0000000000000000     
           2         365   1.1114179557279717E-005   1.3491834260236222E-006   2.1433217879783696E-005   2.2538817172513674       0.51850768520326718       0.51379310000000000        1.0000000000000000        0.0000000000000000        50.229282508392330        803.66852013427729        16.000000000000000        0.0000000000000000     
           2         366   1.0998822831361410E-005   1.1782213130679932E-006   2.1376621455668644E-005   2.2583790839027675       0.52203759854138565       0.51379310000000000        0.0000000000000000        0.0000000000000000        41.666541037794332        666.66465660470931        16.000000000000000        0.0000000000000000     
           2         367   1.1126360045010424E-005   1.3682897087310829E-006   2.1438079619732594E-005   2.2526531851942235       0.51837064990479009       0.51379310000000000        0.0000000000000000        1.0000000000000000        46.745002901080305        747.92004641728488        16.000000000000000        0.0000000000000000     
           2         368   1.1282267014426897E-005   1.6592158038688711E-006   2.1451306805781557E-005   2.2102090915027808       0.52080489335154756       0.51379310000000000        0.0000000000000000        0.0000000000000000        45.882310788509628        734.11697261615404        16.000000000000000        0.0000000000000000     
           2         369   1.1261419407376658E-005   1.5931691858403877E-006   2.1478222691943136E-005   2.2223052744361924       0.51840675319503926       0.51379310000000000        0.0000000000000000        0.0000000000000000        50.240399054913929        803.84638487862287        16.000000000000000        0.0000000000000000     
           2         370   1.1693818114100816E-005   2.3451550298235602E-006   2.1572901662537385E-005   2.1409679332747009       0.51994019447464446       0.51379310000000000        0.0000000000000000        0.0000000000000000        49.692845528878472        795.08552846205555        16.000000000000000        0.0000000000000000     
           2         371   1.0843465428000461E-005   8.7916783703006056E-007   2.1373113091551057E-005   2.2980912214487095       0.51874946364074714       0.51379310000000000        0.0000000000000000        0.0000000000000000        42.381842850458831        678.10948560734130        16.000000000000000        0.0000000000000000     
           2         372   1.1669417751940389E-005   2.3268620902690876E-006   2.1542047357428751E-005   2.1453528611304207       0.52117067787776439       0.51379310000000000        0.0000000000000000        1.0000000000000000        44.310081508392337        708.96130413427738        16.000000000000000        0.0000000000000000     
           2         373   1.1359284176436798E-005   1.8024206861342737E-006   2.1458380916855973E-005   2.1951214317142189       0.52194859291997642       0.51379310000000000        0.0000000000000000        0.0000000000000000        49.138406449043131        786.21450318469010        16.000000000000000        0.0000000000000000     
           2         374   1.1368807310076044E-005   1.8215503073358190E-006   2.1457752514133466E-005   2.1921899850536386       0.52221555097535288       0.51379310000000000        0.0000000000000000        0.0000000000000000        47.895316391187663        766.32506225900261        16.000000000000000        0.0000000000000000     
           2         375   1.0496912602020670E-005   2.8677426194689757E-007   2.1286349422385729E-005   2.3574202176909926       0.51986967423533825       0.51379310000000000        0.0000000000000000        0.0000000000000000        52.907588763067920        846.52142020908673        16.000000000000000        0.0000000000000000     
           2         376   1.1194819528344795E-005   1.4852697471554645E-006   2.1455265609389267E-005   2.2414892344639998       0.51851411323225938       0.51379310000000000        0.0000000000000000        0.0000000000000000        40.490977619088881        647.85564190542209        16.000000000000000        0.0000000000000000     
           2         377   9.7540660224362941E-006  -1.0399604820891570E-006   2.1160519405229012E-005   2.5239981643028662       0.51390754932253691       0.51379310000000000        0.0000000000000000        0.0000000000000000        44.995637383838037        719.93019814140860        16.000000000000000        0.0000000000000000     
           2         378   1.1009320410988661E-005   1.1961419414165522E-006   2.1379274820797907E-005   2.2563793212835472       0.52218624579293849       0.51379310000000000        0.0000000000000000        0.0000000000000000        46.208227806558249        739.33164490493198        16.000000000000000        0.0000000000000000     
           2         379   1.0505201260609939E-005   2.9994654861160608E-007   2.1289477367689664E-005   2.3559580520914918       0.51999601736890189       0.51379310000000000        0.0000000000000000        0.0000000000000000        49.514881820892342        792.23810913427747        16.000000000000000        0.0000000000000000     
           2         380   1.0865417959282564E-005   9.0086304345009066E-007   2.1395337547683714E-005   2.3179354429350405       0.51528659508966113       0.51379310000000000        0.0000000000000000        0.0000000000000000        50.452144667267348        807.23431467627756        16.000000000000000        0.0000000000000000     
           2         381   1.0860270767602990E-005   8.7974500961710821E-007   2.1407067344997201E-005   2.3289613221644041       0.51393364702202682       0.51379310000000000        0.0000000000000000        0.0000000000000000        44.432005875773058        710.91209401236893        16.000000000000000        0.0000000000000000     
           2         382   1.1317992711520148E-005   1.6785679980414767E-006   2.1504334998630459E-005   2.2291124232728872       0.51677282356993848       0.51379310000000000        0.0000000000000000        0.0000000000000000        42.463187278287016        679.41099645259226        16.000000000000000        0.0000000000000000     
           2         383   1.0801742734923922E-005   6.3032769698317614E-007   2.1550259186932718E-005   2.4004119746792316       0.50171202841233786       0.51379310000000000        0.0000000000000000        0.0000000000000000        47.620938431292274        761.93501490067638        16.000000000000000        0.0000000000000000     
           2         384   1.0806737991805171E-005   5.3758506192827364E-007   2.1658537746632960E-005   2.4733328311737761       0.49233134623484337       0.51379310000000000        0.0000000000000000        0.0000000000000000        47.355628359112686        757.69005374580297        16.000000000000000        0.0000000000000000     
           2         385  -2.4408124198277649E-006  -2.4408124198277649E-006   2.0852517914461521E-005   2.7019241483522820       0.46545087066539448        1.0000000000000000        1.0000000000000000        0.0000000000000000        42.391263152230835        678.26021043569335        16.000000000000000        0.0000000000000000     
           2         386   1.1290521976946968E-005   1.6600938158065561E-006   2.1467357269164471E-005   2.2191618685149095       0.51964114411951956       0.51379310000000000        0.0000000000000000        1.0000000000000000        43.600289463615418        697.60463141784669        16.000000000000000        0.0000000000000000     
           2         387   1.1338482474101192E-005   1.7558173170895829E-006   2.1464844805205446E-005   2.2026150951725221       0.52122387554069460       0.51379310000000000        0.0000000000000000        0.0000000000000000        44.502551307024099        712.04082091238558        16.000000000000000        0.0000000000000000     
           2         388   1.0321705606564339E-005  -1.5287475714802233E-007   2.1390588249469904E-005   2.4616821465330823       0.50372339306778513       0.51379310000000000        0.0000000000000000        0.0000000000000000        44.318352042683799        709.09363268294078        16.000000000000000        0.0000000000000000     
           2         389   1.1370302180527320E-005   1.8257635715424442E-006   2.1456374755762209E-005   2.1906754574471745       0.52236194102042610       0.51379310000000000        1.0000000000000000        0.0000000000000000        47.659969941168868        762.55951905870188        16.000000000000000        0.0000000000000000     
           2         390   9.9642910766747548E-006  -6.5097109794338175E-007   2.1181837475151645E-005   2.4591116419274104       0.51837407309434758       0.51379310000000000        0.0000000000000000        0.0000000000000000        51.071358439409032        817.14173503054451        16.000000000000000        0.0000000000000000     
           2         391   1.0898279367088705E-005   9.8199535222797464E-007   2.1377189280699430E-005   2.2875190368677321       0.51948932284436655       0.51379310000000000        0.0000000000000000        0.0000000000000000        43.002239762163512        688.03583619461619        16.000000000000000        0.0000000000000000     
           2         392   8.8278918560183924E-006  -2.3201897950883402E-006   2.0608488615495473E-005   2.7257442543023678       0.46890581051201802       0.51379310000000000        0.0000000000000000        1.0000000000000000        40.717182979646012        651.47492767433619        16.000000000000000        0.0000000000000000     
           2         393   1.1366244145636038E-005   1.8165422462756154E-006   2.1457772963816951E-005   2.1929746073547696       0.52215773208665084       0.51379310000000000        0.0000000000000000        0.0000000000000000        46.507249303169267        744.11598885070828        16.000000000000000        0.0000000000000000     
           2         394   1.1415338376257217E-005   1.9139091870446941E-006   2.1455855607822633E-005   2.1785049879126390       0.52341753492582366       0.51379310000000000        0.0000000000000000        0.0000000000000000        47.950611073115049        767.20977716984078        16.000000000000000        0.0000000000000000     
           2         395   7.6024942428133673E-006  -4.3486625804296064E-006   2.0231730711486171E-005   2.8473173263779081       0.47001960479570543       0.51379310000000000        1.0000000000000000        0.0000000000000000        46.581707408530605        745.30731853648967        16.000000000000000        0.0000000000000000     
           2         396   1.0000684754642773E-005  -8.1544297292548205E-007   2.1430493330257809E-005   2.5360731465985396       0.49137096480582831       0.51379310000000000        0.0000000000000000        0.0000000000000000        43.421301583771097        694.74082534033755        16.000000000000000        0.0000000000000000     
           2         397   1.0963571265063596E-005   1.1056218020447616E-006   2.1380836865876234E-005   2.2705605784004312       0.52097166601810996       0.51379310000000000        0.0000000000000000        0.0000000000000000        46.007187882338883        736.11500611742213        16.000000000000000        0.0000000000000000     
           2         398   1.0897071848055033E-005   9.8273711416219377E-007   2.1373921883223981E-005   2.2848013225666071       0.51984605128599759       0.51379310000000000        0.0000000000000000        1.0000000000000000        48.286968995367303        772.59150392587685        16.000000000000000        0.0000000000000000     
           2         399   1.1690922461636946E-005   2.3717061848279337E-006   2.1538888462185729E-005   2.1373411637678372       0.52190725086476575       0.51379310000000000        0.0000000000000000        0.0000000000000000        46.783794483670476        748.54071173872762        16.000000000000000        0.0000000000000000     
           2         400   1.1341199572503531E-005   1.7657726073786347E-006   2.1459913034272779E-005   2.2008756612615277       0.52141225978210137       0.51379310000000000        0.0000000000000000        0.0000000000000000        49.809490883392336        796.95185413427737        16.000000000000000        0.0000000000000000     
           2         401   1.1375515187502087E-005   1.8349801704518587E-006   2.1457357016708739E-005   2.1901064260702738       0.52239874295396238       0.51379310000000000        0.0000000000000000        0.0000000000000000        40.424783602620693        646.79653764193108        16.000000000000000        0.0000000000000000     
           2         402   1.0897501079806646E-005   9.8214714888993116E-007   2.1375428138766950E-005   2.2863638170395411       0.51963196674368572       0.51379310000000000        0.0000000000000000        0.0000000000000000        45.363402292792202        725.81443668467523        16.000000000000000        0.0000000000000000     
           2         403   1.1471665138689714E-005   1.9665771099487673E-006   2.1516048803462037E-005   2.1870051418216905       0.51919992414257343       0.51379310000000000        0.0000000000000000        0.0000000000000000        49.419209258186740        790.70734813098784        16.000000000000000        0.0000000000000000     
           2         404   7.8925788823529907E-006  -4.5266749731867648E-006   2.1016471073362125E-005   2.7296408940460659       0.48533292148930907       0.51379310000000000        0.0000000000000000        1.0000000000000000        50.856861106429093        813.70977770286549        16.000000000000000        0.0000000000000000     
           2         405   1.1750636544748028E-005   2.4969415297264815E-006   2.1529363766065854E-005   2.1180474047286317       0.52378868769503373       0.51379310000000000        0.0000000000000000        0.0000000000000000        49.516176054985742        792.25881687977187        16.000000000000000        0.0000000000000000     
           2         406   1.0487310933376072E-005   2.7004914589217867E-007   2.1284275368276279E-005   2.3594294181771538       0.51971520666142934       0.51379310000000000        0.0000000000000000        0.0000000000000000        42.289859559968747        676.63775295949995        16.000000000000000        0.0000000000000000     
           2         407   1.1178349268364793E-005   1.4334019280269578E-006   2.1476201280191793E-005   2.2573819087937061       0.51640989611894805       0.51379310000000000        0.0000000000000000        0.0000000000000000        42.928527977142330        686.85644763427729        16.000000000000000        0.0000000000000000     
           2         408   7.3575891654707462E-006  -5.3181532828770890E-006   2.0752522489819345E-005   2.8846345711633981       0.50299879603178022       0.51379310000000000        0.0000000000000000        1.0000000000000000        47.250133919279975        756.00214270847960        16.000000000000000        0.0000000000000000     
           2         409   1.0439083327016373E-005   1.7218880314570804E-007   2.1288496539359373E-005   2.3764155839814922       0.51819767961647001       0.51379310000000000        0.0000000000000000        0.0000000000000000        53.341728329494650        853.46765327191440        16.000000000000000        0.0000000000000000     
           2         410   1.1164499094960952E-005   1.4272318131864563E-006   2.1454235300332734E-005   2.2499129660490822       0.51790576786181941       0.51379310000000000        0.0000000000000000        0.0000000000000000        52.743146990435314        843.89035184696502        16.000000000000000        0.0000000000000000     
           2         411   1.1500159983108058E-005   2.0175178380485577E-006   2.1520824239211040E-005   2.1810377814955197       0.51960176948310666       0.51379310000000000        0.0000000000000000        0.0000000000000000        41.980349045764648        671.68558473223436        16.000000000000000        0.0000000000000000     
