     time_period  economy_id district_id expected_hires capacity belief_expected_hires
   1           1           1   3.3465428929744099        17.000000000000000        4.7909076313716294     
   1           1           2   3.2963875429238114        17.000000000000000        4.7901601771106685     
   1           1           3   3.4288494966022713        17.000000000000000        4.7913875080481390     
   1           1           4   3.3262901702076739        17.000000000000000        4.7900934194701090     
   1           1           5   3.3177275927140371        17.000000000000000        4.7900934860307594     
   1           1           6   3.3270378741177122        17.000000000000000        4.7900934860307594     
   1           1           7   3.3392146913496443        17.000000000000000        4.7909071986398351     
   1           1           8   22.518831498633652        17.000000000000000        12.470307332860859     
   1           1           9   3.2801242687228220        17.000000000000000        4.7900747110232853     
   1           1          10   3.2951005895617467        17.000000000000000        4.7901600286829122     
   1           1          11   3.2820039843033668        17.000000000000000        4.7893462539685441     
   1           1          12   8.3721303496806208        17.000000000000000        5.1475662200423180     
   1           1          13   3.2974039548828049        17.000000000000000        4.7897089166706888     
   1           1          14   3.3576968777765650        17.000000000000000        4.7904997514562444     
   1           1          15   3.3126663885872265        17.000000000000000        4.7900934860307594     
   1           1          16   3.3089656009806401        17.000000000000000        4.7897091995084056     
   1           1          17   3.3384462906804067        17.000000000000000        4.7909076979482288     
   1           1          18   3.3182150632155509        17.000000000000000        4.7905233743977593     
   1           1          19   3.3268985473012420        17.000000000000000        4.7900932863508183     
   1           1          20   3.3158381878260736        17.000000000000000        4.7900934194701090     
   1           1          21   3.3034137166894553        17.000000000000000        4.7904855192412814     
   1           1          22   3.3005683221797875        17.000000000000000        4.7897093880738728     
   1           1          23   3.3516036316270816        17.000000000000000        4.7921642940275042     
   1           1          24   3.3571784042762611        17.000000000000000        4.7921642940275042     
   1           1          25   3.2838796676134705        16.000000000000000        4.7898804572958298     
   1           1          26   3.3106121483970812        16.000000000000000        4.7900934860307594     
   1           1          27   3.4272153969038475        16.000000000000000        4.7929809929565081     
   1           1          28   3.3318177551090113        16.000000000000000        4.7916614728688174     
   1           1          29   3.3856732943206524        16.000000000000000        4.7909307648707582     
   1           1          30   13.321252084103401        16.000000000000000        8.5611598350914431     
   1           1          31   57.980050110129334        16.000000000000000        52.166912484475219     
   1           1          32   3.3251396387562036        16.000000000000000        4.7900934860307594     
   1           1          33   3.3468294125715521        16.000000000000000        4.7918052106620319     
   1           1          34   3.3250904214149868        16.000000000000000        4.7906880755868642     
   1           1          35   3.3573310904611193        16.000000000000000        4.7921642940275042     
   1           1          36   3.3258629846218111        16.000000000000000        4.7900929868419535     
   1           1          37   3.3001497504932473        16.000000000000000        4.7897093252181122     
   1           1          38   3.3595451792605222        16.000000000000000        4.7905002096105376     
   1           1          39   3.3268102806750779        16.000000000000000        4.7900934194701090     
   1           1          40   3.3550896414735143        16.000000000000000        4.7905002096105376     
   1           1          41   3.2855209610228004        16.000000000000000        4.7893466397972606     
   1           1          42   3.3238539965735332        16.000000000000000        4.7906488138562340     
   1           1          43   3.3038931081531384        16.000000000000000        4.7897090738012729     
   1           1          44   3.3440634888676621        16.000000000000000        4.7904999276659517     
   1           1          45   3.3588174844907801        16.000000000000000        4.7903682724899372     
   1           1          46   3.4431691864756671        16.000000000000000        4.7932836276646267     
   1           1          47   83.936914940347620        16.000000000000000        73.494426444391763     
   1           1          48   3.3357181616462661        16.000000000000000        4.7900934860307594     
   1           1          49   57.935792647002579        16.000000000000000        56.094470282086228     
   1           1          50   12.045191571669418        16.000000000000000        7.0752876908530542     
   1           1          51   3.2851280746379850        16.000000000000000        4.7898801517672824     
   1           1          52   3.3606105237908679        16.000000000000000        4.7903680880561534     
   1           1          53   3.3167688638182784        16.000000000000000        4.7900934860307594     
   1           1          54   3.3816434251295706        16.000000000000000        4.7909305782537226     
   1           1          55   3.3589195877326854        16.000000000000000        4.7921642940275042     
   1           1          56   3.4233952032917472        16.000000000000000        4.7929810657259191     
   1           1          57   3.3323398845474039        16.000000000000000        4.7906879043207615     
   1           1          58   3.4678072139107226        16.000000000000000        4.7938368671171911     
   1           1          59   3.3017573949350267        16.000000000000000        4.7897093252181122     
   1           1          60   3.3220549716871584        16.000000000000000        4.7900934860307594     
   1           1          61   85.435026631742602        16.000000000000000        74.777583883818664     
   1           1          62   3.3143525280807049        16.000000000000000        4.7893497168626622     
   1           1          63   3.3430564041020534        16.000000000000000        4.7904995752508288     
   1           1          64   3.3451937121245550        16.000000000000000        4.7906892403060368     
   1           1          65   3.3506198280078965        16.000000000000000        4.7918052106620319     
   1           1          66   10.304334548803906        16.000000000000000        6.9848173507880080     
   1           1          67   3.3237556103316654        16.000000000000000        4.7909214102366935     
   1           1          68   3.3229018397953167        16.000000000000000        4.7909214102366935     
   1           1          69   3.3438993804870214        16.000000000000000        4.7903678114204222     
   1           1          70   3.3428278377104155        16.000000000000000        4.7922696448945832     
   1           1          71   3.2961571054360439        16.000000000000000        4.7897089166706888     
   1           1          72   3.3494291034842436        16.000000000000000        4.7909070322118570     
   1           1          73   3.3388006430475974        16.000000000000000        4.7919246665119140     
   1           1          74   3.3210631255055367        16.000000000000000        4.7900934860307594     
   1           1          75   3.3660038339552041        16.000000000000000        4.7921642940275042     
   1           1          76   3.3251610009879151        16.000000000000000        4.7900931532341691     
   1           1          77   3.3843490597849080        16.000000000000000        4.7915527388677255     
   1           1          78   3.3705098985602122        16.000000000000000        4.7924431703494088     
   1           1          79   3.3250929320019305        16.000000000000000        4.7900934860307594     
   1           1          80   11.402950583444374        16.000000000000000        7.0729233935868479     
   1           1          81   3.3231922289815663        16.000000000000000        4.7906892403060368     
   1           1          82   3.3294754239106457        16.000000000000000        4.7900934860307594     
   1           1          83   3.3848011417724693        16.000000000000000        4.7921642940275042     
   1           1          84   3.3669752378987705        16.000000000000000        4.7921642090192371     
   1           1          85   10.845034745880801        16.000000000000000        7.0721876756827697     
   1           1          86   3.3481788053095176        16.000000000000000        4.7903682724899372     
   1           1          87   3.3592633316675760        16.000000000000000        4.7904986942889414     
   1           1          88   10.201767103337875        16.000000000000000        6.9837240017035240     
   1           1          89   3.3218609848449296        16.000000000000000        4.7900934194701090     
   1           1          90   3.4716821724195843        16.000000000000000        4.7938597940959840     
   1           1          91   3.3678928980773595        16.000000000000000        4.7903682110111063     
   1           1          92   3.3388132737902869        16.000000000000000        4.7905002800984091     
   1           1          93   3.3729927726182223        16.000000000000000        4.7909309141677401     
   1           1          94   3.3251703350197301        16.000000000000000        4.7906499702440657     
   1           1          95   3.3637528148191760        16.000000000000000        4.7903678114204222     
   1           1          96   8.0375336491983322        16.000000000000000        5.1435447056959624     
   1           1          97   3.3397399504688234        16.000000000000000        4.7909076979482288     
   1           1          98   3.3033444152949203        16.000000000000000        4.7895963540713469     
   1           1          99   3.3235684330193624        16.000000000000000        4.7900929868419535     
   1           1         100   3.3216688802984624        16.000000000000000        4.7900934860307594     
   1           1         101   3.3469818761904770        16.000000000000000        4.7900973924179109     
   1           1         102   3.3545550622908000        16.000000000000000        4.7903678114204222     
   1           1         103   3.3203563379133847        16.000000000000000        4.7900932863508183     
   1           1         104   3.3147914608015507        16.000000000000000        4.7900934860307594     
   1           1         105   3.3167406259713461        16.000000000000000        4.7900934860307594     
   1           1         106   3.3280290182077246        16.000000000000000        4.7900934860307594     
   1           1         107   3.5638862274991840        16.000000000000000        4.7929807018856581     
   1           1         108   3.3441763823251685        16.000000000000000        4.7903682724899372     
   1           1         109   3.3799853551247785        16.000000000000000        4.7909303916413526     
   1           1         110   3.4247976316345272        16.000000000000000        4.7932613544288039     
   1           1         111   3.3306855004071925        16.000000000000000        4.7900934860307594     
   1           1         112   3.3318127862389990        16.000000000000000        4.7906501743322654     
   1           1         113   3.4156095838072762        16.000000000000000        4.7929926635749736     
   1           1         114   8.1500891625184639        16.000000000000000        5.1458829035662212     
   1           1         115   3.3467136629051129        16.000000000000000        4.7903682110111063     
   1           1         116   3.4345225715568044        16.000000000000000        4.7929808474197415     
   1           1         117   11.284033166958480        16.000000000000000        6.4617669010240917     
   1           1         118   11.681038504219844        16.000000000000000        6.9898102885693376     
   1           1         119   11.659062194203388        16.000000000000000        7.0760555859046601     
   1           1         120   3.3322248460763815        16.000000000000000        4.7909213284793584     
   1           1         121   3.5295641375889906        16.000000000000000        4.7935047728390057     
   1           1         122   3.4147885130564011        16.000000000000000        4.7932836276646267     
   1           1         123   3.2982927201731314        16.000000000000000        4.7897093880738728     
   1           1         124   3.3255951627781672        16.000000000000000        4.7900932863508183     
   1           1         125   3.3760752855542253        16.000000000000000        4.7907881709231521     
   1           1         126   3.3749765452529048        16.000000000000000        4.7907884643626790     
   1           1         127   16.199921264308198        16.000000000000000        11.799132070004765     
   1           1         128   3.3462074876275532        16.000000000000000        4.7904988704725966     
   1           1         129   3.3039904246296259        16.000000000000000        4.7897087595440704     
   1           1         130   3.3653283257248261        16.000000000000000        4.7913147326408856     
   1           1         131   3.8953939418383667        16.000000000000000        4.7929810657259191     
   1           1         132   20.043713873342533        16.000000000000000        10.484253126860231     
   1           1         133   201.19971467253720        16.000000000000000        175.26757941114403     
   1           1         134   3.5688889894377227        16.000000000000000        4.7929810657259191     
   1           1         135   3.3532495803941722        16.000000000000000        4.7909073650719067     
   1           1         136   85.258770755970232        16.000000000000000        63.437190024909597     
   1           1         137   3.3057908718184477        16.000000000000000        4.7897093880738728     
   1           1         138   3.3306743783019224        16.000000000000000        4.7900934860307594     
   1           1         139   3.6889720521070943        16.000000000000000        4.7929808474197415     
   1           1         140   8.9508756894679120        16.000000000000000        5.1456126306839272     
   1           1         141   141.95378830603278        16.000000000000000        105.46594923495996     
   1           1         142   286.70585270041727        16.000000000000000        258.00236404203446     
   1           1         143   3.3531872161594816        16.000000000000000        4.7904999276659517     
   1           1         144   3.6058386803573090        16.000000000000000        4.7924862086018756     
   1           1         145   3.2925519084117578        16.000000000000000        4.7897081310759457     
   1           1         146   3.5136391198833929        16.000000000000000        4.7929796104662108     
   1           1         147   3.5829534295012970        16.000000000000000        4.7929810657259191     
   1           1         148   3.3197130931125383        16.000000000000000        4.7906889319794077     
   1           1         149   3.3496059170042320        16.000000000000000        4.7904999276659517     
   1           1         150   199.89111837472157        16.000000000000000        160.47540150192589     
   1           1         151   258.34381819184068        16.000000000000000        231.16044652501600     
   1           1         152   3.3542831546812777        16.000000000000000        4.7905002800984091     
   1           1         153   3.2986333389619902        16.000000000000000        4.7897093880738728     
   1           1         154   3.4441299918583277        16.000000000000000        4.7929810657259191     
   1           1         155   3.3539009479576554        16.000000000000000        4.7922696448945832     
   1           1         156   3.3295491521156642        16.000000000000000        4.7900932863508183     
   1           1         157   3.3442725227593177        16.000000000000000        4.7900970595803969     
   1           1         158   10.273322063675613        16.000000000000000        6.9848173507880080     
   1           1         159   3.3146335807396019        16.000000000000000        4.7900929868419535     
   1           1         160   3.4671281370392943        16.000000000000000        4.7929810657259191     
   1           1         161   10.294629446554309        16.000000000000000        6.9848173507880080     
   1           1         162   10.360615742859226        16.000000000000000        6.9880022413409151     
   1           1         163   3.3732352716691238        16.000000000000000        4.7921638689956643     
   1           1         164   3.3288224256157313        16.000000000000000        4.7916616332142814     
   1           1         165   3.3015219951217669        16.000000000000000        4.7895951247862252     
   1           1         166   3.4531038697930208        16.000000000000000        4.7929809929565081     
   1           1         167   3.4318109580105167        16.000000000000000        4.7924858993923891     
   1           1         168   3.3330293567185505        16.000000000000000        4.7900934860307594     
   1           1         169   3.5471981247605839        16.000000000000000        4.7946470828184093     
   1           1         170   8.0359757350595551        16.000000000000000        5.1449123047928680     
   1           1         171   3.3544242558912649        16.000000000000000        4.7903682724899372     
   1           1         172   3.4687439641122517        16.000000000000000        4.7929810657259191     
   1           1         173   3.3295138113438583        16.000000000000000        4.7900934860307594     
   1           1         174   3.2998212537165172        16.000000000000000        4.7893501027384477     
   1           1         175   10.439851091742312        16.000000000000000        6.9880023629279133     
   1           1         176   57.986623706504041        16.000000000000000        56.592664805039817     
   1           1         177   3.3471287286098854        16.000000000000000        4.7904995752508288     
   1           1         178   3.3285971883202286        16.000000000000000        4.7906892403060368     
   1           1         179   3.3261268626493581        16.000000000000000        4.7900934860307594     
   1           1         180   10.390710968180077        16.000000000000000        6.9852195303272797     
   1           1         181   10.304929041614008        16.000000000000000        6.9848170585592895     
   1           1         182   8.1952692116634811        16.000000000000000        5.1456138158393196     
   1           1         183   3.3027752679873452        16.000000000000000        4.7897087595440704     
   1           1         184   3.3291922258481561        16.000000000000000        4.7906499702440657     
   1           1         185   3.3257824508657348        16.000000000000000        4.7900932863508183     
   1           1         186   3.3476304328169633        16.000000000000000        4.7903679651047666     
   1           1         187   3.3231721722306018        16.000000000000000        4.7899712210667840     
   1           1         188   3.6833774199341200        16.000000000000000        4.7940599230365653     
   1           1         189   3.3373102691031451        16.000000000000000        4.7918048189003946     
   1           1         190   3.3874027457885534        16.000000000000000        4.7926968393243055     
   1           1         191   3.4172998989771295        16.000000000000000        4.7924864147487680     
   1           1         192   3.3978313821316690        16.000000000000000        4.7913146621360125     
   1           1         193   3.3299500270311486        16.000000000000000        4.7909210014595018     
   1           1         194   3.3283800140240198        16.000000000000000        4.7900934860307594     
   1           1         195   10.461957758452366        16.000000000000000        6.9878481836535675     
   1           1         196   3.3001033261700115        16.000000000000000        4.7913669381191557     
   1           1         197   3.3370396665538111        16.000000000000000        4.7900967267591481     
   1           1         198   3.3366035675663275        16.000000000000000        4.7905000686368675     
   1           1         199   3.3374750808805209        16.000000000000000        4.7909076979482288     
   1           1         200   3.3368061096574646        16.000000000000000        4.7919246665119140     
   1           1         201   8.0827305973732049        16.000000000000000        5.1458826357833791     
   1           1         202   3.3814399431671744        16.000000000000000        4.7922696448945832     
   1           1         203   3.4427049316647267        16.000000000000000        4.7932613544288039     
   1           1         204   3.3461773045268282        16.000000000000000        4.7909076979482288     
   1           1         205   3.3307100371614733        16.000000000000000        4.7900934860307594     
   1           1         206   3.5468100181386428        16.000000000000000        4.7946475150551544     
   1           1         207   3.3915403804632400        16.000000000000000        4.7921636564884675     
   1           1         208   3.3173312443103349        16.000000000000000        4.7905231857874462     
   1           1         209   3.3141678201888949        16.000000000000000        4.7900932863508183     
   1           1         210   3.3486833006648888        16.000000000000000        4.7905002096105376     
   1           1         211   3.3635983243239522        16.000000000000000        4.7922696448945832     
   1           1         212   3.3033245601978769        16.000000000000000        4.7897093880738728     
   1           1         213   11.433709498151842        16.000000000000000        6.9890436142191055     
   1           1         214   3.3184382127064365        16.000000000000000        4.7900934860307594     
   1           1         215   3.6453747937815053        16.000000000000000        4.7929810657259191     
   1           1         216   3.3169462773761214        16.000000000000000        4.7900934860307594     
   1           1         217   10.332712693352899        16.000000000000000        6.9860087310067982     
   1           1         218   3.6100775999856456        16.000000000000000        4.7929810657259191     
   1           1         219   142.29812754161566        16.000000000000000        124.34991407021364     
   1           1         220   3.7449203923844920        16.000000000000000        4.7946472989342848     
   1           1         221   333.93288496132146        16.000000000000000        311.47673550686636     
   1           1         222   3.3609827829316776        16.000000000000000        4.7921638689956643     
   1           1         223   3.3482325431208122        16.000000000000000        4.7903682110111063     
   1           1         224   362.45215562540841        16.000000000000000        351.10683167910042     
   1           1         225   3.3572484225790094        16.000000000000000        4.7921642940275042     
   1           1         226   559.45546631016316        16.000000000000000        527.34900940218949     
   1           1         227   3.3169841081428859        16.000000000000000        4.7906894458645599     
   1           1         228   10.333079883777398        16.000000000000000        6.9848230682139576     
   1           1         229   10.290771030580133        16.000000000000000        6.9848173507880080     
   1           1         230   390.44468979387500        16.000000000000000        347.45291955156682     
   1           1         231   3.3313814590120550        16.000000000000000        4.7900934194701090     
   1           1         232   3.4134422600016401        16.000000000000000        4.7932608765352445     
   1           1         233   3.3344289767625246        16.000000000000000        4.7900931532341691     
   1           1         234   3.3633659507737255        16.000000000000000        4.7913143801234126     
   1           1         235   3.3311578116560043        16.000000000000000        4.7916618737392271     
   1           1         236   3.4671462919087852        16.000000000000000        4.7920193815806194     
   1           1         237   10.269509981970328        16.000000000000000        6.9842551366571817     
   1           1         238   3.5413945772258186        16.000000000000000        4.7924864147487680     
   1           1         239   3.5744621637626124        16.000000000000000        4.7929810657259191     
   1           1         240   3.3285596969475901        16.000000000000000        4.7900934860307594     
   1           1         241   10.421838984416986        16.000000000000000        6.9880023629279133     
   1           1         242   3.3563562917146017        16.000000000000000        4.7909076979482288     
   1           1         243   3.3652191131095543        16.000000000000000        4.7913143801234126     
   1           1         244   3.4923691809909734        16.000000000000000        4.7929810657259191     
   1           1         245   727.13911919337033        16.000000000000000        677.96741400751068     
   1           1         246   11.679047033685007        16.000000000000000        6.9914824638318587     
   1           1         247   3.3349048611267933        16.000000000000000        4.7900934860307594     
   1           1         248   8.1474547408308524        16.000000000000000        5.1458820109918841     
   1           1         249   3.3548788936521139        16.000000000000000        4.7905002800984091     
   1           1         250   3.3501609057303789        16.000000000000000        4.7922696448945832     
   1           1         251   3.3407973209320185        16.000000000000000        4.7905002096105376     
   1           1         252   783.12399234267286        16.000000000000000        730.72586938023062     
   1           1         253   3.3686405485269999        16.000000000000000        4.7922696448945832     
   1           1         254   3.3261494301354668        16.000000000000000        4.7900931532341691     
   1           1         255   3.3869895749109316        16.000000000000000        4.7903682724899372     
   1           1         256   3.5946028698676127        16.000000000000000        4.7929810657259191     
   1           1         257   3.3703017754690698        16.000000000000000        4.7922696448945832     
   1           1         258   3.5259540276204246        16.000000000000000        4.7929808474197415     
   1           1         259   3.3031075806973198        16.000000000000000        4.7897089166706888     
   1           1         260   10.394279243064771        16.000000000000000        6.9854125825185767     
   1           1         261   3.3670846395148954        16.000000000000000        4.7922696448945832     
   1           1         262   3.3213911892887453        16.000000000000000        4.7900934860307594     
   1           1         263   13.079771876160590        16.000000000000000        9.9153008814279211     
   1           1         264   3.3947192002605893        16.000000000000000        4.7926965689160559     
   1           1         265   27.734540566467256        16.000000000000000        25.074100402572174     
   1           1         266   3.2789732524489610        16.000000000000000        4.7900747110232853     
   1           1         267   3.3671424626634483        16.000000000000000        4.7922696448945832     
   1           1         268   3.3268162325541426        16.000000000000000        4.7900934860307594     
   1           1         269   10.336132649805243        16.000000000000000        6.9854465709826172     
   1           1         270   3.4702002185196319        16.000000000000000        4.7929810657259191     
   1           1         271   3.3561941608062411        16.000000000000000        4.7921642940275042     
   1           1         272   3.3856995151292186        16.000000000000000        4.7907886599995217     
   1           1         273   3.3705193743397315        16.000000000000000        4.7919227642845135     
   1           1         274   7.9704119781653571        16.000000000000000        5.1431315899183208     
   1           1         275   3.3362059281328160        16.000000000000000        4.7919246665119140     
   1           1         276   3.5828885969240027        16.000000000000000        4.7924857276149551     
   1           1         277   3.3232930726833554        16.000000000000000        4.7906501063021825     
   1           1         278   3.3202503289474219        16.000000000000000        4.7900931532341691     
   1           1         279   3.2994390451439819        16.000000000000000        4.7901602958555198     
   1           1         280   3.3723687044597703        16.000000000000000        4.7927612538618947     
   1           1         281   3.3272429844333615        16.000000000000000        4.7900934860307594     
   1           1         282   3.2937016810742952        16.000000000000000        4.7897090738012729     
   1           1         283   10.478554861445696        16.000000000000000        6.9846395573866138     
   1           1         284   3.3526977813999919        16.000000000000000        4.7921642940275042     
   1           1         285   3.3396129744622645        16.000000000000000        4.7909076979482288     
   1           1         286   3.5785126751945278        16.000000000000000        4.7940593925095536     
   1           1         287   3.2887837481469990        16.000000000000000        4.7897093252181122     
   1           1         288   3.3501012917459327        16.000000000000000        4.7904986942889414     
   1           1         289   3.3112140618832311        16.000000000000000        4.7911877684716737     
   1           1         290   3.2996354458073434        16.000000000000000        4.7897093880738728     
   1           1         291   3.3266530291556031        16.000000000000000        4.7906894458645599     
   1           1         292   3.2795667193141371        16.000000000000000        4.7893464023612582     
   1           1         293   3.3136240084735067        16.000000000000000        4.7900934860307594     
   1           1         294   3.3857611816805928        16.000000000000000        4.7922692295069842     
   1           1         295   3.3289845382790815        16.000000000000000        4.7900932863508183     
   1           1         296   3.3727198737323252        16.000000000000000        4.7903682724899372     
   1           1         297   3.3497417876696862        16.000000000000000        4.7903682110111063     
   1           1         298   3.4426052736761963        16.000000000000000        4.7935034628430042     
   1           1         299   3.3598376847365738        16.000000000000000        4.7900973258490778     
   1           1         300   3.3834560789423849        16.000000000000000        4.7903678114204222     
   1           1         301   3.3771353497479160        16.000000000000000        4.7903682724899372     
   1           1         302   3.3488695154974053        16.000000000000000        4.7921642940275042     
   1           1         303   8.0785638417798804        16.000000000000000        5.1435489743494847     
   1           1         304   3.3294854410674248        16.000000000000000        4.7906499702440657     
   1           1         305   3.3347950787994716        16.000000000000000        4.7909076979482288     
   1           1         306   3.3026115525598758        16.000000000000000        4.7902726984853494     
   1           1         307   3.5862962454071718        16.000000000000000        4.7929805199718407     
   1           1         308   3.5332033800531208        16.000000000000000        4.7924863460325184     
   1           1         309   3.3260937417185752        16.000000000000000        4.7916617935633710     
   1           1         310   3.3890755659079050        16.000000000000000        4.7926968393243055     
   1           1         311   3.3851547250875522        16.000000000000000        4.7922695618151776     
   1           1         312   3.2920423379626045        16.000000000000000        4.7897093880738728     
   1           1         313   3.3492121098033762        16.000000000000000        4.7904999276659517     
   1           1         314   3.3732739976550419        16.000000000000000        4.7922695618151776     
   1           1         315   3.3625184111144168        16.000000000000000        4.7913143801234126     
   1           1         316   3.3347704840372936        16.000000000000000        4.7909076979482288     
   1           1         317   3.4942672090674254        16.000000000000000        4.7929810657259191     
   1           1         318   3.3552276304086273        16.000000000000000        4.7913827568527925     
   1           1         319   3.7507424262012732        16.000000000000000        4.7935049269698187     
   1           1         320   3.3297523694683342        16.000000000000000        4.7899708443489146     
   1           1         321   10.400370837609076        16.000000000000000        6.9878481836535675     
   1           1         322   3.3234402332086970        16.000000000000000        4.7900931532341691     
   1           1         323   10.258631579444925        16.000000000000000        6.9837815130869263     
   1           1         324   3.3469742899526582        16.000000000000000        4.7922693956591953     
   1           1         325   3.3433518968344673        16.000000000000000        4.7903668894306328     
   1           1         326   3.3280942523623560        16.000000000000000        4.7900934860307594     
   1           1         327   3.3450794631373855        16.000000000000000        4.7900970595803969     
   1           1         328   3.3493286479866620        16.000000000000000        4.7900973924179109     
   1           1         329   3.3218364591777498        16.000000000000000        4.7906894458645599     
   1           1         330   3.3477618190323595        16.000000000000000        4.7922696448945832     
   1           1         331   3.9413166658607000        16.000000000000000        4.7929808474197415     
   1           1         332   8.0490470409358323        16.000000000000000        5.1435445626705460     
   1           1         333   10.391661721705933        16.000000000000000        6.9852188555631862     
   1           1         334   3.3299027057528683        16.000000000000000        4.7909207970796048     
   1           1         335   3.5082561552739193        16.000000000000000        4.7929810657259191     
   1           1         336   10.267421020552955        16.000000000000000        6.9848168637449692     
   1           1         337   3.3141709662433736        16.000000000000000        4.7900931532341691     
   1           1         338   11.211530851146319        16.000000000000000        6.9890436142191055     
   1           1         339   3.3250197638748280        16.000000000000000        4.7900934194701090     
   1           1         340   3.3244734132754910        16.000000000000000        4.7900932863508183     
   1           1         341   3.3516770792580983        16.000000000000000        4.7909076979482288     
   1           1         342   3.3200661431168408        16.000000000000000        4.7906894458645599     
   1           1         343   10.420379674373526        16.000000000000000        6.9878478104276729     
   1           1         344   3.2743582421195354        16.000000000000000        4.7893461055794067     
   1           1         345   3.3280242879296194        16.000000000000000        4.7900929868419535     
   1           1         346   3.3378176944737712        16.000000000000000        4.7909070322118570     
   1           1         347   3.3827201950669270        16.000000000000000        4.7922695618151776     
   1           1         348   3.3724939315448328        16.000000000000000        4.7921642940275042     
   1           1         349   3.3689459665404038        16.000000000000000        4.7913143801234126     
   1           1         350   3.3235925165265781        16.000000000000000        4.7900932863508183     
   1           1         351   3.3776492458597187        16.000000000000000        4.7921642090192371     
   1           1         352   3.3107818992784632        16.000000000000000        4.7900934860307594     
   1           1         353   10.310434072650525        16.000000000000000        6.9848173507880080     
   1           1         354   3.3641716287648689        16.000000000000000        4.7909074982204523     
   1           1         355   3.3269203195851298        16.000000000000000        4.7906501743322654     
   1           1         356   10.397956346338541        16.000000000000000        6.9854125825185767     
   1           1         357   10.313215970353671        16.000000000000000        6.9848173507880080     
   1           1         358   3.3573984882633487        16.000000000000000        4.7913146621360125     
   1           1         359   3.3272688462212563        16.000000000000000        4.7906894458645599     
   1           1         360   3.3500808880588111        16.000000000000000        4.7903682724899372     
   1           1         361   3.3232124335993931        16.000000000000000        4.7906889319794077     
   1           1         362   3.3493932800355659        16.000000000000000        4.7903682724899372     
   1           1         363   3.3332119683011743        16.000000000000000        4.7900973258490778     
   1           1         364   3.3422425251738512        16.000000000000000        4.7899712210667840     
   1           1         365   8.0830915109094992        16.000000000000000        5.1435489743494847     
   1           1         366   3.4242566159776469        16.000000000000000        4.7932613544288039     
   1           1         367   10.313215281499662        16.000000000000000        6.9848170585592895     
   1           1         368   3.3495479162338504        16.000000000000000        4.7905002800984091     
   1           1         369   3.3297218848269110        16.000000000000000        4.7906501743322654     
   1           1         370   3.3014435049642583        16.000000000000000        4.7895959442648355     
   1           1         371   3.2893325018327579        16.000000000000000        4.7897079739685724     
   1           1         372   10.286134557758681        16.000000000000000        6.9848173507880080     
   1           1         373   3.3781717583945299        16.000000000000000        4.7903682724899372     
   1           1         374   3.3714047819418651        16.000000000000000        4.7903682110111063     
   1           1         375   3.3816664395287157        16.000000000000000        4.7920193166876652     
   1           1         376   3.5687183071091768        16.000000000000000        4.7946470828184093     
   1           1         377   3.6532192268142807        16.000000000000000        4.7940600046589896     
   1           1         378   3.3648718203624592        16.000000000000000        4.7921638689956643     
   1           1         379   3.3472091881482942        16.000000000000000        4.7922696448945832     
   1           1         380   3.4213503218201224        16.000000000000000        4.7929805199718407     
   1           1         381   3.3346217361888586        16.000000000000000        4.7909076979482288     
   1           1         382   3.3499599674074134        16.000000000000000        4.7919246665119140     
   1           1         383   3.3559536680717077        16.000000000000000        4.7922688141426679     
   1           1         384   4.0856234054566540        16.000000000000000        4.7929810657259191     
   1           1         385   5.6817612590802256        16.000000000000000        2.9662186475584811     
   1           1         386   10.300858995536538        16.000000000000000        6.9860290920568211     
   1           1         387   3.9188766200638581        16.000000000000000        4.7935047728390057     
   1           1         388   3.5169479948825311        16.000000000000000        4.7929810657259191     
   1           1         389   8.0416566029781986        16.000000000000000        5.1435445626705460     
   1           1         390   3.3333056635133733        16.000000000000000        4.7900934194701090     
   1           1         391   3.4072241389570679        16.000000000000000        4.7932610676895182     
   1           1         392   10.353285658947991        16.000000000000000        6.9862489780012913     
   1           1         393   3.2996840268542087        16.000000000000000        4.7897093880738728     
   1           1         394   3.3525186702896881        16.000000000000000        4.7922696448945832     
   1           1         395   8.1012578052216462        16.000000000000000        5.1427330758275236     
   1           1         396   3.9128060633982487        16.000000000000000        4.7929794285778176     
   1           1         397   3.3228161272364614        16.000000000000000        4.7900934194701090     
   1           1         398   10.389621011032048        16.000000000000000        6.9854106227189128     
   1           1         399   3.3535644106397919        16.000000000000000        4.7903682724899372     
   1           1         400   3.6673512229466674        16.000000000000000        4.7924863460325184     
   1           1         401   3.3526452548380470        16.000000000000000        4.7922690218218893     
   1           1         402   3.4058945974347319        16.000000000000000        4.7912324669724811     
   1           1         403   3.3601444144326895        16.000000000000000        4.7922696448945832     
   1           1         404   10.300608014993417        16.000000000000000        6.9856893001059435     
   1           1         405   3.3479968028908460        16.000000000000000        4.7921642090192371     
   1           1         406   3.3390496601701778        16.000000000000000        4.7909074982204523     
   1           1         407   3.3266188017885812        16.000000000000000        4.7900928204538431     
   1           1         408   10.322504641097822        16.000000000000000        6.9848168637449692     
   1           1         409   3.3607162810620217        16.000000000000000        4.7910882326252455     
   1           1         410   3.3645420918765434        16.000000000000000        4.7905002800984091     
   1           1         411   3.3697602704200631        16.000000000000000        4.7903679651047666     
   1           2           1   3.3564215557155528        17.000000000000000        4.8277366899565530     
   1           2           2   3.4403231070951970        17.000000000000000        4.8290663065366681     
   1           2           3   3.3458676562985730        17.000000000000000        4.8277075716751403     
   1           2           4   3.3918971498980177        17.000000000000000        4.8285687411716314     
   1           2           5   3.3276159633941695        17.000000000000000        4.8277075716751403     
   1           2           6   3.3368344600396718        17.000000000000000        4.8277075716751403     
   1           2           7   3.3488191762924893        17.000000000000000        4.8277368954617392     
   1           2           8   18.035946693666737        17.000000000000000        10.445623892724617     
   1           2           9   3.3345737251787524        17.000000000000000        4.8277367756433991     
   1           2          10   3.3476941074254065        17.000000000000000        4.8277366899565530     
   1           2          11   3.3347694106824823        17.000000000000000        4.8277072291728009     
   1           2          12   8.0348624895949907        17.000000000000000        5.1841857842942938     
   1           2          13   3.3072832677923607        17.000000000000000        4.8273111936983462     
   1           2          14   3.2978204760873626        17.000000000000000        4.8269368745623655     
   1           2          15   3.3483024966632025        17.000000000000000        4.8281262821336091     
   1           2          16   3.3183984765663173        17.000000000000000        4.8273113233166303     
   1           2          17   3.3483515902771157        17.000000000000000        4.8277363817096299     
   1           2          18   3.3508127374503629        17.000000000000000        4.8277368954617392     
   1           2          19   3.3366790726069482        17.000000000000000        4.8277075031733903     
   1           2          20   3.3257558228697488        17.000000000000000        4.8277060305420720     
   1           2          21   3.2944260517991650        17.000000000000000        4.8269629392955045     
   1           2          22   3.3328728208973337        17.000000000000000        4.8277072291728009     
   1           2          23   3.3609555657889079        17.000000000000000        4.8277812285384440     
   1           2          24   3.3666211348660275        17.000000000000000        4.8277816776105000     
   1           2          25   3.3367621878843812        16.000000000000000        4.8277291950823482     
   1           2          26   3.3208089351938752        16.000000000000000        4.8277075716751403     
   1           2          27   3.4070733144091290        16.000000000000000        4.8274122196805251     
   1           2          28   3.3664876155508257        16.000000000000000        4.8277816776105000     
   1           2          29   3.3385174317269697        16.000000000000000        4.8277070579276584     
   1           2          30   13.360795392396586        16.000000000000000        8.5439344741934597     
   1           2          31   57.979998419421868        16.000000000000000        51.914564063863814     
   1           2          32   3.3120811984574758        16.000000000000000        4.8273111936983462     
   1           2          33   3.3553532718614938        16.000000000000000        4.8273862478252356     
   1           2          34   3.3341288823948250        16.000000000000000        4.8277286808211670     
   1           2          35   3.3667005272656150        16.000000000000000        4.8277817467009472     
   1           2          36   3.3615702832379197        16.000000000000000        4.8281262097274675     
   1           2          37   3.3582377530137886        16.000000000000000        4.8281262821336091     
   1           2          38   3.3424311675652922        16.000000000000000        4.8277075716751403     
   1           2          39   3.3358195085083331        16.000000000000000        4.8277075716751403     
   1           2          40   3.3385487223830745        16.000000000000000        4.8277072291728009     
   1           2          41   3.3385132704223790        16.000000000000000        4.8277075716751403     
   1           2          42   3.3608639717071105        16.000000000000000        4.8281474641935080     
   1           2          43   3.3366514878764080        16.000000000000000        4.8277073661717980     
   1           2          44   3.3280878566919818        16.000000000000000        4.8277072291728009     
   1           2          45   3.3671914950696173        16.000000000000000        4.8277172214175792     
   1           2          46   3.3819837806256321        16.000000000000000        4.8277840173863842     
   1           2          47   83.958959968811072        16.000000000000000        74.644355350139278     
   1           2          48   3.3450212521797118        16.000000000000000        4.8277075716751403     
   1           2          49   57.947660820093816        16.000000000000000        56.192463412215837     
   1           2          50   12.023072555728612        16.000000000000000        7.1486870142097025     
   1           2          51   3.3380191112374624        16.000000000000000        4.8277291950823482     
   1           2          52   3.4261636750881759        16.000000000000000        4.8285793706606484     
   1           2          53   3.3268829877832813        16.000000000000000        4.8277075031733903     
   1           2          54   3.3612815198305510        16.000000000000000        4.8281255581033227     
   1           2          55   3.3678810114337558        16.000000000000000        4.8277816776105000     
   1           2          56   3.4292191105492145        16.000000000000000        4.8278125737565327     
   1           2          57   3.3405151861709230        16.000000000000000        4.8277291950823482     
   1           2          58   3.3766265635317851        16.000000000000000        4.8277847075088154     
   1           2          59   3.3341419056776824        16.000000000000000        4.8277075716751403     
   1           2          60   3.2895560377783197        16.000000000000000        4.8269365679544292     
   1           2          61   86.097324076945782        16.000000000000000        76.796689328503831     
   1           2          62   3.3660710728775940        16.000000000000000        4.8277061823708207     
   1           2          63   3.4169247981097404        16.000000000000000        4.8290369529624266     
   1           2          64   3.4132991525759437        16.000000000000000        4.8285927818463241     
   1           2          65   3.3335670674544478        16.000000000000000        4.8270094452309591     
   1           2          66   10.202210339666740        16.000000000000000        7.0607551573892211     
   1           2          67   3.2912791317493100        16.000000000000000        4.8269627540598474     
   1           2          68   3.3337721146257899        16.000000000000000        4.8277367756433991     
   1           2          69   3.3296569640047928        16.000000000000000        4.8273209904988432     
   1           2          70   3.3789650037063566        16.000000000000000        4.8282065003017429     
   1           2          71   3.3283846667620853        16.000000000000000        4.8277075716751403     
   1           2          72   3.4155596941498967        16.000000000000000        4.8285979311025216     
   1           2          73   3.3515145085881932        16.000000000000000        4.8277731664930350     
   1           2          74   3.3080030021381139        16.000000000000000        4.8273110316789438     
   1           2          75   3.3747624718477369        16.000000000000000        4.8277816776105000     
   1           2          76   3.3346705280740871        16.000000000000000        4.8277075716751403     
   1           2          77   3.3374711949631228        16.000000000000000        4.8277275290255233     
   1           2          78   3.4175957035840772        16.000000000000000        4.8286420324115511     
   1           2          79   3.3347352086356774        16.000000000000000        4.8277072291728009     
   1           2          80   11.424062253037384        16.000000000000000        7.1475095922040808     
   1           2          81   3.3325678697805539        16.000000000000000        4.8277291950823482     
   1           2          82   3.3160937590949779        16.000000000000000        4.8273114529373080     
   1           2          83   3.3936295552458922        16.000000000000000        4.8277816776105000     
   1           2          84   3.3760432759926426        16.000000000000000        4.8277816776105000     
   1           2          85   11.122089099912818        16.000000000000000        7.1487160594062562     
   1           2          86   3.3569554030909057        16.000000000000000        4.8277175630384566     
   1           2          87   3.3421852964391849        16.000000000000000        4.8277075716751403     
   1           2          88   10.364301672201153        16.000000000000000        7.0618862030046294     
   1           2          89   3.3316345973384238        16.000000000000000        4.8277075031733903     
   1           2          90   3.3760869902951525        16.000000000000000        4.8277817467009472     
   1           2          91   3.3762321861810460        16.000000000000000        4.8277174947129833     
   1           2          92   3.3012602059965261        16.000000000000000        4.8273111936983462     
   1           2          93   3.3276865328843157        16.000000000000000        4.8277068866864958     
   1           2          94   3.3355413529730220        16.000000000000000        4.8277277346824690     
   1           2          95   3.3486072647599174        16.000000000000000        4.8273207319406231     
   1           2          96   8.0611587368419038        16.000000000000000        5.1849363085273685     
   1           2          97   3.3757677818099836        16.000000000000000        4.8281556152209317     
   1           2          98   3.3568224060699685        16.000000000000000        4.8277172214175792     
   1           2          99   3.3338953572635641        16.000000000000000        4.8277075716751403     
   1           2         100   3.3314427397898569        16.000000000000000        4.8277068866864958     
   1           2         101   3.3118365239305128        16.000000000000000        4.8269367027327643     
   1           2         102   3.3631333430555226        16.000000000000000        4.8277175630384566     
   1           2         103   3.3300896492299756        16.000000000000000        4.8277070579276584     
   1           2         104   3.2832138901010888        16.000000000000000        4.8269362613610092     
   1           2         105   3.3043434878868161        16.000000000000000        4.8273113233166303     
   1           2         106   3.3376679515157206        16.000000000000000        4.8277075716751403     
   1           2         107   3.5600844898572181        16.000000000000000        4.8278120583961961     
   1           2         108   3.3803490322915875        16.000000000000000        4.8281363902880772     
   1           2         109   3.3340309109377348        16.000000000000000        4.8277075716751403     
   1           2         110   3.4002986150534711        16.000000000000000        4.8282040640180659     
   1           2         111   3.3403287797473711        16.000000000000000        4.8277070579276584     
   1           2         112   3.3695977242977202        16.000000000000000        4.8281474641935080     
   1           2         113   3.3668798835085743        16.000000000000000        4.8277726484619841     
   1           2         114   8.1678542895657191        16.000000000000000        5.1850195729217372     
   1           2         115   3.3324471023827367        16.000000000000000        4.8273208612185146     
   1           2         116   3.4686418659614131        16.000000000000000        4.8282338605157946     
   1           2         117   10.904656401654822        16.000000000000000        6.5267741708444102     
   1           2         118   11.675953553784012        16.000000000000000        7.0626612587201496     
   1           2         119   11.663537469454333        16.000000000000000        7.1495698540358044     
   1           2         120   3.3725770542562215        16.000000000000000        4.8281564657289042     
   1           2         121   3.4977094240646829        16.000000000000000        4.8278123676080451     
   1           2         122   3.4586512774886460        16.000000000000000        4.8291219884159835     
   1           2         123   3.3562653132268045        16.000000000000000        4.8281262097274675     
   1           2         124   3.3353177413964930        16.000000000000000        4.8277075031733903     
   1           2         125   3.3846701265587287        16.000000000000000        4.8281367513987092     
   1           2         126   3.3571728205816931        16.000000000000000        4.8277172214175792     
   1           2         127   15.184736738176150        16.000000000000000        10.715189191291358     
   1           2         128   3.3082557222389299        16.000000000000000        4.8273108696634059     
   1           2         129   3.3140369531749072        16.000000000000000        4.8273111936983462     
   1           2         130   3.3064755649379909        16.000000000000000        4.8269657215314368     
   1           2         131   3.8680907189075051        16.000000000000000        4.8274127072762703     
   1           2         132   20.100052992440585        16.000000000000000        10.146192123041878     
   1           2         133   201.20253150033398        16.000000000000000        174.80239200854220     
   1           2         134   3.5340084298483054        16.000000000000000        4.8274122196805251     
   1           2         135   3.3630644079626602        16.000000000000000        4.8277366899565530     
   1           2         136   85.155532161911822        16.000000000000000        62.571933941576177     
   1           2         137   3.3153522430112061        16.000000000000000        4.8273111936983462     
   1           2         138   3.3401408498454694        16.000000000000000        4.8277075716751403     
   1           2         139   3.7230355482035975        16.000000000000000        4.8282338605157946     
   1           2         140   9.0855170735711237        16.000000000000000        5.1850491483649437     
   1           2         141   141.95584223824486        16.000000000000000        104.71217579694360     
   1           2         142   286.71695031590690        16.000000000000000        257.94334168627552     
   1           2         143   3.3631036520725321        16.000000000000000        4.8281255581033227     
   1           2         144   3.5804246528952040        16.000000000000000        4.8270343943143370     
   1           2         145   3.3505067902084402        16.000000000000000        4.8281260649173374     
   1           2         146   3.5132441695780137        16.000000000000000        4.8278110277850343     
   1           2         147   3.5799829799271161        16.000000000000000        4.8278125737565327     
   1           2         148   3.3292565466585682        16.000000000000000        4.8277291265121134     
   1           2         149   3.3106758867906758        16.000000000000000        4.8273110316789438     
   1           2         150   199.89731217964155        16.000000000000000        159.31148536585607     
   1           2         151   258.55286829065659        16.000000000000000        231.55009766267392     
   1           2         152   3.3638780622088871        16.000000000000000        4.8281262821336091     
   1           2         153   3.3308958716703412        16.000000000000000        4.8277075716751403     
   1           2         154   3.4481632159568862        16.000000000000000        4.8278125737565327     
   1           2         155   3.3618582014192127        16.000000000000000        4.8277853976970118     
   1           2         156   3.3653794277793558        16.000000000000000        4.8281255581033227     
   1           2         157   3.3528765349411440        16.000000000000000        4.8277076550089033     
   1           2         158   10.235803859621264        16.000000000000000        7.0613054761543275     
   1           2         159   3.3504673542890311        16.000000000000000        4.8281262821336091     
   1           2         160   3.4999927458427726        16.000000000000000        4.8282353130537432     
   1           2         161   10.324841937692833        16.000000000000000        7.0618846946118845     
   1           2         162   10.388581104929420        16.000000000000000        7.0620007241985672     
   1           2         163   3.3828860431198580        16.000000000000000        4.8277817467009472     
   1           2         164   3.3638742180913761        16.000000000000000        4.8277816776105000     
   1           2         165   3.3548962130140993        16.000000000000000        4.8277175630384566     
   1           2         166   3.4572207474349432        16.000000000000000        4.8278125737565327     
   1           2         167   3.4622177138821866        16.000000000000000        4.8278125737565327     
   1           2         168   3.3423692748074152        16.000000000000000        4.8277070579276584     
   1           2         169   3.5103274364884451        16.000000000000000        4.8286822595569872     
   1           2         170   8.1689301473267868        16.000000000000000        5.1850197212622815     
   1           2         171   3.3628985264784079        16.000000000000000        4.8277175630384566     
   1           2         172   3.4707367917582101        16.000000000000000        4.8278125050397316     
   1           2         173   3.3650882101332535        16.000000000000000        4.8281260649173374     
   1           2         174   3.3521061940875647        16.000000000000000        4.8277077235109696     
   1           2         175   10.549581872420282        16.000000000000000        7.0626196997751984     
   1           2         176   57.986753451838325        16.000000000000000        56.578195798607595     
   1           2         177   3.3086694616192163        16.000000000000000        4.8273110316789438     
   1           2         178   3.3373261885321805        16.000000000000000        4.8277289893735240     
   1           2         179   3.3358188509826472        16.000000000000000        4.8277075716751403     
   1           2         180   10.417524151553971        16.000000000000000        7.0619015275017194     
   1           2         181   10.334473367788588        16.000000000000000        7.0618864544242825     
   1           2         182   8.2098086421702892        16.000000000000000        5.1842129605566543     
   1           2         183   3.3916275927959671        16.000000000000000        4.8285682054435588     
   1           2         184   3.3399888684409444        16.000000000000000        4.8277277346824690     
   1           2         185   3.3359483681399977        16.000000000000000        4.8277072291728009     
   1           2         186   3.3564251166261676        16.000000000000000        4.8277175630384566     
   1           2         187   3.3551402691775101        16.000000000000000        4.8277175630384566     
   1           2         188   3.6039942391649298        16.000000000000000        4.8278122301789308     
   1           2         189   3.3695245876643023        16.000000000000000        4.8277851906337084     
   1           2         190   3.3675628722595872        16.000000000000000        4.8277817467009472     
   1           2         191   3.4473497420738433        16.000000000000000        4.8278125737565327     
   1           2         192   3.3813081886461269        16.000000000000000        4.8277368269593763     
   1           2         193   3.3421962244621821        16.000000000000000        4.8277360859150402     
   1           2         194   3.3641009335600347        16.000000000000000        4.8281259201098949     
   1           2         195   10.490309427863830        16.000000000000000        7.0619958700537664     
   1           2         196   3.3538408358286187        16.000000000000000        4.8277853976970118     
   1           2         197   3.3230449427962467        16.000000000000000        4.8273111747258923     
   1           2         198   3.2801508381280722        16.000000000000000        4.8269368745623655     
   1           2         199   3.3473859361990077        16.000000000000000        4.8277368954617392     
   1           2         200   3.3496477338271209        16.000000000000000        4.8277731664930350     
   1           2         201   8.1047729995179800        16.000000000000000        5.1850198696056067     
   1           2         202   3.3897968843328394        16.000000000000000        4.8277853976970118     
   1           2         203   3.3857993697186268        16.000000000000000        4.8277815394315278     
   1           2         204   3.3559890378840791        16.000000000000000        4.8277368954617392     
   1           2         205   3.3402588089795424        16.000000000000000        4.8277075716751403     
   1           2         206   3.4216202580013291        16.000000000000000        4.8274112445926507     
   1           2         207   3.3720201681042141        16.000000000000000        4.8273817000345991     
   1           2         208   3.3074200177989859        16.000000000000000        4.8269649550862734     
   1           2         209   3.3243394618754367        16.000000000000000        4.8277075716751403     
   1           2         210   3.3326112186741352        16.000000000000000        4.8277072291728009     
   1           2         211   3.3704264508461637        16.000000000000000        4.8277848800497898     
   1           2         212   3.3134169457473979        16.000000000000000        4.8273114529373080     
   1           2         213   11.429730132504286        16.000000000000000        7.0620411340808484     
   1           2         214   3.3058588678844827        16.000000000000000        4.8273114529373080     
   1           2         215   3.6404387072971458        16.000000000000000        4.8278125737565327     
   1           2         216   3.3271380740863394        16.000000000000000        4.8277075716751403     
   1           2         217   10.444823806016785        16.000000000000000        7.0625437068474657     
   1           2         218   3.6028781788801334        16.000000000000000        4.8278125737565327     
   1           2         219   142.31824485867224        16.000000000000000        123.61077563198280     
   1           2         220   3.6078278773967956        16.000000000000000        4.8278118866174635     
   1           2         221   334.44256313772803        16.000000000000000        313.36485131612301     
   1           2         222   3.3702527684511283        16.000000000000000        4.8277814012551907     
   1           2         223   3.3130729242442043        16.000000000000000        4.8269459194598445     
   1           2         224   362.45746007162637        16.000000000000000        350.69106033934287     
   1           2         225   3.4684720115601175        16.000000000000000        4.8291241639187836     
   1           2         226   559.44836083982523        16.000000000000000        526.35201452655986     
   1           2         227   3.4166590031484727        16.000000000000000        4.8290617811719647     
   1           2         228   10.229010086342216        16.000000000000000        7.0607556253885617     
   1           2         229   10.251887276750383        16.000000000000000        7.0613054761543275     
   1           2         230   390.46166030689380        16.000000000000000        345.83907239573188     
   1           2         231   3.3408142459878856        16.000000000000000        4.8277075716751403     
   1           2         232   3.3621271850886254        16.000000000000000        4.8277812285384440     
   1           2         233   3.4006143420261461        16.000000000000000        4.8285685881028400     
   1           2         234   3.3470347797820899        16.000000000000000        4.8277365529563196     
   1           2         235   3.3948958921632357        16.000000000000000        4.8282029687316887     
   1           2         236   3.5209656470054238        16.000000000000000        4.8278125050397316     
   1           2         237   10.373038504262936        16.000000000000000        7.0618864544242825     
   1           2         238   3.6360186345754810        16.000000000000000        4.8286822595569872     
   1           2         239   3.5694212568211934        16.000000000000000        4.8278120583961961     
   1           2         240   3.3154597254672251        16.000000000000000        4.8273114529373080     
   1           2         241   10.444468722167878        16.000000000000000        7.0620012308730740     
   1           2         242   3.3661636596428819        16.000000000000000        4.8277368954617392     
   1           2         243   3.3058779633328177        16.000000000000000        4.8269658748313091     
   1           2         244   3.4931062331274205        16.000000000000000        4.8278125737565327     
   1           2         245   727.24573230639203        16.000000000000000        679.17316091425835     
   1           2         246   11.344511450221681        16.000000000000000        7.0620408314164536     
   1           2         247   3.3442622924057797        16.000000000000000        4.8277073661717980     
   1           2         248   8.2331315330366088        16.000000000000000        5.1854727857712390     
   1           2         249   3.3644491410157702        16.000000000000000        4.8281262097274675     
   1           2         250   3.3344276143264282        16.000000000000000        4.8273867375794852     
   1           2         251   3.3508743717431213        16.000000000000000        4.8281255581033227     
   1           2         252   782.84404476160796        16.000000000000000        722.76536326074176     
   1           2         253   3.3761326007764989        16.000000000000000        4.8277853976970118     
   1           2         254   3.3358609935220871        16.000000000000000        4.8277075716751403     
   1           2         255   3.3950919436570222        16.000000000000000        4.8277170506132263     
   1           2         256   3.7011099488117156        16.000000000000000        4.8291548229847399     
   1           2         257   3.3778551286960359        16.000000000000000        4.8277847075088154     
   1           2         258   3.5230079509476857        16.000000000000000        4.8278123676080451     
   1           2         259   3.3131891946426641        16.000000000000000        4.8273114529373080     
   1           2         260   10.344127859113033        16.000000000000000        7.0618869572813345     
   1           2         261   3.3750873008931737        16.000000000000000        4.8277853976970118     
   1           2         262   3.3311882322408097        16.000000000000000        4.8277075031733903     
   1           2         263   13.106758854775473        16.000000000000000        10.027809782648877     
   1           2         264   3.3741295874271695        16.000000000000000        4.8277817467009472     
   1           2         265   27.734245161950177        16.000000000000000        24.980753759593359     
   1           2         266   3.3101252251817668        16.000000000000000        4.8273384549235718     
   1           2         267   3.4360299410599664        16.000000000000000        4.8286523931069105     
   1           2         268   3.3624915688694004        16.000000000000000        4.8281262097274675     
   1           2         269   10.612217044639820        16.000000000000000        7.0631946152382117     
   1           2         270   3.5037241213401229        16.000000000000000        4.8282353130537432     
   1           2         271   3.3936291524153175        16.000000000000000        4.8282031512686165     
   1           2         272   3.3672975800874907        16.000000000000000        4.8277175630384566     
   1           2         273   3.3923405852801398        16.000000000000000        4.8277729592762064     
   1           2         274   8.0483659769142175        16.000000000000000        5.1849363085273685     
   1           2         275   3.3486373366125428        16.000000000000000        4.8277731664930350     
   1           2         276   3.5833762035975028        16.000000000000000        4.8274122196805251     
   1           2         277   3.3337865481355498        16.000000000000000        4.8277277346824690     
   1           2         278   3.3303147661988590        16.000000000000000        4.8277075716751403     
   1           2         279   3.3518467656688355        16.000000000000000        4.8277368954617392     
   1           2         280   3.3540642730697900        16.000000000000000        4.8277853976970118     
   1           2         281   3.3369012370698021        16.000000000000000        4.8277075716751403     
   1           2         282   3.3514819704505028        16.000000000000000        4.8281260649173374     
   1           2         283   10.709850366785393        16.000000000000000        7.0628930066082889     
   1           2         284   3.3902316101613987        16.000000000000000        4.8282040640180659     
   1           2         285   3.3265091923249486        16.000000000000000        4.8273406383775450     
   1           2         286   3.5401890442238506        16.000000000000000        4.8282350951555637     
   1           2         287   3.3210137282383205        16.000000000000000        4.8277075716751403     
   1           2         288   3.3338174215886314        16.000000000000000        4.8277075716751403     
   1           2         289   3.3677133375413684        16.000000000000000        4.8277817467009472     
   1           2         290   3.3579326246856782        16.000000000000000        4.8281260649173374     
   1           2         291   3.2917763262936726        16.000000000000000        4.8269562736481939     
   1           2         292   3.4223571520561165        16.000000000000000        4.8290370338699544     
   1           2         293   3.3014863666567416        16.000000000000000        4.8273110316789438     
   1           2         294   3.3942904819500161        16.000000000000000        4.8277853976970118     
   1           2         295   3.3387104704883765        16.000000000000000        4.8277075716751403     
   1           2         296   3.3580347094504477        16.000000000000000        4.8273209904988432     
   1           2         297   3.3583972140330389        16.000000000000000        4.8277175630384566     
   1           2         298   3.4196245292509868        16.000000000000000        4.8278125737565327     
   1           2         299   3.3674399896337999        16.000000000000000        4.8277075180066875     
   1           2         300   3.3916878228964107        16.000000000000000        4.8277168798129146     
   1           2         301   3.4121063379013217        16.000000000000000        4.8281363902880772     
   1           2         302   3.3335748872896236        16.000000000000000        4.8273804581691699     
   1           2         303   8.0997092963166608        16.000000000000000        5.1849364716968074     
   1           2         304   3.3397554725819050        16.000000000000000        4.8277277346824690     
   1           2         305   3.3447695981692838        16.000000000000000        4.8277368954617392     
   1           2         306   3.3116036169898226        16.000000000000000        4.8273307322685781     
   1           2         307   3.5529848366273220        16.000000000000000        4.8274122196805251     
   1           2         308   3.5948019350013283        16.000000000000000        4.8282352404203088     
   1           2         309   3.3137336439178418        16.000000000000000        4.8270034093575642     
   1           2         310   3.3440107057609705        16.000000000000000        4.8273804581691699     
   1           2         311   3.3931959318325338        16.000000000000000        4.8277850525947885     
   1           2         312   3.3020912279284751        16.000000000000000        4.8273114529373080     
   1           2         313   3.3329281640584214        16.000000000000000        4.8277075716751403     
   1           2         314   3.3810910791013051        16.000000000000000        4.8277853976970118     
   1           2         315   3.3460429339115065        16.000000000000000        4.8277366899565530     
   1           2         316   3.3446962818189339        16.000000000000000        4.8277368269593763     
   1           2         317   3.5621242693644328        16.000000000000000        4.8286822595569872     
   1           2         318   3.3676182323783523        16.000000000000000        4.8281566479842297     
   1           2         319   3.7232720737861893        16.000000000000000        4.8278125737565327     
   1           2         320   3.3612632249196337        16.000000000000000        4.8277175630384566     
   1           2         321   10.351324716865056        16.000000000000000        7.0614079025146470     
   1           2         322   3.3890287687978451        16.000000000000000        4.8285682054435588     
   1           2         323   10.363291950542061        16.000000000000000        7.0613181871087178     
   1           2         324   3.3553392638617368        16.000000000000000        4.8277853286752652     
   1           2         325   3.3523789224681626        16.000000000000000        4.8277174947129833     
   1           2         326   3.3379332497162033        16.000000000000000        4.8277075716751403     
   1           2         327   3.3306241461197428        16.000000000000000        4.8273116607977373     
   1           2         328   3.3344813407370819        16.000000000000000        4.8273115959861759     
   1           2         329   3.3313486845812381        16.000000000000000        4.8277291265121134     
   1           2         330   3.3837505856600396        16.000000000000000        4.8282063179205634     
   1           2         331   3.9435764715436070        16.000000000000000        4.8278125737565327     
   1           2         332   7.9693389208322332        16.000000000000000        5.1841076012220793     
   1           2         333   10.417974177581899        16.000000000000000        7.0619013268755806     
   1           2         334   3.3422750404981469        16.000000000000000        4.8277367756433991     
   1           2         335   3.4808386491755168        16.000000000000000        4.8274127072762703     
   1           2         336   10.299192794397861        16.000000000000000        7.0618869572813345     
   1           2         337   3.3243545559600665        16.000000000000000        4.8277075716751403     
   1           2         338   11.422073062066390        16.000000000000000        7.0633174233921068     
   1           2         339   3.3123106020013076        16.000000000000000        4.8273115177485710     
   1           2         340   3.3116456081504340        16.000000000000000        4.8273111936983462     
   1           2         341   3.3387039759124897        16.000000000000000        4.8273406383775450     
   1           2         342   3.3296509690977865        16.000000000000000        4.8277291950823482     
   1           2         343   10.542180756437917        16.000000000000000        7.0626166052553110     
   1           2         344   3.3810813254257326        16.000000000000000        4.8285682054435588     
   1           2         345   3.3377919276755748        16.000000000000000        4.8277075716751403     
   1           2         346   3.3737970745225265        16.000000000000000        4.8281555428141418     
   1           2         347   3.3872648707906241        16.000000000000000        4.8277848800497898     
   1           2         348   3.3815157132279703        16.000000000000000        4.8277815394315278     
   1           2         349   3.3100582223801647        16.000000000000000        4.8269659974738062     
   1           2         350   3.3595442258058426        16.000000000000000        4.8281262821336091     
   1           2         351   3.3596274724311459        16.000000000000000        4.8273812751607235     
   1           2         352   3.3210309249412688        16.000000000000000        4.8277075716751403     
   1           2         353   10.342532521577482        16.000000000000000        7.0618869572813345     
   1           2         354   3.3739930974012475        16.000000000000000        4.8277368954617392     
   1           2         355   3.3641667885322795        16.000000000000000        4.8281474641935080     
   1           2         356   10.347121577181694        16.000000000000000        7.0618869572813345     
   1           2         357   10.343303070861543        16.000000000000000        7.0618869572813345     
   1           2         358   3.3184330684479866        16.000000000000000        4.8273405087581072     
   1           2         359   3.2929068991519315        16.000000000000000        4.8269563350322313     
   1           2         360   3.4150774580221599        16.000000000000000        4.8285782256038106     
   1           2         361   3.4244333014507942        16.000000000000000        4.8290619836320605     
   1           2         362   3.3580485084554068        16.000000000000000        4.8277173580639605     
   1           2         363   3.3686032155374765        16.000000000000000        4.8281263708997164     
   1           2         364   3.3306345139217965        16.000000000000000        4.8269459806183210     
   1           2         365   8.1040809022496489        16.000000000000000        5.1849364716968074     
   1           2         366   3.3996862318830652        16.000000000000000        4.8282046117197890     
   1           2         367   10.343276709926583        16.000000000000000        7.0618869572813345     
   1           2         368   3.3332931523078684        16.000000000000000        4.8277075716751403     
   1           2         369   3.3169104703272914        16.000000000000000        4.8273304535083010     
   1           2         370   3.3105774376505752        16.000000000000000        4.8269456748318227     
   1           2         371   3.3470139546400048        16.000000000000000        4.8281257391044736     
   1           2         372   10.248924845734512        16.000000000000000        7.0613053809989008     
   1           2         373   3.3862357054795265        16.000000000000000        4.8277175630384566     
   1           2         374   3.3796423926436434        16.000000000000000        4.8277175630384566     
   1           2         375   3.4981225503942848        16.000000000000000        4.8286820292275658     
   1           2         376   3.4644654542709570        16.000000000000000        4.8278125050397316     
   1           2         377   3.6935971080880261        16.000000000000000        4.8291542142918455     
   1           2         378   3.4037423880987836        16.000000000000000        4.8282043926344294     
   1           2         379   3.4148857814183295        16.000000000000000        4.8286518918485717     
   1           2         380   3.4268648603692049        16.000000000000000        4.8278122301789308     
   1           2         381   3.3445653925649910        16.000000000000000        4.8277363817096299     
   1           2         382   3.3391927373137342        16.000000000000000        4.8273731548973906     
   1           2         383   3.3647190583028710        16.000000000000000        4.8277850525947885     
   1           2         384   4.0871858063714122        16.000000000000000        4.8278110277850343     
   1           2         385   5.6309094217711086        16.000000000000000        2.9882171181707653     
   1           2         386   10.336721518334146        16.000000000000000        7.0619298380807649     
   1           2         387   3.8882529454905570        16.000000000000000        4.8278120583961961     
   1           2         388   3.5453134577238661        16.000000000000000        4.8282352404203088     
   1           2         389   8.0652811814299010        16.000000000000000        5.1849363085273685     
   1           2         390   3.4341703640799381        16.000000000000000        4.8290370338699544     
   1           2         391   3.3845946745858266        16.000000000000000        4.8282045386906338     
   1           2         392   10.381775321128705        16.000000000000000        7.0603104791042179     
   1           2         393   3.3319844953151581        16.000000000000000        4.8277075716751403     
   1           2         394   3.3610355750052126        16.000000000000000        4.8277853976970118     
   1           2         395   8.1825333214935707        16.000000000000000        5.1840457107966005     
   1           2         396   3.9146132371513809        16.000000000000000        4.8278125737565327     
   1           2         397   3.3584038173298070        16.000000000000000        4.8281259201098949     
   1           2         398   10.421985282464725        16.000000000000000        7.0625013805627086     
   1           2         399   3.3386331631408193        16.000000000000000        4.8273208612185146     
   1           2         400   3.6982647680271725        16.000000000000000        4.8278125737565327     
   1           2         401   3.3614049991207837        16.000000000000000        4.8277853976970118     
   1           2         402   3.3839682511503391        16.000000000000000        4.8281366791751683     
   1           2         403   3.3434142462346244        16.000000000000000        4.8273867375794852     
   1           2         404   10.329616058033908        16.000000000000000        7.0619187073962086     
   1           2         405   3.3329574851522064        16.000000000000000        4.8273817000345991     
   1           2         406   3.4050511982783478        16.000000000000000        4.8285982372457248     
   1           2         407   3.3365475851535202        16.000000000000000        4.8277075031733903     
   1           2         408   10.352223349974174        16.000000000000000        7.0618864544242825     
   1           2         409   3.4027845853277476        16.000000000000000        4.8285908047004842     
   1           2         410   3.3464827874114769        16.000000000000000        4.8277075031733903     
   1           2         411   3.3549648815063526        16.000000000000000        4.8273207319406231     
   2           1           1   4.6078639165539466        17.000000000000000        3.6347896226160041     
   2           1           2   4.1692585354052509        17.000000000000000        3.6132331167018368     
   2           1           3   4.4024313723898887        17.000000000000000        3.5664079032292566     
   2           1           4   4.2972238911735312        17.000000000000000        3.7040342923027070     
   2           1           5   4.7206114091131299        17.000000000000000        3.7561277200757610     
   2           1           6   4.6149436052711268        17.000000000000000        3.6277251192082902     
   2           1           7   4.8013984140437662        17.000000000000000        4.0665431977870039     
   2           1           8   40.085069826441384        17.000000000000000        15.388025562596059     
   2           1           9   4.1964653228493924        17.000000000000000        3.6388968371976693     
   2           1          10   4.2923042764022457        17.000000000000000        3.6900093609653202     
   2           1          11   4.3522534335265899        17.000000000000000        3.6838251534458784     
   2           1          12   12.895431094228353        17.000000000000000        4.8252415194769585     
   2           1          13   4.4738447197748030        17.000000000000000        3.6723099626062448     
   2           1          14   4.5839600159554088        17.000000000000000        3.6200534721223052     
   2           1          15   5.5924886015391522        17.000000000000000        3.8310680674891238     
   2           1          16   4.2788722226673395        17.000000000000000        3.6038725992646010     
   2           1          17   4.0397836909011877        17.000000000000000        3.5567508524039733     
   2           1          18   4.0534467652621853        17.000000000000000        3.5565687628953353     
   2           1          19   5.4148249275802280        17.000000000000000        4.1814297659120951     
   2           1          20   5.0588648937415988        17.000000000000000        3.7309090188777807     
   2           1          21   4.1456616511155282        17.000000000000000        3.6747077384971885     
   2           1          22   4.1125283436797764        17.000000000000000        3.6170852604226451     
   2           1          23   5.2793837758183546        17.000000000000000        4.4275898178942619     
   2           1          24   4.1058098303766233        17.000000000000000        3.5509346333888727     
   2           1          25   4.6114165236191100        16.000000000000000        3.7295686651280442     
   2           1          26   4.5474550096847608        16.000000000000000        3.6768252636660104     
   2           1          27   5.2405119453527069        16.000000000000000        3.7745560959216267     
   2           1          28   4.8969025433727094        16.000000000000000        3.7448950915814891     
   2           1          29   5.1454323962336925        16.000000000000000        3.7528577900047249     
   2           1          30   24.219578013365449        16.000000000000000        8.3470313936866258     
   2           1          31   53.981569474091728        16.000000000000000        48.372132763660638     
   2           1          32   4.9977603490695346        16.000000000000000        3.8171497495187343     
   2           1          33   4.7530081579046533        16.000000000000000        3.7664346275560856     
   2           1          34   4.0462269978527292        16.000000000000000        3.6183838890913052     
   2           1          35   5.8660333744893416        16.000000000000000        4.6460397067624024     
   2           1          36   4.3064271278708475        16.000000000000000        3.5747352538831696     
   2           1          37   4.6603169160782709        16.000000000000000        3.7071586537594539     
   2           1          38   4.7947552985954207        16.000000000000000        3.7450070343929536     
   2           1          39   4.4211880416740330        16.000000000000000        3.6614096383895309     
   2           1          40   4.8959426676178195        16.000000000000000        3.7618684171435510     
   2           1          41   4.2960685451813978        16.000000000000000        3.6282209913433094     
   2           1          42   4.6943767554046181        16.000000000000000        3.7275741356198626     
   2           1          43   5.7352925897755496        16.000000000000000        3.9619601631324550     
   2           1          44   5.7464879709699987        16.000000000000000        4.6677488853888560     
   2           1          45   5.0868498749361573        16.000000000000000        3.7669019287015870     
   2           1          46   4.9056204101954073        16.000000000000000        3.7162944378756277     
   2           1          47   81.938743841669961        16.000000000000000        71.648934793757334     
   2           1          48   5.8530340165250445        16.000000000000000        4.5949196373368455     
   2           1          49   55.937856598723691        16.000000000000000        53.589362270157373     
   2           1          50   20.538192526722973        16.000000000000000        8.8721223980676100     
   2           1          51   4.9913411354049648        16.000000000000000        3.7451979662941990     
   2           1          52   4.7922534063021551        16.000000000000000        3.7000448773774428     
   2           1          53   4.3796801315309919        16.000000000000000        3.6939505642201760     
   2           1          54   4.6126593429813294        16.000000000000000        3.6378707542924871     
   2           1          55   4.8087317125850086        16.000000000000000        3.6471227122572354     
   2           1          56   4.9772290471967793        16.000000000000000        3.7671456646287083     
   2           1          57   5.0596418881938385        16.000000000000000        3.7331539687887729     
   2           1          58   4.4678110935570778        16.000000000000000        3.6188340900011418     
   2           1          59   4.3744533989388081        16.000000000000000        3.6736417997603605     
   2           1          60   5.3459030520688104        16.000000000000000        3.8821541087066573     
   2           1          61   78.475671984790452        16.000000000000000        70.066409231190960     
   2           1          62   4.7884560822948119        16.000000000000000        3.8078570860777741     
   2           1          63   4.4041641306941024        16.000000000000000        3.6671701960420053     
   2           1          64   4.7038586556417572        16.000000000000000        3.7301738596386889     
   2           1          65   4.5777690438599867        16.000000000000000        3.6960901906968489     
   2           1          66   15.564775135305567        16.000000000000000        5.4335358000699232     
   2           1          67   3.6067052328239715        16.000000000000000        3.5479719127535736     
   2           1          68   4.8202883652138677        16.000000000000000        3.7465274651565101     
   2           1          69   4.6283637643339155        16.000000000000000        3.6865128031056171     
   2           1          70   5.2024785395556430        16.000000000000000        3.8637841634481673     
   2           1          71   4.5004783361244103        16.000000000000000        3.7618407424515596     
   2           1          72   5.9250282865893409        16.000000000000000        4.3095823108413720     
   2           1          73   4.3020653994066329        16.000000000000000        3.5872542501199938     
   2           1          74   4.5279649011999190        16.000000000000000        3.6828176526072554     
   2           1          75   4.4593011230828026        16.000000000000000        3.5661866409887759     
   2           1          76   4.9305452571835158        16.000000000000000        3.7885520271571655     
   2           1          77   5.0672619763795046        16.000000000000000        3.8247058848964910     
   2           1          78   4.0215677465587092        16.000000000000000        3.6291860706135028     
   2           1          79   4.6933804766835552        16.000000000000000        3.6849874814763504     
   2           1          80   18.928490871715049        16.000000000000000        6.7795901252073749     
   2           1          81   5.3074344511980289        16.000000000000000        3.8464533747013774     
   2           1          82   4.5076943273114818        16.000000000000000        3.6743924542913544     
   2           1          83   4.3716464747238719        16.000000000000000        3.6212753925835379     
   2           1          84   5.3011978201563217        16.000000000000000        3.8888640034337358     
   2           1          85   15.904544256352510        16.000000000000000        5.9655799941651519     
   2           1          86   4.5026631996134991        16.000000000000000        3.6156225408759175     
   2           1          87   4.0951989470076917        16.000000000000000        3.5596915549051182     
   2           1          88   17.376028901386029        16.000000000000000        6.4848922568492355     
   2           1          89   4.2621429861255695        16.000000000000000        3.6325916774243279     
   2           1          90   4.4064817959384834        16.000000000000000        3.5702060430610962     
   2           1          91   4.7258253878013496        16.000000000000000        3.6754483936254121     
   2           1          92   3.9983379513266781        16.000000000000000        3.6267696186673204     
   2           1          93   4.8300997599633577        16.000000000000000        3.7428974571385640     
   2           1          94   3.4443011462041588        16.000000000000000        3.5461663095252778     
   2           1          95   4.3715948880106401        16.000000000000000        3.6194261868833095     
   2           1          96   11.703239389809246        16.000000000000000        4.1163020964967432     
   2           1          97   4.3251917492702141        16.000000000000000        3.6162013069654315     
   2           1          98   4.6672552211635852        16.000000000000000        3.7314902978102462     
   2           1          99   5.3226584692895136        16.000000000000000        4.6203792681702778     
   2           1         100   5.2065645457659873        16.000000000000000        3.8034072525799836     
   2           1         101   4.1056961773637317        16.000000000000000        3.6028157322990273     
   2           1         102   4.2453667310571204        16.000000000000000        3.5490672283313716     
   2           1         103   4.5811212078981765        16.000000000000000        3.6830331246702142     
   2           1         104   5.6408810477696001        16.000000000000000        5.3021655201238245     
   2           1         105   4.5269354099712560        16.000000000000000        3.7040928490043790     
   2           1         106   4.4153063450910635        16.000000000000000        3.6248935001147191     
   2           1         107   5.0702919762386180        16.000000000000000        3.7354404986320455     
   2           1         108   5.1171009835507979        16.000000000000000        3.8863904781561711     
   2           1         109   4.8874357605913064        16.000000000000000        3.6807006126059845     
   2           1         110   4.7544743128528015        16.000000000000000        3.6431445156402877     
   2           1         111   4.7861894091851376        16.000000000000000        3.6926154165133864     
   2           1         112   6.1722165092095036        16.000000000000000        4.6006357716649280     
   2           1         113   4.8643696240864571        16.000000000000000        3.7939258402290128     
   2           1         114   12.729515861149114        16.000000000000000        4.7697018630873966     
   2           1         115   4.7517835038833063        16.000000000000000        3.6233239959885979     
   2           1         116   5.3071216241329990        16.000000000000000        4.1420301497711343     
   2           1         117   17.680524306190115        16.000000000000000        6.9585580825857312     
   2           1         118   17.792158630229515        16.000000000000000        6.3244309079056515     
   2           1         119   17.652169414678493        16.000000000000000        5.5603526487037334     
   2           1         120   4.4791383151647377        16.000000000000000        3.7452148083516379     
   2           1         121   4.7047838489610507        16.000000000000000        3.6437472081977429     
   2           1         122   4.7600905514804461        16.000000000000000        3.6673879948175587     
   2           1         123   3.9023086592788507        16.000000000000000        3.5558087039478399     
   2           1         124   4.6131022633427241        16.000000000000000        3.7449685963933392     
   2           1         125   4.9846848187602726        16.000000000000000        3.6867149114581714     
   2           1         126   4.8264024201549569        16.000000000000000        3.6834166171914333     
   2           1         127   28.181894314679827        16.000000000000000        12.370466760804284     
   2           1         128   5.9263336026324067        16.000000000000000        4.6467909888212615     
   2           1         129   5.2772958423017426        16.000000000000000        4.4693151040701924     
   2           1         130   4.3344231673089526        16.000000000000000        3.6761418048509538     
   2           1         131   6.0878208547160479        16.000000000000000        4.5585603984752261     
   2           1         132   30.621427854862901        16.000000000000000        12.148597212808932     
   2           1         133   195.28044522752066        16.000000000000000        179.96110446348379     
   2           1         134   5.2260135055272778        16.000000000000000        3.8404554472084129     
   2           1         135   5.1685024956085588        16.000000000000000        4.4485243817589319     
   2           1         136   83.285049338238309        16.000000000000000        72.728490066097436     
   2           1         137   4.1300883672527293        16.000000000000000        3.6177282727030380     
   2           1         138   4.2272542415267900        16.000000000000000        3.6038330852557752     
   2           1         139   7.1157151867541746        16.000000000000000        5.3147554755374102     
   2           1         140   12.702735027354752        16.000000000000000        4.1562811063199305     
   2           1         141   129.17460065797576        16.000000000000000        107.66140578075212     
   2           1         142   272.17771753190362        16.000000000000000        254.55323689522280     
   2           1         143   5.0093137128101297        16.000000000000000        3.7592190453998446     
   2           1         144   5.0244544745140312        16.000000000000000        3.6647415347445182     
   2           1         145   4.3633066801877458        16.000000000000000        3.6818673652522089     
   2           1         146   5.8644070917328825        16.000000000000000        4.5225915346018670     
   2           1         147   5.0578242487668152        16.000000000000000        3.6647412705875517     
   2           1         148   4.4019566747981997        16.000000000000000        3.6984583065694681     
   2           1         149   5.7777107954103535        16.000000000000000        4.6319491380637716     
   2           1         150   185.15626194431053        16.000000000000000        160.83577493629562     
   2           1         151   239.46252049877197        16.000000000000000        222.49606933465589     
   2           1         152   4.5693910791640757        16.000000000000000        3.6356811034902838     
   2           1         153   3.9482669595274560        16.000000000000000        3.6170852604226460     
   2           1         154   5.6440458542372234        16.000000000000000        4.4584299027793026     
   2           1         155   4.7982979372954171        16.000000000000000        3.6772175899538495     
   2           1         156   4.6772916529503963        16.000000000000000        3.7447460223965643     
   2           1         157   4.0702183950749484        16.000000000000000        3.6031789769898648     
   2           1         158   15.602407912365983        16.000000000000000        5.5889209789066348     
   2           1         159   4.6854848329847707        16.000000000000000        3.7992630675936967     
   2           1         160   4.8352883102406707        16.000000000000000        3.6753184777919934     
   2           1         161   15.585716542377215        16.000000000000000        6.1621761250607792     
   2           1         162   15.919471678686328        16.000000000000000        5.4373615173494114     
   2           1         163   5.2530609090418272        16.000000000000000        4.4747764724078616     
   2           1         164   4.1952178914713887        16.000000000000000        3.6211754377428296     
   2           1         165   4.9217454952476736        16.000000000000000        3.7682874945540816     
   2           1         166   4.3272027335412799        16.000000000000000        3.5518312550897240     
   2           1         167   4.7542011342616641        16.000000000000000        3.6865496681735226     
   2           1         168   5.5061123922389008        16.000000000000000        3.8868110891215690     
   2           1         169   5.9158912957931458        16.000000000000000        4.6510893776255058     
   2           1         170   13.249928732430154        16.000000000000000        4.2988691674462958     
   2           1         171   4.3225569146383718        16.000000000000000        3.6892297154364391     
   2           1         172   4.5441600980233110        16.000000000000000        3.6158712291559323     
   2           1         173   4.0235982576093541        16.000000000000000        3.6038338129745178     
   2           1         174   4.5198211138135695        16.000000000000000        3.7049548184396759     
   2           1         175   18.361215955974473        16.000000000000000        6.8994554732361069     
   2           1         176   57.986623706504041        16.000000000000000        56.117373258451266     
   2           1         177   4.2255990739973521        16.000000000000000        3.6149093306522317     
   2           1         178   4.5836235093597937        16.000000000000000        3.6951629730778555     
   2           1         179   5.1406832912086902        16.000000000000000        4.4937233483808239     
   2           1         180   18.463494540286387        16.000000000000000        5.8787467884046354     
   2           1         181   16.972348877149297        16.000000000000000        5.7490388572190998     
   2           1         182   13.230286268023582        16.000000000000000        4.3248513891244720     
   2           1         183   4.6706084042634686        16.000000000000000        3.6413327202141650     
   2           1         184   5.1794712602924804        16.000000000000000        4.1760444374878345     
   2           1         185   5.1869374791770397        16.000000000000000        3.8577189213017054     
   2           1         186   5.6972108016735010        16.000000000000000        4.4328918006049021     
   2           1         187   5.4401797501173350        16.000000000000000        4.1462670192951361     
   2           1         188   5.6846884197623861        16.000000000000000        4.1180807949051443     
   2           1         189   5.3052961034863628        16.000000000000000        3.8179846587746176     
   2           1         190   4.5059622312668752        16.000000000000000        3.6077648954848285     
   2           1         191   5.7735239333407398        16.000000000000000        4.5832891547368462     
   2           1         192   4.5100771550252494        16.000000000000000        3.6623568421720063     
   2           1         193   4.7404929213256635        16.000000000000000        3.7010201181388500     
   2           1         194   4.8928722487269827        16.000000000000000        3.7459075701563487     
   2           1         195   18.852155242761366        16.000000000000000        6.9369905284589146     
   2           1         196   4.8719147984743900        16.000000000000000        3.7440449636551794     
   2           1         197   4.2704003863117839        16.000000000000000        3.6738809988541963     
   2           1         198   3.1325002317937365        16.000000000000000        3.5454755613223874     
   2           1         199   4.2711834176733721        16.000000000000000        3.6162020346841715     
   2           1         200   4.6191329788535818        16.000000000000000        3.7526372116745050     
   2           1         201   12.885967350633708        16.000000000000000        4.9328373700241803     
   2           1         202   5.6259767967963112        16.000000000000000        4.2567725353954442     
   2           1         203   4.2672911335603256        16.000000000000000        3.5516157394931342     
   2           1         204   4.3552835434036563        16.000000000000000        3.6270929151961906     
   2           1         205   4.4869614095828849        16.000000000000000        3.6216267210748128     
   2           1         206   5.2304573327575303        16.000000000000000        3.8032985372840646     
   2           1         207   4.4783948860590987        16.000000000000000        3.6218143295348222     
   2           1         208   4.0926451561092021        16.000000000000000        3.6056432430386671     
   2           1         209   3.6606772538607810        16.000000000000000        3.5534759196081795     
   2           1         210   5.0241114456115907        16.000000000000000        4.4336412585531741     
   2           1         211   4.8559355728220890        16.000000000000000        3.6283577571940695     
   2           1         212   4.2883061488239544        16.000000000000000        3.6867104919790981     
   2           1         213   17.936833704725032        16.000000000000000        5.7103819002737772     
   2           1         214   4.1221337642029416        16.000000000000000        3.6187091989221369     
   2           1         215   4.9881810896162904        16.000000000000000        3.6862108969578018     
   2           1         216   3.9634205505041695        16.000000000000000        3.6718466981314628     
   2           1         217   16.020285879896175        16.000000000000000        5.5894016655036713     
   2           1         218   5.2815247187433059        16.000000000000000        3.7595210432115582     
   2           1         219   136.36913153946284        16.000000000000000        120.28749781168676     
   2           1         220   5.4017789932050784        16.000000000000000        3.7578937019966285     
   2           1         221   307.19316534535943        16.000000000000000        285.55695044854258     
   2           1         222   5.1643965814298207        16.000000000000000        4.0681796528463856     
   2           1         223   5.1909277027101277        16.000000000000000        3.7927859919745277     
   2           1         224   330.63083217865517        16.000000000000000        319.75898823295358     
   2           1         225   5.1745073433122206        16.000000000000000        3.8228024465781676     
   2           1         226   538.49260805890322        16.000000000000000        505.21640301184038     
   2           1         227   4.4147712424281798        16.000000000000000        3.6259917254881833     
   2           1         228   17.650499283491492        16.000000000000000        5.7398034470348165     
   2           1         229   14.951064039009553        16.000000000000000        5.3378711824477039     
   2           1         230   364.56513869877892        16.000000000000000        326.60292536469586     
   2           1         231   4.8619357883548195        16.000000000000000        3.7385831041019415     
   2           1         232   5.0417394601398646        16.000000000000000        3.8492908897028855     
   2           1         233   4.0841858004150069        16.000000000000000        3.5479167590285905     
   2           1         234   3.8825658016472873        16.000000000000000        3.5496630309971602     
   2           1         235   4.9030444600759138        16.000000000000000        3.7583816617976260     
   2           1         236   4.8019528717535156        16.000000000000000        3.7346236850437728     
   2           1         237   16.539764959850224        16.000000000000000        6.1858895270153855     
   2           1         238   4.8794221988266546        16.000000000000000        3.6889497384962660     
   2           1         239   5.7872871782934663        16.000000000000000        4.2443375901091525     
   2           1         240   4.2948629186219742        16.000000000000000        3.6248935001147209     
   2           1         241   16.932944511754577        16.000000000000000        6.2011343742989329     
   2           1         242   4.1024303195179677        16.000000000000000        3.6194666265074407     
   2           1         243   4.5789602412577688        16.000000000000000        3.6871096673963031     
   2           1         244   4.5350934429381580        16.000000000000000        3.5517620477520713     
   2           1         245   697.16633129718025        16.000000000000000        646.30294581277872     
   2           1         246   18.049215960060472        16.000000000000000        6.2967850160683252     
   2           1         247   5.3784370414227816        16.000000000000000        3.8791841229172763     
   2           1         248   13.545050981755448        16.000000000000000        5.1051610199089179     
   2           1         249   4.7268990601520118        16.000000000000000        3.7165823684141173     
   2           1         250   5.6257859138609723        16.000000000000000        4.5230386620826337     
   2           1         251   5.1936730313394435        16.000000000000000        4.5372621050465849     
   2           1         252   762.15381753742076        16.000000000000000        708.16956541788784     
   2           1         253   4.2845950482139301        16.000000000000000        3.5612832300697410     
   2           1         254   4.4972505729922547        16.000000000000000        3.6249605335256883     
   2           1         255   4.6744889330068160        16.000000000000000        3.6998247426214359     
   2           1         256   4.8668346668111582        16.000000000000000        3.6786020581037056     
   2           1         257   4.7114951672130552        16.000000000000000        3.7667496717901749     
   2           1         258   5.7711185817132202        16.000000000000000        4.5169864068754038     
   2           1         259   4.8574788187717077        16.000000000000000        3.7033651155792704     
   2           1         260   16.966544689774842        16.000000000000000        6.2638527992764477     
   2           1         261   4.5840816330927447        16.000000000000000        3.6666221260401226     
   2           1         262   4.3297024509764404        16.000000000000000        3.6876075281613332     
   2           1         263   20.097413008960004        16.000000000000000        7.9904542839919319     
   2           1         264   4.8704816465357732        16.000000000000000        3.7486630924828295     
   2           1         265   24.762282852492408        16.000000000000000        22.908325475761309     
   2           1         266   4.5385726330095348        16.000000000000000        3.7551255970121056     
   2           1         267   4.1940288501183218        16.000000000000000        3.5536572262697894     
   2           1         268   4.4059192068079920        16.000000000000000        3.6154603957631362     
   2           1         269   15.310041786405993        16.000000000000000        5.3743655091356626     
   2           1         270   5.3538360871824020        16.000000000000000        4.4985586590127875     
   2           1         271   5.8855363405258982        16.000000000000000        4.2725653504763406     
   2           1         272   4.9359038581899428        16.000000000000000        3.6552286779654906     
   2           1         273   3.6506332414108802        16.000000000000000        3.6198025025993563     
   2           1         274   13.027751725213328        16.000000000000000        4.3334862435097889     
   2           1         275   4.3470972029671371        16.000000000000000        3.6822954337710896     
   2           1         276   4.9156478880687766        16.000000000000000        3.6302200315196247     
   2           1         277   4.3908670057606818        16.000000000000000        3.7293447685208680     
   2           1         278   4.4391964271203515        16.000000000000000        3.6313028793830502     
   2           1         279   4.7333532295715406        16.000000000000000        3.7537933430181676     
   2           1         280   5.2236102501276127        16.000000000000000        3.8125954237073341     
   2           1         281   4.6901461576836265        16.000000000000000        3.6681596018122389     
   2           1         282   4.0103096908801099        16.000000000000000        3.6133440781237258     
   2           1         283   13.485834475944987        16.000000000000000        4.9968979577717478     
   2           1         284   4.7421191874593909        16.000000000000000        3.6715230587525025     
   2           1         285   4.4890716178304793        16.000000000000000        3.6238280384841270     
   2           1         286   5.0589159303943294        16.000000000000000        3.7926506973131087     
   2           1         287   6.1999766650935335        16.000000000000000        4.7180116900571658     
   2           1         288   4.8103113062071401        16.000000000000000        3.7053324054274590     
   2           1         289   4.7662188979234941        16.000000000000000        3.7016753533000899     
   2           1         290   4.8857497194382162        16.000000000000000        3.7766314706401549     
   2           1         291   4.2037243708300993        16.000000000000000        3.6275685100807240     
   2           1         292   3.7693262026667886        16.000000000000000        3.6159899668028785     
   2           1         293   5.0514120695289950        16.000000000000000        4.1927757116036934     
   2           1         294   6.0524233252846038        16.000000000000000        4.8848350389381761     
   2           1         295   8.3590468591901459        16.000000000000000        7.1952157141985689     
   2           1         296   4.1526169265157629        16.000000000000000        3.6188893199158270     
   2           1         297   4.7493236443395856        16.000000000000000        3.5486177094358253     
   2           1         298   4.6226335138472274        16.000000000000000        3.6802956680640131     
   2           1         299   3.9944207775522727        16.000000000000000        3.5569963476108297     
   2           1         300   4.1889060487113259        16.000000000000000        3.5490672283313716     
   2           1         301   5.1194215608124809        16.000000000000000        4.0654469261198658     
   2           1         302   4.4158453505863067        16.000000000000000        3.6180086135436276     
   2           1         303   12.452464098260924        16.000000000000000        5.0784222322484975     
   2           1         304   4.3731646917041180        16.000000000000000        3.6836039980567827     
   2           1         305   5.5480432776380395        16.000000000000000        4.5004832057425928     
   2           1         306   4.4344506919571431        16.000000000000000        3.6386773908275951     
   2           1         307   4.7471628404139015        16.000000000000000        3.5522811548929383     
   2           1         308   5.6409116378208859        16.000000000000000        4.4881058107675260     
   2           1         309   4.8537215785104459        16.000000000000000        4.4871928961249035     
   2           1         310   7.3049322843551341        16.000000000000000        5.5048533461762039     
   2           1         311   4.3980216464852449        16.000000000000000        3.5749143527941567     
   2           1         312   3.5576206007582836        16.000000000000000        3.5459044230597656     
   2           1         313   5.0689357422859844        16.000000000000000        4.4097781061617081     
   2           1         314   4.4647364838129127        16.000000000000000        3.6346637296036031     
   2           1         315   4.1084101594574998        16.000000000000000        3.6200126806805080     
   2           1         316   4.0387198922734573        16.000000000000000        3.6353960162816636     
   2           1         317   4.8218458752862903        16.000000000000000        3.6234972329558843     
   2           1         318   3.3968630927094510        16.000000000000000        3.5486452557047201     
   2           1         319   5.2055761089579740        16.000000000000000        3.7080109662731195     
   2           1         320   4.6879152592557265        16.000000000000000        3.6757341732888387     
   2           1         321   16.264704279611731        16.000000000000000        5.4733663603137463     
   2           1         322   4.2195093333837841        16.000000000000000        3.6258968388272255     
   2           1         323   16.824785923483514        16.000000000000000        6.3970537807868331     
   2           1         324   5.1927007179559421        16.000000000000000        3.8640313156712747     
   2           1         325   4.6241924036291371        16.000000000000000        3.6737861443293927     
   2           1         326   3.8411532557242016        16.000000000000000        3.5462125748187909     
   2           1         327   5.0497312829394989        16.000000000000000        4.4200678518795726     
   2           1         328   5.1147272724890458        16.000000000000000        4.4453732024040598     
   2           1         329   4.4521440279856597        16.000000000000000        3.5860417716384982     
   2           1         330   4.6559102516839044        16.000000000000000        3.6611164108999192     
   2           1         331   5.9715811580946321        16.000000000000000        4.5151542417207224     
   2           1         332   13.099413815885704        16.000000000000000        5.0733666365591068     
   2           1         333   17.687812075920725        16.000000000000000        6.0528167530400543     
   2           1         334   3.8350007103576296        16.000000000000000        3.5696774275560137     
   2           1         335   4.9533361504797702        16.000000000000000        3.7627865688571132     
   2           1         336   15.339668027200668        16.000000000000000        6.2597226461103661     
   2           1         337   3.6942993458162876        16.000000000000000        3.5570257575776036     
   2           1         338   17.076574620529694        16.000000000000000        5.4712697816008413     
   2           1         339   4.7539452454572508        16.000000000000000        3.7274845870645756     
   2           1         340   5.0397113303266092        16.000000000000000        4.4397141988295150     
   2           1         341   4.7724262734685095        16.000000000000000        3.6803072824438945     
   2           1         342   3.9732773990251626        16.000000000000000        3.5678217593623027     
   2           1         343   18.590751933971397        16.000000000000000        6.8199281180499272     
   2           1         344   3.9979132042859176        16.000000000000000        3.5616797115903607     
   2           1         345   4.6097976372441893        16.000000000000000        3.7002001231800166     
   2           1         346   4.1193657657123088        16.000000000000000        3.6201733403885150     
   2           1         347   4.6925612377429760        16.000000000000000        3.6452575383183818     
   2           1         348   4.5574805618903298        16.000000000000000        3.6777585701874420     
   2           1         349   4.2951030587234769        16.000000000000000        3.5678842276560188     
   2           1         350   4.8920200815194503        16.000000000000000        3.7659368342714474     
   2           1         351   4.5879034623263086        16.000000000000000        3.6151128103102517     
   2           1         352   3.9601451356489434        16.000000000000000        3.6306698232654417     
   2           1         353   14.517989856315269        16.000000000000000        5.3804972970194811     
   2           1         354   5.6401600694333949        16.000000000000000        3.8983085885057576     
   2           1         355   4.3704900677867009        16.000000000000000        3.6695131206452096     
   2           1         356   16.714868095929099        16.000000000000000        5.4782242814991964     
   2           1         357   20.194547060197795        16.000000000000000        7.3359560435833151     
   2           1         358   4.3957703092404410        16.000000000000000        3.6699817882532262     
   2           1         359   4.5744426385566905        16.000000000000000        3.6428218212781784     
   2           1         360   4.5381130922514652        16.000000000000000        3.5561745645211129     
   2           1         361   3.9942124080951906        16.000000000000000        3.6036497340820550     
   2           1         362   5.6200533161510906        16.000000000000000        4.4371914347462873     
   2           1         363   3.9883760880479397        16.000000000000000        3.6167455444659176     
   2           1         364   4.9310621283824689        16.000000000000000        3.7532257620796803     
   2           1         365   11.433117371438733        16.000000000000000        4.1373817272223885     
   2           1         366   5.1026238202488541        16.000000000000000        3.7240789196371415     
   2           1         367   19.088159847799929        16.000000000000000        6.7792158823647615     
   2           1         368   4.1511137167614116        16.000000000000000        3.5653407079696677     
   2           1         369   4.6409897806580664        16.000000000000000        4.3961445739540173     
   2           1         370   4.4247949993589870        16.000000000000000        3.5698922333266574     
   2           1         371   4.5095631431839749        16.000000000000000        3.6462379785793613     
   2           1         372   16.973515594221041        16.000000000000000        6.5969721802857171     
   2           1         373   4.5988949163757331        16.000000000000000        3.6615141882102367     
   2           1         374   4.6637327368456436        16.000000000000000        3.6233239959885979     
   2           1         375   4.8954243500616128        16.000000000000000        4.0390112940714085     
   2           1         376   4.5020741131541131        16.000000000000000        3.5532186725195452     
   2           1         377   4.7631446824581651        16.000000000000000        3.5598833048397172     
   2           1         378   5.4694954328660002        16.000000000000000        4.3758068052128820     
   2           1         379   5.3806164670086538        16.000000000000000        4.4270488204137548     
   2           1         380   4.3810151791143248        16.000000000000000        3.6087791353123237     
   2           1         381   3.9491658803314595        16.000000000000000        3.5597188570802651     
   2           1         382   3.5888283201159510        16.000000000000000        3.5554722246912620     
   2           1         383   5.7333499132782855        16.000000000000000        4.3312196597456705     
   2           1         384   5.1966874457414010        16.000000000000000        3.7427273130606240     
   2           1         385   9.1892469916972939        16.000000000000000        3.0699179560406997     
   2           1         386   14.352440741816222        16.000000000000000        7.0897984874859983     
   2           1         387   4.9641310540861721        16.000000000000000        3.6086962048212201     
   2           1         388   4.9988038143586557        16.000000000000000        3.7426908667516030     
   2           1         389   10.959461976454515        16.000000000000000        4.1300764511590264     
   2           1         390   4.5299245094192759        16.000000000000000        3.6330154061873712     
   2           1         391   4.4180729516638362        16.000000000000000        3.6159429255917979     
   2           1         392   17.065885147902989        16.000000000000000        7.1219559099222520     
   2           1         393   4.9044744772928013        16.000000000000000        3.7179290161083589     
   2           1         394   4.5036441761701269        16.000000000000000        3.6177637487178260     
   2           1         395   11.685151857248407        16.000000000000000        4.0435760247780106     
   2           1         396   4.9530169066205696        16.000000000000000        3.6175142860907354     
   2           1         397   4.5172390976045387        16.000000000000000        3.6369997234490365     
   2           1         398   17.574282720238127        16.000000000000000        7.2995491489127122     
   2           1         399   4.3090454127374933        16.000000000000000        3.6188893199158252     
   2           1         400   5.1618305847111943        16.000000000000000        3.6966501416342705     
   2           1         401   4.6842823720015900        16.000000000000000        3.6886549468557455     
   2           1         402   5.0381088140399228        16.000000000000000        3.6954797758060600     
   2           1         403   4.4335481675540045        16.000000000000000        3.6239990041732089     
   2           1         404   19.851748066735329        16.000000000000000        6.7516842129955004     
   2           1         405   5.0020409894723672        16.000000000000000        3.7663965804199653     
   2           1         406   4.8496626349335452        16.000000000000000        3.7079553940304875     
   2           1         407   4.5021258106297166        16.000000000000000        3.6952651537011958     
   2           1         408   18.195410058432305        16.000000000000000        5.6807096251912466     
   2           1         409   5.1099075024329732        16.000000000000000        3.7939904074739093     
   2           1         410   4.5152705758940703        16.000000000000000        3.7041551552246608     
   2           1         411   5.6052813321380697        16.000000000000000        4.5321553483347268     
   2           2           1   4.6030726942889313        17.000000000000000        5.9165300448426663     
   2           2           2   6.7401413223047735        17.000000000000000        8.2283160173989245     
   2           2           3   4.9314579757058858        17.000000000000000        6.5552481999601371     
   2           2           4   4.2811633387173149        17.000000000000000        5.9249637149246013     
   2           2           5   4.5331372444674694        17.000000000000000        6.1324211388999252     
   2           2           6   4.1504526055044089        17.000000000000000        5.9025010579407340     
   2           2           7   4.7134410802342579        17.000000000000000        6.1636290905977411     
   2           2           8   35.374106428327295        17.000000000000000        17.509724474858235     
   2           2           9   4.3973485810000961        17.000000000000000        5.8957865851104589     
   2           2          10   3.9376579998752796        17.000000000000000        5.6691793484105260     
   2           2          11   4.6154950280281470        17.000000000000000        6.2878667279162199     
   2           2          12   11.220615673550636        17.000000000000000        6.2575811401052546     
   2           2          13   4.3338785362899443        17.000000000000000        5.8992066446378644     
   2           2          14   4.2927464549087553        17.000000000000000        5.7238102045249590     
   2           2          15   3.8310428918385981        17.000000000000000        5.8766665918824392     
   2           2          16   4.8461242104348141        17.000000000000000        6.3356903524826329     
   2           2          17   6.3076078207768802        17.000000000000000        7.5914879123333376     
   2           2          18   4.3157927776826543        17.000000000000000        5.9025474654156831     
   2           2          19   4.7419950855002320        17.000000000000000        6.0760871367247260     
   2           2          20   4.4086099774825538        17.000000000000000        6.1601212127612346     
   2           2          21   3.7176363883509964        17.000000000000000        5.8544487218254426     
   2           2          22   4.1347799039644766        17.000000000000000        5.9029008127809552     
   2           2          23   4.5888072038546399        17.000000000000000        5.9169026042875545     
   2           2          24   4.5098732029795467        17.000000000000000        6.0881981445174160     
   2           2          25   4.7824225106627525        16.000000000000000        6.3354158508966512     
   2           2          26   4.3635541476873190        16.000000000000000        6.1688842140619720     
   2           2          27   4.9192809976903877        16.000000000000000        6.0766669746941906     
   2           2          28   4.7500680625368457        16.000000000000000        6.3218000624308264     
   2           2          29   4.3197685872385376        16.000000000000000        5.8688658234320004     
   2           2          30   22.895896391577942        16.000000000000000        11.272119567315311     
   2           2          31   55.980688129096976        16.000000000000000        52.468760197740970     
   2           2          32   4.2455463115586731        16.000000000000000        5.9166403832004368     
   2           2          33   4.3060850638068437        16.000000000000000        5.6832884121840301     
   2           2          34   3.6363893634357369        16.000000000000000        5.6694843031047739     
   2           2          35   5.7018031470907307        16.000000000000000        6.7883098625423939     
   2           2          36   4.9259002045744884        16.000000000000000        6.4071647497605300     
   2           2          37   4.0733902918943823        16.000000000000000        5.6827031248385307     
   2           2          38   4.3125260922688531        16.000000000000000        5.8682592048511486     
   2           2          39   4.3251082718628648        16.000000000000000        6.0880715987236247     
   2           2          40   4.0915486897988060        16.000000000000000        5.8686514894777453     
   2           2          41   4.7205991058881747        16.000000000000000        6.3217043473235330     
   2           2          42   4.0383561328675324        16.000000000000000        6.0401751331880664     
   2           2          43   5.2936989166208299        16.000000000000000        6.8215812318129219     
   2           2          44   4.2225769942714448        16.000000000000000        6.0405181007901856     
   2           2          45   4.9971691336906217        16.000000000000000        6.3221255158713729     
   2           2          46   5.4169827723040012        16.000000000000000        6.8393554616771199     
   2           2          47   78.961907548944737        16.000000000000000        73.546007052459402     
   2           2          48   4.9754838321614843        16.000000000000000        6.1589240698600376     
   2           2          49   55.949341499031107        16.000000000000000        53.669541030716125     
   2           2          50   20.282264164137072        16.000000000000000        10.322696986518327     
   2           2          51   5.8992223375710120        16.000000000000000        7.1360558258579392     
   2           2          52   4.9781817060860343        16.000000000000000        5.8879756901357831     
   2           2          53   3.7181709598949357        16.000000000000000        5.8545661227163208     
   2           2          54   4.5094342719049019        16.000000000000000        5.8881482306541715     
   2           2          55   6.2214523365057834        16.000000000000000        7.4701145540894593     
   2           2          56   4.2428752452849370        16.000000000000000        5.6689480923395701     
   2           2          57   5.1323907040857737        16.000000000000000        6.6169998040593248     
   2           2          58   4.2615861599630165        16.000000000000000        5.6835100783389469     
   2           2          59   4.7087810541137181        16.000000000000000        6.1156135763382462     
   2           2          60   4.6035449302417808        16.000000000000000        6.1265225867820021     
   2           2          61   76.172612963468950        16.000000000000000        70.099222561658152     
   2           2          62   4.8097121149297326        16.000000000000000        6.2894707732437185     
   2           2          63   4.7439960079881933        16.000000000000000        6.0867890153233919     
   2           2          64   5.3617326608291300        16.000000000000000        6.4870973215148462     
   2           2          65   4.9495363815885973        16.000000000000000        6.1433016360540478     
   2           2          66   14.372211171992591        16.000000000000000        8.7398961775674735     
   2           2          67   4.3278663983665968        16.000000000000000        6.1584597767904565     
   2           2          68   4.7675380694999481        16.000000000000000        6.5552715155680126     
   2           2          69   4.6711204465975413        16.000000000000000        6.1102959907358674     
   2           2          70   4.6914686467224609        16.000000000000000        6.0596468436787401     
   2           2          71   4.6982851035658806        16.000000000000000        6.6178988043960958     
   2           2          72   6.1000870340533941        16.000000000000000        7.2492009609603851     
   2           2          73   3.8488108110548036        16.000000000000000        5.9025036084217808     
   2           2          74   5.1684660580102619        16.000000000000000        6.8247368240113042     
   2           2          75   5.1202704785050486        16.000000000000000        6.5553919397502698     
   2           2          76   4.3892758574661279        16.000000000000000        5.9482791386252316     
   2           2          77   4.1867749460663264        16.000000000000000        5.8822463992411693     
   2           2          78   5.1000230654780569        16.000000000000000        7.0369976116187374     
   2           2          79   4.6974898815176394        16.000000000000000        6.2741274480211633     
   2           2          80   18.306676872126314        16.000000000000000        9.8351668570325206     
   2           2          81   5.7325601586764483        16.000000000000000        7.1425189302773093     
   2           2          82   4.5107821309446887        16.000000000000000        6.1583140233657003     
   2           2          83   5.6416766593848715        16.000000000000000        7.1888200619558269     
   2           2          84   6.1026185191606324        16.000000000000000        7.1957597845403045     
   2           2          85   18.740626452394249        16.000000000000000        9.4662196306519331     
   2           2          86   5.2815162224857222        16.000000000000000        6.3682233573877634     
   2           2          87   5.6942531968388614        16.000000000000000        7.2195125522086228     
   2           2          88   18.172868160899835        16.000000000000000        10.024525616503430     
   2           2          89   5.2083565452177547        16.000000000000000        6.9689307059763532     
   2           2          90   4.3901902940531459        16.000000000000000        5.7291775456193443     
   2           2          91   4.9844287696864713        16.000000000000000        5.8905077604198759     
   2           2          92   4.4028440504661832        16.000000000000000        6.6389011542135297     
   2           2          93   4.1677891293495977        16.000000000000000        5.8690913955608703     
   2           2          94   5.8647679330674496        16.000000000000000        7.7257375882599453     
   2           2          95   4.9512474372328477        16.000000000000000        6.3220962321584357     
   2           2          96   12.785605749709621        16.000000000000000        7.8372991998136499     
   2           2          97   4.7555156069212146        16.000000000000000        5.7324094841509510     
   2           2          98   4.1828996441390043        16.000000000000000        5.6914649600789913     
   2           2          99   3.7649884160496550        16.000000000000000        5.8544789959141417     
   2           2         100   6.4459613435673866        16.000000000000000        7.4215135260747216     
   2           2         101   4.2118530294986254        16.000000000000000        5.8548488092556008     
   2           2         102   5.3706254112504999        16.000000000000000        6.7408537533704331     
   2           2         103   4.5167754324325022        16.000000000000000        6.1557655563634492     
   2           2         104   3.9265688329199753        16.000000000000000        5.8774103818082031     
   2           2         105   3.8349093903645048        16.000000000000000        5.9027015142848480     
   2           2         106   4.1405343754671522        16.000000000000000        5.6826687705018708     
   2           2         107   5.1495205836671767        16.000000000000000        5.9169002392150336     
   2           2         108   4.8113853355481018        16.000000000000000        6.3411813560174712     
   2           2         109   4.5775925105221615        16.000000000000000        6.0400619655934351     
   2           2         110   4.6600513812229583        16.000000000000000        5.8689398990035908     
   2           2         111   5.3221142010540303        16.000000000000000        6.4359278554319985     
   2           2         112   4.3090486518452487        16.000000000000000        6.1019579101865791     
   2           2         113   4.0923704361634403        16.000000000000000        5.9359110711997536     
   2           2         114   13.219045786008996        16.000000000000000        7.3586029431497257     
   2           2         115   4.7220600263952992        16.000000000000000        5.6828784805690242     
   2           2         116   4.4949674368866788        16.000000000000000        5.8561848564906365     
   2           2         117   18.891711873773875        16.000000000000000        9.7103834439512990     
   2           2         118   20.834969795559765        16.000000000000000        11.549458498266544     
   2           2         119   17.501933109062918        16.000000000000000        8.1403317695258757     
   2           2         120   4.2754050111635049        16.000000000000000        6.0600256876023133     
   2           2         121   5.2242218046060831        16.000000000000000        6.5297478854454116     
   2           2         122   4.6945523914515377        16.000000000000000        5.9264637935530908     
   2           2         123   5.5894191753017584        16.000000000000000        6.6444724922831941     
   2           2         124   6.1829316389028897        16.000000000000000        7.4062254264272447     
   2           2         125   5.2726268481547010        16.000000000000000        6.3216929335709846     
   2           2         126   4.5721065977680322        16.000000000000000        5.6830605591698484     
   2           2         127   25.299443011752800        16.000000000000000        13.176263794954750     
   2           2         128   4.6059924997642581        16.000000000000000        6.0927597101509674     
   2           2         129   4.4192732286434602        16.000000000000000        6.0595178063592074     
   2           2         130   5.6467024794249339        16.000000000000000        7.0138134547108901     
   2           2         131   5.2666234253194020        16.000000000000000        5.9025040583220436     
   2           2         132   31.707231689170197        16.000000000000000        15.479273121746875     
   2           2         133   189.31117688662084        16.000000000000000        180.26385310780989     
   2           2         134   5.0593186788422546        16.000000000000000        6.2743515902759395     
   2           2         135   5.8502884097429666        16.000000000000000        7.3540814412916591     
   2           2         136   81.215388523405522        16.000000000000000        77.794844811167735     
   2           2         137   3.9336660754388850        16.000000000000000        5.6914312933811315     
   2           2         138   4.8568042084071958        16.000000000000000        6.2874015163723218     
   2           2         139   5.6348163530856707        16.000000000000000        6.3745112640223116     
   2           2         140   13.167360002305843        16.000000000000000        6.4913696644108265     
   2           2         141   134.08390818824503        16.000000000000000        122.66090923838665     
   2           2         142   271.18648480943460        16.000000000000000        260.42549354160872     
   2           2         143   4.2173758124269165        16.000000000000000        5.9254920235323914     
   2           2         144   5.7543943123100156        16.000000000000000        6.3286950939138400     
   2           2         145   4.0921382879521042        16.000000000000000        5.7103604798158250     
   2           2         146   5.0350181596140970        16.000000000000000        5.9265263176543916     
   2           2         147   5.7871921243563289        16.000000000000000        6.4814377145310269     
   2           2         148   4.6300615317492699        16.000000000000000        6.3439038414217350     
   2           2         149   5.5569141072436565        16.000000000000000        7.2443881038858011     
   2           2         150   178.23290745440673        16.000000000000000        165.37328377577722     
   2           2         151   243.65426375680929        16.000000000000000        232.89459504827678     
   2           2         152   4.8092980970074217        16.000000000000000        5.9743817797749124     
   2           2         153   5.4114577519787499        16.000000000000000        7.0207635414519043     
   2           2         154   5.0062384402090609        16.000000000000000        6.1293141138447327     
   2           2         155   4.8403378551305485        16.000000000000000        6.1019141602613933     
   2           2         156   4.2344233146931218        16.000000000000000        5.8553568590974923     
   2           2         157   4.4522118029574074        16.000000000000000        6.0881678231259686     
   2           2         158   16.779342021052994        16.000000000000000        9.6442762989167257     
   2           2         159   4.4452877114206526        16.000000000000000        6.6778228091914533     
   2           2         160   7.4074706857677448        16.000000000000000        8.4495229771874207     
   2           2         161   17.493326818151246        16.000000000000000        11.167903239517845     
   2           2         162   13.475278290210696        16.000000000000000        7.3445393261011640     
   2           2         163   3.8090075109313304        16.000000000000000        5.6689496424191130     
   2           2         164   6.0856093396676982        16.000000000000000        7.5722761629562676     
   2           2         165   6.7267723957357815        16.000000000000000        8.2196556389132382     
   2           2         166   4.4751931644901335        16.000000000000000        5.6689480923395701     
   2           2         167   5.2720689564453354        16.000000000000000        6.5690663905148510     
   2           2         168   4.6490205359279901        16.000000000000000        6.3703467824450568     
   2           2         169   5.6354020174899269        16.000000000000000        6.6398947320606858     
   2           2         170   12.900955804114446        16.000000000000000        7.2531142806557458     
   2           2         171   5.3131559339068941        16.000000000000000        6.8172334204035598     
   2           2         172   5.7666871522458862        16.000000000000000        7.0340475507013762     
   2           2         173   5.0224910617300553        16.000000000000000        6.5213172975490155     
   2           2         174   4.4330930329584426        16.000000000000000        6.0880968041635484     
   2           2         175   17.976216744012142        16.000000000000000        8.9309534960246815     
   2           2         176   56.986990971306298        16.000000000000000        55.133959583848196     
   2           2         177   4.1827003609751756        16.000000000000000        5.9252438750485661     
   2           2         178   4.7592495389534664        16.000000000000000        6.3455316622915383     
   2           2         179   4.3714854619994430        16.000000000000000        5.9246774934785327     
   2           2         180   17.063210603568042        16.000000000000000        9.2236996652435543     
   2           2         181   13.442177063740115        16.000000000000000        7.9018719279987533     
   2           2         182   13.557260365245529        16.000000000000000        8.0291489835845216     
   2           2         183   4.5328968073141089        16.000000000000000        6.1370006981332264     
   2           2         184   4.1771918467466094        16.000000000000000        5.8819914804265894     
   2           2         185   4.2866361372339368        16.000000000000000        6.1365166546647956     
   2           2         186   5.8526199815254563        16.000000000000000        6.7798281028755998     
   2           2         187   6.6230350354951737        16.000000000000000        7.4600603565491470     
   2           2         188   5.6446172398124039        16.000000000000000        6.1213345244121742     
   2           2         189   5.8674384268573307        16.000000000000000        6.6678703824740708     
   2           2         190   5.1457766797734328        16.000000000000000        6.1994744717142787     
   2           2         191   4.7339610755612629        16.000000000000000        6.0881043073177690     
   2           2         192   5.8452050030540832        16.000000000000000        7.3187743900670634     
   2           2         193   3.9545655997496065        16.000000000000000        5.9170851053260414     
   2           2         194   4.5708526438282959        16.000000000000000        6.1075838175520163     
   2           2         195   16.422104094936405        16.000000000000000        8.8426165928006171     
   2           2         196   5.1922799009235767        16.000000000000000        6.7888970330503291     
   2           2         197   3.8646390019115913        16.000000000000000        5.6694594928231110     
   2           2         198   3.6966707884945915        16.000000000000000        5.8681877023531879     
   2           2         199   4.3271392359245970        16.000000000000000        5.9025264756777380     
   2           2         200   4.4422740326419250        16.000000000000000        6.3216997471552157     
   2           2         201   12.335834923851706        16.000000000000000        7.2701559089630843     
   2           2         202   4.5559008352034462        16.000000000000000        6.0401495295629948     
   2           2         203   5.7657454073939602        16.000000000000000        6.9286056852754276     
   2           2         204   4.7366195863142657        16.000000000000000        6.0622704394651867     
   2           2         205   4.5544726513539588        16.000000000000000        6.0591224377034738     
   2           2         206   4.6877441195279568        16.000000000000000        5.9181093377440366     
   2           2         207   5.0132132353489300        16.000000000000000        6.3835270629593337     
   2           2         208   4.8438203920376317        16.000000000000000        5.9195853824169795     
   2           2         209   7.0279001230966527        16.000000000000000        8.4916736512867939     
   2           2         210   4.4799461114032928        16.000000000000000        6.1075585089970694     
   2           2         211   5.6280048983492348        16.000000000000000        6.9886979777839269     
   2           2         212   4.6240542632171273        16.000000000000000        6.2958892395094823     
   2           2         213   22.596198131616987        16.000000000000000        12.081023371292945     
   2           2         214   4.1490211615365524        16.000000000000000        5.8735823093946351     
   2           2         215   5.4390517707361346        16.000000000000000        6.2973279002398836     
   2           2         216   3.8692425129355050        16.000000000000000        6.0880841507331480     
   2           2         217   17.868586705984097        16.000000000000000        10.010127867482636     
   2           2         218   5.5370384756518822        16.000000000000000        6.1103000816085764     
   2           2         219   132.54077337259713        16.000000000000000        120.81548877241148     
   2           2         220   5.2901214885254930        16.000000000000000        5.6834754796728841     
   2           2         221   314.59749615483287        16.000000000000000        295.99771434182088     
   2           2         222   5.0416884381968368        16.000000000000000        6.3891911756627380     
   2           2         223   4.7417172087096855        16.000000000000000        6.1720315704820763     
   2           2         224   342.54595391991751        16.000000000000000        332.72202163985077     
   2           2         225   5.6035049906811576        16.000000000000000        7.0074550882434341     
   2           2         226   533.47177143499630        16.000000000000000        504.43991852657172     
   2           2         227   5.6913374902553180        16.000000000000000        7.4710861342492922     
   2           2         228   16.864015016766604        16.000000000000000        9.6802319073532566     
   2           2         229   15.528430074154679        16.000000000000000        9.4026580182120210     
   2           2         230   379.59956261439686        16.000000000000000        350.86547524094664     
   2           2         231   4.2644660040965094        16.000000000000000        5.9162530370086577     
   2           2         232   4.6063784481644072        16.000000000000000        5.8879421285551654     
   2           2         233   4.4489908323364187        16.000000000000000        5.7274402603130037     
   2           2         234   4.9715630833692597        16.000000000000000        6.6037774932851629     
   2           2         235   4.2938623107745686        16.000000000000000        5.6844718214713588     
   2           2         236   6.5675766290958224        16.000000000000000        7.5042479604031920     
   2           2         237   12.619090700728908        16.000000000000000        7.5627570534821356     
   2           2         238   5.6516300010410125        16.000000000000000        6.5485799919767631     
   2           2         239   6.4590224669062613        16.000000000000000        6.8590732182931848     
   2           2         240   5.4798891694417158        16.000000000000000        7.0541028122322915     
   2           2         241   17.646462602584375        16.000000000000000        8.7386378853578730     
   2           2         242   5.2149816274512686        16.000000000000000        6.3202418828574709     
   2           2         243   4.4148274306142135        16.000000000000000        6.0884947210948051     
   2           2         244   5.0533440999023744        16.000000000000000        5.8904536338205666     
   2           2         245   691.27621788834506        16.000000000000000        650.32270065055468     
   2           2         246   18.019101400357737        16.000000000000000        8.6780716975414425     
   2           2         247   3.9628616109804700        16.000000000000000        5.6691433821583628     
   2           2         248   15.422955078909682        16.000000000000000        9.9109406002503331     
   2           2         249   5.8169459149479641        16.000000000000000        6.9664589764567362     
   2           2         250   5.3447066145866344        16.000000000000000        6.5769114206500205     
   2           2         251   5.1301879523961720        16.000000000000000        6.5410449669340300     
   2           2         252   735.95805278136936        16.000000000000000        687.70722952896585     
   2           2         253   4.5316036027153217        16.000000000000000        5.7101777169189729     
   2           2         254   4.3454044627979869        16.000000000000000        5.8682411447121821     
   2           2         255   4.9018184564378586        16.000000000000000        6.0407480853365962     
   2           2         256   5.1115170803946457        16.000000000000000        5.9247890722643026     
   2           2         257   4.5665506376479161        16.000000000000000        5.7215758507663379     
   2           2         258   5.7425559621056586        16.000000000000000        6.5093388151301852     
   2           2         259   4.1746903456641054        16.000000000000000        5.8683112456064412     
   2           2         260   14.562575924135450        16.000000000000000        8.7058737051921788     
   2           2         261   5.9330186805104894        16.000000000000000        7.3484830648766675     
   2           2         262   4.6012340118139949        16.000000000000000        6.2737352887622171     
   2           2         263   21.930497131087222        16.000000000000000        14.175015709805098     
   2           2         264   5.3718692448530128        16.000000000000000        6.5145392830272870     
   2           2         265   25.752582321721899        16.000000000000000        24.124053212393619     
   2           2         266   3.8757399771437768        16.000000000000000        5.8690550983255285     
   2           2         267   4.5794831512866088        16.000000000000000        5.8547141208304092     
   2           2         268   4.4833774162092315        16.000000000000000        6.1362267637746140     
   2           2         269   18.130910465825231        16.000000000000000        10.248061158679986     
   2           2         270   4.9672469866315545        16.000000000000000        6.1499017068303505     
   2           2         271   5.0908248072632531        16.000000000000000        6.3853068408996423     
   2           2         272   4.7758798135557345        16.000000000000000        6.1102547453537230     
   2           2         273   4.9743199865796743        16.000000000000000        6.8516855782051067     
   2           2         274   11.780532396082364        16.000000000000000        7.6893918450851153     
   2           2         275   4.6284159404938539        16.000000000000000        6.3407118659242094     
   2           2         276   5.6959246910302204        16.000000000000000        6.5559821304509223     
   2           2         277   4.2420158687975240        16.000000000000000        6.1498198137475129     
   2           2         278   3.3403241356757447        16.000000000000000        5.6688979803537141     
   2           2         279   4.7359364388304455        16.000000000000000        6.3216889708931978     
   2           2         280   4.3248609261871502        16.000000000000000        5.9163417860510945     
   2           2         281   4.3592652780800929        16.000000000000000        5.9215296762649299     
   2           2         282   3.9974932167227748        16.000000000000000        5.8685172982865641     
   2           2         283   18.906494730696938        16.000000000000000        10.952335978541290     
   2           2         284   5.1927379486956609        16.000000000000000        6.3019475210970501     
   2           2         285   4.3896601157052846        16.000000000000000        5.9217820056683497     
   2           2         286   4.8490779885945594        16.000000000000000        6.1364133839435624     
   2           2         287   3.4511197685700625        16.000000000000000        5.8544849996886557     
   2           2         288   5.3132654522078333        16.000000000000000        6.4535020444616364     
   2           2         289   5.2379671331611650        16.000000000000000        6.3544707176716377     
   2           2         290   5.2715321594738604        16.000000000000000        6.5403751763703362     
   2           2         291   3.6418216347264387        16.000000000000000        5.6689309845700429     
   2           2         292   3.4708909095462657        16.000000000000000        5.6689929067180618     
   2           2         293   4.9456160042034885        16.000000000000000        6.8508885687447911     
   2           2         294   4.9146785542500773        16.000000000000000        6.3439273300479071     
   2           2         295   4.3689141736086770        16.000000000000000        6.0880978030200517     
   2           2         296   4.7347334259011049        16.000000000000000        6.0760710941519784     
   2           2         297   5.7199890347477611        16.000000000000000        6.8842880358655405     
   2           2         298   4.8537682462523790        16.000000000000000        6.3216965773490674     
   2           2         299   5.2891882446016512        16.000000000000000        6.5060763979282408     
   2           2         300   4.9827007448504244        16.000000000000000        6.1164588303916059     
   2           2         301   5.2331575719044618        16.000000000000000        6.3923165684163559     
   2           2         302   4.7416107526558360        16.000000000000000        6.3332904824229983     
   2           2         303   12.299881669758362        16.000000000000000        7.0215287757886529     
   2           2         304   5.1805173494938783        16.000000000000000        6.5582987500538010     
   2           2         305   5.0132435949097784        16.000000000000000        6.3544762706369022     
   2           2         306   4.2615539050042912        16.000000000000000        6.0897299552857174     
   2           2         307   5.4981189644674062        16.000000000000000        6.2453955392655152     
   2           2         308   5.1143583346984540        16.000000000000000        5.6880874744728835     
   2           2         309   4.4692029767821779        16.000000000000000        6.0538300143943946     
   2           2         310   4.5432048587966056        16.000000000000000        5.8561174048369384     
   2           2         311   4.6519061541044815        16.000000000000000        6.0405859281966743     
   2           2         312   4.0405098333707237        16.000000000000000        5.8766962772334139     
   2           2         313   3.9977700496900699        16.000000000000000        5.6826691962407576     
   2           2         314   4.6842751503093671        16.000000000000000        5.8904734518730093     
   2           2         315   4.9868702641450309        16.000000000000000        6.5010103055794799     
   2           2         316   4.0542409705733133        16.000000000000000        5.6911878553746238     
   2           2         317   5.3476930650163954        16.000000000000000        6.2927900341874956     
   2           2         318   3.3315926060603558        16.000000000000000        5.6695346203750621     
   2           2         319   5.2543394470658384        16.000000000000000        6.1071606387346709     
   2           2         320   4.4061191817201273        16.000000000000000        5.6910808959754462     
   2           2         321   17.780941169772987        16.000000000000000        9.1850655528182319     
   2           2         322   4.7977380553531344        16.000000000000000        6.1249346973316419     
   2           2         323   14.331753875436110        16.000000000000000        8.1456100435060197     
   2           2         324   4.5377919395704289        16.000000000000000        6.1460859463721027     
   2           2         325   4.8954805498080818        16.000000000000000        6.1293757565370761     
   2           2         326   3.9774081525165683        16.000000000000000        5.9025050140552047     
   2           2         327   5.5256077633024372        16.000000000000000        7.0046724978226678     
   2           2         328   4.4961533625576209        16.000000000000000        6.1361259787061231     
   2           2         329   4.0583776957262883        16.000000000000000        5.8683213622933410     
   2           2         330   5.2915487368227527        16.000000000000000        6.4876030802391655     
   2           2         331   5.2968796570990193        16.000000000000000        6.3217029376260889     
   2           2         332   11.090559109036059        16.000000000000000        6.7788221331086520     
   2           2         333   14.819961881175145        16.000000000000000        7.8248540460207847     
   2           2         334   3.6948650016418685        16.000000000000000        5.8545002098381218     
   2           2         335   5.7673830357184608        16.000000000000000        6.6861963419047941     
   2           2         336   19.283498430767807        16.000000000000000        11.012330257228502     
   2           2         337   4.0387097906923026        16.000000000000000        5.9162454588851654     
   2           2         338   19.959435219982737        16.000000000000000        11.179093232243684     
   2           2         339   5.3403818493063193        16.000000000000000        6.9743963671324121     
   2           2         340   4.4767365226815121        16.000000000000000        6.1022429160013418     
   2           2         341   4.3884000970853529        16.000000000000000        5.9027491194546577     
   2           2         342   3.9928447138352650        16.000000000000000        5.9162482817556459     
   2           2         343   15.085157849069654        16.000000000000000        8.1350235923782623     
   2           2         344   5.0349064510088715        16.000000000000000        6.6073410629801854     
   2           2         345   4.6819119276183336        16.000000000000000        6.1338559596453965     
   2           2         346   4.1582744588555940        16.000000000000000        5.6828119653172688     
   2           2         347   5.7764659130501981        16.000000000000000        6.8400774378232816     
   2           2         348   5.2857006770032813        16.000000000000000        6.7630498345873429     
   2           2         349   5.3397145925230909        16.000000000000000        6.4527046842877516     
   2           2         350   4.9998463850298052        16.000000000000000        6.5743070435691067     
   2           2         351   4.8125326134306441        16.000000000000000        5.8963082403628206     
   2           2         352   4.4518408146978592        16.000000000000000        6.8493211526959286     
   2           2         353   16.335673765726810        16.000000000000000        9.7240766916330301     
   2           2         354   4.4857395843560095        16.000000000000000        6.0401127555022160     
   2           2         355   3.7150221244122412        16.000000000000000        5.6880415256415793     
   2           2         356   15.361941002777243        16.000000000000000        8.6947397878673147     
   2           2         357   16.848164695005018        16.000000000000000        10.528341575615118     
   2           2         358   5.4244776956191423        16.000000000000000        7.0363330026285098     
   2           2         359   4.6873268213957839        16.000000000000000        6.8121989416994753     
   2           2         360   4.5726217305832098        16.000000000000000        5.9043961088055514     
   2           2         361   4.7219282925308743        16.000000000000000        6.0681177053334361     
   2           2         362   4.6753462079558155        16.000000000000000        5.6691491987652096     
   2           2         363   4.8029525090845651        16.000000000000000        6.4113472624407120     
   2           2         364   5.2548817043858804        16.000000000000000        6.3681501827391722     
   2           2         365   12.507477240207203        16.000000000000000        7.6277957082422772     
   2           2         366   4.5954829191302515        16.000000000000000        5.8767192522209566     
   2           2         367   17.130333063624516        16.000000000000000        9.6577978837781959     
   2           2         368   5.5374439792619690        16.000000000000000        7.1230260081505632     
   2           2         369   4.2590946290750153        16.000000000000000        6.0624620899205084     
   2           2         370   5.1605314837946610        16.000000000000000        6.3632711294940947     
   2           2         371   3.4056296272366251        16.000000000000000        5.6832622176385525     
   2           2         372   16.944580795364526        16.000000000000000        11.250220707163749     
   2           2         373   4.8293578953742866        16.000000000000000        5.8735284724364769     
   2           2         374   6.2114648529320773        16.000000000000000        6.7635292860663343     
   2           2         375   4.7352481712946162        16.000000000000000        5.9250123369802896     
   2           2         376   4.8749397703339277        16.000000000000000        6.0401982292961121     
   2           2         377   5.7691556719095125        16.000000000000000        6.5302645876528098     
   2           2         378   4.5821075707981933        16.000000000000000        5.6829678693030434     
   2           2         379   4.6086243944114020        16.000000000000000        6.0888713797869984     
   2           2         380   4.9674306935837542        16.000000000000000        6.2931910785444289     
   2           2         381   5.1764982481308515        16.000000000000000        6.8041210402916708     
   2           2         382   5.4572313191273727        16.000000000000000        6.3995361378818449     
   2           2         383   4.7885929531755442        16.000000000000000        6.1907480582526917     
   2           2         384   5.2215064056171334        16.000000000000000        5.9043641868815557     
   2           2         385   9.0630922932282125        16.000000000000000        4.1460342083368751     
   2           2         386   16.692425702327537        16.000000000000000        9.8072927288416363     
   2           2         387   5.4099601989791282        16.000000000000000        5.9048314708666592     
   2           2         388   5.0562764132447588        16.000000000000000        6.1584105142649088     
   2           2         389   11.931666093964910        16.000000000000000        7.2155573540331108     
   2           2         390   4.4382352370950180        16.000000000000000        5.9025847290249374     
   2           2         391   4.2698193185018960        16.000000000000000        5.8546506208897000     
   2           2         392   16.127982780358877        16.000000000000000        9.7007427910668227     
   2           2         393   5.1671917320774021        16.000000000000000        7.0510991234286964     
   2           2         394   4.9473945933431827        16.000000000000000        6.2958970230141755     
   2           2         395   13.190146557563319        16.000000000000000        7.4070905298869096     
   2           2         396   5.2900241193334185        16.000000000000000        6.0881190968581871     
   2           2         397   4.6874786132617388        16.000000000000000        6.2741642346847133     
   2           2         398   14.574615360221623        16.000000000000000        8.3071764861018735     
   2           2         399   4.2014480112640751        16.000000000000000        5.6691213438867507     
   2           2         400   6.1938113821331893        16.000000000000000        6.5503823867922737     
   2           2         401   4.6000776021180041        16.000000000000000        5.8957677255293675     
   2           2         402   5.2095885921504950        16.000000000000000        6.2737801801019861     
   2           2         403   4.7045180115727820        16.000000000000000        6.1361342304319706     
   2           2         404   14.528559127728199        16.000000000000000        8.2963660936414421     
   2           2         405   5.2641822958630042        16.000000000000000        6.4952613356512421     
   2           2         406   5.0916781226141703        16.000000000000000        6.3633054634270101     
   2           2         407   4.1366574554394226        16.000000000000000        5.9247426530742020     
   2           2         408   15.754878312993453        16.000000000000000        8.5961260795629215     
   2           2         409   4.0536730689347831        16.000000000000000        5.8773298582281708     
   2           2         410   4.5179945492341869        16.000000000000000        6.0881742075950047     
   2           2         411   5.6505325536652657        16.000000000000000        6.7490811329488851     
