     time_period  economy_id district_id expected_hires capacity belief_expected_hires
   1           1           1   3.3465428929744099        17.000000000000000        4.7909076313716294     
   1           1           2   3.2963875429238114        17.000000000000000        4.7901601771106685     
   1           1           3   3.4288494966022713        17.000000000000000        4.7913875080481390     
   1           1           4   3.3262901702076739        17.000000000000000        4.7900934194701090     
   1           1           5   3.3177275927140371        17.000000000000000        4.7900934860307594     
   1           1           6   3.3270378741177122        17.000000000000000        4.7900934860307594     
   1           1           7   3.3392146913496443        17.000000000000000        4.7909071986398351     
   1           1           8   22.518831498633652        17.000000000000000        12.470307332860859     
   1           1           9   3.2801242687228220        17.000000000000000        4.7900747110232853     
   1           1          10   3.2951005895617467        17.000000000000000        4.7901600286829122     
   1           1          11   3.2820039843033668        17.000000000000000        4.7893462539685441     
   1           1          12   8.3721303496806208        17.000000000000000        5.1475662200423180     
   1           1          13   3.2974039548828049        17.000000000000000        4.7897089166706888     
   1           1          14   3.3576968777765650        17.000000000000000        4.7904997514562444     
   1           1          15   3.3126663885872265        17.000000000000000        4.7900934860307594     
   1           1          16   3.3089656009806401        17.000000000000000        4.7897091995084056     
   1           1          17   3.3384462906804067        17.000000000000000        4.7909076979482288     
   1           1          18   3.3182150632155509        17.000000000000000        4.7905233743977593     
   1           1          19   3.3268985473012420        17.000000000000000        4.7900932863508183     
   1           1          20   3.3158381878260736        17.000000000000000        4.7900934194701090     
   1           1          21   3.3034137166894553        17.000000000000000        4.7904855192412814     
   1           1          22   3.3005683221797875        17.000000000000000        4.7897093880738728     
   1           1          23   3.3516036316270816        17.000000000000000        4.7921642940275042     
   1           1          24   3.3571784042762611        17.000000000000000        4.7921642940275042     
   1           1          25   3.2838796676134705        16.000000000000000        4.7898804572958298     
   1           1          26   3.3106121483970812        16.000000000000000        4.7900934860307594     
   1           1          27   3.4272153969038475        16.000000000000000        4.7929809929565081     
   1           1          28   3.3318177551090113        16.000000000000000        4.7916614728688174     
   1           1          29   3.3856732943206524        16.000000000000000        4.7909307648707582     
   1           1          30   13.321252084103401        16.000000000000000        8.5611598350914431     
   1           1          31   57.980050110129334        16.000000000000000        52.166912484475219     
   1           1          32   3.3251396387562036        16.000000000000000        4.7900934860307594     
   1           1          33   3.3468294125715521        16.000000000000000        4.7918052106620319     
   1           1          34   3.3250904214149868        16.000000000000000        4.7906880755868642     
   1           1          35   3.3573310904611193        16.000000000000000        4.7921642940275042     
   1           1          36   3.3258629846218111        16.000000000000000        4.7900929868419535     
   1           1          37   3.3001497504932473        16.000000000000000        4.7897093252181122     
   1           1          38   3.3595451792605222        16.000000000000000        4.7905002096105376     
   1           1          39   3.3268102806750779        16.000000000000000        4.7900934194701090     
   1           1          40   3.3550896414735143        16.000000000000000        4.7905002096105376     
   1           1          41   3.2855209610228004        16.000000000000000        4.7893466397972606     
   1           1          42   3.3238539965735332        16.000000000000000        4.7906488138562340     
   1           1          43   3.3038931081531384        16.000000000000000        4.7897090738012729     
   1           1          44   3.3440634888676621        16.000000000000000        4.7904999276659517     
   1           1          45   3.3588174844907801        16.000000000000000        4.7903682724899372     
   1           1          46   3.4431691864756671        16.000000000000000        4.7932836276646267     
   1           1          47   83.936914940347620        16.000000000000000        73.494426444391763     
   1           1          48   3.3357181616462661        16.000000000000000        4.7900934860307594     
   1           1          49   57.935792647002579        16.000000000000000        56.094470282086228     
   1           1          50   12.045191571669418        16.000000000000000        7.0752876908530542     
   1           1          51   3.2851280746379850        16.000000000000000        4.7898801517672824     
   1           1          52   3.3606105237908679        16.000000000000000        4.7903680880561534     
   1           1          53   3.3167688638182784        16.000000000000000        4.7900934860307594     
   1           1          54   3.3816434251295706        16.000000000000000        4.7909305782537226     
   1           1          55   3.3589195877326854        16.000000000000000        4.7921642940275042     
   1           1          56   3.4233952032917472        16.000000000000000        4.7929810657259191     
   1           1          57   3.3323398845474039        16.000000000000000        4.7906879043207615     
   1           1          58   3.4678072139107226        16.000000000000000        4.7938368671171911     
   1           1          59   3.3017573949350267        16.000000000000000        4.7897093252181122     
   1           1          60   3.3220549716871584        16.000000000000000        4.7900934860307594     
   1           1          61   85.435026631742602        16.000000000000000        74.777583883818664     
   1           1          62   3.3143525280807049        16.000000000000000        4.7893497168626622     
   1           1          63   3.3430564041020534        16.000000000000000        4.7904995752508288     
   1           1          64   3.3451937121245550        16.000000000000000        4.7906892403060368     
   1           1          65   3.3506198280078965        16.000000000000000        4.7918052106620319     
   1           1          66   10.304334548803906        16.000000000000000        6.9848173507880080     
   1           1          67   3.3237556103316654        16.000000000000000        4.7909214102366935     
   1           1          68   3.3229018397953167        16.000000000000000        4.7909214102366935     
   1           1          69   3.3438993804870214        16.000000000000000        4.7903678114204222     
   1           1          70   3.3428278377104155        16.000000000000000        4.7922696448945832     
   1           1          71   3.2961571054360439        16.000000000000000        4.7897089166706888     
   1           1          72   3.3494291034842436        16.000000000000000        4.7909070322118570     
   1           1          73   3.3388006430475974        16.000000000000000        4.7919246665119140     
   1           1          74   3.3210631255055367        16.000000000000000        4.7900934860307594     
   1           1          75   3.3660038339552041        16.000000000000000        4.7921642940275042     
   1           1          76   3.3251610009879151        16.000000000000000        4.7900931532341691     
   1           1          77   3.3843490597849080        16.000000000000000        4.7915527388677255     
   1           1          78   3.3705098985602122        16.000000000000000        4.7924431703494088     
   1           1          79   3.3250929320019305        16.000000000000000        4.7900934860307594     
   1           1          80   11.402950583444374        16.000000000000000        7.0729233935868479     
   1           1          81   3.3231922289815663        16.000000000000000        4.7906892403060368     
   1           1          82   3.3294754239106457        16.000000000000000        4.7900934860307594     
   1           1          83   3.3848011417724693        16.000000000000000        4.7921642940275042     
   1           1          84   3.3669752378987705        16.000000000000000        4.7921642090192371     
   1           1          85   10.845034745880801        16.000000000000000        7.0721876756827697     
   1           1          86   3.3481788053095176        16.000000000000000        4.7903682724899372     
   1           1          87   3.3592633316675760        16.000000000000000        4.7904986942889414     
   1           1          88   10.201767103337875        16.000000000000000        6.9837240017035240     
   1           1          89   3.3218609848449296        16.000000000000000        4.7900934194701090     
   1           1          90   3.4716821724195843        16.000000000000000        4.7938597940959840     
   1           1          91   3.3678928980773595        16.000000000000000        4.7903682110111063     
   1           1          92   3.3388132737902869        16.000000000000000        4.7905002800984091     
   1           1          93   3.3729927726182223        16.000000000000000        4.7909309141677401     
   1           1          94   3.3251703350197301        16.000000000000000        4.7906499702440657     
   1           1          95   3.3637528148191760        16.000000000000000        4.7903678114204222     
   1           1          96   8.0375336491983322        16.000000000000000        5.1435447056959624     
   1           1          97   3.3397399504688234        16.000000000000000        4.7909076979482288     
   1           1          98   3.3033444152949203        16.000000000000000        4.7895963540713469     
   1           1          99   3.3235684330193624        16.000000000000000        4.7900929868419535     
   1           1         100   3.3216688802984624        16.000000000000000        4.7900934860307594     
   1           1         101   3.3469818761904770        16.000000000000000        4.7900973924179109     
   1           1         102   3.3545550622908000        16.000000000000000        4.7903678114204222     
   1           1         103   3.3203563379133847        16.000000000000000        4.7900932863508183     
   1           1         104   3.3147914608015507        16.000000000000000        4.7900934860307594     
   1           1         105   3.3167406259713461        16.000000000000000        4.7900934860307594     
   1           1         106   3.3280290182077246        16.000000000000000        4.7900934860307594     
   1           1         107   3.5638862274991840        16.000000000000000        4.7929807018856581     
   1           1         108   3.3441763823251685        16.000000000000000        4.7903682724899372     
   1           1         109   3.3799853551247785        16.000000000000000        4.7909303916413526     
   1           1         110   3.4247976316345272        16.000000000000000        4.7932613544288039     
   1           1         111   3.3306855004071925        16.000000000000000        4.7900934860307594     
   1           1         112   3.3318127862389990        16.000000000000000        4.7906501743322654     
   1           1         113   3.4156095838072762        16.000000000000000        4.7929926635749736     
   1           1         114   8.1500891625184639        16.000000000000000        5.1458829035662212     
   1           1         115   3.3467136629051129        16.000000000000000        4.7903682110111063     
   1           1         116   3.4345225715568044        16.000000000000000        4.7929808474197415     
   1           1         117   11.284033166958480        16.000000000000000        6.4617669010240917     
   1           1         118   11.681038504219844        16.000000000000000        6.9898102885693376     
   1           1         119   11.659062194203388        16.000000000000000        7.0760555859046601     
   1           1         120   3.3322248460763815        16.000000000000000        4.7909213284793584     
   1           1         121   3.5295641375889906        16.000000000000000        4.7935047728390057     
   1           1         122   3.4147885130564011        16.000000000000000        4.7932836276646267     
   1           1         123   3.2982927201731314        16.000000000000000        4.7897093880738728     
   1           1         124   3.3255951627781672        16.000000000000000        4.7900932863508183     
   1           1         125   3.3760752855542253        16.000000000000000        4.7907881709231521     
   1           1         126   3.3749765452529048        16.000000000000000        4.7907884643626790     
   1           1         127   16.199921264308198        16.000000000000000        11.799132070004765     
   1           1         128   3.3462074876275532        16.000000000000000        4.7904988704725966     
   1           1         129   3.3039904246296259        16.000000000000000        4.7897087595440704     
   1           1         130   3.3653283257248261        16.000000000000000        4.7913147326408856     
   1           1         131   3.8953939418383667        16.000000000000000        4.7929810657259191     
   1           1         132   20.043713873342533        16.000000000000000        10.484253126860231     
   1           1         133   201.19971467253720        16.000000000000000        175.26757941114403     
   1           1         134   3.5688889894377227        16.000000000000000        4.7929810657259191     
   1           1         135   3.3532495803941722        16.000000000000000        4.7909073650719067     
   1           1         136   85.258770755970232        16.000000000000000        63.437190024909597     
   1           1         137   3.3057908718184477        16.000000000000000        4.7897093880738728     
   1           1         138   3.3306743783019224        16.000000000000000        4.7900934860307594     
   1           1         139   3.6889720521070943        16.000000000000000        4.7929808474197415     
   1           1         140   8.9508756894679120        16.000000000000000        5.1456126306839272     
   1           1         141   141.95378830603278        16.000000000000000        105.46594923495996     
   1           1         142   286.70585270041727        16.000000000000000        258.00236404203446     
   1           1         143   3.3531872161594816        16.000000000000000        4.7904999276659517     
   1           1         144   3.6058386803573090        16.000000000000000        4.7924862086018756     
   1           1         145   3.2925519084117578        16.000000000000000        4.7897081310759457     
   1           1         146   3.5136391198833929        16.000000000000000        4.7929796104662108     
   1           1         147   3.5829534295012970        16.000000000000000        4.7929810657259191     
   1           1         148   3.3197130931125383        16.000000000000000        4.7906889319794077     
   1           1         149   3.3496059170042320        16.000000000000000        4.7904999276659517     
   1           1         150   199.89111837472157        16.000000000000000        160.47540150192589     
   1           1         151   258.34381819184068        16.000000000000000        231.16044652501600     
   1           1         152   3.3542831546812777        16.000000000000000        4.7905002800984091     
   1           1         153   3.2986333389619902        16.000000000000000        4.7897093880738728     
   1           1         154   3.4441299918583277        16.000000000000000        4.7929810657259191     
   1           1         155   3.3539009479576554        16.000000000000000        4.7922696448945832     
   1           1         156   3.3295491521156642        16.000000000000000        4.7900932863508183     
   1           1         157   3.3442725227593177        16.000000000000000        4.7900970595803969     
   1           1         158   10.273322063675613        16.000000000000000        6.9848173507880080     
   1           1         159   3.3146335807396019        16.000000000000000        4.7900929868419535     
   1           1         160   3.4671281370392943        16.000000000000000        4.7929810657259191     
   1           1         161   10.294629446554309        16.000000000000000        6.9848173507880080     
   1           1         162   10.360615742859226        16.000000000000000        6.9880022413409151     
   1           1         163   3.3732352716691238        16.000000000000000        4.7921638689956643     
   1           1         164   3.3288224256157313        16.000000000000000        4.7916616332142814     
   1           1         165   3.3015219951217669        16.000000000000000        4.7895951247862252     
   1           1         166   3.4531038697930208        16.000000000000000        4.7929809929565081     
   1           1         167   3.4318109580105167        16.000000000000000        4.7924858993923891     
   1           1         168   3.3330293567185505        16.000000000000000        4.7900934860307594     
   1           1         169   3.5471981247605839        16.000000000000000        4.7946470828184093     
   1           1         170   8.0359757350595551        16.000000000000000        5.1449123047928680     
   1           1         171   3.3544242558912649        16.000000000000000        4.7903682724899372     
   1           1         172   3.4687439641122517        16.000000000000000        4.7929810657259191     
   1           1         173   3.3295138113438583        16.000000000000000        4.7900934860307594     
   1           1         174   3.2998212537165172        16.000000000000000        4.7893501027384477     
   1           1         175   10.439851091742312        16.000000000000000        6.9880023629279133     
   1           1         176   57.986623706504041        16.000000000000000        56.592664805039817     
   1           1         177   3.3471287286098854        16.000000000000000        4.7904995752508288     
   1           1         178   3.3285971883202286        16.000000000000000        4.7906892403060368     
   1           1         179   3.3261268626493581        16.000000000000000        4.7900934860307594     
   1           1         180   10.390710968180077        16.000000000000000        6.9852195303272797     
   1           1         181   10.304929041614008        16.000000000000000        6.9848170585592895     
   1           1         182   8.1952692116634811        16.000000000000000        5.1456138158393196     
   1           1         183   3.3027752679873452        16.000000000000000        4.7897087595440704     
   1           1         184   3.3291922258481561        16.000000000000000        4.7906499702440657     
   1           1         185   3.3257824508657348        16.000000000000000        4.7900932863508183     
   1           1         186   3.3476304328169633        16.000000000000000        4.7903679651047666     
   1           1         187   3.3231721722306018        16.000000000000000        4.7899712210667840     
   1           1         188   3.6833774199341200        16.000000000000000        4.7940599230365653     
   1           1         189   3.3373102691031451        16.000000000000000        4.7918048189003946     
   1           1         190   3.3874027457885534        16.000000000000000        4.7926968393243055     
   1           1         191   3.4172998989771295        16.000000000000000        4.7924864147487680     
   1           1         192   3.3978313821316690        16.000000000000000        4.7913146621360125     
   1           1         193   3.3299500270311486        16.000000000000000        4.7909210014595018     
   1           1         194   3.3283800140240198        16.000000000000000        4.7900934860307594     
   1           1         195   10.461957758452366        16.000000000000000        6.9878481836535675     
   1           1         196   3.3001033261700115        16.000000000000000        4.7913669381191557     
   1           1         197   3.3370396665538111        16.000000000000000        4.7900967267591481     
   1           1         198   3.3366035675663275        16.000000000000000        4.7905000686368675     
   1           1         199   3.3374750808805209        16.000000000000000        4.7909076979482288     
   1           1         200   3.3368061096574646        16.000000000000000        4.7919246665119140     
   1           1         201   8.0827305973732049        16.000000000000000        5.1458826357833791     
   1           1         202   3.3814399431671744        16.000000000000000        4.7922696448945832     
   1           1         203   3.4427049316647267        16.000000000000000        4.7932613544288039     
   1           1         204   3.3461773045268282        16.000000000000000        4.7909076979482288     
   1           1         205   3.3307100371614733        16.000000000000000        4.7900934860307594     
   1           1         206   3.5468100181386428        16.000000000000000        4.7946475150551544     
   1           1         207   3.3915403804632400        16.000000000000000        4.7921636564884675     
   1           1         208   3.3173312443103349        16.000000000000000        4.7905231857874462     
   1           1         209   3.3141678201888949        16.000000000000000        4.7900932863508183     
   1           1         210   3.3486833006648888        16.000000000000000        4.7905002096105376     
   1           1         211   3.3635983243239522        16.000000000000000        4.7922696448945832     
   1           1         212   3.3033245601978769        16.000000000000000        4.7897093880738728     
   1           1         213   11.433709498151842        16.000000000000000        6.9890436142191055     
   1           1         214   3.3184382127064365        16.000000000000000        4.7900934860307594     
   1           1         215   3.6453747937815053        16.000000000000000        4.7929810657259191     
   1           1         216   3.3169462773761214        16.000000000000000        4.7900934860307594     
   1           1         217   10.332712693352899        16.000000000000000        6.9860087310067982     
   1           1         218   3.6100775999856456        16.000000000000000        4.7929810657259191     
   1           1         219   142.29812754161566        16.000000000000000        124.34991407021364     
   1           1         220   3.7449203923844920        16.000000000000000        4.7946472989342848     
   1           1         221   333.93288496132146        16.000000000000000        311.47673550686636     
   1           1         222   3.3609827829316776        16.000000000000000        4.7921638689956643     
   1           1         223   3.3482325431208122        16.000000000000000        4.7903682110111063     
   1           1         224   362.45215562540841        16.000000000000000        351.10683167910042     
   1           1         225   3.3572484225790094        16.000000000000000        4.7921642940275042     
   1           1         226   559.45546631016316        16.000000000000000        527.34900940218949     
   1           1         227   3.3169841081428859        16.000000000000000        4.7906894458645599     
   1           1         228   10.333079883777398        16.000000000000000        6.9848230682139576     
   1           1         229   10.290771030580133        16.000000000000000        6.9848173507880080     
   1           1         230   390.44468979387500        16.000000000000000        347.45291955156682     
   1           1         231   3.3313814590120550        16.000000000000000        4.7900934194701090     
   1           1         232   3.4134422600016401        16.000000000000000        4.7932608765352445     
   1           1         233   3.3344289767625246        16.000000000000000        4.7900931532341691     
   1           1         234   3.3633659507737255        16.000000000000000        4.7913143801234126     
   1           1         235   3.3311578116560043        16.000000000000000        4.7916618737392271     
   1           1         236   3.4671462919087852        16.000000000000000        4.7920193815806194     
   1           1         237   10.269509981970328        16.000000000000000        6.9842551366571817     
   1           1         238   3.5413945772258186        16.000000000000000        4.7924864147487680     
   1           1         239   3.5744621637626124        16.000000000000000        4.7929810657259191     
   1           1         240   3.3285596969475901        16.000000000000000        4.7900934860307594     
   1           1         241   10.421838984416986        16.000000000000000        6.9880023629279133     
   1           1         242   3.3563562917146017        16.000000000000000        4.7909076979482288     
   1           1         243   3.3652191131095543        16.000000000000000        4.7913143801234126     
   1           1         244   3.4923691809909734        16.000000000000000        4.7929810657259191     
   1           1         245   727.13911919337033        16.000000000000000        677.96741400751068     
   1           1         246   11.679047033685007        16.000000000000000        6.9914824638318587     
   1           1         247   3.3349048611267933        16.000000000000000        4.7900934860307594     
   1           1         248   8.1474547408308524        16.000000000000000        5.1458820109918841     
   1           1         249   3.3548788936521139        16.000000000000000        4.7905002800984091     
   1           1         250   3.3501609057303789        16.000000000000000        4.7922696448945832     
   1           1         251   3.3407973209320185        16.000000000000000        4.7905002096105376     
   1           1         252   783.12399234267286        16.000000000000000        730.72586938023062     
   1           1         253   3.3686405485269999        16.000000000000000        4.7922696448945832     
   1           1         254   3.3261494301354668        16.000000000000000        4.7900931532341691     
   1           1         255   3.3869895749109316        16.000000000000000        4.7903682724899372     
   1           1         256   3.5946028698676127        16.000000000000000        4.7929810657259191     
   1           1         257   3.3703017754690698        16.000000000000000        4.7922696448945832     
   1           1         258   3.5259540276204246        16.000000000000000        4.7929808474197415     
   1           1         259   3.3031075806973198        16.000000000000000        4.7897089166706888     
   1           1         260   10.394279243064771        16.000000000000000        6.9854125825185767     
   1           1         261   3.3670846395148954        16.000000000000000        4.7922696448945832     
   1           1         262   3.3213911892887453        16.000000000000000        4.7900934860307594     
   1           1         263   13.079771876160590        16.000000000000000        9.9153008814279211     
   1           1         264   3.3947192002605893        16.000000000000000        4.7926965689160559     
   1           1         265   27.734540566467256        16.000000000000000        25.074100402572174     
   1           1         266   3.2789732524489610        16.000000000000000        4.7900747110232853     
   1           1         267   3.3671424626634483        16.000000000000000        4.7922696448945832     
   1           1         268   3.3268162325541426        16.000000000000000        4.7900934860307594     
   1           1         269   10.336132649805243        16.000000000000000        6.9854465709826172     
   1           1         270   3.4702002185196319        16.000000000000000        4.7929810657259191     
   1           1         271   3.3561941608062411        16.000000000000000        4.7921642940275042     
   1           1         272   3.3856995151292186        16.000000000000000        4.7907886599995217     
   1           1         273   3.3705193743397315        16.000000000000000        4.7919227642845135     
   1           1         274   7.9704119781653571        16.000000000000000        5.1431315899183208     
   1           1         275   3.3362059281328160        16.000000000000000        4.7919246665119140     
   1           1         276   3.5828885969240027        16.000000000000000        4.7924857276149551     
   1           1         277   3.3232930726833554        16.000000000000000        4.7906501063021825     
   1           1         278   3.3202503289474219        16.000000000000000        4.7900931532341691     
   1           1         279   3.2994390451439819        16.000000000000000        4.7901602958555198     
   1           1         280   3.3723687044597703        16.000000000000000        4.7927612538618947     
   1           1         281   3.3272429844333615        16.000000000000000        4.7900934860307594     
   1           1         282   3.2937016810742952        16.000000000000000        4.7897090738012729     
   1           1         283   10.478554861445696        16.000000000000000        6.9846395573866138     
   1           1         284   3.3526977813999919        16.000000000000000        4.7921642940275042     
   1           1         285   3.3396129744622645        16.000000000000000        4.7909076979482288     
   1           1         286   3.5785126751945278        16.000000000000000        4.7940593925095536     
   1           1         287   3.2887837481469990        16.000000000000000        4.7897093252181122     
   1           1         288   3.3501012917459327        16.000000000000000        4.7904986942889414     
   1           1         289   3.3112140618832311        16.000000000000000        4.7911877684716737     
   1           1         290   3.2996354458073434        16.000000000000000        4.7897093880738728     
   1           1         291   3.3266530291556031        16.000000000000000        4.7906894458645599     
   1           1         292   3.2795667193141371        16.000000000000000        4.7893464023612582     
   1           1         293   3.3136240084735067        16.000000000000000        4.7900934860307594     
   1           1         294   3.3857611816805928        16.000000000000000        4.7922692295069842     
   1           1         295   3.3289845382790815        16.000000000000000        4.7900932863508183     
   1           1         296   3.3727198737323252        16.000000000000000        4.7903682724899372     
   1           1         297   3.3497417876696862        16.000000000000000        4.7903682110111063     
   1           1         298   3.4426052736761963        16.000000000000000        4.7935034628430042     
   1           1         299   3.3598376847365738        16.000000000000000        4.7900973258490778     
   1           1         300   3.3834560789423849        16.000000000000000        4.7903678114204222     
   1           1         301   3.3771353497479160        16.000000000000000        4.7903682724899372     
   1           1         302   3.3488695154974053        16.000000000000000        4.7921642940275042     
   1           1         303   8.0785638417798804        16.000000000000000        5.1435489743494847     
   1           1         304   3.3294854410674248        16.000000000000000        4.7906499702440657     
   1           1         305   3.3347950787994716        16.000000000000000        4.7909076979482288     
   1           1         306   3.3026115525598758        16.000000000000000        4.7902726984853494     
   1           1         307   3.5862962454071718        16.000000000000000        4.7929805199718407     
   1           1         308   3.5332033800531208        16.000000000000000        4.7924863460325184     
   1           1         309   3.3260937417185752        16.000000000000000        4.7916617935633710     
   1           1         310   3.3890755659079050        16.000000000000000        4.7926968393243055     
   1           1         311   3.3851547250875522        16.000000000000000        4.7922695618151776     
   1           1         312   3.2920423379626045        16.000000000000000        4.7897093880738728     
   1           1         313   3.3492121098033762        16.000000000000000        4.7904999276659517     
   1           1         314   3.3732739976550419        16.000000000000000        4.7922695618151776     
   1           1         315   3.3625184111144168        16.000000000000000        4.7913143801234126     
   1           1         316   3.3347704840372936        16.000000000000000        4.7909076979482288     
   1           1         317   3.4942672090674254        16.000000000000000        4.7929810657259191     
   1           1         318   3.3552276304086273        16.000000000000000        4.7913827568527925     
   1           1         319   3.7507424262012732        16.000000000000000        4.7935049269698187     
   1           1         320   3.3297523694683342        16.000000000000000        4.7899708443489146     
   1           1         321   10.400370837609076        16.000000000000000        6.9878481836535675     
   1           1         322   3.3234402332086970        16.000000000000000        4.7900931532341691     
   1           1         323   10.258631579444925        16.000000000000000        6.9837815130869263     
   1           1         324   3.3469742899526582        16.000000000000000        4.7922693956591953     
   1           1         325   3.3433518968344673        16.000000000000000        4.7903668894306328     
   1           1         326   3.3280942523623560        16.000000000000000        4.7900934860307594     
   1           1         327   3.3450794631373855        16.000000000000000        4.7900970595803969     
   1           1         328   3.3493286479866620        16.000000000000000        4.7900973924179109     
   1           1         329   3.3218364591777498        16.000000000000000        4.7906894458645599     
   1           1         330   3.3477618190323595        16.000000000000000        4.7922696448945832     
   1           1         331   3.9413166658607000        16.000000000000000        4.7929808474197415     
   1           1         332   8.0490470409358323        16.000000000000000        5.1435445626705460     
   1           1         333   10.391661721705933        16.000000000000000        6.9852188555631862     
   1           1         334   3.3299027057528683        16.000000000000000        4.7909207970796048     
   1           1         335   3.5082561552739193        16.000000000000000        4.7929810657259191     
   1           1         336   10.267421020552955        16.000000000000000        6.9848168637449692     
   1           1         337   3.3141709662433736        16.000000000000000        4.7900931532341691     
   1           1         338   11.211530851146319        16.000000000000000        6.9890436142191055     
   1           1         339   3.3250197638748280        16.000000000000000        4.7900934194701090     
   1           1         340   3.3244734132754910        16.000000000000000        4.7900932863508183     
   1           1         341   3.3516770792580983        16.000000000000000        4.7909076979482288     
   1           1         342   3.3200661431168408        16.000000000000000        4.7906894458645599     
   1           1         343   10.420379674373526        16.000000000000000        6.9878478104276729     
   1           1         344   3.2743582421195354        16.000000000000000        4.7893461055794067     
   1           1         345   3.3280242879296194        16.000000000000000        4.7900929868419535     
   1           1         346   3.3378176944737712        16.000000000000000        4.7909070322118570     
   1           1         347   3.3827201950669270        16.000000000000000        4.7922695618151776     
   1           1         348   3.3724939315448328        16.000000000000000        4.7921642940275042     
   1           1         349   3.3689459665404038        16.000000000000000        4.7913143801234126     
   1           1         350   3.3235925165265781        16.000000000000000        4.7900932863508183     
   1           1         351   3.3776492458597187        16.000000000000000        4.7921642090192371     
   1           1         352   3.3107818992784632        16.000000000000000        4.7900934860307594     
   1           1         353   10.310434072650525        16.000000000000000        6.9848173507880080     
   1           1         354   3.3641716287648689        16.000000000000000        4.7909074982204523     
   1           1         355   3.3269203195851298        16.000000000000000        4.7906501743322654     
   1           1         356   10.397956346338541        16.000000000000000        6.9854125825185767     
   1           1         357   10.313215970353671        16.000000000000000        6.9848173507880080     
   1           1         358   3.3573984882633487        16.000000000000000        4.7913146621360125     
   1           1         359   3.3272688462212563        16.000000000000000        4.7906894458645599     
   1           1         360   3.3500808880588111        16.000000000000000        4.7903682724899372     
   1           1         361   3.3232124335993931        16.000000000000000        4.7906889319794077     
   1           1         362   3.3493932800355659        16.000000000000000        4.7903682724899372     
   1           1         363   3.3332119683011743        16.000000000000000        4.7900973258490778     
   1           1         364   3.3422425251738512        16.000000000000000        4.7899712210667840     
   1           1         365   8.0830915109094992        16.000000000000000        5.1435489743494847     
   1           1         366   3.4242566159776469        16.000000000000000        4.7932613544288039     
   1           1         367   10.313215281499662        16.000000000000000        6.9848170585592895     
   1           1         368   3.3495479162338504        16.000000000000000        4.7905002800984091     
   1           1         369   3.3297218848269110        16.000000000000000        4.7906501743322654     
   1           1         370   3.3014435049642583        16.000000000000000        4.7895959442648355     
   1           1         371   3.2893325018327579        16.000000000000000        4.7897079739685724     
   1           1         372   10.286134557758681        16.000000000000000        6.9848173507880080     
   1           1         373   3.3781717583945299        16.000000000000000        4.7903682724899372     
   1           1         374   3.3714047819418651        16.000000000000000        4.7903682110111063     
   1           1         375   3.3816664395287157        16.000000000000000        4.7920193166876652     
   1           1         376   3.5687183071091768        16.000000000000000        4.7946470828184093     
   1           1         377   3.6532192268142807        16.000000000000000        4.7940600046589896     
   1           1         378   3.3648718203624592        16.000000000000000        4.7921638689956643     
   1           1         379   3.3472091881482942        16.000000000000000        4.7922696448945832     
   1           1         380   3.4213503218201224        16.000000000000000        4.7929805199718407     
   1           1         381   3.3346217361888586        16.000000000000000        4.7909076979482288     
   1           1         382   3.3499599674074134        16.000000000000000        4.7919246665119140     
   1           1         383   3.3559536680717077        16.000000000000000        4.7922688141426679     
   1           1         384   4.0856234054566540        16.000000000000000        4.7929810657259191     
   1           1         385   5.6817612590802256        16.000000000000000        2.9662186475584811     
   1           1         386   10.300858995536538        16.000000000000000        6.9860290920568211     
   1           1         387   3.9188766200638581        16.000000000000000        4.7935047728390057     
   1           1         388   3.5169479948825311        16.000000000000000        4.7929810657259191     
   1           1         389   8.0416566029781986        16.000000000000000        5.1435445626705460     
   1           1         390   3.3333056635133733        16.000000000000000        4.7900934194701090     
   1           1         391   3.4072241389570679        16.000000000000000        4.7932610676895182     
   1           1         392   10.353285658947991        16.000000000000000        6.9862489780012913     
   1           1         393   3.2996840268542087        16.000000000000000        4.7897093880738728     
   1           1         394   3.3525186702896881        16.000000000000000        4.7922696448945832     
   1           1         395   8.1012578052216462        16.000000000000000        5.1427330758275236     
   1           1         396   3.9128060633982487        16.000000000000000        4.7929794285778176     
   1           1         397   3.3228161272364614        16.000000000000000        4.7900934194701090     
   1           1         398   10.389621011032048        16.000000000000000        6.9854106227189128     
   1           1         399   3.3535644106397919        16.000000000000000        4.7903682724899372     
   1           1         400   3.6673512229466674        16.000000000000000        4.7924863460325184     
   1           1         401   3.3526452548380470        16.000000000000000        4.7922690218218893     
   1           1         402   3.4058945974347319        16.000000000000000        4.7912324669724811     
   1           1         403   3.3601444144326895        16.000000000000000        4.7922696448945832     
   1           1         404   10.300608014993417        16.000000000000000        6.9856893001059435     
   1           1         405   3.3479968028908460        16.000000000000000        4.7921642090192371     
   1           1         406   3.3390496601701778        16.000000000000000        4.7909074982204523     
   1           1         407   3.3266188017885812        16.000000000000000        4.7900928204538431     
   1           1         408   10.322504641097822        16.000000000000000        6.9848168637449692     
   1           1         409   3.3607162810620217        16.000000000000000        4.7910882326252455     
   1           1         410   3.3645420918765434        16.000000000000000        4.7905002800984091     
   1           1         411   3.3697602704200631        16.000000000000000        4.7903679651047666     
   1           2           1   3.3564215557155528        17.000000000000000        4.8277366899565530     
   1           2           2   3.4403231070951970        17.000000000000000        4.8290663065366681     
   1           2           3   3.3458676562985730        17.000000000000000        4.8277075716751403     
   1           2           4   3.3918971498980177        17.000000000000000        4.8285687411716314     
   1           2           5   3.3276159633941695        17.000000000000000        4.8277075716751403     
   1           2           6   3.3368344600396718        17.000000000000000        4.8277075716751403     
   1           2           7   3.3488191762924893        17.000000000000000        4.8277368954617392     
   1           2           8   18.035946693666737        17.000000000000000        10.445623892724617     
   1           2           9   3.3345737251787524        17.000000000000000        4.8277367756433991     
   1           2          10   3.3476941074254065        17.000000000000000        4.8277366899565530     
   1           2          11   3.3347694106824823        17.000000000000000        4.8277072291728009     
   1           2          12   8.0348624895949907        17.000000000000000        5.1841857842942938     
   1           2          13   3.3072832677923607        17.000000000000000        4.8273111936983462     
   1           2          14   3.2978204760873626        17.000000000000000        4.8269368745623655     
   1           2          15   3.3483024966632025        17.000000000000000        4.8281262821336091     
   1           2          16   3.3183984765663173        17.000000000000000        4.8273113233166303     
   1           2          17   3.3483515902771157        17.000000000000000        4.8277363817096299     
   1           2          18   3.3508127374503629        17.000000000000000        4.8277368954617392     
   1           2          19   3.3366790726069482        17.000000000000000        4.8277075031733903     
   1           2          20   3.3257558228697488        17.000000000000000        4.8277060305420720     
   1           2          21   3.2944260517991650        17.000000000000000        4.8269629392955045     
   1           2          22   3.3328728208973337        17.000000000000000        4.8277072291728009     
   1           2          23   3.3609555657889079        17.000000000000000        4.8277812285384440     
   1           2          24   3.3666211348660275        17.000000000000000        4.8277816776105000     
   1           2          25   3.3367621878843812        16.000000000000000        4.8277291950823482     
   1           2          26   3.3208089351938752        16.000000000000000        4.8277075716751403     
   1           2          27   3.4070733144091290        16.000000000000000        4.8274122196805251     
   1           2          28   3.3664876155508257        16.000000000000000        4.8277816776105000     
   1           2          29   3.3385174317269697        16.000000000000000        4.8277070579276584     
   1           2          30   13.360795392396586        16.000000000000000        8.5439344741934597     
   1           2          31   57.979998419421868        16.000000000000000        51.914564063863814     
   1           2          32   3.3120811984574758        16.000000000000000        4.8273111936983462     
   1           2          33   3.3553532718614938        16.000000000000000        4.8273862478252356     
   1           2          34   3.3341288823948250        16.000000000000000        4.8277286808211670     
   1           2          35   3.3667005272656150        16.000000000000000        4.8277817467009472     
   1           2          36   3.3615702832379197        16.000000000000000        4.8281262097274675     
   1           2          37   3.3582377530137886        16.000000000000000        4.8281262821336091     
   1           2          38   3.3424311675652922        16.000000000000000        4.8277075716751403     
   1           2          39   3.3358195085083331        16.000000000000000        4.8277075716751403     
   1           2          40   3.3385487223830745        16.000000000000000        4.8277072291728009     
   1           2          41   3.3385132704223790        16.000000000000000        4.8277075716751403     
   1           2          42   3.3608639717071105        16.000000000000000        4.8281474641935080     
   1           2          43   3.3366514878764080        16.000000000000000        4.8277073661717980     
   1           2          44   3.3280878566919818        16.000000000000000        4.8277072291728009     
   1           2          45   3.3671914950696173        16.000000000000000        4.8277172214175792     
   1           2          46   3.3819837806256321        16.000000000000000        4.8277840173863842     
   1           2          47   83.958959968811072        16.000000000000000        74.644355350139278     
   1           2          48   3.3450212521797118        16.000000000000000        4.8277075716751403     
   1           2          49   57.947660820093816        16.000000000000000        56.192463412215837     
   1           2          50   12.023072555728612        16.000000000000000        7.1486870142097025     
   1           2          51   3.3380191112374624        16.000000000000000        4.8277291950823482     
   1           2          52   3.4261636750881759        16.000000000000000        4.8285793706606484     
   1           2          53   3.3268829877832813        16.000000000000000        4.8277075031733903     
   1           2          54   3.3612815198305510        16.000000000000000        4.8281255581033227     
   1           2          55   3.3678810114337558        16.000000000000000        4.8277816776105000     
   1           2          56   3.4292191105492145        16.000000000000000        4.8278125737565327     
   1           2          57   3.3405151861709230        16.000000000000000        4.8277291950823482     
   1           2          58   3.3766265635317851        16.000000000000000        4.8277847075088154     
   1           2          59   3.3341419056776824        16.000000000000000        4.8277075716751403     
   1           2          60   3.2895560377783197        16.000000000000000        4.8269365679544292     
   1           2          61   86.097324076945782        16.000000000000000        76.796689328503831     
   1           2          62   3.3660710728775940        16.000000000000000        4.8277061823708207     
   1           2          63   3.4169247981097404        16.000000000000000        4.8290369529624266     
   1           2          64   3.4132991525759437        16.000000000000000        4.8285927818463241     
   1           2          65   3.3335670674544478        16.000000000000000        4.8270094452309591     
   1           2          66   10.202210339666740        16.000000000000000        7.0607551573892211     
   1           2          67   3.2912791317493100        16.000000000000000        4.8269627540598474     
   1           2          68   3.3337721146257899        16.000000000000000        4.8277367756433991     
   1           2          69   3.3296569640047928        16.000000000000000        4.8273209904988432     
   1           2          70   3.3789650037063566        16.000000000000000        4.8282065003017429     
   1           2          71   3.3283846667620853        16.000000000000000        4.8277075716751403     
   1           2          72   3.4155596941498967        16.000000000000000        4.8285979311025216     
   1           2          73   3.3515145085881932        16.000000000000000        4.8277731664930350     
   1           2          74   3.3080030021381139        16.000000000000000        4.8273110316789438     
   1           2          75   3.3747624718477369        16.000000000000000        4.8277816776105000     
   1           2          76   3.3346705280740871        16.000000000000000        4.8277075716751403     
   1           2          77   3.3374711949631228        16.000000000000000        4.8277275290255233     
   1           2          78   3.4175957035840772        16.000000000000000        4.8286420324115511     
   1           2          79   3.3347352086356774        16.000000000000000        4.8277072291728009     
   1           2          80   11.424062253037384        16.000000000000000        7.1475095922040808     
   1           2          81   3.3325678697805539        16.000000000000000        4.8277291950823482     
   1           2          82   3.3160937590949779        16.000000000000000        4.8273114529373080     
   1           2          83   3.3936295552458922        16.000000000000000        4.8277816776105000     
   1           2          84   3.3760432759926426        16.000000000000000        4.8277816776105000     
   1           2          85   11.122089099912818        16.000000000000000        7.1487160594062562     
   1           2          86   3.3569554030909057        16.000000000000000        4.8277175630384566     
   1           2          87   3.3421852964391849        16.000000000000000        4.8277075716751403     
   1           2          88   10.364301672201153        16.000000000000000        7.0618862030046294     
   1           2          89   3.3316345973384238        16.000000000000000        4.8277075031733903     
   1           2          90   3.3760869902951525        16.000000000000000        4.8277817467009472     
   1           2          91   3.3762321861810460        16.000000000000000        4.8277174947129833     
   1           2          92   3.3012602059965261        16.000000000000000        4.8273111936983462     
   1           2          93   3.3276865328843157        16.000000000000000        4.8277068866864958     
   1           2          94   3.3355413529730220        16.000000000000000        4.8277277346824690     
   1           2          95   3.3486072647599174        16.000000000000000        4.8273207319406231     
   1           2          96   8.0611587368419038        16.000000000000000        5.1849363085273685     
   1           2          97   3.3757677818099836        16.000000000000000        4.8281556152209317     
   1           2          98   3.3568224060699685        16.000000000000000        4.8277172214175792     
   1           2          99   3.3338953572635641        16.000000000000000        4.8277075716751403     
   1           2         100   3.3314427397898569        16.000000000000000        4.8277068866864958     
   1           2         101   3.3118365239305128        16.000000000000000        4.8269367027327643     
   1           2         102   3.3631333430555226        16.000000000000000        4.8277175630384566     
   1           2         103   3.3300896492299756        16.000000000000000        4.8277070579276584     
   1           2         104   3.2832138901010888        16.000000000000000        4.8269362613610092     
   1           2         105   3.3043434878868161        16.000000000000000        4.8273113233166303     
   1           2         106   3.3376679515157206        16.000000000000000        4.8277075716751403     
   1           2         107   3.5600844898572181        16.000000000000000        4.8278120583961961     
   1           2         108   3.3803490322915875        16.000000000000000        4.8281363902880772     
   1           2         109   3.3340309109377348        16.000000000000000        4.8277075716751403     
   1           2         110   3.4002986150534711        16.000000000000000        4.8282040640180659     
   1           2         111   3.3403287797473711        16.000000000000000        4.8277070579276584     
   1           2         112   3.3695977242977202        16.000000000000000        4.8281474641935080     
   1           2         113   3.3668798835085743        16.000000000000000        4.8277726484619841     
   1           2         114   8.1678542895657191        16.000000000000000        5.1850195729217372     
   1           2         115   3.3324471023827367        16.000000000000000        4.8273208612185146     
   1           2         116   3.4686418659614131        16.000000000000000        4.8282338605157946     
   1           2         117   10.904656401654822        16.000000000000000        6.5267741708444102     
   1           2         118   11.675953553784012        16.000000000000000        7.0626612587201496     
   1           2         119   11.663537469454333        16.000000000000000        7.1495698540358044     
   1           2         120   3.3725770542562215        16.000000000000000        4.8281564657289042     
   1           2         121   3.4977094240646829        16.000000000000000        4.8278123676080451     
   1           2         122   3.4586512774886460        16.000000000000000        4.8291219884159835     
   1           2         123   3.3562653132268045        16.000000000000000        4.8281262097274675     
   1           2         124   3.3353177413964930        16.000000000000000        4.8277075031733903     
   1           2         125   3.3846701265587287        16.000000000000000        4.8281367513987092     
   1           2         126   3.3571728205816931        16.000000000000000        4.8277172214175792     
   1           2         127   15.184736738176150        16.000000000000000        10.715189191291358     
   1           2         128   3.3082557222389299        16.000000000000000        4.8273108696634059     
   1           2         129   3.3140369531749072        16.000000000000000        4.8273111936983462     
   1           2         130   3.3064755649379909        16.000000000000000        4.8269657215314368     
   1           2         131   3.8680907189075051        16.000000000000000        4.8274127072762703     
   1           2         132   20.100052992440585        16.000000000000000        10.146192123041878     
   1           2         133   201.20253150033398        16.000000000000000        174.80239200854220     
   1           2         134   3.5340084298483054        16.000000000000000        4.8274122196805251     
   1           2         135   3.3630644079626602        16.000000000000000        4.8277366899565530     
   1           2         136   85.155532161911822        16.000000000000000        62.571933941576177     
   1           2         137   3.3153522430112061        16.000000000000000        4.8273111936983462     
   1           2         138   3.3401408498454694        16.000000000000000        4.8277075716751403     
   1           2         139   3.7230355482035975        16.000000000000000        4.8282338605157946     
   1           2         140   9.0855170735711237        16.000000000000000        5.1850491483649437     
   1           2         141   141.95584223824486        16.000000000000000        104.71217579694360     
   1           2         142   286.71695031590690        16.000000000000000        257.94334168627552     
   1           2         143   3.3631036520725321        16.000000000000000        4.8281255581033227     
   1           2         144   3.5804246528952040        16.000000000000000        4.8270343943143370     
   1           2         145   3.3505067902084402        16.000000000000000        4.8281260649173374     
   1           2         146   3.5132441695780137        16.000000000000000        4.8278110277850343     
   1           2         147   3.5799829799271161        16.000000000000000        4.8278125737565327     
   1           2         148   3.3292565466585682        16.000000000000000        4.8277291265121134     
   1           2         149   3.3106758867906758        16.000000000000000        4.8273110316789438     
   1           2         150   199.89731217964155        16.000000000000000        159.31148536585607     
   1           2         151   258.55286829065659        16.000000000000000        231.55009766267392     
   1           2         152   3.3638780622088871        16.000000000000000        4.8281262821336091     
   1           2         153   3.3308958716703412        16.000000000000000        4.8277075716751403     
   1           2         154   3.4481632159568862        16.000000000000000        4.8278125737565327     
   1           2         155   3.3618582014192127        16.000000000000000        4.8277853976970118     
   1           2         156   3.3653794277793558        16.000000000000000        4.8281255581033227     
   1           2         157   3.3528765349411440        16.000000000000000        4.8277076550089033     
   1           2         158   10.235803859621264        16.000000000000000        7.0613054761543275     
   1           2         159   3.3504673542890311        16.000000000000000        4.8281262821336091     
   1           2         160   3.4999927458427726        16.000000000000000        4.8282353130537432     
   1           2         161   10.324841937692833        16.000000000000000        7.0618846946118845     
   1           2         162   10.388581104929420        16.000000000000000        7.0620007241985672     
   1           2         163   3.3828860431198580        16.000000000000000        4.8277817467009472     
   1           2         164   3.3638742180913761        16.000000000000000        4.8277816776105000     
   1           2         165   3.3548962130140993        16.000000000000000        4.8277175630384566     
   1           2         166   3.4572207474349432        16.000000000000000        4.8278125737565327     
   1           2         167   3.4622177138821866        16.000000000000000        4.8278125737565327     
   1           2         168   3.3423692748074152        16.000000000000000        4.8277070579276584     
   1           2         169   3.5103274364884451        16.000000000000000        4.8286822595569872     
   1           2         170   8.1689301473267868        16.000000000000000        5.1850197212622815     
   1           2         171   3.3628985264784079        16.000000000000000        4.8277175630384566     
   1           2         172   3.4707367917582101        16.000000000000000        4.8278125050397316     
   1           2         173   3.3650882101332535        16.000000000000000        4.8281260649173374     
   1           2         174   3.3521061940875647        16.000000000000000        4.8277077235109696     
   1           2         175   10.549581872420282        16.000000000000000        7.0626196997751984     
   1           2         176   57.986753451838325        16.000000000000000        56.578195798607595     
   1           2         177   3.3086694616192163        16.000000000000000        4.8273110316789438     
   1           2         178   3.3373261885321805        16.000000000000000        4.8277289893735240     
   1           2         179   3.3358188509826472        16.000000000000000        4.8277075716751403     
   1           2         180   10.417524151553971        16.000000000000000        7.0619015275017194     
   1           2         181   10.334473367788588        16.000000000000000        7.0618864544242825     
   1           2         182   8.2098086421702892        16.000000000000000        5.1842129605566543     
   1           2         183   3.3916275927959671        16.000000000000000        4.8285682054435588     
   1           2         184   3.3399888684409444        16.000000000000000        4.8277277346824690     
   1           2         185   3.3359483681399977        16.000000000000000        4.8277072291728009     
   1           2         186   3.3564251166261676        16.000000000000000        4.8277175630384566     
   1           2         187   3.3551402691775101        16.000000000000000        4.8277175630384566     
   1           2         188   3.6039942391649298        16.000000000000000        4.8278122301789308     
   1           2         189   3.3695245876643023        16.000000000000000        4.8277851906337084     
   1           2         190   3.3675628722595872        16.000000000000000        4.8277817467009472     
   1           2         191   3.4473497420738433        16.000000000000000        4.8278125737565327     
   1           2         192   3.3813081886461269        16.000000000000000        4.8277368269593763     
   1           2         193   3.3421962244621821        16.000000000000000        4.8277360859150402     
   1           2         194   3.3641009335600347        16.000000000000000        4.8281259201098949     
   1           2         195   10.490309427863830        16.000000000000000        7.0619958700537664     
   1           2         196   3.3538408358286187        16.000000000000000        4.8277853976970118     
   1           2         197   3.3230449427962467        16.000000000000000        4.8273111747258923     
   1           2         198   3.2801508381280722        16.000000000000000        4.8269368745623655     
   1           2         199   3.3473859361990077        16.000000000000000        4.8277368954617392     
   1           2         200   3.3496477338271209        16.000000000000000        4.8277731664930350     
   1           2         201   8.1047729995179800        16.000000000000000        5.1850198696056067     
   1           2         202   3.3897968843328394        16.000000000000000        4.8277853976970118     
   1           2         203   3.3857993697186268        16.000000000000000        4.8277815394315278     
   1           2         204   3.3559890378840791        16.000000000000000        4.8277368954617392     
   1           2         205   3.3402588089795424        16.000000000000000        4.8277075716751403     
   1           2         206   3.4216202580013291        16.000000000000000        4.8274112445926507     
   1           2         207   3.3720201681042141        16.000000000000000        4.8273817000345991     
   1           2         208   3.3074200177989859        16.000000000000000        4.8269649550862734     
   1           2         209   3.3243394618754367        16.000000000000000        4.8277075716751403     
   1           2         210   3.3326112186741352        16.000000000000000        4.8277072291728009     
   1           2         211   3.3704264508461637        16.000000000000000        4.8277848800497898     
   1           2         212   3.3134169457473979        16.000000000000000        4.8273114529373080     
   1           2         213   11.429730132504286        16.000000000000000        7.0620411340808484     
   1           2         214   3.3058588678844827        16.000000000000000        4.8273114529373080     
   1           2         215   3.6404387072971458        16.000000000000000        4.8278125737565327     
   1           2         216   3.3271380740863394        16.000000000000000        4.8277075716751403     
   1           2         217   10.444823806016785        16.000000000000000        7.0625437068474657     
   1           2         218   3.6028781788801334        16.000000000000000        4.8278125737565327     
   1           2         219   142.31824485867224        16.000000000000000        123.61077563198280     
   1           2         220   3.6078278773967956        16.000000000000000        4.8278118866174635     
   1           2         221   334.44256313772803        16.000000000000000        313.36485131612301     
   1           2         222   3.3702527684511283        16.000000000000000        4.8277814012551907     
   1           2         223   3.3130729242442043        16.000000000000000        4.8269459194598445     
   1           2         224   362.45746007162637        16.000000000000000        350.69106033934287     
   1           2         225   3.4684720115601175        16.000000000000000        4.8291241639187836     
   1           2         226   559.44836083982523        16.000000000000000        526.35201452655986     
   1           2         227   3.4166590031484727        16.000000000000000        4.8290617811719647     
   1           2         228   10.229010086342216        16.000000000000000        7.0607556253885617     
   1           2         229   10.251887276750383        16.000000000000000        7.0613054761543275     
   1           2         230   390.46166030689380        16.000000000000000        345.83907239573188     
   1           2         231   3.3408142459878856        16.000000000000000        4.8277075716751403     
   1           2         232   3.3621271850886254        16.000000000000000        4.8277812285384440     
   1           2         233   3.4006143420261461        16.000000000000000        4.8285685881028400     
   1           2         234   3.3470347797820899        16.000000000000000        4.8277365529563196     
   1           2         235   3.3948958921632357        16.000000000000000        4.8282029687316887     
   1           2         236   3.5209656470054238        16.000000000000000        4.8278125050397316     
   1           2         237   10.373038504262936        16.000000000000000        7.0618864544242825     
   1           2         238   3.6360186345754810        16.000000000000000        4.8286822595569872     
   1           2         239   3.5694212568211934        16.000000000000000        4.8278120583961961     
   1           2         240   3.3154597254672251        16.000000000000000        4.8273114529373080     
   1           2         241   10.444468722167878        16.000000000000000        7.0620012308730740     
   1           2         242   3.3661636596428819        16.000000000000000        4.8277368954617392     
   1           2         243   3.3058779633328177        16.000000000000000        4.8269658748313091     
   1           2         244   3.4931062331274205        16.000000000000000        4.8278125737565327     
   1           2         245   727.24573230639203        16.000000000000000        679.17316091425835     
   1           2         246   11.344511450221681        16.000000000000000        7.0620408314164536     
   1           2         247   3.3442622924057797        16.000000000000000        4.8277073661717980     
   1           2         248   8.2331315330366088        16.000000000000000        5.1854727857712390     
   1           2         249   3.3644491410157702        16.000000000000000        4.8281262097274675     
   1           2         250   3.3344276143264282        16.000000000000000        4.8273867375794852     
   1           2         251   3.3508743717431213        16.000000000000000        4.8281255581033227     
   1           2         252   782.84404476160796        16.000000000000000        722.76536326074176     
   1           2         253   3.3761326007764989        16.000000000000000        4.8277853976970118     
   1           2         254   3.3358609935220871        16.000000000000000        4.8277075716751403     
   1           2         255   3.3950919436570222        16.000000000000000        4.8277170506132263     
   1           2         256   3.7011099488117156        16.000000000000000        4.8291548229847399     
   1           2         257   3.3778551286960359        16.000000000000000        4.8277847075088154     
   1           2         258   3.5230079509476857        16.000000000000000        4.8278123676080451     
   1           2         259   3.3131891946426641        16.000000000000000        4.8273114529373080     
   1           2         260   10.344127859113033        16.000000000000000        7.0618869572813345     
   1           2         261   3.3750873008931737        16.000000000000000        4.8277853976970118     
   1           2         262   3.3311882322408097        16.000000000000000        4.8277075031733903     
   1           2         263   13.106758854775473        16.000000000000000        10.027809782648877     
   1           2         264   3.3741295874271695        16.000000000000000        4.8277817467009472     
   1           2         265   27.734245161950177        16.000000000000000        24.980753759593359     
   1           2         266   3.3101252251817668        16.000000000000000        4.8273384549235718     
   1           2         267   3.4360299410599664        16.000000000000000        4.8286523931069105     
   1           2         268   3.3624915688694004        16.000000000000000        4.8281262097274675     
   1           2         269   10.612217044639820        16.000000000000000        7.0631946152382117     
   1           2         270   3.5037241213401229        16.000000000000000        4.8282353130537432     
   1           2         271   3.3936291524153175        16.000000000000000        4.8282031512686165     
   1           2         272   3.3672975800874907        16.000000000000000        4.8277175630384566     
   1           2         273   3.3923405852801398        16.000000000000000        4.8277729592762064     
   1           2         274   8.0483659769142175        16.000000000000000        5.1849363085273685     
   1           2         275   3.3486373366125428        16.000000000000000        4.8277731664930350     
   1           2         276   3.5833762035975028        16.000000000000000        4.8274122196805251     
   1           2         277   3.3337865481355498        16.000000000000000        4.8277277346824690     
   1           2         278   3.3303147661988590        16.000000000000000        4.8277075716751403     
   1           2         279   3.3518467656688355        16.000000000000000        4.8277368954617392     
   1           2         280   3.3540642730697900        16.000000000000000        4.8277853976970118     
   1           2         281   3.3369012370698021        16.000000000000000        4.8277075716751403     
   1           2         282   3.3514819704505028        16.000000000000000        4.8281260649173374     
   1           2         283   10.709850366785393        16.000000000000000        7.0628930066082889     
   1           2         284   3.3902316101613987        16.000000000000000        4.8282040640180659     
   1           2         285   3.3265091923249486        16.000000000000000        4.8273406383775450     
   1           2         286   3.5401890442238506        16.000000000000000        4.8282350951555637     
   1           2         287   3.3210137282383205        16.000000000000000        4.8277075716751403     
   1           2         288   3.3338174215886314        16.000000000000000        4.8277075716751403     
   1           2         289   3.3677133375413684        16.000000000000000        4.8277817467009472     
   1           2         290   3.3579326246856782        16.000000000000000        4.8281260649173374     
   1           2         291   3.2917763262936726        16.000000000000000        4.8269562736481939     
   1           2         292   3.4223571520561165        16.000000000000000        4.8290370338699544     
   1           2         293   3.3014863666567416        16.000000000000000        4.8273110316789438     
   1           2         294   3.3942904819500161        16.000000000000000        4.8277853976970118     
   1           2         295   3.3387104704883765        16.000000000000000        4.8277075716751403     
   1           2         296   3.3580347094504477        16.000000000000000        4.8273209904988432     
   1           2         297   3.3583972140330389        16.000000000000000        4.8277175630384566     
   1           2         298   3.4196245292509868        16.000000000000000        4.8278125737565327     
   1           2         299   3.3674399896337999        16.000000000000000        4.8277075180066875     
   1           2         300   3.3916878228964107        16.000000000000000        4.8277168798129146     
   1           2         301   3.4121063379013217        16.000000000000000        4.8281363902880772     
   1           2         302   3.3335748872896236        16.000000000000000        4.8273804581691699     
   1           2         303   8.0997092963166608        16.000000000000000        5.1849364716968074     
   1           2         304   3.3397554725819050        16.000000000000000        4.8277277346824690     
   1           2         305   3.3447695981692838        16.000000000000000        4.8277368954617392     
   1           2         306   3.3116036169898226        16.000000000000000        4.8273307322685781     
   1           2         307   3.5529848366273220        16.000000000000000        4.8274122196805251     
   1           2         308   3.5948019350013283        16.000000000000000        4.8282352404203088     
   1           2         309   3.3137336439178418        16.000000000000000        4.8270034093575642     
   1           2         310   3.3440107057609705        16.000000000000000        4.8273804581691699     
   1           2         311   3.3931959318325338        16.000000000000000        4.8277850525947885     
   1           2         312   3.3020912279284751        16.000000000000000        4.8273114529373080     
   1           2         313   3.3329281640584214        16.000000000000000        4.8277075716751403     
   1           2         314   3.3810910791013051        16.000000000000000        4.8277853976970118     
   1           2         315   3.3460429339115065        16.000000000000000        4.8277366899565530     
   1           2         316   3.3446962818189339        16.000000000000000        4.8277368269593763     
   1           2         317   3.5621242693644328        16.000000000000000        4.8286822595569872     
   1           2         318   3.3676182323783523        16.000000000000000        4.8281566479842297     
   1           2         319   3.7232720737861893        16.000000000000000        4.8278125737565327     
   1           2         320   3.3612632249196337        16.000000000000000        4.8277175630384566     
   1           2         321   10.351324716865056        16.000000000000000        7.0614079025146470     
   1           2         322   3.3890287687978451        16.000000000000000        4.8285682054435588     
   1           2         323   10.363291950542061        16.000000000000000        7.0613181871087178     
   1           2         324   3.3553392638617368        16.000000000000000        4.8277853286752652     
   1           2         325   3.3523789224681626        16.000000000000000        4.8277174947129833     
   1           2         326   3.3379332497162033        16.000000000000000        4.8277075716751403     
   1           2         327   3.3306241461197428        16.000000000000000        4.8273116607977373     
   1           2         328   3.3344813407370819        16.000000000000000        4.8273115959861759     
   1           2         329   3.3313486845812381        16.000000000000000        4.8277291265121134     
   1           2         330   3.3837505856600396        16.000000000000000        4.8282063179205634     
   1           2         331   3.9435764715436070        16.000000000000000        4.8278125737565327     
   1           2         332   7.9693389208322332        16.000000000000000        5.1841076012220793     
   1           2         333   10.417974177581899        16.000000000000000        7.0619013268755806     
   1           2         334   3.3422750404981469        16.000000000000000        4.8277367756433991     
   1           2         335   3.4808386491755168        16.000000000000000        4.8274127072762703     
   1           2         336   10.299192794397861        16.000000000000000        7.0618869572813345     
   1           2         337   3.3243545559600665        16.000000000000000        4.8277075716751403     
   1           2         338   11.422073062066390        16.000000000000000        7.0633174233921068     
   1           2         339   3.3123106020013076        16.000000000000000        4.8273115177485710     
   1           2         340   3.3116456081504340        16.000000000000000        4.8273111936983462     
   1           2         341   3.3387039759124897        16.000000000000000        4.8273406383775450     
   1           2         342   3.3296509690977865        16.000000000000000        4.8277291950823482     
   1           2         343   10.542180756437917        16.000000000000000        7.0626166052553110     
   1           2         344   3.3810813254257326        16.000000000000000        4.8285682054435588     
   1           2         345   3.3377919276755748        16.000000000000000        4.8277075716751403     
   1           2         346   3.3737970745225265        16.000000000000000        4.8281555428141418     
   1           2         347   3.3872648707906241        16.000000000000000        4.8277848800497898     
   1           2         348   3.3815157132279703        16.000000000000000        4.8277815394315278     
   1           2         349   3.3100582223801647        16.000000000000000        4.8269659974738062     
   1           2         350   3.3595442258058426        16.000000000000000        4.8281262821336091     
   1           2         351   3.3596274724311459        16.000000000000000        4.8273812751607235     
   1           2         352   3.3210309249412688        16.000000000000000        4.8277075716751403     
   1           2         353   10.342532521577482        16.000000000000000        7.0618869572813345     
   1           2         354   3.3739930974012475        16.000000000000000        4.8277368954617392     
   1           2         355   3.3641667885322795        16.000000000000000        4.8281474641935080     
   1           2         356   10.347121577181694        16.000000000000000        7.0618869572813345     
   1           2         357   10.343303070861543        16.000000000000000        7.0618869572813345     
   1           2         358   3.3184330684479866        16.000000000000000        4.8273405087581072     
   1           2         359   3.2929068991519315        16.000000000000000        4.8269563350322313     
   1           2         360   3.4150774580221599        16.000000000000000        4.8285782256038106     
   1           2         361   3.4244333014507942        16.000000000000000        4.8290619836320605     
   1           2         362   3.3580485084554068        16.000000000000000        4.8277173580639605     
   1           2         363   3.3686032155374765        16.000000000000000        4.8281263708997164     
   1           2         364   3.3306345139217965        16.000000000000000        4.8269459806183210     
   1           2         365   8.1040809022496489        16.000000000000000        5.1849364716968074     
   1           2         366   3.3996862318830652        16.000000000000000        4.8282046117197890     
   1           2         367   10.343276709926583        16.000000000000000        7.0618869572813345     
   1           2         368   3.3332931523078684        16.000000000000000        4.8277075716751403     
   1           2         369   3.3169104703272914        16.000000000000000        4.8273304535083010     
   1           2         370   3.3105774376505752        16.000000000000000        4.8269456748318227     
   1           2         371   3.3470139546400048        16.000000000000000        4.8281257391044736     
   1           2         372   10.248924845734512        16.000000000000000        7.0613053809989008     
   1           2         373   3.3862357054795265        16.000000000000000        4.8277175630384566     
   1           2         374   3.3796423926436434        16.000000000000000        4.8277175630384566     
   1           2         375   3.4981225503942848        16.000000000000000        4.8286820292275658     
   1           2         376   3.4644654542709570        16.000000000000000        4.8278125050397316     
   1           2         377   3.6935971080880261        16.000000000000000        4.8291542142918455     
   1           2         378   3.4037423880987836        16.000000000000000        4.8282043926344294     
   1           2         379   3.4148857814183295        16.000000000000000        4.8286518918485717     
   1           2         380   3.4268648603692049        16.000000000000000        4.8278122301789308     
   1           2         381   3.3445653925649910        16.000000000000000        4.8277363817096299     
   1           2         382   3.3391927373137342        16.000000000000000        4.8273731548973906     
   1           2         383   3.3647190583028710        16.000000000000000        4.8277850525947885     
   1           2         384   4.0871858063714122        16.000000000000000        4.8278110277850343     
   1           2         385   5.6309094217711086        16.000000000000000        2.9882171181707653     
   1           2         386   10.336721518334146        16.000000000000000        7.0619298380807649     
   1           2         387   3.8882529454905570        16.000000000000000        4.8278120583961961     
   1           2         388   3.5453134577238661        16.000000000000000        4.8282352404203088     
   1           2         389   8.0652811814299010        16.000000000000000        5.1849363085273685     
   1           2         390   3.4341703640799381        16.000000000000000        4.8290370338699544     
   1           2         391   3.3845946745858266        16.000000000000000        4.8282045386906338     
   1           2         392   10.381775321128705        16.000000000000000        7.0603104791042179     
   1           2         393   3.3319844953151581        16.000000000000000        4.8277075716751403     
   1           2         394   3.3610355750052126        16.000000000000000        4.8277853976970118     
   1           2         395   8.1825333214935707        16.000000000000000        5.1840457107966005     
   1           2         396   3.9146132371513809        16.000000000000000        4.8278125737565327     
   1           2         397   3.3584038173298070        16.000000000000000        4.8281259201098949     
   1           2         398   10.421985282464725        16.000000000000000        7.0625013805627086     
   1           2         399   3.3386331631408193        16.000000000000000        4.8273208612185146     
   1           2         400   3.6982647680271725        16.000000000000000        4.8278125737565327     
   1           2         401   3.3614049991207837        16.000000000000000        4.8277853976970118     
   1           2         402   3.3839682511503391        16.000000000000000        4.8281366791751683     
   1           2         403   3.3434142462346244        16.000000000000000        4.8273867375794852     
   1           2         404   10.329616058033908        16.000000000000000        7.0619187073962086     
   1           2         405   3.3329574851522064        16.000000000000000        4.8273817000345991     
   1           2         406   3.4050511982783478        16.000000000000000        4.8285982372457248     
   1           2         407   3.3365475851535202        16.000000000000000        4.8277075031733903     
   1           2         408   10.352223349974174        16.000000000000000        7.0618864544242825     
   1           2         409   3.4027845853277476        16.000000000000000        4.8285908047004842     
   1           2         410   3.3464827874114769        16.000000000000000        4.8277075031733903     
   1           2         411   3.3549648815063526        16.000000000000000        4.8273207319406231     
   2           1           1   4.6264706939984634        17.000000000000000        3.6349461534262293     
   2           1           2   4.1299961627690642        17.000000000000000        3.6133946543597140     
   2           1           3   4.3470383501493037        17.000000000000000        3.5663611062637237     
   2           1           4   4.2532833678624442        17.000000000000000        3.7039128608969172     
   2           1           5   4.7058740528438996        17.000000000000000        3.7560638072555914     
   2           1           6   4.5784836777998388        17.000000000000000        3.6276612063881206     
   2           1           7   4.7734241180933195        17.000000000000000        4.0666997456715936     
   2           1           8   40.048192908428028        17.000000000000000        15.929939899422989     
   2           1           9   4.1549321364468819        17.000000000000000        3.6388038658915374     
   2           1          10   4.2742641199829050        17.000000000000000        3.6901709051352753     
   2           1          11   4.3317426920909909        17.000000000000000        3.6837301925931834     
   2           1          12   12.764401233609842        17.000000000000000        4.8249878388298253     
   2           1          13   4.2929520375171029        17.000000000000000        3.6616545932301094     
   2           1          14   4.5365480829200200        17.000000000000000        3.6200155257460267     
   2           1          15   5.5399664268349289        17.000000000000000        3.8309228972290557     
   2           1          16   4.2239979303880606        17.000000000000000        3.6037537358367864     
   2           1          17   4.3678616267848387        17.000000000000000        3.5780953975402867     
   2           1          18   4.0318547185966214        17.000000000000000        3.5567278795651918     
   2           1          19   5.0051710989699094        17.000000000000000        4.1142786179625697     
   2           1          20   5.0724530075466490        17.000000000000000        3.7310557006115448     
   2           1          21   3.7936897742635640        17.000000000000000        3.6042663388993148     
   2           1          22   4.0811971307364239        17.000000000000000        3.6169562626804126     
   2           1          23   4.4677191747889946        17.000000000000000        3.6319652853170794     
   2           1          24   4.0829080763608809        17.000000000000000        3.5510294989374187     
   2           1          25   4.6161059739654684        16.000000000000000        3.7295030513721596     
   2           1          26   4.5015380525675823        16.000000000000000        3.6766800934059423     
   2           1          27   4.8906469005044242        16.000000000000000        3.7075115515406836     
   2           1          28   4.8479668398453386        16.000000000000000        3.7449848984512593     
   2           1          29   5.0925378920574769        16.000000000000000        3.7528155575636450     
   2           1          30   25.174526882577453        16.000000000000000        8.4370781632019529     
   2           1          31   57.980050110129334        16.000000000000000        51.958035753779363     
   2           1          32   4.9473662576987536        16.000000000000000        3.8171158835571872     
   2           1          33   5.6223375995199714        16.000000000000000        4.5639471097095914     
   2           1          34   4.0208252657665522        16.000000000000000        3.6183132059457517     
   2           1          35   6.0407120831606962        16.000000000000000        4.7164753315056078     
   2           1          36   4.2732421014988624        16.000000000000000        3.5746713072155201     
   2           1          37   4.6298946286993594        16.000000000000000        3.7070973222697514     
   2           1          38   4.7410526944101310        16.000000000000000        3.7449691344165430     
   2           1          39   4.1281604217531038        16.000000000000000        3.6048583890620716     
   2           1          40   4.8716962397211150        16.000000000000000        3.7617621417379303     
   2           1          41   4.2209227620844345        16.000000000000000        3.6281944100241108     
   2           1          42   4.6376526769047093        16.000000000000000        3.7274581644417561     
   2           1          43   5.2627762097615802        16.000000000000000        3.8809147794211607     
   2           1          44   5.5637460229714319        16.000000000000000        4.6600549826077167     
   2           1          45   5.1215209729659064        16.000000000000000        3.7671007024546528     
   2           1          46   4.8644234342042267        16.000000000000000        3.7160814111093790     
   2           1          47   79.940082428810541        16.000000000000000        69.899631358936645     
   2           1          48   5.7990613296617326        16.000000000000000        4.5948857713752975     
   2           1          49   54.939038669518219        16.000000000000000        52.633716556193484     
   2           1          50   21.015375606941596        16.000000000000000        8.8870362182796878     
   2           1          51   4.7739490428552660        16.000000000000000        3.7375051597719593     
   2           1          52   4.6683064712616167        16.000000000000000        3.6298948396597193     
   2           1          53   4.3115673879650718        16.000000000000000        3.6938053939601079     
   2           1          54   4.5509669645799713        16.000000000000000        3.6378010418480873     
   2           1          55   4.7506201168692721        16.000000000000000        3.6472175778057809     
   2           1          56   4.8254966675594035        16.000000000000000        3.7565884484686300     
   2           1          57   5.0461743338287732        16.000000000000000        3.7330832834082970     
   2           1          58   4.4290209579150650        16.000000000000000        3.6186030107363663     
   2           1          59   4.5675196840644503        16.000000000000000        3.7438560071271398     
   2           1          60   4.9753576464846088        16.000000000000000        3.8117794835504561     
   2           1          61   80.555304502264065        16.000000000000000        71.837287467109547     
   2           1          62   4.7221295624563320        16.000000000000000        3.8002899764555145     
   2           1          63   4.3343239992780687        16.000000000000000        3.6670222071147687     
   2           1          64   4.6837634057165785        16.000000000000000        3.7301031916928582     
   2           1          65   4.5350031837321430        16.000000000000000        3.6959254041256289     
   2           1          66   15.379289631214103        16.000000000000000        5.4334464461869887     
   2           1          67   3.5774894010215985        16.000000000000000        3.5478739501020509     
   2           1          68   4.7925714878173293        16.000000000000000        3.7464295025049870     
   2           1          69   4.6679551486912318        16.000000000000000        3.6867116113616345     
   2           1          70   5.1671560965892693        16.000000000000000        3.8636042272449025     
   2           1          71   4.4668806253749844        16.000000000000000        3.7617793815516674     
   2           1          72   5.9328400440743021        16.000000000000000        4.3097388652943049     
   2           1          73   4.6228346098565636        16.000000000000000        3.6438389417189501     
   2           1          74   4.4844174988880177        16.000000000000000        3.6827537397870849     
   2           1          75   4.4116506496668828        16.000000000000000        3.5662815065373219     
   2           1          76   4.6284140099305828        16.000000000000000        3.7181394162845738     
   2           1          77   5.0265733460837536        16.000000000000000        3.8245846807020478     
   2           1          78   4.2411425910171108        16.000000000000000        3.6369165410593460     
   2           1          79   4.6356985164926128        16.000000000000000        3.6849536155148028     
   2           1          80   18.684539301389258        16.000000000000000        6.6047672488730456     
   2           1          81   5.3213855889590382        16.000000000000000        3.8463827067555472     
   2           1          82   4.3610868699635317        16.000000000000000        3.6146118376113878     
   2           1          83   4.3226851338158196        16.000000000000000        3.6213702581320839     
   2           1          84   5.2619395265774473        16.000000000000000        3.8889588647966442     
   2           1          85   16.021461429705880        16.000000000000000        5.9656782280136698     
   2           1          86   4.5381466801910868        16.000000000000000        3.6158213146289833     
   2           1          87   4.0536315314049407        16.000000000000000        3.5595671525833046     
   2           1          88   17.234290670779757        16.000000000000000        6.4847294146680374     
   2           1          89   4.2141160867238003        16.000000000000000        3.6324600936173299     
   2           1          90   4.3951728642924426        16.000000000000000        3.5703175375766656     
   2           1          91   4.7596797166418607        16.000000000000000        3.6756471719750232     
   2           1          92   3.9449543799266777        16.000000000000000        3.6266216691302904     
   2           1          93   4.8214585944687220        16.000000000000000        3.7428277648897734     
   2           1          94   3.3812055501705665        16.000000000000000        3.5460504019911423     
   2           1          95   4.4016020510444385        16.000000000000000        3.6196249951393265     
   2           1          96   12.172935373561309        16.000000000000000        4.8600040251740193     
   2           1          97   4.3517651664439772        16.000000000000000        3.6163578351492585     
   2           1          98   4.4337227049432926        16.000000000000000        3.6613516374898727     
   2           1          99   5.6160729912305403        16.000000000000000        4.6906306017053252     
   2           1         100   4.9447033839878776        16.000000000000000        3.7330025805651537     
   2           1         101   4.1226968294959772        16.000000000000000        3.6028713703806603     
   2           1         102   4.2748588405808183        16.000000000000000        3.5492660365873889     
   2           1         103   4.7720581266017179        16.000000000000000        3.7394550371530970     
   2           1         104   5.6420594156284505        16.000000000000000        5.3023121994400855     
   2           1         105   4.3506497213600976        16.000000000000000        3.6966135245206879     
   2           1         106   4.4883537113713459        16.000000000000000        3.6353559249947902     
   2           1         107   4.9329851885599121        16.000000000000000        3.6789875592210355     
   2           1         108   4.8680236309501632        16.000000000000000        3.8162488563886261     
   2           1         109   4.8188143470123279        16.000000000000000        3.6806308889390653     
   2           1         110   4.6992864697363279        16.000000000000000        3.6432502034434333     
   2           1         111   4.5508448096996146        16.000000000000000        3.6819875420755941     
   2           1         112   5.9001477451407514        16.000000000000000        4.5899258668784890     
   2           1         113   5.1074632680828662        16.000000000000000        3.8046276698677239     
   2           1         114   12.606335233789448        16.000000000000000        4.7695043297593163     
   2           1         115   4.7937617302396207        16.000000000000000        3.6235227743382090     
   2           1         116   5.2844500252359454        16.000000000000000        4.1420669534105699     
   2           1         117   16.892955146686639        16.000000000000000        5.6486414649454959     
   2           1         118   18.394440260174395        16.000000000000000        6.3351009212640177     
   2           1         119   17.756686022961524        16.000000000000000        5.4785256513888667     
   2           1         120   4.4484403339146761        16.000000000000000        3.7451168482251846     
   2           1         121   4.7352570320075174        16.000000000000000        3.6299129275082889     
   2           1         122   4.5074144887370906        16.000000000000000        3.6106930407159772     
   2           1         123   3.8738121876777929        16.000000000000000        3.5557473769816097     
   2           1         124   4.5488130122112143        16.000000000000000        3.7449347089404643     
   2           1         125   5.1802782732058725        16.000000000000000        3.7434059363597654     
   2           1         126   4.7720725949429879        16.000000000000000        3.6759862656985618     
   2           1         127   29.104184298245343        16.000000000000000        12.527001344648358     
   2           1         128   5.5822071207843544        16.000000000000000        4.5901002887706586     
   2           1         129   4.9916642814142484        16.000000000000000        4.4126966469871611     
   2           1         130   4.5052783579691962        16.000000000000000        3.6868895594344004     
   2           1         131   6.2059635392981347        16.000000000000000        4.5585971907913905     
   2           1         132   32.595421630666436        16.000000000000000        12.466541782940576     
   2           1         133   194.25446577255741        16.000000000000000        178.73219636618455     
   2           1         134   5.2725847980856146        16.000000000000000        3.8404922395245782     
   2           1         135   5.1392887734969417        16.000000000000000        4.4486809230758873     
   2           1         136   83.285049338238309        16.000000000000000        72.728490066097436     
   2           1         137   4.0889782897655262        16.000000000000000        3.6176981741331473     
   2           1         138   4.1710452768541337        16.000000000000000        3.6037116627698702     
   2           1         139   7.2577750863595698        16.000000000000000        5.3253862876530880     
   2           1         140   12.943357472770325        16.000000000000000        4.1713258539002718     
   2           1         141   134.07455007372062        16.000000000000000        111.83158589177580     
   2           1         142   267.18009600977462        16.000000000000000        249.77027481483958     
   2           1         143   4.7978177104213735        16.000000000000000        3.7514855795860442     
   2           1         144   5.0868538178743368        16.000000000000000        3.6647859545069501     
   2           1         145   4.3803398517362897        16.000000000000000        3.6820164892602847     
   2           1         146   5.8489201824312813        16.000000000000000        4.5226284024028693     
   2           1         147   5.1229225092421622        16.000000000000000        3.6647780629037170     
   2           1         148   4.3727570835479819        16.000000000000000        3.6983876345997992     
   2           1         149   5.7227436708579731        16.000000000000000        4.6319112095358133     
   2           1         150   187.10231149255858        16.000000000000000        162.19591574665725     
   2           1         151   238.62040881506184        16.000000000000000        222.35136380576554     
   2           1         152   4.6019164718348673        16.000000000000000        3.6814359097448084     
   2           1         153   3.9138928201958976        16.000000000000000        3.6169562626804130     
   2           1         154   5.5811658940756406        16.000000000000000        4.4584666950954679     
   2           1         155   4.4425958529693643        16.000000000000000        3.6099604676704327     
   2           1         156   4.3925210094192666        16.000000000000000        3.6742785428077060     
   2           1         157   4.1019724142012599        16.000000000000000        3.6032346427753574     
   2           1         158   16.088768424976045        16.000000000000000        6.3468369699793090     
   2           1         159   4.6582219673435681        16.000000000000000        3.7853687110251606     
   2           1         160   4.6329031513488479        16.000000000000000        3.6188728202229932     
   2           1         161   14.482398763473190        16.000000000000000        5.3087212636799279     
   2           1         162   16.305192032089156        16.000000000000000        5.5184580662827125     
   2           1         163   5.7489015915991306        16.000000000000000        4.6155786542541168     
   2           1         164   4.1794219955455008        16.000000000000000        3.6212652527410083     
   2           1         165   4.9380960603905386        16.000000000000000        3.7684907101759695     
   2           1         166   4.3146066441752167        16.000000000000000        3.5518680511803340     
   2           1         167   4.8208731459566270        16.000000000000000        3.6971881130066291     
   2           1         168   5.3119792968884498        16.000000000000000        3.8791512193600699     
   2           1         169   6.8535956490660723        16.000000000000000        5.5976544951581051     
   2           1         170   13.104095593994341        16.000000000000000        4.2922041685253358     
   2           1         171   4.3319660786744398        16.000000000000000        3.6894284891895048     
   2           1         172   4.5348142783896206        16.000000000000000        3.6159080214720971     
   2           1         173   3.9813748176317705        16.000000000000000        3.6037123904886128     
   2           1         174   4.5245668355547348        16.000000000000000        3.7050154533844544     
   2           1         175   19.060761066438896        16.000000000000000        7.4911587540769728     
   2           1         176   57.986623706504041        16.000000000000000        56.117373258451266     
   2           1         177   4.1853390125621193        16.000000000000000        3.6147749657958852     
   2           1         178   4.5336835654906418        16.000000000000000        3.6950923051320248     
   2           1         179   5.0758174666442875        16.000000000000000        4.4935917647846519     
   2           1         180   18.050521863124498        16.000000000000000        5.7208826589706199     
   2           1         181   16.265016298369286        16.000000000000000        5.6532782984758825     
   2           1         182   12.577490217860436        16.000000000000000        4.2365919494722624     
   2           1         183   4.4163449446790422        16.000000000000000        3.6336741769935594     
   2           1         184   5.1468758191577946        16.000000000000000        4.1759285299536995     
   2           1         185   4.8980845965055027        16.000000000000000        3.8011116332144868     
   2           1         186   5.7281451752352490        16.000000000000000        4.4469362946023709     
   2           1         187   5.5554143985894644        16.000000000000000        4.2091851944832595     
   2           1         188   5.7493536668044971        16.000000000000000        4.1181008825158338     
   2           1         189   5.1567993840670869        16.000000000000000        3.8072258555914491     
   2           1         190   4.4770805292857956        16.000000000000000        3.6078650441713438     
   2           1         191   5.7325716461125529        16.000000000000000        4.5833335634360974     
   2           1         192   4.4922595863012660        16.000000000000000        3.6625105909179485     
   2           1         193   4.6958972021936178        16.000000000000000        3.7009221681145150     
   2           1         194   4.5970014880001537        16.000000000000000        3.6893029700665361     
   2           1         195   17.821484645884215        16.000000000000000        6.8969953800734753     
   2           1         196   5.8026344965562400        16.000000000000000        4.3096496731989760     
   2           1         197   4.0391717632284410        16.000000000000000        3.6035791700763027     
   2           1         198   3.0801269286277289        16.000000000000000        3.5454040338711907     
   2           1         199   4.2952728337907571        16.000000000000000        3.6163585628679984     
   2           1         200   4.6299316561359527        16.000000000000000        3.7527394533882941     
   2           1         201   12.804851629614960        16.000000000000000        4.9326398320756901     
   2           1         202   5.5836260043565638        16.000000000000000        4.2565925991921798     
   2           1         203   4.2210235224499675        16.000000000000000        3.5517214272962794     
   2           1         204   4.3265540276774699        16.000000000000000        3.6272494433800175     
   2           1         205   4.0268348954688697        16.000000000000000        3.5544211573238829     
   2           1         206   5.0849898344092539        16.000000000000000        3.7927154776275871     
   2           1         207   4.4130269181492050        16.000000000000000        3.6219091636868797     
   2           1         208   4.2708321275030743        16.000000000000000        3.6163963760297992     
   2           1         209   3.6065293168371988        16.000000000000000        3.5533307374964269     
   2           1         210   5.1544193644268388        16.000000000000000        4.4441685704326330     
   2           1         211   4.9840222759565638        16.000000000000000        3.6985198837830167     
   2           1         212   4.2501947391000199        16.000000000000000        3.6866120113995065     
   2           1         213   19.132160762453207        16.000000000000000        6.3648922676489379     
   2           1         214   4.0952476377623634        16.000000000000000        3.6186452861019673     
   2           1         215   5.0648166016582605        16.000000000000000        3.6862476892739666     
   2           1         216   3.9324588878809625        16.000000000000000        3.6718019325396027     
   2           1         217   17.674294731581575        16.000000000000000        5.8623227785556065     
   2           1         218   5.3270055962364360        16.000000000000000        3.7595578355277230     
   2           1         219   133.37995702225822        16.000000000000000        117.64152005275366     
   2           1         220   5.4407245833519369        16.000000000000000        3.7579046609824607     
   2           1         221   313.10121039987951        16.000000000000000        290.81962371460907     
   2           1         222   5.1216198485877209        16.000000000000000        4.0682744974650182     
   2           1         223   5.4057128743951575        16.000000000000000        3.8494721023194347     
   2           1         224   338.63468955396627        16.000000000000000        327.61405213653717     
   2           1         225   5.1662553817384493        16.000000000000000        3.8228973121267136     
   2           1         226   528.47474565106006        16.000000000000000        495.46362437567041     
   2           1         227   4.3951123043566511        16.000000000000000        3.6259210602250644     
   2           1         228   17.675713945895868        16.000000000000000        5.7357616851529523     
   2           1         229   15.684725660152035        16.000000000000000        5.4440729417159535     
   2           1         230   373.60738572677758        16.000000000000000        334.50846255635207     
   2           1         231   5.0639287591209818        16.000000000000000        3.7950311583123906     
   2           1         232   5.0030481394747550        16.000000000000000        3.8493965552518894     
   2           1         233   4.0260343842797823        16.000000000000000        3.5478828572459475     
   2           1         234   4.0324885645683368        16.000000000000000        3.5604107987754361     
   2           1         235   4.8668291791767739        16.000000000000000        3.7584714889871060     
   2           1         236   4.9345523794016755        16.000000000000000        3.7452692654672628     
   2           1         237   15.893919522479775        16.000000000000000        5.4166495717400762     
   2           1         238   4.8006360452456605        16.000000000000000        3.6325136285474349     
   2           1         239   5.9558599710218827        16.000000000000000        4.3147164452175302     
   2           1         240   4.0663864275081725        16.000000000000000        3.6171359127185965     
   2           1         241   16.941070707041163        16.000000000000000        6.1449113684656957     
   2           1         242   4.0792533438015974        16.000000000000000        3.6196231546912676     
   2           1         243   4.2800283936133869        16.000000000000000        3.6307594742648259     
   2           1         244   4.5020305650361392        16.000000000000000        3.5517988400682361     
   2           1         245   691.16962231249374        16.000000000000000        640.84466719870215     
   2           1         246   18.605004549450847        16.000000000000000        6.3924799929892195     
   2           1         247   5.0841136886286868        16.000000000000000        3.8226678070705651     
   2           1         248   13.071385711002135        16.000000000000000        5.0282449267600597     
   2           1         249   4.6491406461771385        16.000000000000000        3.7164480055409825     
   2           1         250   5.3738442601974743        16.000000000000000        4.4525166630871578     
   2           1         251   5.2091745714877629        16.000000000000000        4.5374062074025971     
   2           1         252   755.16352319517978        16.000000000000000        702.11224115025755     
   2           1         253   4.2359136165697819        16.000000000000000        3.5611032938664757     
   2           1         254   4.4496361874843728        16.000000000000000        3.6248289488757801     
   2           1         255   4.8115846370846889        16.000000000000000        3.7106175248507451     
   2           1         256   5.0745888134474502        16.000000000000000        3.7489792459404825     
   2           1         257   4.2550569782486569        16.000000000000000        3.6099578087146074     
   2           1         258   6.5686069829080251        16.000000000000000        5.3093236977155067     
   2           1         259   4.5570200857896301        16.000000000000000        3.6328942298945677     
   2           1         260   18.558841906687626        16.000000000000000        6.9476174786837657     
   2           1         261   4.5501275760678110        16.000000000000000        3.6664421898368573     
   2           1         262   4.2933610040041650        16.000000000000000        3.6874759445651604     
   2           1         263   21.666598790221663        16.000000000000000        8.0699038090179247     
   2           1         264   4.8126892177264224        16.000000000000000        3.7487632282253989     
   2           1         265   27.733756794791496        16.000000000000000        25.657324532852670     
   2           1         266   4.1774732063771181        16.000000000000000        3.6846908478025577     
   2           1         267   4.1573272655027376        16.000000000000000        3.5534772900665241     
   2           1         268   4.5763341788574463        16.000000000000000        3.6857368784635804     
   2           1         269   15.841614223947607        16.000000000000000        5.4518175560468096     
   2           1         270   5.3664823728852769        16.000000000000000        4.4985954513289528     
   2           1         271   5.7097689955592479        16.000000000000000        4.2650342122249345     
   2           1         272   4.8520035284134124        16.000000000000000        3.6448310181978671     
   2           1         273   3.6628385425414258        16.000000000000000        3.6199047826070547     
   2           1         274   13.803703755580578        16.000000000000000        4.4217489485227466     
   2           1         275   4.3543916237273210        16.000000000000000        3.6823976754848782     
   2           1         276   5.0522105406061737        16.000000000000000        3.6378928498432446     
   2           1         277   3.6372145131300453        16.000000000000000        3.6023983509500646     
   2           1         278   3.6053552093502153        16.000000000000000        3.5534692827418408     
   2           1         279   4.5390634127059153        16.000000000000000        3.7463281610592465     
   2           1         280   5.0350848231047252        16.000000000000000        3.8018054088826752     
   2           1         281   4.6225469304129740        16.000000000000000        3.6681257358506918     
   2           1         282   4.0013665541217769        16.000000000000000        3.6134931660235488     
   2           1         283   14.178167621856948        16.000000000000000        5.1367657829176627     
   2           1         284   4.4918127931864911        16.000000000000000        3.6151379526225362     
   2           1         285   4.2898420383535472        16.000000000000000        3.6163585628680019     
   2           1         286   5.2552587242641895        16.000000000000000        3.8630227927396792     
   2           1         287   5.8904429191476986        16.000000000000000        4.7102428610273277     
   2           1         288   4.7278818780235206        16.000000000000000        3.7052943519030062     
   2           1         289   4.8422868292201890        16.000000000000000        3.7123543807115071     
   2           1         290   5.1686744407421914        16.000000000000000        4.2049389659981014     
   2           1         291   4.3814014079803316        16.000000000000000        3.6351238486175568     
   2           1         292   3.3610287480697258        16.000000000000000        3.5454953224116785     
   2           1         293   5.0627306769452618        16.000000000000000        4.1929223909199553     
   2           1         294   6.0151334821034910        16.000000000000000        4.8846550957181627     
   2           1         295   8.3069496055409413        16.000000000000000        7.1950942649512859     
   2           1         296   4.1760969568219988        16.000000000000000        3.6190880936688923     
   2           1         297   4.9587326156414466        16.000000000000000        3.6053025252000799     
   2           1         298   4.3652544884265376        16.000000000000000        3.6099351390358358     
   2           1         299   4.0253460373235832        16.000000000000000        3.5570519912324192     
   2           1         300   4.2332236362232667        16.000000000000000        3.5492660365873889     
   2           1         301   5.1757350507551827        16.000000000000000        4.0656456998729329     
   2           1         302   4.6186795998312213        16.000000000000000        3.6884442382868361     
   2           1         303   12.709886233020258        16.000000000000000        5.0901014052711115     
   2           1         304   4.3311534664947935        16.000000000000000        3.6834880905226468     
   2           1         305   5.5607802577064058        16.000000000000000        4.5006397339264206     
   2           1         306   4.4286551912169010        16.000000000000000        3.6386093334542444     
   2           1         307   4.7723912141018960        16.000000000000000        3.5523179755169205     
   2           1         308   5.6574329406563608        16.000000000000000        4.4881502231545234     
   2           1         309   4.8337303395420621        16.000000000000000        4.4872827192507918     
   2           1         310   6.1310346806137384        16.000000000000000        4.6199431316710617     
   2           1         311   4.4813328648168422        16.000000000000000        3.5853284236647123     
   2           1         312   4.6745211717293138        16.000000000000000        4.1256679233179616     
   2           1         313   4.6953840813942023        16.000000000000000        4.3532362252002406     
   2           1         314   4.4199051269778655        16.000000000000000        3.6344837919979152     
   2           1         315   4.0987032320476171        16.000000000000000        3.6201664399825408     
   2           1         316   4.0455067520987447        16.000000000000000        3.6355525444654906     
   2           1         317   4.7949172591828875        16.000000000000000        3.6235340252720492     
   2           1         318   3.3557987320955838        16.000000000000000        3.5485445264650650     
   2           1         319   5.4449102225812691        16.000000000000000        3.7860090904613268     
   2           1         320   4.7041184017060864        16.000000000000000        3.6759352329179329     
   2           1         321   15.438895827107656        16.000000000000000        5.3856398451076597     
   2           1         322   4.1453745734242604        16.000000000000000        3.6258629370445825     
   2           1         323   17.266148253474309        16.000000000000000        6.4925702367346334     
   2           1         324   5.1403998723308790        16.000000000000000        3.8638513752593511     
   2           1         325   5.5183852270156724        16.000000000000000        4.1938513918669456     
   2           1         326   3.9605906720300013        16.000000000000000        3.5537363306474945     
   2           1         327   5.2175330835588412        16.000000000000000        4.4307175261413088     
   2           1         328   5.1809015468474993        16.000000000000000        4.4454288404856932     
   2           1         329   4.9693989048593235        16.000000000000000        3.6500795600604996     
   2           1         330   4.6000853085523570        16.000000000000000        3.6609364746966540     
   2           1         331   5.9962456730902902        16.000000000000000        4.4663115220561043     
   2           1         332   12.987202070740231        16.000000000000000        5.0765811340855187     
   2           1         333   17.620419243691270        16.000000000000000        6.0383455950683809     
   2           1         334   3.8130526959390596        16.000000000000000        3.5695794838470025     
   2           1         335   4.9458560670076999        16.000000000000000        3.7628233611732780     
   2           1         336   14.669397513369203        16.000000000000000        6.2264581601526645     
   2           1         337   3.8876690828534262        16.000000000000000        3.5677664574583186     
   2           1         338   17.595847343633796        16.000000000000000        5.5485517837627238     
   2           1         339   4.7133573966590889        16.000000000000000        3.7273631556587863     
   2           1         340   5.1515252622525907        16.000000000000000        4.4501766230772271     
   2           1         341   4.6184117711597210        16.000000000000000        3.6728378068277703     
   2           1         342   3.9752388531656857        16.000000000000000        3.5677510940991839     
   2           1         343   18.533855200749937        16.000000000000000        6.8241782526005510     
   2           1         344   3.9902857986243752        16.000000000000000        3.5618310376334592     
   2           1         345   4.5561412613327645        16.000000000000000        3.7001361765123670     
   2           1         346   4.1033599876681173        16.000000000000000        3.6203298948414480     
   2           1         347   4.6512328944440995        16.000000000000000        3.6450776007126939     
   2           1         348   4.5080277694481268        16.000000000000000        3.6778534357359880     
   2           1         349   4.2948715273892057        16.000000000000000        3.5680379869580512     
   2           1         350   4.8614790056617023        16.000000000000000        3.7658153850241654     
   2           1         351   4.5398107004786130        16.000000000000000        3.6152076716731605     
   2           1         352   3.6492802478725035        16.000000000000000        3.6229750688002822     
   2           1         353   14.412650166137082        16.000000000000000        5.3803275399892891     
   2           1         354   5.6385712202378508        16.000000000000000        3.8984651245691198     
   2           1         355   4.3229956789771977        16.000000000000000        3.6693972243350137     
   2           1         356   16.027914280124779        16.000000000000000        5.3824106738076711     
   2           1         357   19.280357129595014        16.000000000000000        7.3145129689444408     
   2           1         358   4.5094511994657331        16.000000000000000        3.7487804640149229     
   2           1         359   4.5343165022871625        16.000000000000000        3.6427511560150596     
   2           1         360   4.5634491204349432        16.000000000000000        3.5563733382741787     
   2           1         361   3.9966920962238124        16.000000000000000        3.6035790621123867     
   2           1         362   5.7623594982515103        16.000000000000000        4.4373902084993544     
   2           1         363   4.2346720363570229        16.000000000000000        3.6732885200828207     
   2           1         364   4.9529094054027398        16.000000000000000        3.7534267926439977     
   2           1         365   11.158177324403352        16.000000000000000        4.1258247151216860     
   2           1         366   4.8426474544227514        16.000000000000000        3.6538442119196790     
   2           1         367   17.903409237786839        16.000000000000000        6.5851817022518606     
   2           1         368   4.0936259576652079        16.000000000000000        3.5652063450965334     
   2           1         369   3.6162888720141817        16.000000000000000        3.5534692763016982     
   2           1         370   4.4696256628720255        16.000000000000000        3.5700953835299347     
   2           1         371   4.4484589030741200        16.000000000000000        3.6460953049776883     
   2           1         372   16.102886681146540        16.000000000000000        6.4529728078632758     
   2           1         373   4.6496443625069466        16.000000000000000        3.6617129619633029     
   2           1         374   4.8755742600159371        16.000000000000000        3.6800047016735409     
   2           1         375   4.8426381993673715        16.000000000000000        4.0390628696245479     
   2           1         376   4.4710012201830525        16.000000000000000        3.5532296416712836     
   2           1         377   5.1100943515153077        16.000000000000000        3.6867269616113849     
   2           1         378   5.5336113212859930        16.000000000000000        4.3864956583077586     
   2           1         379   5.3479777326201408        16.000000000000000        4.4268688842104895     
   2           1         380   4.3244915487637181        16.000000000000000        3.6088159559363056     
   2           1         381   3.9692178124386421        16.000000000000000        3.5598753852640921     
   2           1         382   3.6099152455070649        16.000000000000000        3.5555744664050510     
   2           1         383   5.6908450868731881        16.000000000000000        4.3310397094973201     
   2           1         384   5.2747958928264147        16.000000000000000        3.7427641053767888     
   2           1         385   9.8902814552600251        16.000000000000000        3.4585316901190497     
   2           1         386   14.918407356798248        16.000000000000000        7.1418264013230290     
   2           1         387   5.0459343272617048        16.000000000000000        3.6087249105558028     
   2           1         388   4.8499614423113666        16.000000000000000        3.6723858811643542     
   2           1         389   10.552462707089484        16.000000000000000        4.1215656053406864     
   2           1         390   4.4783728782540608        16.000000000000000        3.6328939747815814     
   2           1         391   4.3856022189287662        16.000000000000000        3.6160486000429626     
   2           1         392   16.848974844470490        16.000000000000000        7.0385620030800702     
   2           1         393   4.8676813980629969        16.000000000000000        3.7178000183661264     
   2           1         394   4.4628101240856104        16.000000000000000        3.6175838125145603     
   2           1         395   12.937712444766854        16.000000000000000        4.2704754451770777     
   2           1         396   5.0538284339525514        16.000000000000000        3.6175511633267416     
   2           1         397   4.4776933707819273        16.000000000000000        3.6369358061168851     
   2           1         398   16.940482890349788        16.000000000000000        6.4500232057986704     
   2           1         399   4.3259246411020218        16.000000000000000        3.6190880936688909     
   2           1         400   5.2503717785352251        16.000000000000000        3.6966945540212683     
   2           1         401   4.6444091925063251        16.000000000000000        3.6884750001230122     
   2           1         402   5.0858713078615363        16.000000000000000        3.6956736119406481     
   2           1         403   4.3945605368342608        16.000000000000000        3.6238190679699431     
   2           1         404   18.550750877770248        16.000000000000000        6.5643605703422399     
   2           1         405   5.1122696102004568        16.000000000000000        3.7770854502591171     
   2           1         406   4.8053452138664570        16.000000000000000        3.7081119300938497     
   2           1         407   4.4540653746384624        16.000000000000000        3.6951628998996684     
   2           1         408   17.650059830756881        16.000000000000000        5.6657765529486319     
   2           1         409   5.0474796047454333        16.000000000000000        3.7938719426251151     
   2           1         410   4.4716867429832377        16.000000000000000        3.7040309534617939     
   2           1         411   5.6312878850410542        16.000000000000000        4.5323541450823539     
   2           2           1   4.5680599489302445        17.000000000000000        6.2456280060239004     
   2           2           2   6.7385044540589192        17.000000000000000        8.4777428575193561     
   2           2           3   4.9023648745060475        17.000000000000000        6.7662198312765156     
   2           2           4   4.4435687578224323        17.000000000000000        6.2762672142196685     
   2           2           5   3.9673326060902263        17.000000000000000        6.0799993077204659     
   2           2           6   4.0957027922076543        17.000000000000000        6.2313260247179523     
   2           2           7   4.7075354457609500        17.000000000000000        6.4552680805525231     
   2           2           8   34.106481450169632        17.000000000000000        16.575017473946492     
   2           2           9   4.4530133457550010        17.000000000000000        6.2204816238978156     
   2           2          10   4.0756228714036018        17.000000000000000        6.0549613811923013     
   2           2          11   4.5970480571010652        17.000000000000000        6.5319368274990444     
   2           2          12   11.034076158112294        17.000000000000000        6.6048162298790034     
   2           2          13   4.2720362328940285        17.000000000000000        6.2234816977617395     
   2           2          14   4.2501560027848120        17.000000000000000        6.0939247872401658     
   2           2          15   3.8718619634096059        17.000000000000000        6.1977492631042947     
   2           2          16   4.8709725481714532        17.000000000000000        6.5845790932696566     
   2           2          17   6.2775425461791645        17.000000000000000        7.7559683049821073     
   2           2          18   4.0448735801343334        17.000000000000000        6.0354452274804640     
   2           2          19   4.4538784727743428        17.000000000000000        6.2148565436478389     
   2           2          20   4.4042393598965610        17.000000000000000        6.4485859382996962     
   2           2          21   3.9527143854419884        17.000000000000000        6.2007062614375865     
   2           2          22   4.1713623210353035        17.000000000000000        6.2317793752493857     
   2           2          23   4.5760400607750107        17.000000000000000        6.2460470927700937     
   2           2          24   4.4928957644839196        17.000000000000000        6.3745187197780888     
   2           2          25   4.4754326864160756        16.000000000000000        6.4412284644564632     
   2           2          26   4.3926288456234532        16.000000000000000        6.4605035482486315     
   2           2          27   4.9156095665825319        16.000000000000000        6.3585416118665510     
   2           2          28   4.7499922221535931        16.000000000000000        6.5704485950340192     
   2           2          29   4.2923527988006569        16.000000000000000        6.1931521313797067     
   2           2          30   23.870618238319050        16.000000000000000        11.725219051075747     
   2           2          31   54.981247487963444        16.000000000000000        51.634944493679605     
   2           2          32   4.2185501207708889        16.000000000000000        6.2457470607888608     
   2           2          33   4.2616144163728897        16.000000000000000        6.0500928744545659     
   2           2          34   3.6200056332236170        16.000000000000000        6.0360594853232019     
   2           2          35   5.4871508406598553        16.000000000000000        6.9673901563614544     
   2           2          36   4.8853196302212138        16.000000000000000        6.6782104115619561     
   2           2          37   4.0187793131063083        16.000000000000000        6.0494448276963926     
   2           2          38   4.2799282940192063        16.000000000000000        6.1924735956234551     
   2           2          39   4.2955381292080084        16.000000000000000        6.3743780484983681     
   2           2          40   4.0724870477613875        16.000000000000000        6.1929174237876659     
   2           2          41   4.7237042179305311        16.000000000000000        6.5703353733576337     
   2           2          42   4.0424539090595921        16.000000000000000        6.3216521847996887     
   2           2          43   5.2725796765488484        16.000000000000000        7.1466852356186461     
   2           2          44   4.2059948773292710        16.000000000000000        6.3220111653340743     
   2           2          45   5.0077673513623466        16.000000000000000        6.5708057679011578     
   2           2          46   5.3953034106577924        16.000000000000000        7.1689655490734294     
   2           2          47   75.963373264344327        16.000000000000000        70.833556058398997     
   2           2          48   4.9564513153837666        16.000000000000000        6.4461397977855510     
   2           2          49   56.948501159562461        16.000000000000000        54.663675440897741     
   2           2          50   20.710595652592637        16.000000000000000        10.854045904122223     
   2           2          51   5.8832952216180940        16.000000000000000        7.3783635007832187     
   2           2          52   4.9812244424617935        16.000000000000000        6.2125000787587519     
   2           2          53   3.7353307779074774        16.000000000000000        6.1785544106450843     
   2           2          54   4.2304817059253104        16.000000000000000        6.0726132047847345     
   2           2          55   5.9883602988546665        16.000000000000000        7.4809421364626321     
   2           2          56   4.2346760136241288        16.000000000000000        6.0354395577493190     
   2           2          57   5.1083070629626830        16.000000000000000        6.8330647469204999     
   2           2          58   4.2451516946617440        16.000000000000000        6.0503486113404605     
   2           2          59   4.7380097247465347        16.000000000000000        6.4023958518208772     
   2           2          60   4.5973911067955928        16.000000000000000        6.4163429115258976     
   2           2          61   77.155218821659147        16.000000000000000        71.128101548420076     
   2           2          62   4.6690954513679888        16.000000000000000        6.5196716436924147     
   2           2          63   4.7729649083252692        16.000000000000000        6.3689868029109196     
   2           2          64   5.3474134520096035        16.000000000000000        6.6888847592116152     
   2           2          65   4.9207766690451358        16.000000000000000        6.4302135514956715     
   2           2          66   13.787149133041742        16.000000000000000        8.4231247526141182     
   2           2          67   4.5678215255015928        16.000000000000000        6.4690212044340303     
   2           2          68   5.0044459254336502        16.000000000000000        6.7802385638355940     
   2           2          69   4.9026084831811643        16.000000000000000        6.5926534087433541     
   2           2          70   4.5095283186375141        16.000000000000000        6.3221191469302394     
   2           2          71   4.6444653642011025        16.000000000000000        6.9847703405098969     
   2           2          72   5.0769674357848045        16.000000000000000        6.5932134153809576     
   2           2          73   3.8730857788691906        16.000000000000000        6.2313367583369645     
   2           2          74   5.2920401718359287        16.000000000000000        7.1632797963035930     
   2           2          75   4.8909382472773197        16.000000000000000        6.6233088898406631     
   2           2          76   4.3302657215018447        16.000000000000000        6.2914980202263600     
   2           2          77   4.1894193032683820        16.000000000000000        6.2067319012243942     
   2           2          78   5.3375926439249399        16.000000000000000        7.3429849101939952     
   2           2          79   4.6640407849240040        16.000000000000000        6.5179509462999556     
   2           2          80   19.303000743617879        16.000000000000000        10.414828763634047     
   2           2          81   5.7169116611299566        16.000000000000000        7.3825184150571470     
   2           2          82   4.0803569727538909        16.000000000000000        6.2313808467332468     
   2           2          83   5.6313763204879432        16.000000000000000        7.4330295817917929     
   2           2          84   5.8948941990043187        16.000000000000000        7.2956819237416006     
   2           2          85   18.511158185226797        16.000000000000000        9.5989591055038179     
   2           2          86   5.2974740998551235        16.000000000000000        6.6175612408608746     
   2           2          87   5.7108045454308334        16.000000000000000        7.4689900909008582     
   2           2          88   18.558428082450177        16.000000000000000        10.222921937881384     
   2           2          89   4.4165690740022763        16.000000000000000        6.3356116925846280     
   2           2          90   4.2402923617032648        16.000000000000000        6.0769990509136305     
   2           2          91   4.9894474076187967        16.000000000000000        6.2148630801421234     
   2           2          92   4.4202134080951039        16.000000000000000        7.0059566353045346     
   2           2          93   4.1238255805918111        16.000000000000000        6.1933941560591643     
   2           2          94   5.8713974669643871        16.000000000000000        8.0478562874736657     
   2           2          95   4.9313680097940455        16.000000000000000        6.5707681569409546     
   2           2          96   12.665846879290607        16.000000000000000        8.0807138511949841     
   2           2          97   4.7300574294481708        16.000000000000000        6.0997657316243785     
   2           2          98   4.1806447454912359        16.000000000000000        6.0581449294716210     
   2           2          99   3.7498468502236171        16.000000000000000        6.1784598664943156     
   2           2         100   6.2478226806458688        16.000000000000000        7.6105338722281513     
   2           2         101   4.4322488265320343        16.000000000000000        6.3219387233815132     
   2           2         102   5.1832998934926886        16.000000000000000        6.7662320241765812     
   2           2         103   4.4832771546065651        16.000000000000000        6.4472115999074200     
   2           2         104   3.9260285521774447        16.000000000000000        6.1985589860129418     
   2           2         105   3.8277049692855822        16.000000000000000        6.2315540665690836     
   2           2         106   4.1586716883097763        16.000000000000000        6.0494054296315216     
   2           2         107   5.1546903564815736        16.000000000000000        6.2460368527178973     
   2           2         108   4.8134703874077163        16.000000000000000        6.5931340757481678     
   2           2         109   4.5162038526102393        16.000000000000000        6.3215171009689781     
   2           2         110   4.6311714257356087        16.000000000000000        6.1932369949671964     
   2           2         111   5.3227417035635503        16.000000000000000        6.6904084783414204     
   2           2         112   4.3099713935547674        16.000000000000000        6.3885220839869659     
   2           2         113   4.3541144406812409        16.000000000000000        6.2823158701908781     
   2           2         114   13.156113428899655        16.000000000000000        7.4892378377484494     
   2           2         115   4.7424543574128224        16.000000000000000        6.0496367224256646     
   2           2         116   4.4870044317572866        16.000000000000000        6.1803535493331561     
   2           2         117   18.994562031574734        16.000000000000000        9.9098571160860658     
   2           2         118   20.983006077053272        16.000000000000000        11.418624672022947     
   2           2         119   17.448655236047085        16.000000000000000        8.4481115291188917     
   2           2         120   4.3088503887327860        16.000000000000000        6.3448373096899910     
   2           2         121   5.2360317307216029        16.000000000000000        6.7360107954802979     
   2           2         122   4.8629258436103528        16.000000000000000        6.4485883298768378     
   2           2         123   5.3879452840411544        16.000000000000000        6.9990026594290500     
   2           2         124   5.3502085317160537        16.000000000000000        6.9762513900195016     
   2           2         125   5.2811416358767724        16.000000000000000        6.5703420465027360     
   2           2         126   4.7513045971905710        16.000000000000000        6.2457837917210792     
   2           2         127   26.171859078291916        16.000000000000000        13.995953876182332     
   2           2         128   4.5964801428962261        16.000000000000000        6.3780108383384482     
   2           2         129   4.4202295602603519        16.000000000000000        6.3412282787111902     
   2           2         130   5.6085315840632042        16.000000000000000        7.2962332493972761     
   2           2         131   5.3023770595899675        16.000000000000000        6.2313189496988466     
   2           2         132   30.523979714752919        16.000000000000000        15.726572027230505     
   2           2         133   190.31092197134927        16.000000000000000        181.34383781937316     
   2           2         134   5.0788483594797365        16.000000000000000        6.5181842425759715     
   2           2         135   5.8047307321847486        16.000000000000000        7.5561753086154511     
   2           2         136   79.245316704152373        16.000000000000000        75.927300397635989     
   2           2         137   3.8996637423704397        16.000000000000000        6.0581039173652140     
   2           2         138   5.0122043691756861        16.000000000000000        6.5537253841800238     
   2           2         139   5.8086242236208161        16.000000000000000        6.8367406110636892     
   2           2         140   13.576322433554379        16.000000000000000        7.0012546177164490     
   2           2         141   134.07193833077733        16.000000000000000        122.85478228875130     
   2           2         142   270.18662051750448        16.000000000000000        259.55398640688452     
   2           2         143   3.9308436257585195        16.000000000000000        6.0586069046278652     
   2           2         144   5.7738903770552099        16.000000000000000        6.5730596907607408     
   2           2         145   4.1030854786912618        16.000000000000000        6.0772535188858772     
   2           2         146   5.0253028061175291        16.000000000000000        6.2557011895308827     
   2           2         147   5.6549485512294311        16.000000000000000        6.5397742314690177     
   2           2         148   4.6146846951791494        16.000000000000000        6.5926868075948155     
   2           2         149   5.2652041467498369        16.000000000000000        7.3510441462039280     
   2           2         150   186.04870666023552        16.000000000000000        172.78857354152109     
   2           2         151   246.65249127848773        16.000000000000000        235.85229326241409     
   2           2         152   4.8321638933441147        16.000000000000000        6.3009197195347166     
   2           2         153   5.6004539995214921        16.000000000000000        7.3307569139845148     
   2           2         154   4.9971235274881183        16.000000000000000        6.4129302941162623     
   2           2         155   4.7780982005373245        16.000000000000000        6.3884585200514525     
   2           2         156   4.2549724849163395        16.000000000000000        6.1794328042846400     
   2           2         157   4.4761773638862925        16.000000000000000        6.3744849680734621     
   2           2         158   16.800343897022834        16.000000000000000        9.7193804261074703     
   2           2         159   4.4494415007117345        16.000000000000000        7.0031067150252353     
   2           2         160   6.6132711460233606        16.000000000000000        7.8885159199289445     
   2           2         161   17.294090396178188        16.000000000000000        11.453342838067305     
   2           2         162   13.843935101677447        16.000000000000000        7.9921494544389384     
   2           2         163   4.0588398612413918        16.000000000000000        6.1785030366817493     
   2           2         164   5.8562329396042374        16.000000000000000        7.7050971449023802     
   2           2         165   6.5249787909713532        16.000000000000000        8.2731305909198252     
   2           2         166   4.4470166793039825        16.000000000000000        6.0354395577493190     
   2           2         167   4.9992830157443748        16.000000000000000        6.5703426549791768     
   2           2         168   4.6264099977986204        16.000000000000000        6.6239028343262003     
   2           2         169   5.6313133477730926        16.000000000000000        7.0070024142036917     
   2           2         170   12.791183896757110        16.000000000000000        7.6049202830571936     
   2           2         171   5.3200844129274190        16.000000000000000        7.1418277783024555     
   2           2         172   5.7765308183087516        16.000000000000000        7.3260510665546201     
   2           2         173   4.7768074521573913        16.000000000000000        6.5846312155591269     
   2           2         174   4.4487845029740551        16.000000000000000        6.3744017434868097     
   2           2         175   17.421291168722753        16.000000000000000        8.8806340943785909     
   2           2         176   54.987447748829112        16.000000000000000        53.241404353072454     
   2           2         177   4.3712772320773148        16.000000000000000        6.2765624413422296     
   2           2         178   4.7445832388047853        16.000000000000000        6.6115007210188681     
   2           2         179   4.3990112250683975        16.000000000000000        6.2536345791876347     
   2           2         180   16.685493473059019        16.000000000000000        9.2768325124390945     
   2           2         181   12.422991092845235        16.000000000000000        8.0074642250825665     
   2           2         182   13.504822779290324        16.000000000000000        8.2656785380297588     
   2           2         183   4.5388951123493984        16.000000000000000        6.4282711416862899     
   2           2         184   4.1804224822560911        16.000000000000000        6.2064504689921929     
   2           2         185   4.5449584496686768        16.000000000000000        6.5708046527806161     
   2           2         186   5.8476159434134560        16.000000000000000        6.9581688745085639     
   2           2         187   6.5366538818165836        16.000000000000000        7.6536129420738872     
   2           2         188   5.6012204688463152        16.000000000000000        6.3888884114633822     
   2           2         189   5.8133419439645877        16.000000000000000        7.0323476799027400     
   2           2         190   5.1387615258586665        16.000000000000000        6.4941643953865773     
   2           2         191   4.7359633019455085        16.000000000000000        6.3744085820381127     
   2           2         192   5.9546175437892543        16.000000000000000        7.5949470711260902     
   2           2         193   4.0014887474357907        16.000000000000000        6.2462528714261412     
   2           2         194   4.5836428504022146        16.000000000000000        6.3941634427198304     
   2           2         195   17.777516858228871        16.000000000000000        10.132922512713053     
   2           2         196   5.1480613204442429        16.000000000000000        6.9622000626111333     
   2           2         197   3.8728644092583666        16.000000000000000        6.0360263888056238     
   2           2         198   3.6896142793398456        16.000000000000000        6.1923890411563702     
   2           2         199   4.3028036707753508        16.000000000000000        6.2313559173429889     
   2           2         200   4.4428493567281464        16.000000000000000        6.5703373257537629     
   2           2         201   11.414401955130508        16.000000000000000        7.0477887223712958     
   2           2         202   4.5298766628136109        16.000000000000000        6.3216034817385731     
   2           2         203   5.7479690989819145        16.000000000000000        7.2163708286238712     
   2           2         204   4.7032884999778775        16.000000000000000        6.3408186565927389     
   2           2         205   4.5648183211253306        16.000000000000000        6.3438368368646598     
   2           2         206   4.6819948135308822        16.000000000000000        6.2473825935867033     
   2           2         207   5.0135315899439306        16.000000000000000        6.6372603897688007     
   2           2         208   4.6407256021029371        16.000000000000000        6.2305769684604915     
   2           2         209   7.0495925040417635        16.000000000000000        8.6516325273822670     
   2           2         210   4.2785307600865092        16.000000000000000        6.3748705590351369     
   2           2         211   5.3807794694535636        16.000000000000000        7.1475176763468982     
   2           2         212   4.4202549583823165        16.000000000000000        6.5175142494972675     
   2           2         213   22.706382670399002        16.000000000000000        12.050025286960182     
   2           2         214   4.1193926518305188        16.000000000000000        6.1977783522224366     
   2           2         215   5.4753757626022512        16.000000000000000        6.5584074092339559     
   2           2         216   3.8687856034259487        16.000000000000000        6.3743907221910217     
   2           2         217   17.823149959723700        16.000000000000000        10.152655646861481     
   2           2         218   5.5314170242060028        16.000000000000000        6.3967296278088126     
   2           2         219   132.55241669208746        16.000000000000000        120.94941642879019     
   2           2         220   5.4201915670662819        16.000000000000000        6.1934186865486591     
   2           2         221   314.61636507868258        16.000000000000000        296.14478357812050     
   2           2         222   5.0457301618021821        16.000000000000000        6.6429506682490471     
   2           2         223   4.7365986991064517        16.000000000000000        6.4635576081116088     
   2           2         224   345.52573994663959        16.000000000000000        335.71362148308299     
   2           2         225   5.6018072502756446        16.000000000000000        7.2895822210636227     
   2           2         226   530.47284539473810        16.000000000000000        501.88039142794327     
   2           2         227   4.9755855716525117        16.000000000000000        7.3435143438799999     
   2           2         228   16.884374444480450        16.000000000000000        9.9295198958322803     
   2           2         229   13.993367951820916        16.000000000000000        8.8794554321692658     
   2           2         230   375.56321662566324        16.000000000000000        347.26980179604237     
   2           2         231   4.2347671175649992        16.000000000000000        6.2453216983705504     
   2           2         232   4.5887240058545355        16.000000000000000        6.2124520926008122     
   2           2         233   4.2857176112784998        16.000000000000000        6.0691778872082365     
   2           2         234   4.7022606558033120        16.000000000000000        6.6236998108111607     
   2           2         235   4.2911211442829060        16.000000000000000        6.0514518019105736     
   2           2         236   6.4683717741096336        16.000000000000000        7.6453835695172838     
   2           2         237   12.973524748264934        16.000000000000000        8.0074626771691992     
   2           2         238   5.6634147726982249        16.000000000000000        6.7550569564122194     
   2           2         239   6.4419538302685337        16.000000000000000        7.1862722410833504     
   2           2         240   5.4911199002895694        16.000000000000000        7.3446186020143340     
   2           2         241   16.748979197481805        16.000000000000000        8.7137232010429724     
   2           2         242   4.5078143564535402        16.000000000000000        6.2064901325147499     
   2           2         243   4.3935567399436835        16.000000000000000        6.3748296410038030     
   2           2         244   5.0234555724757337        16.000000000000000        6.2147950542780022     
   2           2         245   681.28983225848481        16.000000000000000        641.22364786180958     
   2           2         246   18.076553123001730        16.000000000000000        8.9238149348806122     
   2           2         247   3.9283710992110694        16.000000000000000        6.0356715144586213     
   2           2         248   15.764501263370400        16.000000000000000        10.477752535538482     
   2           2         249   5.8361830299561532        16.000000000000000        7.2577139089720459     
   2           2         250   5.2885588769151584        16.000000000000000        6.9444802885386725     
   2           2         251   5.2301024661845403        16.000000000000000        6.9244046299337372     
   2           2         252   745.93610765318908        16.000000000000000        697.54569439410000     
   2           2         253   4.3877003551221234        16.000000000000000        6.0547338465395342     
   2           2         254   4.3701631071410629        16.000000000000000        6.1924587964781228     
   2           2         255   4.8833106163597630        16.000000000000000        6.3222634368761748     
   2           2         256   5.1659524585626340        16.000000000000000        6.2537739135793275     
   2           2         257   4.6617402293586538        16.000000000000000        6.1028572366449767     
   2           2         258   5.8173843998449017        16.000000000000000        6.8965446622948399     
   2           2         259   4.1849229245195279        16.000000000000000        6.1925264524371659     
   2           2         260   14.609152274217715        16.000000000000000        9.0149966304659586     
   2           2         261   5.0244500363082008        16.000000000000000        6.6077114366596863     
   2           2         262   4.6523227233265132        16.000000000000000        6.5175338277499923     
   2           2         263   21.869340102157679        16.000000000000000        14.583688103433175     
   2           2         264   5.3768278754751968        16.000000000000000        6.8828124006857694     
   2           2         265   25.752582321721899        16.000000000000000        24.149273331054406     
   2           2         266   3.9049453896775836        16.000000000000000        6.1933584844587912     
   2           2         267   4.5331190979583704        16.000000000000000        6.1787167053131293     
   2           2         268   4.4220379317009311        16.000000000000000        6.4273956257490017     
   2           2         269   18.046035859811393        16.000000000000000        10.564457231567163     
   2           2         270   5.0282819123855660        16.000000000000000        6.6232400375651412     
   2           2         271   5.0688568949381665        16.000000000000000        6.6392249162879651     
   2           2         272   4.7872103169410547        16.000000000000000        6.3966927269740275     
   2           2         273   5.0109287947102477        16.000000000000000        7.1813698939056225     
   2           2         274   12.025052768089322        16.000000000000000        7.9775482452665996     
   2           2         275   4.3301577000489591        16.000000000000000        6.4465187675935205     
   2           2         276   5.7581751533531218        16.000000000000000        6.8390970553400399     
   2           2         277   4.6006763422581427        16.000000000000000        6.6640610288436024     
   2           2         278   3.6820239710663145        16.000000000000000        6.2313143289400053     
   2           2         279   4.9590381171655364        16.000000000000000        6.7133869005715239     
   2           2         280   4.3016046282553644        16.000000000000000        6.2454051532048460     
   2           2         281   4.3427407876114428        16.000000000000000        6.2505808401328391     
   2           2         282   3.9997541098674954        16.000000000000000        6.1927724049159893     
   2           2         283   18.947458472450339        16.000000000000000        11.109582256201705     
   2           2         284   5.1797676978875655        16.000000000000000        6.5462809046915371     
   2           2         285   4.3681778022728084        16.000000000000000        6.2538925562818530     
   2           2         286   4.8664864882184018        16.000000000000000        6.4276024443057418     
   2           2         287   3.4913992780545962        16.000000000000000        6.1784638229073545     
   2           2         288   5.3008567664386836        16.000000000000000        6.7279132125345278     
   2           2         289   5.2193937610548904        16.000000000000000        6.6035787208702246     
   2           2         290   5.2784513070792398        16.000000000000000        6.7469808941477840     
   2           2         291   3.6179143232227569        16.000000000000000        6.0354232212684709     
   2           2         292   3.4940962709619172        16.000000000000000        6.0355228150937013     
   2           2         293   4.9557143490336921        16.000000000000000        7.1836983481116299     
   2           2         294   4.8855842087714150        16.000000000000000        6.5896517347548054     
   2           2         295   4.3764525964835768        16.000000000000000        6.3744013790249285     
   2           2         296   4.7348210291997281        16.000000000000000        6.3578953895355044     
   2           2         297   5.7410736425688755        16.000000000000000        7.2139527961989183     
   2           2         298   4.9624076145180842        16.000000000000000        6.5926251830812204     
   2           2         299   5.9723795791402967        16.000000000000000        7.3843624798025465     
   2           2         300   4.8823873602469794        16.000000000000000        6.3893344268092163     
   2           2         301   5.2232546764936529        16.000000000000000        6.6459925535033015     
   2           2         302   4.5077442504574261        16.000000000000000        6.3763213446194413     
   2           2         303   13.027301271169273        16.000000000000000        7.4685450778829932     
   2           2         304   4.8487534042085416        16.000000000000000        6.5589973865871309     
   2           2         305   4.7045595647653586        16.000000000000000        6.4107031480192607     
   2           2         306   4.2388476799038948        16.000000000000000        6.3762116839705527     
   2           2         307   5.5186669401988597        16.000000000000000        6.4876325645016459     
   2           2         308   5.1385765290786853        16.000000000000000        6.0548202645255431     
   2           2         309   4.4546684764186448        16.000000000000000        6.3355082278255281     
   2           2         310   4.5122600358291711        16.000000000000000        6.1802790238142604     
   2           2         311   4.6140206415499572        16.000000000000000        6.3220818205776190     
   2           2         312   4.2198759719051644        16.000000000000000        6.2148050294781116     
   2           2         313   4.2738109426407709        16.000000000000000        6.1924711923378979     
   2           2         314   4.6523667392958723        16.000000000000000        6.2148225418461962     
   2           2         315   4.0475090103526039        16.000000000000000        6.0497031497114415     
   2           2         316   4.0403620927561512        16.000000000000000        6.0578267767933704     
   2           2         317   5.1936652738284836        16.000000000000000        6.3967981798665274     
   2           2         318   3.3696640168502752        16.000000000000000        6.0361195143866864     
   2           2         319   5.3571763606487108        16.000000000000000        6.3936819083931269     
   2           2         320   4.4304644118099876        16.000000000000000        6.0546699554705228     
   2           2         321   18.038038606436075        16.000000000000000        9.3590279950128092     
   2           2         322   4.8023503534936234        16.000000000000000        6.4117203035667547     
   2           2         323   13.888309267408967        16.000000000000000        8.4619616328596603     
   2           2         324   4.5025100726130773        16.000000000000000        6.4543183994404654     
   2           2         325   5.0379970471977709        16.000000000000000        6.4330792480478927     
   2           2         326   3.9486458376807194        16.000000000000000        6.2313333235618460     
   2           2         327   6.6652411308382691        16.000000000000000        8.2489938791557513     
   2           2         328   4.5036826582132230        16.000000000000000        6.4272911526956307     
   2           2         329   4.0403008802804603        16.000000000000000        6.1925489397522897     
   2           2         330   5.0372950882663448        16.000000000000000        6.4934594771734426     
   2           2         331   5.3337779896285378        16.000000000000000        6.5703361298461855     
   2           2         332   11.314631369418827        16.000000000000000        7.0721386613785517     
   2           2         333   15.245671760960045        16.000000000000000        8.3792691990541961     
   2           2         334   3.7156926997378013        16.000000000000000        6.1784801287678039     
   2           2         335   5.7753451372900013        16.000000000000000        7.0116715422309950     
   2           2         336   19.255783085628501        16.000000000000000        10.986341071677318     
   2           2         337   4.0408325182424418        16.000000000000000        6.2453156333275972     
   2           2         338   20.226770185387188        16.000000000000000        11.276597956804224     
   2           2         339   5.0740119871176779        16.000000000000000        6.9092400410139048     
   2           2         340   4.6541227195421673        16.000000000000000        6.4028231887758578     
   2           2         341   4.3587465234172109        16.000000000000000        6.2315980860595017     
   2           2         342   3.9672695727984557        16.000000000000000        6.2453177745939357     
   2           2         343   15.048850714618384        16.000000000000000        8.4695375567939077     
   2           2         344   6.0396067915788638        16.000000000000000        7.8808942829823287     
   2           2         345   4.6262013767307026        16.000000000000000        6.4375945709526556     
   2           2         346   4.1422333555794140        16.000000000000000        6.0495671055082445     
   2           2         347   5.7378185373929638        16.000000000000000        7.1648733855520792     
   2           2         348   5.2826243140497073        16.000000000000000        7.0881032131491786     
   2           2         349   5.3025888309190723        16.000000000000000        6.6494764908564816     
   2           2         350   4.9833260634565804        16.000000000000000        6.7855098884620615     
   2           2         351   5.7885793473540836        16.000000000000000        7.1157426341025802     
   2           2         352   4.4478055179136966        16.000000000000000        7.1789155489804859     
   2           2         353   16.340055604479311        16.000000000000000        9.9289521413635793     
   2           2         354   4.4510107226313220        16.000000000000000        6.3215673702500768     
   2           2         355   3.7142092477964677        16.000000000000000        6.0547826236275277     
   2           2         356   16.195729386152561        16.000000000000000        9.1527087546615338     
   2           2         357   17.422519394686859        16.000000000000000        11.008773407113496     
   2           2         358   5.4024982411107079        16.000000000000000        7.3235515189637770     
   2           2         359   4.6691240377122307        16.000000000000000        7.1736116007693171     
   2           2         360   4.6121024065472209        16.000000000000000        6.2334622060865295     
   2           2         361   4.7266084297863902        16.000000000000000        6.3501241926613279     
   2           2         362   4.6968521796173004        16.000000000000000        6.0356762878110910     
   2           2         363   4.8152716136971216        16.000000000000000        6.6077814149557428     
   2           2         364   5.2661460331829950        16.000000000000000        6.6205155289273234     
   2           2         365   12.143432405870584        16.000000000000000        7.7322764102213029     
   2           2         366   4.8082771272871012        16.000000000000000        6.3408689416852546     
   2           2         367   17.697041148447695        16.000000000000000        10.082610996433765     
   2           2         368   6.5572993807223066        16.000000000000000        8.2663172988281364     
   2           2         369   4.2557039922015170        16.000000000000000        6.3440691269167129     
   2           2         370   5.1780402533363539        16.000000000000000        6.6122880009438676     
   2           2         371   4.1968611579475050        16.000000000000000        6.4419818998660396     
   2           2         372   16.930412977733738        16.000000000000000        11.499421523758942     
   2           2         373   4.6342466253025227        16.000000000000000        6.0546699554705228     
   2           2         374   6.2648537028055991        16.000000000000000        7.2720469960123344     
   2           2         375   4.7326776444697476        16.000000000000000        6.2540124494712801     
   2           2         376   4.9495921680583397        16.000000000000000        6.3439509614523368     
   2           2         377   5.7811026812297879        16.000000000000000        6.7365934752632803     
   2           2         378   4.6963962890069206        16.000000000000000        6.0637440850063298     
   2           2         379   4.5863094634478037        16.000000000000000        6.3752600702670223     
   2           2         380   4.9683665041254210        16.000000000000000        6.5372334037260034     
   2           2         381   5.4118116389018516        16.000000000000000        7.3244917262446769     
   2           2         382   5.7002732424890574        16.000000000000000        6.6716151180449188     
   2           2         383   4.7601102544105078        16.000000000000000        6.4962410299103830     
   2           2         384   5.2574981236867746        16.000000000000000        6.2334067193085305     
   2           2         385   9.0685607476803778        16.000000000000000        4.1952134663101432     
   2           2         386   16.723964849693338        16.000000000000000        10.006550883241566     
   2           2         387   6.3141463107308722        16.000000000000000        7.0541019206672768     
   2           2         388   5.2373555336539370        16.000000000000000        6.5927744659826297     
   2           2         389   11.999641965353367        16.000000000000000        7.4189420628364298     
   2           2         390   4.4714753094297013        16.000000000000000        6.2314439715208989     
   2           2         391   4.2591834469385876        16.000000000000000        6.1786469769932104     
   2           2         392   16.307986076698082        16.000000000000000        10.084737104934632     
   2           2         393   5.2107055925212062        16.000000000000000        7.3426744936533090     
   2           2         394   4.9043815049343591        16.000000000000000        6.5398144870263204     
   2           2         395   13.160780956931815        16.000000000000000        7.5481841135184409     
   2           2         396   5.3263423298894885        16.000000000000000        6.3744204724040028     
   2           2         397   4.6303000169669142        16.000000000000000        6.5179924655093489     
   2           2         398   14.103003056311030        16.000000000000000        8.5669035901474881     
   2           2         399   4.1957180687194358        16.000000000000000        6.0356400430503925     
   2           2         400   6.2383395724380923        16.000000000000000        6.9186546017130688     
   2           2         401   4.5685362846839723        16.000000000000000        6.2170563120907545     
   2           2         402   5.3079351439703011        16.000000000000000        6.5315810988562255     
   2           2         403   4.6371585423818420        16.000000000000000        6.4272828296405748     
   2           2         404   14.944401691622396        16.000000000000000        8.6026274971638994     
   2           2         405   5.2463408600868977        16.000000000000000        6.6969017937831641     
   2           2         406   5.0781636747655989        16.000000000000000        6.6092289545024334     
   2           2         407   4.9353184597363571        16.000000000000000        7.1691526541404338     
   2           2         408   15.796699194030859        16.000000000000000        8.8307505781263238     
   2           2         409   4.0577706465075751        16.000000000000000        6.2015284830720345     
   2           2         410   4.5374289652069670        16.000000000000000        6.3744883195436337     
   2           2         411   5.8218885576921773        16.000000000000000        7.2170194034692212     
